occ_underlying,product_evidence_tier,cboe_symbol_types,cboe_company_names,cboe_settlement_styles,cboe_markets,occ_name_explicit_etf,occ_class_symbols,occ_names,provider_underlying_state,observed_provider_roots,lookup_contract_strings_all_roots,lookup_received_at_utc,lookup_raw_sha256
AAAU,CBOE_ETF,ETF,Goldman Sachs Physical Gold ETF Shares,American,cboe_cone|cboe_ctwo|cboe_exo|cboe_opt,true,AAAU,GOLDMAN SACHS PHYSICAL GOLD ETF,PROVIDER_QUERY_RETURNED_OPTION_ROOTS,AAAU,184,2026-10-01T18:21:53.969Z,1d7790549fca36355986c0921cd3380d23e456fe7791f869d6a6720807dfe3af
AAOG,CBOE_ETF,ETF,Leverage Shares 2X Long AAOI Daily ETF,American,cboe_cone|cboe_ctwo|cboe_exo|cboe_opt,true,AAOG,LEVERAGE SHARES 2X LONG AAOI DAILY ETF,PROVIDER_QUERY_RETURNED_OPTION_ROOTS,AAOG,84,2026-10-01T18:21:57.892Z,4b8cfc9b3c6a3abd4bf91e68912d20b39f55bcd19c1a1db5f705e8a560373c01
AAOX,CBOE_ETF,ETF,Tradr 2X Long AAOI Daily ETF,American,cboe_cone|cboe_ctwo|cboe_exo|cboe_opt,true,AAOX,TRADR 2X LONG AAOI DAILY ETF,PROVIDER_QUERY_RETURNED_OPTION_ROOTS,AAOX,452,2026-10-01T18:22:00.985Z,8f44b261a7b42b39a5fc22667133b98c2a683d5ac7a88221179892a56991f6f6
AAOZ,CBOE_ETF,ETF,Tradr 2X Short AAOI Daily ETF,American,cboe_cone|cboe_ctwo|cboe_exo|cboe_opt,true,AAOZ,TRADR 2X SHORT AAOI DAILY ETF,PROVIDER_QUERY_RETURNED_OPTION_ROOTS,AAOZ,280,2026-10-01T18:22:01.960Z,b219fa8dd75d37dff044cea99ac374d98c1a91eaa86269961c611250381e38e0
AAPB,CBOE_ETF,ETF,GRANITESHARES ETF TR 2X LONG AAPL ETF,American,cboe_cone|cboe_ctwo|cboe_exo|cboe_opt,true,AAPB,GraniteShares ETF Trust 2x Long AAPL Daily ETF,PROVIDER_QUERY_RETURNED_OPTION_ROOTS,AAPB,210,2026-10-01T18:22:04.057Z,b7ef6286e36f65c864a1ea53f76377f1eca43997882a81baa6253c1199e8b019
AAPD,CBOE_ETF,ETF,DIREXION SHARES ETF TRUST DAILY AAPL BR 1X,American,cboe_cone|cboe_ctwo|cboe_exo|cboe_opt,false,AAPD,DIREXION DAILY AAPL BEAR 1X SHARES,PROVIDER_QUERY_RETURNED_OPTION_ROOTS,AAPD,168,2026-10-01T18:22:04.975Z,f6d314c4c4121e5ee145c0d1d58f5a098829ee68049801ec48cd877bb001b0a5
AAPU,CBOE_ETF,ETF,DIREXION SHARES ETF TRUST DLY AAPL BULL 2X,American,cboe_cone|cboe_ctwo|cboe_exo|cboe_opt,false,AAPU,Direxion Daily AAPL Bull 2X Shares,PROVIDER_QUERY_RETURNED_OPTION_ROOTS,AAPU,356,2026-10-01T18:22:06.913Z,877031fe38311fd649258f40ffaaa0fd622b9ab384f55cde4ac4f9f79339c28c
AAPW,CBOE_ETF,ETF,Roundhill AAPL WeeklyPay ETF,American,cboe_cone|cboe_ctwo|cboe_exo|cboe_opt,true,AAPW,ROUNDHILL AAPL WEEKLYPAY ETF,PROVIDER_QUERY_RETURNED_OPTION_ROOTS,AAPW,156,2026-10-01T18:22:07.918Z,b6c2a9833ced8235fa5850979cea0d18408d12998cf22e11b7fcbe6fc17bb4f5
AAPX,CBOE_ETF,ETF,T-Rex 2X Long Apple Daily Target ETF,American,cboe_cone|cboe_ctwo|cboe_exo|cboe_opt,false,AAPX,T-REX 2XLONG APPLE DAILY TARGET,PROVIDER_QUERY_RETURNED_OPTION_ROOTS,AAPX,162,2026-10-01T18:22:08.920Z,41a6ad83dd74468d6e0b6299842ad26f63d9bc1015fc3cba25dd78e7b0fb199a
AAXJ,CBOE_ETF,ETF,ISHARES TR MSCI AC ASIA ETF,American,cboe_cone|cboe_ctwo|cboe_exo|cboe_opt,true,AAXJ,iShares MSCI All Country Asia ex Japan ETF,PROVIDER_QUERY_RETURNED_OPTION_ROOTS,AAXJ,280,2026-10-01T18:22:12.973Z,d79e9e57a0d8e23be09d4d1c5e9a19b66218b4314b22e85f8369f236207d3ede
ABFL,CBOE_ETF,ETF,Abacus FCF ETF Trust,American,cboe_cone|cboe_ctwo|cboe_exo|cboe_opt,true,ABFL,Abacus FCF ETF Trust,PROVIDER_QUERY_RETURNED_OPTION_ROOTS,ABFL,178,2026-10-01T18:22:20.922Z,aa4a0926b7b69a755f6825f7c44da4890fa5a88dffaca038b79d871a1eb3bc36
ACES,CBOE_ETF,ETF,ALPS ETF TR CLEAN ENERGY,American,cboe_cone|cboe_ctwo|cboe_exo|cboe_opt,true,ACES,ALPS CLEAN ENERGY ETF,PROVIDER_QUERY_RETURNED_OPTION_ROOTS,ACES,156,2026-10-01T18:22:40.961Z,80b793e5a6ebcfe194e2bc5cb0f62b8de2d6568c6a52ace884ee03d3cf6213a3
ACIO,CBOE_ETF,ETF,Aptus Collared Investment Opportunity ETF,American,cboe_cone|cboe_ctwo|cboe_exo|cboe_opt,true,ACIO,APTUS COLLARED INVESTMENT OPPORTUNITY ETF,PROVIDER_QUERY_RETURNED_OPTION_ROOTS,ACIO,168,2026-10-01T18:22:50.008Z,4179535af3559e15e3ec99ee456417441e14c4837c24096fadd810516b046f1f
ACWI,CBOE_ETF,ETF,ISHARES TR MSCI ACWI ETF,American,cboe_cone|cboe_ctwo|cboe_exo|cboe_opt,true,ACWI,iShares MSCI ACWI ETF,PROVIDER_QUERY_RETURNED_OPTION_ROOTS,ACWI,442,2026-10-01T18:23:07.111Z,38fd38dbc17ad8f22bc41b1222577be0f6fc1ca1fdc29327accfcce07ecd9991
ACWV,CBOE_ETF,ETF,iShares MSCI Global Min Vol Factor ETF,American,cboe_cone|cboe_exo|cboe_opt,true,ACWV,iShares MSCI Global Min Vol Factor ETF,PROVIDER_QUERY_RETURNED_OPTION_ROOTS,ACWV,204,2026-10-01T18:23:08.023Z,c875b48db9834b5ca7bee48b1f7ede9683b84bcf86ec789e5e7e36b223a9acb9
ACWX,CBOE_ETF,ETF,ISHARES TR MSCI ACWI EX US,American,cboe_cone|cboe_ctwo|cboe_exo|cboe_opt,true,ACWX,iShares MSCI ACWI ex US ETF,PROVIDER_QUERY_RETURNED_OPTION_ROOTS,ACWX,152,2026-10-01T18:23:08.983Z,735faf932087c5af40602895b162c1588254ac30954b34dd9a52f0c0fc03c4ef
ADBG,CBOE_ETF,ETF,THEMES ETF TR LEVERAGE SHS 2X,American,cboe_cone|cboe_ctwo|cboe_exo|cboe_opt,true,ADBG,THEMES ETF TRUST LEVERAGE SHARES 2X LONG ADBE DAIL,PROVIDER_QUERY_RETURNED_OPTION_ROOTS,ADBG,82,2026-10-01T18:23:13.073Z,93033a97ab54100fd8aa088319b0466b613c1e5170d2352a5a33096becc04030
AETH,CBOE_ETF,ETF,BITWISE FUNDS TRUST TRENDWISE ETHER,American,cboe_cone|cboe_ctwo|cboe_exo|cboe_opt,false,AETH,Bitwise Trendwise Ether&Treasuries RotationStratgy,PROVIDER_QUERY_RETURNED_OPTION_ROOTS,AETH,188,2026-10-01T18:23:43.036Z,5af5bd43595c28836639c75eafb16d41df3fd394f1e73b2aeebde6a847d65b95
AFRU,CBOE_ETF,ETF,T-REX 2X Long AFRM Daily Target ETF,American,cboe_cone|cboe_ctwo|cboe_exo|cboe_opt,true,AFRU,T-REX 2X LONG AFRM DAILY TARGET ETF,PROVIDER_QUERY_RETURNED_OPTION_ROOTS,AFRU,156,2026-10-01T18:23:52.065Z,201be6ac863e6f814554aea8db45260f46eead8c170fcdfff0fc04315b87406d
AGG,CBOE_ETF,ETF,ISHARES TR CORE US AGGBD ET,American,cboe_cone|cboe_ctwo|cboe_exo|cboe_opt,true,AGG,iShares Core U.S. Aggregate Bond ETF,PROVIDER_QUERY_RETURNED_OPTION_ROOTS,AGG,168,2026-10-01T18:23:57.118Z,be24bce96759a736da5b201cebccd29496bf34bc43d419680f3c0504f4a0c8f1
AGGY,CBOE_ETF,ETF,WISDOMTREE TR YIELD ENHANCD US,American,cboe_cone|cboe_ctwo|cboe_exo|cboe_opt,false,AGGY,WISDOMTREE YIELD ENHANCED U.S. AGGREGATE BOND FUND,PROVIDER_QUERY_RETURNED_OPTION_ROOTS,AGGY,152,2026-10-01T18:23:58.036Z,76beeb5a871a525bb17a0c1c1226bb57d026cc0495197478339b2f894d5d8323
AGNG,CBOE_ETF,ETF,GLOBAL X FDS AGING POPUL ETF,American,cboe_cone|cboe_ctwo|cboe_exo|cboe_opt,true,AGNG,GLOBAL X AGING POPULATION ETF,PROVIDER_QUERY_RETURNED_OPTION_ROOTS,AGNG,152,2026-10-01T18:24:05.066Z,3a54472017b1f09aea6dda72b1c11ef09b62b5560d7031667729132de6d85c37
AGQ,CBOE_ETF,ETF,PROSHARES TR II ULTRA SILVER NEW,American,cboe_cone|cboe_ctwo|cboe_exo|cboe_opt,false,AGQ,ProShares Ultra Silver,PROVIDER_QUERY_RETURNED_OPTION_ROOTS,AGQ,2898,2026-10-01T18:24:08.130Z,8688fd71778c5cf4b5c656f49d9bf4dccf66528ed70352159268110263a8c1c2
AIA,CBOE_ETF,ETF,ISHARES TR ASIA 50 ETF,American,cboe_cone|cboe_ctwo|cboe_exo|cboe_opt,true,AIA,ISHARES ASIA 50 ETF,PROVIDER_QUERY_RETURNED_OPTION_ROOTS,AIA,374,2026-10-01T18:24:17.117Z,36b33ba46aad2bdce0ff61daf66ff71ddad3eb0a62aab217d43bc9abd5ee6033
AIPI,CBOE_ETF,ETF,ETF OPPORTUNITIES TRUST REX AI EQUIT ETF,American,cboe_cone|cboe_ctwo|cboe_exo|cboe_opt,true,AIPI,REX AI EQUITY PREMIUM INCOME ETF,PROVIDER_QUERY_RETURNED_OPTION_ROOTS,AIPI,174,2026-10-01T18:24:28.105Z,3729d161e03ec3ff9bd5bd22702adf9fb4d9cbf36c4cf15ab4221d223625f2b2
AIPO,CBOE_ETF,ETF,TIDAL TRUST II DEFIA AI PWR ETF,American,cboe_cone|cboe_ctwo|cboe_exo|cboe_opt,true,AIPO,DEFIANCE AI & POWER INFRASTRUCTURE ETF,PROVIDER_QUERY_RETURNED_OPTION_ROOTS,AIPO,260,2026-10-01T18:24:29.163Z,3104f65e0adc4a081f35f851d930d85c6f048b68e2b77d51dd13ea5096b2e11c
AIQ,CBOE_ETF,ETF,GLOBAL X FDS ARTIFICIAL ETF,American,cboe_cone|cboe_ctwo|cboe_exo|cboe_opt,true,AIQ,GLOBAL X ARTIFICIAL INTELLIGENCE & TECHNOLOGY ETF,PROVIDER_QUERY_RETURNED_OPTION_ROOTS,AIQ,264,2026-10-01T18:24:30.149Z,f2c7be2c70356c96ca1206af086249c3eac3ca038eca6bbc3b19c8f203f0cfc8
AIRR,CBOE_ETF,ETF,FIRST TR EXCHANGE TRADED FD VI RBA INDL ETF,American,cboe_cone|cboe_ctwo|cboe_exo|cboe_opt,false,AIRR,FIRST TRUST RBA AMERICAN INDUSTRIAL RENAISSANCE,PROVIDER_QUERY_RETURNED_OPTION_ROOTS,AIRR,302,2026-10-01T18:24:35.115Z,e5028f39f289bef0fa16c4f823df4a3ade213474fbe5987e4fdb3d892f91cb14
AIS,CBOE_ETF,ETF,TIDAL TRUST III VIST ARTI IN ETF,American,cboe_cone|cboe_ctwo|cboe_exo|cboe_opt,true,AIS,VISTASHARES ARTIFICIAL INTELLIGENCE SUPERCYCLE ETF,PROVIDER_QUERY_RETURNED_OPTION_ROOTS,AIS,278,2026-10-01T18:24:37.166Z,86baeb4b8608d5d1cf968fa8b898577103dc09659a5ec94e312c12ecb6f7943a
AIVC,CBOE_ETF,ETF,AMPLIFY ETF TR BLOOMBERG AI EQQ,American,cboe_cone|cboe_ctwo|cboe_exo|cboe_opt,true,AIVC,Amplify Bloomberg AI Equal Weight ETF,PROVIDER_QUERY_RETURNED_OPTION_ROOTS,AIVC,262,2026-10-01T18:24:41.160Z,b1e77a01a8c7d6eba6ef7ade3b73467d52077a715bebcd6b2c9890bbf69ee492
AIVI,CBOE_ETF,ETF,WISDOMTREE TR INTERNTNL AI ENH,American,cboe_cone|cboe_ctwo|cboe_exo|cboe_opt,false,AIVI,WISDOMTREE INTERNATIONAL AI ENHANCED VALUE FUND,PROVIDER_QUERY_RETURNED_OPTION_ROOTS,AIVI,152,2026-10-01T18:24:42.115Z,a56bfdfef5a535b0be53e94e7c973b896f93f1c0bceaaece800f4deb4cd4ad95
AIVL,CBOE_ETF,ETF,WISDOMTREE TR US AI ENHANCED,American,cboe_cone,false,AIVL,WisdomTree U.S. AI Enhanced Value Fund,PROVIDER_QUERY_RETURNED_OPTION_ROOTS,AIVL,198,2026-10-01T18:24:43.132Z,b01757e17a2e248136ef282100b1ae2df697976f5592e686e7da4fc3dbf0c2f7
AIYY,CBOE_ETF,ETF,TIDAL TRUST II YIELDMAX AI OPT,American,cboe_cone|cboe_ctwo|cboe_exo|cboe_opt,true,AIYY,YIELDMAX AI OPTION INCOME STRATEGY ETF,PROVIDER_QUERY_RETURNED_OPTION_ROOTS,AIYY,148,2026-10-01T18:24:44.139Z,9ec903097e80de1d8feb456145ffbac9ca3f2863af46b30c6923bb7c0e15ad38
ALTL,CBOE_ETF,ETF,PACER FDS TR LUNT LRG CP ALTR,American,cboe_cone|cboe_ctwo|cboe_exo|cboe_opt,true,ALTL,PACER LUNT LARGE CAP ALTERNATOR ETF,PROVIDER_QUERY_RETURNED_OPTION_ROOTS,ALTL,154,2026-10-01T18:25:26.251Z,1beaa260c204f818e4c8a7018e17537367e34f4c0377d8f35342b95dde454e15
AMAU,CBOE_ETF,ETF,Leverage Shares 2X Long AMAT Daily ETF,American,cboe_cone|cboe_ctwo|cboe_exo|cboe_opt,true,AMAU,LEVERAGE SHARES 2X LONG AMAT DAILY ETF,PROVIDER_QUERY_RETURNED_OPTION_ROOTS,AMAU,198,2026-10-01T18:25:34.641Z,7287ef164fbf36156330de3c99505e0b56da327d1f8e93d32b2d56a45796369e
AMDD,CBOE_ETF,ETF,DIREXION SHARES ETF TRUST DLY AMD BEAR 1X,American,cboe_cone|cboe_ctwo|cboe_exo|cboe_opt,false,AMDD|AMDD1,DIREXION DAILY AMD BEAR 1X SHARES|DIREXION DAILY AMD BEAR 1X SHARES(1:10),PROVIDER_QUERY_RETURNED_OPTION_ROOTS,AMDD|AMDD1,204,2026-10-01T18:25:43.641Z,9f1ef33fe44918df160a592a1eae5d98be0f91b43b4c7c2d355acb7e22787b8e
AMDG,CBOE_ETF,ETF,THEMES ETF TR LEVERAGE SHARES,American,cboe_cone|cboe_ctwo|cboe_exo|cboe_opt,true,AMDG,THEMES ETF TRUST LEVERAGE SHARES 2X LONG AMD DAILY,PROVIDER_QUERY_RETURNED_OPTION_ROOTS,AMDG,500,2026-10-01T18:25:44.668Z,a7e1be3c10f1682494f17191c4823791d3459a654c3e71282d6be33ff4d7a33a
AMDL,CBOE_ETF,ETF,GRANITESHARES ETF TR GRANITE 2X LONG,American,cboe_cone|cboe_ctwo|cboe_exo|cboe_opt,true,AMDL,GRANITESHARES 2X LONG AMD DAILY ETF,PROVIDER_QUERY_RETURNED_OPTION_ROOTS,AMDL,1864,2026-10-01T18:25:45.737Z,2c3dd586400738dc7ed9d210ac061cbe5ccdfa9b8f79fbb574643616855fe7b2
AMDW,CBOE_ETF,ETF,Roundhill AMD WeeklyPay ETF,American,cboe_cone|cboe_ctwo|cboe_exo|cboe_opt,true,AMDW,ROUNDHILL AMD WEEKLYPAY ETF,PROVIDER_QUERY_RETURNED_OPTION_ROOTS,AMDW,312,2026-10-01T18:25:46.599Z,455287c94c5188788802743d2e27ab561b120ad4ed1eebe89ab9d3a3f60fd882
AMDY,CBOE_ETF,ETF,TIDAL TRUST II YIE AMD INC ETF,American,cboe_cone|cboe_ctwo|cboe_exo|cboe_opt,true,AMDY,YIELDMAX AMD OPTION INCOME STRATEGY ETF,PROVIDER_QUERY_RETURNED_OPTION_ROOTS,AMDY,264,2026-10-01T18:25:47.580Z,04f21ea2656a5d3e82e9523462cde3e7e70ffc251727f9bf0b7491c1aa29dd39
AMLP,CBOE_ETF,ETF,ALPS ETF TR ALERIAN MLP,American,cboe_cone|cboe_ctwo|cboe_exo|cboe_opt,true,AMLP,Alerian MLP ETF,PROVIDER_QUERY_RETURNED_OPTION_ROOTS,AMLP,200,2026-10-01T18:25:53.710Z,275beca6e9e4d0e7b62cfc98424d8ef50b89ad2747c62baa9f8358ec1924cc5b
AMZA,CBOE_ETF,ETF,ETFIS SER TR I INFRAC ACT MLP,American,cboe_cone|cboe_ctwo|cboe_exo|cboe_opt,true,AMZA,InfraCap MLP ETF,PROVIDER_QUERY_RETURNED_OPTION_ROOTS,AMZA,152,2026-10-01T18:26:17.929Z,8352389cdbaa1dbf047bb6b70aa7b8c8b4b9c2e934322a4238fe4b8c0709783f
AMZD,CBOE_ETF,ETF,DIREXION SHARES ETF TRUST DLY AMZN BEAR 1X,American,cboe_cone|cboe_ctwo|cboe_exo|cboe_opt,true,AMZD,DIREXION DAILY AMZN BEAR 1X SHARES ETF,PROVIDER_QUERY_RETURNED_OPTION_ROOTS,AMZD,144,2026-10-01T18:26:18.864Z,4b6f49f3ece01587be9a2b83c23930e78cc97933e8cc8bc15f3080b69c6e6f84
AMZO,CBOE_ETF,ETF,Tradr 2X Short AMZN Daily ETF,American,cboe_cone|cboe_ctwo|cboe_exo|cboe_opt,true,AMZO,TRADR 2X SHORT AMZN DAILY ETF,PROVIDER_QUERY_RETURNED_OPTION_ROOTS,AMZO,178,2026-10-01T18:26:20.901Z,d3ce52233dabb0bbb77608f0c6f8a87cd7a775861fd9dc9e67f3f5e6bf11c545
AMZP,CBOE_ETF,ETF,Kurv Yield Premium Strategy Amazon (AMZN) ETF,American,cboe_cone|cboe_ctwo|cboe_exo|cboe_opt,true,AMZP,KURV YIELD PREMIUM STRATEGY AMAZON AMZN ETF,PROVIDER_QUERY_RETURNED_OPTION_ROOTS,AMZP,156,2026-10-01T18:26:21.932Z,a24057cf1c80b7b2e9b5c9a1eae50791c97b1d8496ac803b2b4b8e00f910bedc
AMZU,CBOE_ETF,ETF,DIREXION SHARES ETF TRUST DLY AMZN BULL 2X,American,cboe_cone|cboe_ctwo|cboe_exo|cboe_opt,false,AMZU,Direxion Daily AMZN Bull 2X Shares,PROVIDER_QUERY_RETURNED_OPTION_ROOTS,AMZU,450,2026-10-01T18:26:22.811Z,b5c1b31b6b4a2d0d025ee81a14b5eec1894830770b58e161639ee3717a917e89
AMZW,CBOE_ETF,ETF,Roundhill AMZN WeeklyPay ETF,American,cboe_cone|cboe_ctwo|cboe_exo|cboe_opt,true,AMZW,ROUNDHILL AMZN WEEKLYPAY ETF,PROVIDER_QUERY_RETURNED_OPTION_ROOTS,AMZW,158,2026-10-01T18:26:23.795Z,5bd69e7a30e9c061eca90b34457194dc3ef78933c203c48a044f53420c03e45c
AMZY,CBOE_ETF,ETF,TIDAL TRUST II YIELD AMZN ETF,American,cboe_cone|cboe_ctwo|cboe_exo|cboe_opt,true,AMZY,YIELDMAX AMZN OPTION INCOME STRATEGY ETF,PROVIDER_QUERY_RETURNED_OPTION_ROOTS,AMZY,170,2026-10-01T18:26:24.806Z,6b947151cad1825823f2bc3d39616b32aa004ead7a90a243eea7fcf8f5e5aefa
AMZZ,CBOE_ETF,ETF,GRANITESHARES ETF TR 2X LONG AMZN ETF,American,cboe_cone|cboe_ctwo|cboe_exo|cboe_opt,true,AMZZ,GRANITESHARES 2X LONG AMZN DAILY ETF,PROVIDER_QUERY_RETURNED_OPTION_ROOTS,AMZZ,196,2026-10-01T18:26:25.888Z,2a1ff065bacf158711094d71f35453f1b2b1aadb3bac73883d2789d3e4a15af4
ANGL,CBOE_ETF,ETF,VANECK ETF TRUST FALLEN ANGEL HG,American,cboe_cone|cboe_ctwo|cboe_exo|cboe_opt,true,ANGL,VanEck Fallen Angel High Yield Bond ETF,PROVIDER_QUERY_RETURNED_OPTION_ROOTS,ANGL,152,2026-10-01T18:26:33.989Z,f77d8b176c0dbdbdd6bf24e5c25809b6519a0d1575804c327638cad5ba322f09
APHU,CBOE_ETF,ETF,T-REX 2X Long APH Daily Target ETF,American,cboe_cone|cboe_ctwo|cboe_exo|cboe_opt,true,APHU,T-REX 2X LONG APH DAILY TARGET ETF,PROVIDER_QUERY_RETURNED_OPTION_ROOTS,APHU,160,2026-10-01T18:27:00.260Z,781fae025325b45ec2185051f08b82d7e31c9cad324682766afc1b65442e4070
APLX,CBOE_ETF,ETF,Tradr 2X Long APLD Daily ETF,American,cboe_cone|cboe_ctwo|cboe_exo|cboe_opt,true,APLX,TRADR 2X LONG APLD DAILY ETF,PROVIDER_QUERY_RETURNED_OPTION_ROOTS,APLX,220,2026-10-01T18:27:03.540Z,f04a69449cfe64ae54c5754cb2f9c367dce71e1710e960f7b389adf881ff4994
APLZ,CBOE_ETF,ETF,Tradr 2X Short APLD Daily ETF,American,cboe_cone|cboe_ctwo|cboe_exo|cboe_opt,true,APLZ|APLZ1,TRADR 2X SHORT APLD DAILY ETF|TRADR 2X SHORT APLD DAILY ETF (1:5 Reverse Split),PROVIDER_QUERY_RETURNED_OPTION_ROOTS,APLZ|APLZ1,594,2026-10-01T18:27:04.926Z,6426bd4a1510b4c91ff4dd8c9393b0a4c0c2c74aa6195d20c8583c7e101d3036
APPX,CBOE_ETF,ETF,INVESTMENT MANAGERS SER TR II TRADR 2X LONG,American,cboe_cone|cboe_ctwo|cboe_exo|cboe_opt,false,APPX|APPX1,INVESTMENT MANAGERS SERIES TRUST II TRADR 2X L|INVESTMENT MANAGERS SERIES TRUST II TRADR 2X (1:3),PROVIDER_QUERY_RETURNED_OPTION_ROOTS,APPX,296,2026-10-01T18:27:09.540Z,b6e6ec7bef335a88bd2e3bc18d1f2ef1b0316e296bd794d759bb7e83e562a98b
AQWA,CBOE_ETF,ETF,GLOBAL X FDS CLEAN WTR ETF,American,cboe_cone|cboe_ctwo|cboe_exo|cboe_opt,true,AQWA,GLOBAL X CLEAN WATER ETF,PROVIDER_QUERY_RETURNED_OPTION_ROOTS,AQWA,168,2026-10-01T18:27:13.566Z,71dc1649fe916daf72d43f96e8abd7a79b6a16515bfa24707540d2b9d7bf66b7
ARCX,CBOE_ETF,ETF,Tradr 2X Long ACHR Daily ETF,American,cboe_cone|cboe_ctwo|cboe_exo|cboe_opt,false,ARCX,TRADR 2X LONG ACHR DAILY,PROVIDER_QUERY_RETURNED_OPTION_ROOTS,ARCX,202,2026-10-01T18:27:18.885Z,18d9c57b4be1117abef90784726d517bc076e4111983fcbcab7ff3751c1e2d2a
ARGT,CBOE_ETF,ETF,GLOBAL X FDS GB MSCI AR ETF,American,cboe_cone|cboe_ctwo|cboe_exo|cboe_opt,true,ARGT,Global X MSCI Argentina ETF,PROVIDER_QUERY_RETURNED_OPTION_ROOTS,ARGT,440,2026-10-01T18:27:22.998Z,c255ea6545982d6ce634f210688529aa03f117a70fa637b89c321a410d9b6764
ARKB,CBOE_ETF,ETF,ARK 21Shares Bitcoin ETF,American,cboe_cone|cboe_ctwo|cboe_exo|cboe_opt,true,ARKB,ARK 21SHARES BITCOIN ETF,PROVIDER_QUERY_RETURNED_OPTION_ROOTS,ARKB,344,2026-10-01T18:27:26.243Z,947703365a3ab04f2d0b3ee395e1377789766a67fa225020d8a3323ec55a5583
ARKF,CBOE_ETF,ETF,ARK Blockchain & Fintech Innovation ETF,American,cboe_cone|cboe_ctwo|cboe_exo|cboe_opt,true,ARKF,ARK Blockchain & Fintech Innovation ETF,PROVIDER_QUERY_RETURNED_OPTION_ROOTS,ARKF,190,2026-10-01T18:27:26.942Z,1b8da7028c464a7f4a242805fff06693180be40ac41f915f2ea1de0f4c32ab0a
ARKG,CBOE_ETF,ETF,ARK Genomic Revolution ETF,American,cboe_cone|cboe_ctwo|cboe_exo|cboe_opt,true,ARKG,ARK GENOMIC REVOLUTION ETF,PROVIDER_QUERY_RETURNED_OPTION_ROOTS,ARKG,1042,2026-10-01T18:27:27.657Z,3d127fe976a14221c1c90e84d79b6f8a7035ac92a08ee75f85f6a3051a42518e
ARKK,CBOE_ETF,ETF,ARK Innovation ETF,American,cboe_cone|cboe_ctwo|cboe_exo|cboe_opt,true,ARKK,ARK Innovation ETF,PROVIDER_QUERY_RETURNED_OPTION_ROOTS,ARKK,1354,2026-10-01T18:27:28.306Z,5731e84c5d191f97dbedb208a10b6cb21d6d7651f697095635af35f0ecacdda7
ARKQ,CBOE_ETF,ETF,ARK Autonomous Technology & Robotics ETF,American,cboe_cone|cboe_ctwo|cboe_exo|cboe_opt,false,ARKQ,ARK AUTONOMOUS TECH & ROBOTICS,PROVIDER_QUERY_RETURNED_OPTION_ROOTS,ARKQ,300,2026-10-01T18:27:29.621Z,6e3e76284b07cba8a0c2f1cb00a32ceb660927319ffa4e6d73d1734e05706339
ARKW,CBOE_ETF,ETF,ARK Next Generation Technology ETF,American,cboe_cone|cboe_ctwo|cboe_exo|cboe_opt,true,ARKW,ARK Next Generation Technology ETF,PROVIDER_QUERY_RETURNED_OPTION_ROOTS,ARKW,346,2026-10-01T18:27:30.290Z,b9ed724952eab960465a3c4cc455235cbf5ba6d538b3ccbf483d89dd8ae2ef5a
ARKX,CBOE_ETF,ETF,ARK Space & Defense Innovation ETF,American,cboe_cone|cboe_ctwo|cboe_exo|cboe_opt,true,ARKX,ARK Space & Defense Innovation ETF,PROVIDER_QUERY_RETURNED_OPTION_ROOTS,ARKX,182,2026-10-01T18:27:30.918Z,1ede78d6f4b4350bc7e4de79a5726be9c81ff2e503510fa170386bb0c70e0475
ARMG,CBOE_ETF,ETF,THEMES ETF TR LEVERAGE SHARES,American,cboe_cone|cboe_ctwo|cboe_exo|cboe_opt,true,ARMG,THEMES ETF TRUST LEVERAGE SHARES 2X LONG ARM DAILY,PROVIDER_QUERY_RETURNED_OPTION_ROOTS,ARMG,348,2026-10-01T18:27:33.597Z,66ad6cd0674df154b3c3fb8d2d992e279717dc2878b31f3ea16b17502d5b874b
ARMW,CBOE_ETF,ETF,Roundhill ARM WeeklyPay ETF,American,cboe_cone|cboe_ctwo|cboe_exo|cboe_opt,false,ARMW,ROUNDHILL ARM WEEKLYPAY,PROVIDER_QUERY_RETURNED_OPTION_ROOTS,ARMW,274,2026-10-01T18:27:36.263Z,19071bc3c6ecd2c31a145f671f013187d246041759152915a782b48d3793f7e8
ARTY,CBOE_ETF,ETF,ISHARES TR FUTU AI TECH ETF,American,cboe_cone|cboe_ctwo|cboe_exo|cboe_opt,true,ARTY,iShares Future AI & Tech ETF,PROVIDER_QUERY_RETURNED_OPTION_ROOTS,ARTY,244,2026-10-01T18:27:42.341Z,69fe1b5a77efa4fc4683e0134622e152a9fcfe1786a8b292dec6646600846df9
ASEA,CBOE_ETF,ETF,GLOBAL X FDS GBL X FTSE ETF,American,cboe_cone|cboe_ctwo|cboe_exo|cboe_opt,true,ASEA,GLOBAL X FTSE SOUTHEAST ASIA ETF,PROVIDER_QUERY_RETURNED_OPTION_ROOTS,ASEA,152,2026-10-01T18:27:50.319Z,fc43c6a67645a9f28cfff9d731c6d8f4c51d955f5f9d4f96d98ad25d38e673ce
ASHR,CBOE_ETF,ETF,DBX ETF TR XTRACK HRVST CSI,American,cboe_cone|cboe_ctwo|cboe_exo|cboe_opt,true,ASHR,Xtrackers Harvest CSI 300 China A-Shares ETF,PROVIDER_QUERY_RETURNED_OPTION_ROOTS,ASHR,786,2026-10-01T18:27:51.693Z,7be7885aacea1fa3eb7ce897ce0996314877d3fbc636520d19d86858f72dca44
ASHS,CBOE_ETF,ETF,DBX ETF TR XTRACK CSI 500 A,American,cboe_cone|cboe_ctwo|cboe_exo|cboe_opt,true,ASHS,Xtrackers Harvest CSI 500 China A-ShrsSmallCap ETF,PROVIDER_QUERY_RETURNED_OPTION_ROOTS,ASHS,166,2026-10-01T18:27:52.362Z,3d7eb033a205fa226958efc30baf1e280beeeeb203dc687155ba808289be64e5
ASMG,CBOE_ETF,ETF,THEMES ETF TR LEVERAGE SHARES,American,cboe_cone|cboe_ctwo|cboe_exo|cboe_opt,true,ASMG,LEVERAGE SHARES 2X LONG ASML DAILY ETF,PROVIDER_QUERY_RETURNED_OPTION_ROOTS,ASMG,232,2026-10-01T18:27:55.652Z,22df4232daaebbe71d6df8c934396e0d15156d90bf4a776a9804cc012aaba3b9
ASSX,CBOE_ETF,ETF,T-REX 2X Long ASST Daily Target ETF,American,cboe_cone|cboe_ctwo|cboe_exo|cboe_opt,true,ASSX,T-REX 2X LONG ASST DAILY TARGET ETF,PROVIDER_QUERY_RETURNED_OPTION_ROOTS,ASSX,144,2026-10-01T18:28:02.329Z,e172c77ecb77cb720ee6261cdeae926314d31cd655fab8da6aab7771991d40fa
ASTX,CBOE_ETF,ETF,Tradr 2X Long ASTS Daily ETF,American,cboe_cone|cboe_ctwo|cboe_exo|cboe_opt,true,ASTX,TRADR 2X LONG ASTS DAILY ETF,PROVIDER_QUERY_RETURNED_OPTION_ROOTS,ASTX,432,2026-10-01T18:28:07.060Z,7a48046f22a67ac236ec6e54553d71d24077d9fdffa3eefaa999b73d9b89a65b
AV,CBOE_ETF,ETF,Corgi Aerospace & Commercial Aviation ETF,American,cboe_cone|cboe_ctwo|cboe_exo|cboe_opt,true,AV,CORGI AEROSPACE AND COMMERCIAL AVIATION ETF,PROVIDER_QUERY_RETURNED_OPTION_ROOTS,AV,144,2026-10-01T18:28:31.169Z,175c72b1582b4107458bc1eb08c748dca8a83296c3d94aca04a482735624b8ab
AVDE,CBOE_ETF,ETF,AMERICAN CENTY ETF TR INTL EQT ETF,American,cboe_cone|cboe_ctwo|cboe_exo|cboe_opt,true,AVDE,AVANTIS INTERNATIONAL EQUITY ETF,PROVIDER_QUERY_RETURNED_OPTION_ROOTS,AVDE,176,2026-10-01T18:28:35.879Z,e1bc54bd359491e4bdf8815fcaa628a5e9210e20348c2cd51ffbbf8ae83559f8
AVDV,CBOE_ETF,ETF,AMERICAN CENTY ETF TR INTL SMCP VLU,American,cboe_cone|cboe_ctwo|cboe_exo|cboe_opt,true,AVDV,AVANTIS INTERNATIONAL SMALL CAP VALUE ETF,PROVIDER_QUERY_RETURNED_OPTION_ROOTS,AVDV,206,2026-10-01T18:28:37.203Z,85943ca5e522629f0c3580c73d5ffdd1b7276f8ea26238efe922309433c43e45
AVEM,CBOE_ETF,ETF,AMERICAN CENTY ETF TR AVANTIS EMGMKT,American,cboe_cone|cboe_ctwo|cboe_exo|cboe_opt,true,AVEM,AVANTIS EMERGING MARKETS EQUITY ETF,PROVIDER_QUERY_RETURNED_OPTION_ROOTS,AVEM,254,2026-10-01T18:28:37.920Z,b295d6344d3ebfe9f051248f2ddcf9027cd7a8501b16fd56499359eba783a785
AVGE,CBOE_ETF,ETF,AMERICAN CENTY ETF TR AVANTIS ALL EQT,American,cboe_cone|cboe_ctwo|cboe_exo|cboe_opt,true,AVGE,AVANTIS ALL EQUITY MARKETS ETF,PROVIDER_QUERY_RETURNED_OPTION_ROOTS,AVGE,204,2026-10-01T18:28:39.300Z,747c49332f10be317ae7a31f14ea3a80c2d6273474b006c574aed758d9369d8c
AVGG,CBOE_ETF,ETF,THEMES ETF TR LEVERAGE 2X LONG,American,cboe_cone|cboe_ctwo|cboe_exo|cboe_opt,true,AVGG,LEVERAGE SHARES 2X LONG AVGO DAILY ETF,PROVIDER_QUERY_RETURNED_OPTION_ROOTS,AVGG,202,2026-10-01T18:28:39.890Z,ed332e1afd87b232b690f6afbdba4dc60c3657c0c3ecb27ccf7359b434dc5f0d
AVGV,CBOE_ETF,ETF,AMERICAN CENTY ETF TR AVANTIS ALL EQT,American,cboe_cone|cboe_ctwo|cboe_exo|cboe_opt,true,AVGV,AVANTIS ALL EQUITY MARKETS VALUE ETF,PROVIDER_QUERY_RETURNED_OPTION_ROOTS,AVGV,194,2026-10-01T18:28:41.281Z,468b1c391eb6dc466be335db38177adfe43b52200e172470932cc06e73fe7187
AVGW,CBOE_ETF,ETF,Roundhill AVGO WeeklyPay ETF,American,cboe_cone|cboe_ctwo|cboe_exo|cboe_opt,true,AVGW,ROUNDHILL AVGO WEEKLYPAY ETF,PROVIDER_QUERY_RETURNED_OPTION_ROOTS,AVGW,190,2026-10-01T18:28:41.922Z,fca3f8692652b510d16ce59b2d18e7320dc37763f6b472dd143eb7ce5a05a673
AVGX,CBOE_ETF,ETF,TIDAL TRUST II DEF DLY TGT AVGO,American,cboe_cone|cboe_ctwo|cboe_exo|cboe_opt,true,AVGX,DEFIANCE DAILY TARGET 2X LONG AVGO ETF,PROVIDER_QUERY_RETURNED_OPTION_ROOTS,AVGX,336,2026-10-01T18:28:42.638Z,4ffba38bc6b3552df2c2b8862576ccd77d82e62085210bb5e29d9c47f6c71dee
AVL,CBOE_ETF,ETF,DIREXION SHARES ETF TRUST DLY AVGO BULL 2X,American,cboe_cone|cboe_ctwo|cboe_exo|cboe_opt,true,AVL,DRXN ETF TRST DIREXION DAILY AVGO BULL 2X SHARES,PROVIDER_QUERY_RETURNED_OPTION_ROOTS,AVL,268,2026-10-01T18:28:44.604Z,d05df133c2517cb229071d83f904850453e18576f48ab5d4f6f8586982fd71b8
AVLC,CBOE_ETF,ETF,AMERICAN CENTY ETF TR AVANTIS US LARG,American,cboe_cone|cboe_ctwo|cboe_exo|cboe_opt,true,AVLC,AVANTIS U.S. LARGE CAP EQUITY ETF,PROVIDER_QUERY_RETURNED_OPTION_ROOTS,AVLC,168,2026-10-01T18:28:45.261Z,3a6d171e09490eaeebc8bdd9cfb7809bd61e199f8ef53e4c6b1aec22897dbe43
AVMC,CBOE_ETF,ETF,AMERICAN CENTY ETF TR AVA MID EQU ETF,American,cboe_cone|cboe_ctwo|cboe_exo|cboe_opt,true,AVMC,AVANTIS U.S. MID CAP EQUITY ETF,PROVIDER_QUERY_RETURNED_OPTION_ROOTS,AVMC,160,2026-10-01T18:28:47.942Z,6d05a8e9c2cc268f65af0f5792dcb3df728ff69522cff06c387dbe92ebce80fe
AVMV,CBOE_ETF,ETF,AMERICAN CENTY ETF TR AVAN US VALU ETF,American,cboe_cone|cboe_ctwo|cboe_exo|cboe_opt,true,AVMV,AVANTIS U.S. MID CAP VALUE ETF,PROVIDER_QUERY_RETURNED_OPTION_ROOTS,AVMV,162,2026-10-01T18:28:48.554Z,dc2ec82ead2c1d8891ad73c4ef34b5461d2d505242fb418d3afe9fa643eb0e2f
AVSC,CBOE_ETF,ETF,AMERICAN CENTY ETF TR AVAN US SMAL ETF,American,cboe_cone|cboe_ctwo|cboe_exo|cboe_opt,true,AVSC,AVANTIS U.S SMALL CAP EQUITY ETF,PROVIDER_QUERY_RETURNED_OPTION_ROOTS,AVSC,168,2026-10-01T18:28:54.568Z,850170a475e85b41b199c57b33658ed089182655b3ca2c2e2f0e8eae9ae68027
AVSU,CBOE_ETF,ETF,AMERICAN CENTY ETF TR AVANTIS RESPON U,American,cboe_cone|cboe_ctwo|cboe_exo|cboe_opt,true,AVSU,AVANTIS RESPONSIBLE U.S. EQUITY ETF,PROVIDER_QUERY_RETURNED_OPTION_ROOTS,AVSU,172,2026-10-01T18:28:55.296Z,6629b847cbedbb45621f82d5203704ee6b85b9532785186fcf9a4fd920dab64e
AVUS,CBOE_ETF,ETF,AMERICAN CENTY ETF TR US EQT ETF,American,cboe_cone|cboe_ctwo|cboe_exo|cboe_opt,true,AVUS,AVANTIS U.S. EQUITY ETF,PROVIDER_QUERY_RETURNED_OPTION_ROOTS,AVUS,220,2026-10-01T18:28:57.940Z,fbc565ae5ac77bbf146114e05db7a0cb9c61313b4533c5155396ad651100afc2
AVUV,CBOE_ETF,ETF,AMERICAN CENTY ETF TR US SML CP VALU,American,cboe_cone|cboe_ctwo|cboe_exo|cboe_opt,true,AVUV,AVANTIS U.S. SMALL CAP VALUE ETF,PROVIDER_QUERY_RETURNED_OPTION_ROOTS,AVUV,228,2026-10-01T18:28:58.565Z,0b2d855c02615a13c429c2e9206f9a967eb57bd787696f99f434977c8680cda8
AWAY,CBOE_ETF,ETF,AMPLIFY ETF TR TRAVEL TECH ETF,American,cboe_cone|cboe_ctwo|cboe_exo|cboe_opt,true,AWAY,Amplify Travel Tech ETF,PROVIDER_QUERY_RETURNED_OPTION_ROOTS,AWAY,152,2026-10-01T18:29:09.525Z,c8e2ded156eb3a78f1b187a6eab098c8b47096d9e7c326f4e754b53e19afafcc
AXTQ,CBOE_ETF,ETF,Tradr 2X Short AXTI Daily ETF,American,cboe_cone|cboe_ctwo|cboe_exo|cboe_opt,true,AXTQ,TRADR 2X SHORT AXTI DAILY ETF,PROVIDER_QUERY_RETURNED_OPTION_ROOTS,AXTQ,304,2026-10-01T18:29:15.734Z,26ddfa822da00ebee879db2de39a26417a22ca509f6e33b4ee61fef6d25ed87e
AXTU,CBOE_ETF,ETF,T-REX 2X Long AXTI Daily Target ETF,American,cboe_cone|cboe_ctwo|cboe_exo|cboe_opt,true,AXTU|AXTU1,T-REX 2X AXTI ETF|T-REX 2X AXTI ETF(1:10),PROVIDER_QUERY_RETURNED_OPTION_ROOTS,AXTU|AXTU1,326,2026-10-01T18:29:16.254Z,09c1014714e7966569e31409c0184e6e729aaf004445fefb9974fc29730096a9
AXTX,CBOE_ETF,ETF,Tradr 2X Long AXTI Daily ETF,American,cboe_cone|cboe_ctwo|cboe_exo|cboe_opt,true,AXTX|AXTX1,TRADR 2X SHORT AXTI DAILY ETF|TRADR 2X SHORT AXTI DAILY ETF(1:4),PROVIDER_QUERY_RETURNED_OPTION_ROOTS,AXTX|AXTX1,440,2026-10-01T18:29:16.797Z,99fa1e886b66db882ff769a62b75be2bc45631f52c454c22d7a375a4ab0b7df8
BABW,CBOE_ETF,ETF,Roundhill BABA WeeklyPay ETF,American,cboe_cone|cboe_ctwo|cboe_exo|cboe_opt,false,BABW,ROUNDHILL BABA WEEKLYPAY,PROVIDER_QUERY_RETURNED_OPTION_ROOTS,BABW,162,2026-10-01T18:29:24.672Z,aadc14a34f727d92ec6399ff7d88925b7240880a70f09c6e62ee6bdb732ea375
BABX,CBOE_ETF,ETF,GRANITESHARES ETF TR 2X LNG BABA DAL,American,cboe_cone|cboe_ctwo|cboe_exo|cboe_opt,true,BABX,GraniteShares ETF Trust 2x Long BABA Daily ETF,PROVIDER_QUERY_RETURNED_OPTION_ROOTS,BABX,194,2026-10-01T18:29:25.172Z,6d63feb8cb45225f252b68fac64263db324ad156a7a5729e81b5707d176beb56
BAGY,CBOE_ETF,ETF,Amplify Bitcoin Max Income Covered Call ETF,American,cboe_cone|cboe_ctwo|cboe_exo|cboe_opt,false,BAGY,AMPLIFY BITCOIN MAX INCOME COVERED CALL,PROVIDER_QUERY_RETURNED_OPTION_ROOTS,BAGY,158,2026-10-01T18:29:26.165Z,1b7c56f89e3f6c393c3c9e654f52421c73dcbd328ffc7b2f478bbb002d4ed04d
BAI,CBOE_ETF,ETF,BLACKROCK ETF TRUST ISHA I IN TE ETF,American,cboe_cone|cboe_ctwo|cboe_exo|cboe_opt,true,BAI,ISHARES A.I. INNOVATION AND TECH ACTIVE ETF,PROVIDER_QUERY_RETURNED_OPTION_ROOTS,BAI,198,2026-10-01T18:29:27.209Z,5b756c64d164ca9dfb122a8d9684a03778d91490210bfb89f2251ada3adbaecc
BAIG,CBOE_ETF,ETF,THEMES ETF TR LEVERAGE SHS 2X,American,cboe_cone|cboe_ctwo|cboe_exo|cboe_opt,true,BAIG|BAIG1,THEMES ETF TRUST LVRGE SHARES 2X LNG BBAI DLY ETF|THEMES ETF TRST LVRGE SHRS 2X L BBAI DLY ETF(1:10),PROVIDER_QUERY_RETURNED_OPTION_ROOTS,BAIG|BAIG1,216,2026-10-01T18:29:27.631Z,0ea746a4a1a9817eaa0bbc821a341da142b186b270bc5588419b784cece98c4a
BALI,CBOE_ETF,ETF,iShares U.S. Large Cap Premium Income Active ETF,American,cboe_cone|cboe_ctwo|cboe_exo|cboe_opt,true,BALI,iShares U.S. Large Cap Premium Income Active ETF,PROVIDER_QUERY_RETURNED_OPTION_ROOTS,BALI,152,2026-10-01T18:29:28.130Z,7ab048871e55e7b869b42d0a3f68f93d5ac3dfc45f90c61be45207efcb764dbf
BATT,CBOE_ETF,ETF,AMPLIFY ETF TR AMPLIFY LITHIUM,American,cboe_cone|cboe_ctwo|cboe_exo|cboe_opt,true,BATT,AMPLIFY LITHIUM & BATTERY TECHNOLOGY ETF,PROVIDER_QUERY_RETURNED_OPTION_ROOTS,BATT,152,2026-10-01T18:29:35.173Z,8f7ba8e7a7c1925d494f62d9f4d5a42c2a567bfb851d62ca2e9440c09d6540ce
BAY,CBOE_ETF,ETF,Corgi Bay Area Based ETF,American,cboe_cone|cboe_ctwo|cboe_exo|cboe_opt,true,BAY,CORGI BAY AREA BASED ETF,PROVIDER_QUERY_RETURNED_OPTION_ROOTS,BAY,146,2026-10-01T18:29:36.238Z,ebb7713ccc3c6733215536bebe9ecd7fc11c6f62308be571519f55e1a51412c9
BBC,CBOE_ETF,ETF,ETFIS SER TR I VIRT BI TRIA ETF,American,cboe_cone|cboe_ctwo|cboe_exo|cboe_opt,true,BBC,Virtus Biotech Clinical Trials ETF,PROVIDER_QUERY_RETURNED_OPTION_ROOTS,BBC,216,2026-10-01T18:29:39.272Z,6084567f74562a6133c76490f587fe2f3bad366e451bbda59a8b84c225cd2007
BBCA,CBOE_ETF,ETF,JPMorgan BetaBuilders Canada ETF ,American,cboe_cone|cboe_ctwo|cboe_exo|cboe_opt,false,BBCA,JP MORGAN BETA BUILDER CANADA,PROVIDER_QUERY_RETURNED_OPTION_ROOTS,BBCA,158,2026-10-01T18:29:39.806Z,a37a7b3d502c98dffd61a61fa0976bee5acd347ffc28589e0f060d33e543fd7d
BBEU,CBOE_ETF,ETF,JPMorgan BetaBuilders Europe ETF ,American,cboe_cone|cboe_ctwo|cboe_exo|cboe_opt,false,BBEU,JP MORGAN BETA BUILDERS EUROPE,PROVIDER_QUERY_RETURNED_OPTION_ROOTS,BBEU,152,2026-10-01T18:29:41.802Z,a1d74fc6581080658cc40d71beaa3749a2c97b547658a5d6a7476fe4cdb8cb82
BBH,CBOE_ETF,ETF,VANECK ETF TRUST BIOTECH ETF,American,cboe_cone|cboe_ctwo|cboe_exo|cboe_opt,true,BBH,VanEck Biotech ETF,PROVIDER_QUERY_RETURNED_OPTION_ROOTS,BBH,278,2026-10-01T18:29:42.279Z,e178c226b60f73442dab22563e2afdfc03b8d36b3767966c1cc40779c272aa13
BCD,CBOE_ETF,ETF,ABRDN ETFS BBRG ALL COMMDY,American,cboe_cone|cboe_ctwo|cboe_exo|cboe_opt,false,BCD,ABRDN ETFS BBRG ALL COMMDY,PROVIDER_QUERY_RETURNED_OPTION_ROOTS,BCD,152,2026-10-01T18:29:53.421Z,3271d0f103aa2c6cfd583898e2cdb167856da891f935b5508377097c06b82329
BCI,CBOE_ETF,ETF,ABRDN ETFS BBRG ALL COMD K1,American,cboe_cone|cboe_ctwo|cboe_exo|cboe_opt,false,BCI,abrdn Bloomberg All Commodity Strategy K-1 FreeETF,PROVIDER_QUERY_RETURNED_OPTION_ROOTS,BCI,152,2026-10-01T18:29:54.882Z,c20f7ec483254badaa9334a98dd5967bf838b66d06c334980d58c6b720cdd32e
BDRY,CBOE_ETF,ETF,AMPLIFY COMMODITY TRUST BREA DRY BUL ETF,American,cboe_cone|cboe_ctwo|cboe_exo|cboe_opt,true,BDRY,BREAKWAVE DRY BULK SHIPPING ETF,PROVIDER_QUERY_RETURNED_OPTION_ROOTS,BDRY,182,2026-10-01T18:30:01.099Z,056c954341c703114d1725ff17abe9d67aef3698b6653ce97dd4ec9b295f2c82
BEG,CBOE_ETF,ETF,THEMES ETF TR LEVERAGE SHS 2X,American,cboe_cone|cboe_ctwo|cboe_exo|cboe_opt,true,BEG,THEMES ETF LEVERAGE SHARES 2X LONG BE DAILY ETF,PROVIDER_QUERY_RETURNED_OPTION_ROOTS,BEG,430,2026-10-01T18:30:04.461Z,bc7bd07f50d5b5a5d9b8853927e8030aafa8f28f34ff83d1b985d6e0b2da19a7
BETZ,CBOE_ETF,ETF,LISTED FDS TR ROUN SPOR BE ETF,American,cboe_cone|cboe_ctwo|cboe_exo|cboe_opt,true,BETZ,ROUNDHILL SPORTS BETTING & IGAMING ETF,PROVIDER_QUERY_RETURNED_OPTION_ROOTS,BETZ,152,2026-10-01T18:30:08.627Z,1cb0ce5c6ffb53d7cea32469de9a00b18c3ca86f8ff7c3b8089a04ab5dd70add
BEX,CBOE_ETF,ETF,Tradr 2X Long BE Daily ETF,American,cboe_cone|cboe_ctwo|cboe_exo|cboe_opt,true,BEX,TRADR 2X LONG BE DAILY ETF,PROVIDER_QUERY_RETURNED_OPTION_ROOTS,BEX,502,2026-10-01T18:30:08.964Z,b21478b0636e7f46c4de8702fd5c75a2e332efeec5b58f10a609c19613d839bf
BEZ,CBOE_ETF,ETF,Tradr 2X Short BE Daily ETF,American,cboe_cone|cboe_ctwo|cboe_exo|cboe_opt,true,BEZ|BEZ1,TRADR 2X SHORT BE DAILY ETF|TRADR 2X SHORT BE DAILY ETF (1:10 Reverse Split),PROVIDER_QUERY_RETURNED_OPTION_ROOTS,BEZ|BEZ1,216,2026-10-01T18:30:09.495Z,4ccca58b65c8ad7db446821f06d0856bd1cba141daaead478cb57660ac6c9579
BFOR,CBOE_ETF,ETF,ALPS ETF TR BARRONS 400 ETF,American,cboe_cone,true,BFOR,Barron's 400 ETF,PROVIDER_QUERY_RETURNED_OPTION_ROOTS,BFOR,184,2026-10-01T18:30:12.426Z,1ae5a68e813c7f9bfaeb98ae6308936d4e3a34fb5a36efb69f26ae862716df0a
BIB,CBOE_ETF,ETF,PROSHARES TR PSHS ULT NASB,American,cboe_cone|cboe_exo|cboe_opt,false,BIB,ProShares Ultra Nasdaq Biotechnology,PROVIDER_QUERY_RETURNED_OPTION_ROOTS,BIB,340,2026-10-01T18:30:20.038Z,9530b0042596058dcecd1e65199aabe865cbbe948ac4aa382e67a096f5b04c72
BIGY,CBOE_ETF,ETF,TIDAL TRUST II YIELDMAX TRGT12,American,cboe_cone|cboe_ctwo|cboe_exo|cboe_opt,true,BIGY,YIELDMAX TARGET 12 BIG 50 OPTION INCOME ETF,PROVIDER_QUERY_RETURNED_OPTION_ROOTS,BIGY,168,2026-10-01T18:30:22.076Z,5a147453f1297106be3a83f96dc15dc8a41f66d47267642ccb569ee204367a29
BIL,CBOE_ETF,ETF,SPDR SERIES TRUST ST STR BLO 1 ETF,American,cboe_cone|cboe_ctwo|cboe_exo|cboe_opt,true,BIL,State Street SPDR Bloomberg 1-3 Month T-Bill ETF,PROVIDER_QUERY_RETURNED_OPTION_ROOTS,BIL,280,2026-10-01T18:30:22.958Z,a4410c55d4984cbd8f1bc33b4ad979213af01ec74bd4062c9efd3f32009d5c89
BILS,CBOE_ETF,ETF,SPDR SERIES TRUST ST STR BL 12 ETF,American,cboe_cone|cboe_ctwo|cboe_exo|cboe_opt,true,BILS,State Street SPDR Bloomberg 3-12 Month T-Bill ETF,PROVIDER_QUERY_RETURNED_OPTION_ROOTS,BILS,152,2026-10-01T18:30:24.467Z,3050f10745420278bedba0f23f6fad174e4aa544dc82ccbfdda35c4bb14d480f
BIS,CBOE_ETF,ETF,PROSHARES TR ULTST NASD 2026,American,cboe_cone|cboe_exo|cboe_opt,false,BIS|BIS1,ProShares UltraShort Nasdaq Biotechnology|ProShares UltraShort Nasdaq Biotechnology(1:2),PROVIDER_QUERY_RETURNED_OPTION_ROOTS,BIS|BIS1,206,2026-10-01T18:30:28.034Z,c6c001d924027e6e148764c5a015f989724633a0122d99e772d049785590357b
BITB,CBOE_ETF,ETF,BITWISE BITCOIN ETF TR SHS BEN INT,American,cboe_cone|cboe_ctwo|cboe_exo|cboe_opt,true,BITB,BITWISE BITCOIN ETF TRUST,PROVIDER_QUERY_RETURNED_OPTION_ROOTS,BITB,316,2026-10-01T18:30:28.559Z,4e787768c23f06fbc90215407ccb5db67c1c7a2a33c901e0849171365c823412
BITI,CBOE_ETF,ETF,PROSHARES TR SHOR BITC ET NEW,American,cboe_cone|cboe_ctwo|cboe_exo|cboe_opt,true,BITI|BITI1,ProShares Short Bitcoin ETF|ProShares Short Bitcoin ETF (1:5 Reverse Split),PROVIDER_QUERY_RETURNED_OPTION_ROOTS,BITI|BITI1,278,2026-10-01T18:30:29.163Z,06a502f4ec29f2dcc559006d37e2b183c0b1d1cc511357cc57956eb8fdc061e0
BITO,CBOE_ETF,ETF,PROSHARES TR BITCOIN ETF,American,cboe_cone|cboe_ctwo|cboe_exo|cboe_opt,true,BITO,ProShares Bitcoin ETF,PROVIDER_QUERY_RETURNED_OPTION_ROOTS,BITO,738,2026-10-01T18:30:29.482Z,779630c0cd7eb2f2314728ef7c226f08db82dc39e417e4f26a0af5d552cd35c2
BITQ,CBOE_ETF,ETF,BITWISE FUNDS TRUST CRYPTO INDUSTRY,American,cboe_cone|cboe_ctwo|cboe_exo|cboe_opt,true,BITQ,BITWISE CRYPTO INDUSTRY INNOVATORS ETF,PROVIDER_QUERY_RETURNED_OPTION_ROOTS,BITQ,190,2026-10-01T18:30:29.998Z,cc0d162afd80af985537c44a7e0d8baa8c215ee656986ee03682e73ecd3d36bc
BITS,CBOE_ETF,ETF,GLOBAL X FDS BLOC BIT STR ETF,American,cboe_cone|cboe_ctwo|cboe_exo|cboe_opt,true,BITS,GLOBAL X BLOCKCHAIN & BITCOIN STRATEGY ETF,PROVIDER_QUERY_RETURNED_OPTION_ROOTS,BITS,250,2026-10-01T18:30:30.518Z,a39f134216c432798104ff73aac6090865f15140ff4b4fd3aa832c6be610851b
BITU,CBOE_ETF,ETF,PROSHARES TR ULTRA BITCON ETF,American,cboe_cone|cboe_ctwo|cboe_exo|cboe_opt,true,BITU,PROSHARES ULTRA BITCOIN ETF,PROVIDER_QUERY_RETURNED_OPTION_ROOTS,BITU,180,2026-10-01T18:30:31.055Z,268480f166f514d9c52d24b09d259cfe60444d90d73bb6158ea059090dc48b2e
BITX,CBOE_ETF,ETF,2x Bitcoin ETF,American,cboe_cone|cboe_ctwo|cboe_exo|cboe_opt,true,BITX,2x Bitcoin ETF,PROVIDER_QUERY_RETURNED_OPTION_ROOTS,BITX,1156,2026-10-01T18:30:31.597Z,c0c464b5d8fbd213df8c3a554fa6bcbaab1759971c245b6c1100768d5ef7c604
BITY,CBOE_ETF,ETF,Amplify Bitcoin 2% Monthly Option Income ETF,American,cboe_cone|cboe_ctwo|cboe_exo|cboe_opt,false,BITY,AMPLIFY BITCOIN 2 MONTHLY OPTION INCOME,PROVIDER_QUERY_RETURNED_OPTION_ROOTS,BITY,158,2026-10-01T18:30:32.030Z,a999d693e9954dcc83fe22e3c4bf0f8087d430f4565e40754f0a003399d35d59
BIV,CBOE_ETF,ETF,VANGUARD BD INDEX FDS INTERMED TERM,American,cboe_cone,true,BIV,Vanguard Intermediate-Term Bond ETF,PROVIDER_QUERY_RETURNED_OPTION_ROOTS,BIV,152,2026-10-01T18:30:32.559Z,6debe13a7dea40d12fe9af0960b5138ac4a93e7eea8caf1036775be8d03e8e09
BIZD,CBOE_ETF,ETF,VANECK ETF TRUST BDC INCOME ETF,American,cboe_cone|cboe_ctwo|cboe_exo|cboe_opt,true,BIZD,VanEck BDC Income ETF,PROVIDER_QUERY_RETURNED_OPTION_ROOTS,BIZD,204,2026-10-01T18:30:33.081Z,6b54d2cdb7734cf68d1224f03db0af30ca40aaaf40a12e9b066adef310f9cae2
BKF,CBOE_ETF,ETF,ISHARES INC MSCI BIC ETF,American,cboe_cone,true,BKF,iShares MSCI BIC ETF,PROVIDER_QUERY_RETURNED_OPTION_ROOTS,BKF,174,2026-10-01T18:30:36.002Z,35eaa9894bfa2d87deee81207e032cb680db188de4b975bca14d1cb19553e515
BKLN,CBOE_ETF,ETF,INVESCO EXCHANGE-TRADED FD TR SR LN ETF,American,cboe_cone|cboe_ctwo|cboe_exo|cboe_opt,true,BKLN,Invesco Senior Loan ETF,PROVIDER_QUERY_RETURNED_OPTION_ROOTS,BKLN,302,2026-10-01T18:30:38.051Z,a76659c093ec9dd479368fdadac87326d4c1b07a6c5c5879db35a469dd2b6890
BLCK,CBOE_ETF,ETF,Corgi Crypto Infrastructure ETF,American,cboe_cone|cboe_ctwo|cboe_exo|cboe_opt,true,BLCK,CORGI CRYPTO INFRASTRUCTURE ETF,PROVIDER_QUERY_RETURNED_OPTION_ROOTS,BLCK,146,2026-10-01T18:30:42.577Z,f8fd1d5b498cbc1550f0e9b4aad6fc8038696ddc2d7e8bd643857211b5eba3a2
BLCN,CBOE_ETF,ETF,SIREN ETF TR NEXGEN ECONOMY,American,cboe_cone|cboe_ctwo|cboe_exo|cboe_opt,true,BLCN,Siren ETF Trust Siren NexGen Economy ETF,PROVIDER_QUERY_RETURNED_OPTION_ROOTS,BLCN,80,2026-10-01T18:30:43.102Z,b0050cf73ec1b22acfe7917dd38ce6d4a5e4b35b6314ac575b047cb3bf3d893f
BLOK,CBOE_ETF,ETF,AMPLIFY ETF TR BLOCK TECHN ETF,American,cboe_cone|cboe_ctwo|cboe_exo|cboe_opt,true,BLOK,Amplify Blockchain Technology ETF,PROVIDER_QUERY_RETURNED_OPTION_ROOTS,BLOK,272,2026-10-01T18:30:49.075Z,076f7f34ccc8a2f384e4ba845d38bbce4dbd53761ff7fc01af5e3006796077ba
BLOX,CBOE_ETF,ETF,TIDAL TRUST II NICHOLAS CRYPTO,American,cboe_cone|cboe_ctwo|cboe_exo|cboe_opt,true,BLOX,NICHOLAS CRYPTO INCOME ETF,PROVIDER_QUERY_RETURNED_OPTION_ROOTS,BLOX,128,2026-10-01T18:30:49.581Z,14e1d66dfaa4f472c9a3631505cfcebb3b61014714545bd7d8423cca22fb5846
BLSG,CBOE_ETF,ETF,THEMES ETF TR LEVERAGE SHS 2X,American,cboe_cone|cboe_ctwo|cboe_exo|cboe_opt,true,BLSG,THEMES ETF TRUST LEVERAGE SHARES 2X LONG BLSH,PROVIDER_QUERY_RETURNED_OPTION_ROOTS,BLSG,76,2026-10-01T18:30:50.650Z,f7ea860b15d8b818804a0628270e8832ba63314b11b11b25dc55bf285007474a
BLV,CBOE_ETF,ETF,VANGUARD BD INDEX FDS LONG TERM BOND,American,cboe_cone,true,BLV,Vanguard Long-Term Bond ETF,PROVIDER_QUERY_RETURNED_OPTION_ROOTS,BLV,152,2026-10-01T18:30:51.620Z,b5326261b999fbde662533a1118e53d3432b45b23a9e8c019686c8562954f5aa
BMNG,CBOE_ETF,ETF,THEMES ETF TR LEVERAGE SHS 2X,American,cboe_cone|cboe_ctwo|cboe_exo|cboe_opt,true,BMNG|BMNG1,THEMES ETF TRUST LEVERAGE SHARES 2X LONG BMNR|THEMES ETF TRUST LEVERAGE SHARES 2X L BMNR (1:20),PROVIDER_QUERY_RETURNED_OPTION_ROOTS,BMNG|BMNG1,280,2026-10-01T18:30:55.632Z,afe807a3ee013e9e6648580d697a9f6c827c8a20a2f463bc016a5791e6197529
BMNU,CBOE_ETF,ETF,T-REX 2X Long BMNR Daily Target ETF,American,cboe_cone|cboe_ctwo|cboe_exo|cboe_opt,false,BMNU|BMNU1,T-REX 2X LONG BMNR DAILY TARGET|T-REX 2X LONG BMNR DAILY TARGET(1:10),PROVIDER_QUERY_RETURNED_OPTION_ROOTS,BMNU|BMNU1,394,2026-10-01T18:30:56.578Z,b9b65f09a477af239188cf1e8771b898690eed28a6a6413ad309985d1f472218
BND,CBOE_ETF,ETF,VANGUARD BD INDEX FDS TOTAL BND MRKT,American,cboe_cone|cboe_ctwo|cboe_exo|cboe_opt,true,BND,Vanguard Total Bond Market ETF,PROVIDER_QUERY_RETURNED_OPTION_ROOTS,BND,168,2026-10-01T18:31:01.088Z,e4163aaacdd28141410a63702227217e175f4e55a694e320e24099bb61a5ac70
BNDD,CBOE_ETF,ETF,KRANESHARES TRUST QUADRATIC DEFLAI,American,cboe_cone|cboe_ctwo|cboe_exo|cboe_opt,true,BNDD,KRANESHARES QUADRATIC DEFLATION ETF,PROVIDER_QUERY_RETURNED_OPTION_ROOTS,BNDD,184,2026-10-01T18:31:01.247Z,95b731d5d8b38edb96064e69a49c269c3d3faf6b9fa675ba59ddabf73756d1fd
BNDW,CBOE_ETF,ETF,VANGUARD SCOTTSDALE FDS TOTAL WLD BD ETF,American,cboe_cone|cboe_ctwo|cboe_exo|cboe_opt,true,BNDW,VANGUARD TOTAL WORLD BOND ETF,PROVIDER_QUERY_RETURNED_OPTION_ROOTS,BNDW,152,2026-10-01T18:31:01.720Z,0e16f8fcc593b626149f1abd49b5f8b8e59bf1068d50a154877ee4cb84691376
BNDX,CBOE_ETF,ETF,VANGUARD CHARLOTTE FDS TOTAL INT BD ETF,American,cboe_cone|cboe_ctwo|cboe_exo|cboe_opt,true,BNDX,Vanguard Total International Bond ETF,PROVIDER_QUERY_RETURNED_OPTION_ROOTS,BNDX,152,2026-10-01T18:31:02.281Z,389263489ba052339d3d52a6d798c77cacb209b1df6d18755463b3a5a2eb3568
BNO,CBOE_ETF,ETF,UNITED STS BRENT OIL FD LP UNIT,American,cboe_cone|cboe_ctwo|cboe_exo|cboe_opt,false,BNO,United States Brent Oil Fund LP,PROVIDER_QUERY_RETURNED_OPTION_ROOTS,BNO,1028,2026-10-01T18:31:05.726Z,1f04b5f32488b85d7215a4b303949c9794f5735a5a1d632471fd1ea1919fabb5
BOIL,CBOE_ETF,ETF,PROSHARES TR II ULTRA BLOOMBERG,American,cboe_cone|cboe_ctwo|cboe_exo|cboe_opt,false,BOIL|BOIL1|BOIL2,ProShares Ultra Bloomberg Natural Gas|ProShares Ultra Bloomberg Natural Gas(1:2)|ProShares Ultra Bloomberg Natural Gas (1:5 RSplit),PROVIDER_QUERY_RETURNED_OPTION_ROOTS,BOIL|BOIL1|BOIL2,1366,2026-10-01T18:31:10.398Z,d1fc0fb68d65847ac650d0f11bdd1280181fc3a688f702ea7bd585d0024d523d
BOND,CBOE_ETF,ETF,PIMCO ETF TR ACTIVE BD ETF,American,cboe_cone,true,BOND,PIMCO Active Bond Exchange-Traded Fund,PROVIDER_QUERY_RETURNED_OPTION_ROOTS,BOND,152,2026-10-01T18:31:11.408Z,52dd9544d908755214f930057589a303f4a6b14d3eecacf9d3a9928f58de8920
BOTZ,CBOE_ETF,ETF,GLOBAL X FDS RBTCS ARTFL INTE,American,cboe_cone|cboe_ctwo|cboe_exo|cboe_opt,false,BOTZ,GLOBAL X ROBOTICS & ARTIFICI,PROVIDER_QUERY_RETURNED_OPTION_ROOTS,BOTZ,218,2026-10-01T18:31:13.844Z,594d4386d416a1a25bc426bd914521c6848c331aad54665411891c203df5d85c
BOXX,CBOE_ETF,ETF,Alpha Architect 1-3 Month Box ETF,American,cboe_cone|cboe_ctwo|cboe_exo|cboe_opt,true,BOXX,ALPHA ARCHITECT 1 TO 3 MONTH BOX ETF,PROVIDER_QUERY_RETURNED_OPTION_ROOTS,BOXX,174,2026-10-01T18:31:14.846Z,06d3e524247a84435a243b482d9aedc88f5f45a133328c31d0045bf67da3846d
BREW,CBOE_ETF,ETF,Corgi Coffee & Energy Drinks ETF,American,cboe_cone|cboe_ctwo|cboe_exo|cboe_opt,true,BREW,CORGI COFFEE AND ENERGY DRINKS ETF,PROVIDER_QUERY_RETURNED_OPTION_ROOTS,BREW,144,2026-10-01T18:31:21.383Z,af4f263b2cd2f7e3e66f2eebabb066a16287d00ce14650e80808d88a9a9f37f9
BRF,CBOE_ETF,ETF,VANECK ETF TRUST BRAZIL SMALL CAP,American,cboe_cone|cboe_ctwo|cboe_exo|cboe_opt,true,BRF,VanEck Brazil Small-Cap ETF,PROVIDER_QUERY_RETURNED_OPTION_ROOTS,BRF,168,2026-10-01T18:31:21.913Z,f51f60d65e488c8a252b13faf1abe501fc5a2f3751aa06883357e07b911679a4
BRKW,CBOE_ETF,ETF,Roundhill BRKB WeeklyPay ETF,American,cboe_cone|cboe_ctwo|cboe_exo|cboe_opt,true,BRKW,ROUNDHILL BRKB WEEKLYPAY ETF,PROVIDER_QUERY_RETURNED_OPTION_ROOTS,BRKW,152,2026-10-01T18:31:23.418Z,7c49dbd2c9fdc5b4bbc7d6183295a439ee40cc390db9d18c812eb99e62eeb0f5
BRZU,CBOE_ETF,ETF,DIREXION SHARES ETF TRUST DAIL MS BRAZ ETF,American,cboe_cone|cboe_ctwo|cboe_exo|cboe_opt,false,BRZU,Direxion Daily MSCI Brazil Bull 2X Shares,PROVIDER_QUERY_RETURNED_OPTION_ROOTS,BRZU,330,2026-10-01T18:31:28.475Z,c5d0ef358614cfd178137d43d1ac6c8b6d2b5865eee0206fc53dff0ba4b0de86
BSOL,CBOE_ETF,ETF,BITWISE SOLANA STAKING ETF COM SHS OF BENEF,American,cboe_cone|cboe_ctwo|cboe_exo|cboe_opt,true,BSOL,BITWISE SOLANA STAKING ETF,PROVIDER_QUERY_RETURNED_OPTION_ROOTS,BSOL,300,2026-10-01T18:31:30.947Z,6c462d3468f24aedb5a26fec02b234ae61d2bae061a0f288f5304d7732096173
BSV,CBOE_ETF,ETF,VANGUARD BD INDEX FDS SHORT TRM BOND,American,cboe_cone|cboe_ctwo|cboe_exo|cboe_opt,true,BSV,Vanguard Short-Term Bond ETF,PROVIDER_QUERY_RETURNED_OPTION_ROOTS,BSV,152,2026-10-01T18:31:32.389Z,c4d760f21d9dd64caf2d141c8b2ff1c3ca5543c4bbece2cf63316711e47a8205
BSVO,CBOE_ETF,ETF,EA SERIES TRUST BRID OMN SMA ETF,American,cboe_cone|cboe_ctwo|cboe_exo|cboe_opt,true,BSVO,EA BRIDGEWAY OMNI SMALL-CAP VALUE ETF,PROVIDER_QUERY_RETURNED_OPTION_ROOTS,BSVO,152,2026-10-01T18:31:32.915Z,d18c9b4c57625f5379525a9937e185e6124efff8b8d93ea4b6b06d4a1755cb96
BTC,CBOE_ETF,ETF,GRAYSCALE BITCOIN MINI TR ETF SHS NEW,American,cboe_cone|cboe_ctwo|cboe_exo|cboe_opt,true,BTC,GRAYSCALE BITCOIN MINI TRUST ETF,PROVIDER_QUERY_RETURNED_OPTION_ROOTS,BTC,484,2026-10-01T18:31:35.476Z,d94dff70d07f94d97853d676779690e717a8498456996ef4cb4ae36aaf430efe
BTCI,CBOE_ETF,ETF,NEOS Bitcoin High Income ETF,American,cboe_cone|cboe_ctwo|cboe_exo|cboe_opt,true,BTCI,NEOS BITCOIN HIGH INCOME ETF,PROVIDER_QUERY_RETURNED_OPTION_ROOTS,BTCI,172,2026-10-01T18:31:35.897Z,3e1b691f67ecf4dc1d6da30be9b0b9c58f47a1307edfaca5009f877980453388
BTCL,CBOE_ETF,ETF,T-Rex 2X Long Bitcoin Daily Target ETF,American,cboe_cone|cboe_ctwo|cboe_exo|cboe_opt,true,BTCL,T-REX 2X LONG BITCOIN DAILY TARGET ETF,PROVIDER_QUERY_RETURNED_OPTION_ROOTS,BTCL,162,2026-10-01T18:31:36.399Z,6613541e351b54f886c14b706e43c4b4a3ad3fec9a0cc7eb56cebdf7a22f56a7
BTCO,CBOE_ETF,ETF,Invesco Galaxy Bitcoin ETF,American,cboe_cone|cboe_ctwo|cboe_exo|cboe_opt,true,BTCO,INVESCO GALAXY BITCOIN ETF,PROVIDER_QUERY_RETURNED_OPTION_ROOTS,BTCO,268,2026-10-01T18:31:36.913Z,48e0c09782961b3f04570533b0d1acde51607c3e2bd31bed9bf8f0b7b96f6386
BTCW,CBOE_ETF,ETF,WisdomTree Bitcoin Fund ,American,cboe_cone|cboe_ctwo|cboe_exo|cboe_opt,false,BTCW,WISDOMTREE BITCOIN FUND,PROVIDER_QUERY_RETURNED_OPTION_ROOTS,BTCW,266,2026-10-01T18:31:37.920Z,09605facc5556a33818af7c9e54b180c4f4b3634edf4945ee36bbf4eb600ab4e
BTCZ,CBOE_ETF,ETF,T-Rex 2X Inverse Bitcoin Daily Target ETF,American,cboe_cone|cboe_ctwo|cboe_exo|cboe_opt,true,BTCZ,T-REX 2X INVERSE BITCOIN DAILY TARGET ETF,PROVIDER_QUERY_RETURNED_OPTION_ROOTS,BTCZ,102,2026-10-01T18:31:38.412Z,ac32cc03f18a79627ea4427b9db1c8bf12da6eeabe02cce6b886c31ec0ffc7d4
BTF,CBOE_ETF,ETF,COINSHARES ETF TR COINSHARES BITCN,American,cboe_cone|cboe_ctwo|cboe_exo|cboe_opt,true,BTF,CoinShares Bitcoin and Ether ETF,PROVIDER_QUERY_RETURNED_OPTION_ROOTS,BTF,178,2026-10-01T18:31:39.969Z,b9469bccaa19b49f371161b6b332bc1b708b6ce2cd4c6f68f2d674e8ce83c9ed
BUG,CBOE_ETF,ETF,GLOBAL X FDS CYBRSCURTY ETF,American,cboe_cone|cboe_ctwo|cboe_exo|cboe_opt,false,BUG,GLOBAL X CYBER SECURITY,PROVIDER_QUERY_RETURNED_OPTION_ROOTS,BUG,564,2026-10-01T18:31:47.093Z,0119ab6f091f82bd71b52a9ad2c24bde224d219c03ada53c8ba92554ceb98b81
BULG,CBOE_ETF,ETF,THEMES ETF TR LEVERAGE SHS 2X,American,cboe_cone|cboe_ctwo|cboe_exo|cboe_opt,true,BULG|BULG1,THEMES ETF TRUST LEVERAGE SHARES 2X LONG BULL DAIL|THEMES ETF TRST LEVERAGE SHARES 2X LONG BULL(1:20),PROVIDER_QUERY_RETURNED_OPTION_ROOTS,BULG|BULG1,278,2026-10-01T18:31:48.139Z,3f87bfec5a6473c990a520c85df50b9e13cecc434d44ad966e1570d8bac60a2f
BUZZ,CBOE_ETF,ETF,VANECK ETF TRUST SOCIAL SENTIMENT,American,cboe_cone|cboe_ctwo|cboe_exo|cboe_opt,true,BUZZ,VanEck Social Sentiment ETF,PROVIDER_QUERY_RETURNED_OPTION_ROOTS,BUZZ,190,2026-10-01T18:31:51.080Z,67a624ee2872076a9d53887a02b0a3f002d0e06a55708cf6c50dcabd83393107
BWET,CBOE_ETF,ETF,AMPLIFY COMMODITY TRUST BREA TANK SH ETF,American,cboe_cone|cboe_ctwo|cboe_exo|cboe_opt,true,BWET,BREAKWAVE TANKER SHIPPING ETF,PROVIDER_QUERY_RETURNED_OPTION_ROOTS,BWET,1260,2026-10-01T18:31:55.680Z,4cbf9dc4a390a56c95162886107e3ea6f021cccd2e3a016d86e864de30a3b7ec
BWX,CBOE_ETF,ETF,SPDR SERIES TRUST ST INTL BBG ETF,American,cboe_cone|cboe_ctwo|cboe_exo|cboe_opt,true,BWX,State St SPDR Bloomberg Intern Treasury Bond ETF,PROVIDER_QUERY_RETURNED_OPTION_ROOTS,BWX,168,2026-10-01T18:31:57.688Z,8ca2ba8fc8c303ee1b938e1c19c9a20f46941dc3f342bf6c90f91fe7694deb30
BZQ,CBOE_ETF,ETF,PROSHARES TR ULT MSCI BR CAPP,American,cboe_cone,false,BZQ|BZQ2,ProShares UltraShort MSCI Brazil Capped|ProShares UltraShort MSCI Brazil Capped(1:2),PROVIDER_QUERY_RETURNED_OPTION_ROOTS,BZQ|BZQ2,206,2026-10-01T18:32:06.708Z,930b0c6721c27292145c7d7fb1c5bf0bc163d487994da0cadc4084febf21079f
BZZ,CBOE_ETF,ETF,Corgi Drones & Urban Air Mobility ETF,American,cboe_cone|cboe_ctwo|cboe_exo|cboe_opt,true,BZZ,CORGI DRONES AND URBAN AIR MOBILITY ETF,PROVIDER_QUERY_RETURNED_OPTION_ROOTS,BZZ,144,2026-10-01T18:32:07.714Z,5d939c70005ca78872073db21e87eb493fd7bbba28df1fea6d019de035178e18
CABZ,CBOE_ETF,ETF,"Roundhill Robotaxi, Autonomous Vehicles & Technology ETF",American,cboe_cone|cboe_ctwo|cboe_exo|cboe_opt,true,CABZ,ROUNDHILL ROBOTAXI AUTONOMOUS VEHICLES TECH ETF,PROVIDER_QUERY_RETURNED_OPTION_ROOTS,CABZ,152,2026-10-01T18:32:10.271Z,34283ee3b61076be40ecb2561ef4689cccfa19734120c3ff9b80821e09f46b20
CAIE,CBOE_ETF,ETF,CALAMOS ETF TR AUTOC INCOM ETF,American,cboe_cone|cboe_ctwo|cboe_exo|cboe_opt,true,CAIE,CALAMOS ETF TR AUTOCALLABLE INC,PROVIDER_QUERY_RETURNED_OPTION_ROOTS,CAIE,168,2026-10-01T18:32:15.729Z,97c7d4e711bcadf0f2e0f61a82cc57d0835552368512b50c08f3fb3d45438f83
CALF,CBOE_ETF,ETF,Pacer US Small Cap Cash Cows ETF,American,cboe_cone|cboe_ctwo|cboe_exo|cboe_opt,true,CALF,Pacer US Small Cap Cash Cows ETF,PROVIDER_QUERY_RETURNED_OPTION_ROOTS,CALF,172,2026-10-01T18:32:17.615Z,cd8ac289884be0fb629749bfb82e5da70d70e8eaa20cdbfcd64ec0f986123bfd
CANE,CBOE_ETF,ETF,TEUCRIUM COMMODITY TR SUGAR FD,American,cboe_cone|cboe_ctwo|cboe_exo|cboe_opt,false,CANE,TEUCRIUM SUGAR FUND,PROVIDER_QUERY_RETURNED_OPTION_ROOTS,CANE,234,2026-10-01T18:32:20.297Z,6f23c1e5696003d30ffb3352e134ade1bfa272196dba6312cfac0081bcee1bc0
CATG,CBOE_ETF,ETF,Leverage Shares 2X Long CAT Daily ETF,American,cboe_cone|cboe_ctwo|cboe_exo|cboe_opt,true,CATG,LEVERAGE SHARES 2X LONG CAT DAILY ETF,PROVIDER_QUERY_RETURNED_OPTION_ROOTS,CATG,146,2026-10-01T18:32:27.268Z,5139fbf4d4273bdcf0e4fd20af6af6405a78b1f4d8779806907982154eb21311
CATH,CBOE_ETF,ETF,GLOBAL X FDS S&P 500 CATHOLIC,American,cboe_cone|cboe_ctwo|cboe_exo|cboe_opt,true,CATH,GLOBAL X S&P 500 CATHOLIC VALUES CUSTOM ETF,PROVIDER_QUERY_RETURNED_OPTION_ROOTS,CATH,158,2026-10-01T18:32:27.773Z,6226d128cb19a2b10d176cb38d91905f84570685623cdc5da208f81cdc579a52
CBOT,CBOE_ETF,ETF,Corgi Robots & Humanoids ETF,American,cboe_cone|cboe_ctwo|cboe_exo|cboe_opt,true,CBOT,CORGI ROBOTS AND HUMANOIDS ETF,PROVIDER_QUERY_RETURNED_OPTION_ROOTS,CBOT,144,2026-10-01T18:32:34.780Z,07da945b89a081b5c91af7cbf8ceddce0e4c988174625dde98efb8a727112d33
CBRG,CBOE_ETF,ETF,Leverage Shares 2X Long CBRS Daily ETF,American,cboe_cone|cboe_ctwo|cboe_exo|cboe_opt,true,CBRG,LEVERAGE SHARES 2X LONG CBRS DAILY ETF,PROVIDER_QUERY_RETURNED_OPTION_ROOTS,CBRG,136,2026-10-01T18:32:35.856Z,84bde2568fbe5be1550687fcee7f56f5d7402c57fa56d98e2ad8277f312cffe2
CBRX,CBOE_ETF,ETF,Tradr 2X Long CBRS Daily ETF,American,cboe_cone|cboe_ctwo|cboe_exo|cboe_opt,true,CBRX,TRADR 2X LONG CBRS DAILY ETF,PROVIDER_QUERY_RETURNED_OPTION_ROOTS,CBRX,170,2026-10-01T18:32:37.343Z,16aa34c6f8114db17fb5f3ec3d5e4d44f103866a68f8bf5520e5aa834b3153e2
CBRZ,CBOE_ETF,ETF,Tradr 2X Short CBRS Daily ETF,American,cboe_cone|cboe_ctwo|cboe_exo|cboe_opt,true,CBRZ,TRADR 2X SHORT CBRS DAILY ETF,PROVIDER_QUERY_RETURNED_OPTION_ROOTS,CBRZ,204,2026-10-01T18:32:37.872Z,b9b5baeeec2566bdaf07fac69b899712c736b60bd204ca954baf2233baa5178f
CCUP,CBOE_ETF,ETF,T-REX 2X Long CRCL Daily Target ETF,American,cboe_cone|cboe_ctwo|cboe_exo|cboe_opt,true,CCUP|CCUP1,T-REX 2X LONG CRCL DAILY TARGET ETF|T-REX 2X LONG CRCL DAILY TARGET ETF(1:10),PROVIDER_QUERY_RETURNED_OPTION_ROOTS,CCUP|CCUP1,218,2026-10-01T18:32:52.612Z,30d2c97259990b1f91b640d50089fa2c4aeb3ded1876ec1838f84ff27a63f5d8
CDC,CBOE_ETF,ETF,VICTORY PORTFOLIOS II VCSHS US EQ INCM,American,cboe_cone|cboe_ctwo|cboe_exo|cboe_opt,false,CDC,VICTORYSHARES US EQ INCOME ENHANCED VOLATILITY WTD,PROVIDER_QUERY_RETURNED_OPTION_ROOTS,CDC,174,2026-10-01T18:32:54.124Z,1019c174fd19f2e47fb65c1888160c6a60d378fa55c16249db97d608ce818f66
CEGX,CBOE_ETF,ETF,Tradr 2X Long CEG Daily ETF,American,cboe_cone|cboe_ctwo|cboe_exo|cboe_opt,true,CEGX,TRADR 2X LONG CEG DAILY ETF,PROVIDER_QUERY_RETURNED_OPTION_ROOTS,CEGX,154,2026-10-01T18:33:02.062Z,1c00a7bcd19dda284e5781b73424d60b1777dce24189283ed3be7c1997b35324
CEMB,CBOE_ETF,ETF,iShares J.P. Morgan EM Corporate Bond ETF,American,cboe_cone|cboe_ctwo|cboe_exo|cboe_opt,true,CEMB,ISHARES JP MORGAN EM CORPORATE BOND ETF,PROVIDER_QUERY_RETURNED_OPTION_ROOTS,CEMB,152,2026-10-01T18:33:04.159Z,dceee4acf63de14bb67eb3494c37e091fea1e2155ff787896daddeedfe1602b5
CEPI,CBOE_ETF,ETF,ETF OPPORTUNITIES TRUST REX CRYP EQU ETF,American,cboe_cone|cboe_ctwo|cboe_exo|cboe_opt,true,CEPI,REX CRYPTO EQUITY PREMIUM INCOME ETF,PROVIDER_QUERY_RETURNED_OPTION_ROOTS,CEPI,180,2026-10-01T18:33:06.713Z,a90c54ce6e63766efced488cd5699de78ae2daf3cf34c6cc5e1b8b7aa4bd5877
CERY,CBOE_ETF,ETF,SPDR SERIES TRUST STATE STRET SPDR,American,cboe_cone|cboe_ctwo|cboe_exo|cboe_opt,true,CERY,St St SPDR Blmbrg Enhcd Rl Yld Cmmdty Str N K1 ETF,PROVIDER_QUERY_RETURNED_OPTION_ROOTS,CERY,182,2026-10-01T18:33:09.087Z,b91563c2155600761e367955245436ec614220f522394032206ef61e74466b4f
CEW,CBOE_ETF,ETF,WISDOMTREE TR EMERG CUR STR FD,American,cboe_cone,false,CEW,WisdomTree Emerging Currency Fund,PROVIDER_QUERY_RETURNED_OPTION_ROOTS,CEW,152,2026-10-01T18:33:10.101Z,ca9d68ad180eacd3338d07888e5a5376f71d200841f4f15f6fdff4ee01a71aaf
CFA,CBOE_ETF,ETF,VICTORY PORTFOLIOS II VCSHS US 500 VOL,American,cboe_cone|cboe_ctwo|cboe_exo|cboe_opt,true,CFA,VICTORYSHARES US 500 VOLATILITY WTD ETF,PROVIDER_QUERY_RETURNED_OPTION_ROOTS,CFA,156,2026-10-01T18:33:11.161Z,cf61b28a56f9aacb69a271a779fdb9d84f7071d285b8457475905549ddec807a
CGDV,CBOE_ETF,ETF,CAPITAL GROUP DIVIDEND VALUE E SHS CREAT UNIT,American,cboe_cone|cboe_ctwo|cboe_exo|cboe_opt,true,CGDV,CAPITAL GROUP DIVIDEND VALUE ETF,PROVIDER_QUERY_RETURNED_OPTION_ROOTS,CGDV,152,2026-10-01T18:33:15.199Z,2f87e0289d86141537e693263b1e474b035c9ff81eacb176ceb6b159000d6006
CGGR,CBOE_ETF,ETF,CAPITAL GROUP GROWTH ETF SHS CREAT UNIT,American,cboe_cone|cboe_ctwo|cboe_exo|cboe_opt,true,CGGR,CAPITAL GROUP GROWTH ETF,PROVIDER_QUERY_RETURNED_OPTION_ROOTS,CGGR,218,2026-10-01T18:33:16.677Z,0c9e2d0000f628d5348a1414c6ac6d6ae82a27c8d5166e736a3a3ec48bee1076
CGUS,CBOE_ETF,ETF,CAPITAL GROUP CORE EQUITY ETF SHS CREAT UNIT,American,cboe_cone|cboe_ctwo|cboe_exo|cboe_opt,true,CGUS,CAPITAL GROUP CORE EQUITY ETF,PROVIDER_QUERY_RETURNED_OPTION_ROOTS,CGUS,152,2026-10-01T18:33:18.635Z,cbaf120e56b033be2f7fe9dac52d35725ca20857229ac2b58120c6b0d4e3965d
CGW,CBOE_ETF,ETF,INVESCO EXCHANGE-TRADED FD TR S&P GBL WATER,American,cboe_cone|cboe_ctwo|cboe_exo|cboe_opt,true,CGW,INVESCO S&P GLOBAL WATER INDEX ETF,PROVIDER_QUERY_RETURNED_OPTION_ROOTS,CGW,152,2026-10-01T18:33:19.130Z,01abc442492fc2685fa53caba5ee3de4de5648a2e8b09434eeb0094b852f26f9
CHAT,CBOE_ETF,ETF,TIDAL TRUST II ROUNDHILL GENER,American,cboe_cone|cboe_ctwo|cboe_exo|cboe_opt,true,CHAT,TIDAL TRUST II ROUNDHILL GENERATIVE AI & TECH ETF,PROVIDER_QUERY_RETURNED_OPTION_ROOTS,CHAT,262,2026-10-01T18:33:19.636Z,454ae9c18ca51e749f2e06800afe52a662ac2cda29f701f55ac556e1af1f0d49
CHAU,CBOE_ETF,ETF,DIREXION SHARES ETF TRUST DAIL CSI 300 ETF,American,cboe_cone|cboe_ctwo|cboe_exo|cboe_opt,false,CHAU,Direxion Daily CSI 300 China A Share Bull 2X Share,PROVIDER_QUERY_RETURNED_OPTION_ROOTS,CHAU,260,2026-10-01T18:33:20.181Z,a11e913d8aa94674f7668f91d4d230f8cdde12cb355ac85bf25f033a8010577b
CHIQ,CBOE_ETF,ETF,GLOBAL X FDS MSCI CHINA CNSMR,American,cboe_cone|cboe_ctwo|cboe_exo|cboe_opt,true,CHIQ,Global X MSCI China Consumer Discretionary ETF,PROVIDER_QUERY_RETURNED_OPTION_ROOTS,CHIQ,166,2026-10-01T18:33:24.743Z,1c3dc36be0cc37917a1f713ca8d98ef63a6c493e57f03696d3cd66ffc133dd11
CHPY,CBOE_ETF,ETF,TIDAL TRUST II YIEL SE PORT ETF,American,cboe_cone|cboe_ctwo|cboe_exo|cboe_opt,true,CHPY,YIELDMAX SEMICONDUCTOR PORTFOLIO OPTION INCOME ETF,PROVIDER_QUERY_RETURNED_OPTION_ROOTS,CHPY,220,2026-10-01T18:33:27.870Z,4d6bd47734983e8523a792f614b73a6f5432074c157383b99c9bb03661a1e7f1
CIBR,CBOE_ETF,ETF,FIRST TR EXCHANGE-TRADED FD II NASDAQ CYB ETF,American,cboe_cone|cboe_ctwo|cboe_exo|cboe_opt,true,CIBR,First Trust Exchange-NASDAQ Cybersecurity ETF,PROVIDER_QUERY_RETURNED_OPTION_ROOTS,CIBR,398,2026-10-01T18:33:33.340Z,e1ed499808bb65431fffa21d9e0ea693d5a7e807d30b515ce715c5b6a4a94d84
CIEG,CBOE_ETF,ETF,Leverage Shares 2X Long CIEN Daily ETF,American,cboe_cone|cboe_ctwo|cboe_exo|cboe_opt,true,CIEG,LEVERAGE SHARES 2X LONG CIEN DAILY ETF,PROVIDER_QUERY_RETURNED_OPTION_ROOTS,CIEG,112,2026-10-01T18:33:33.976Z,fc70681b6ad67e7edc2f3dd23d77c0875446cf45e22995650d29c73d73a12a19
CIFU,CBOE_ETF,ETF,T-REX 2X Long CIFR Daily Target ETF,American,cboe_cone|cboe_ctwo|cboe_exo|cboe_opt,true,CIFU,T-REX 2X LONG CIFR DAILY TARGET ETF,PROVIDER_QUERY_RETURNED_OPTION_ROOTS,CIFU,254,2026-10-01T18:33:35.843Z,9e77f2e710758f8243e5322535262c9085ca2a4c1023dfa7d184684fc1963ce9
CLOU,CBOE_ETF,ETF,GLOBAL X FDS CLOUD COMPUTNG,American,cboe_cone|cboe_ctwo|cboe_exo|cboe_opt,false,CLOU,GLOBAL X CLOUD COMPUTING,PROVIDER_QUERY_RETURNED_OPTION_ROOTS,CLOU,174,2026-10-01T18:33:48.935Z,4c3370cf2b9c3dda98c0828d35e303454fa2e0c8a6fb0bf32463280b32a63dd7
CLSX,CBOE_ETF,ETF,Tradr 2X Long CLSK Daily ETF,American,cboe_cone|cboe_ctwo|cboe_exo|cboe_opt,true,CLSX,TRADR 2X LONG CLSK DAILY ETF,PROVIDER_QUERY_RETURNED_OPTION_ROOTS,CLSX,204,2026-10-01T18:33:52.386Z,114eb7641788d1713864ce8f1b5da06f3751da60f9d0306c5fb66c1710de2d95
CMAG,CBOE_ETF,ETF,Corgi Mag 7 ETF,American,cboe_cone|cboe_ctwo|cboe_exo|cboe_opt,true,CMAG,CORGI MAG 7 ETF,PROVIDER_QUERY_RETURNED_OPTION_ROOTS,CMAG,144,2026-10-01T18:33:55.479Z,4c22c4e7dd1856c8d369d51632b750e93a02ccd4539aa0f8254b6d5734ece8b0
CMDY,CBOE_ETF,ETF,ISHARES U S ETF TR BLOOMBERG ROLL,American,cboe_cone|cboe_ctwo|cboe_exo|cboe_opt,false,CMDY,ISHARES BLOOMBERG ROLL SELECT COMMODITY STRATEGY,PROVIDER_QUERY_RETURNED_OPTION_ROOTS,CMDY,222,2026-10-01T18:34:01.518Z,1677130370d969f2d3e77a0a8bd530399e6553f9619e3459ca6e2d423babe68b
CNBS,CBOE_ETF,ETF,AMPLIFY ETF TR SEYMOUR CANB ETF,American,cboe_cone|cboe_ctwo|cboe_exo|cboe_opt,true,CNBS,AMPLIFY SEYMOUR CANNABIS ETF,PROVIDER_QUERY_RETURNED_OPTION_ROOTS,CNBS,172,2026-10-01T18:34:08.974Z,7271022bf0b8decdc36ae774dc5dccb608d17a23f025480b89ed0dc3d9dfe204
CNXT,CBOE_ETF,ETF,VANECK ETF TRUST CHINE INNOV ETF,American,cboe_cone|cboe_ctwo|cboe_exo|cboe_opt,true,CNXT,VanEck ChiNext Innovators ETF,PROVIDER_QUERY_RETURNED_OPTION_ROOTS,CNXT,228,2026-10-01T18:34:20.408Z,3aa13dbce447809efcd94815a776d444ef3a61f6ce0777c8235907da15079089
CNYA,CBOE_ETF,ETF,iShares MSCI China A ETF,American,cboe_cone|cboe_ctwo|cboe_exo|cboe_opt,true,CNYA,iShare MSCI China A ETF,PROVIDER_QUERY_RETURNED_OPTION_ROOTS,CNYA,156,2026-10-01T18:34:21.207Z,21e54c3e41bd9b17beea26b6db1c49be32fc0e224a32160abb512bf8fb032e51
COAL,CBOE_ETF,ETF,EXCHANGE TRADED CONCEPTS TRUST RANG GL COAL ETF,American,cboe_cone|cboe_ctwo|cboe_exo|cboe_opt,true,COAL,RANGE GLOBAL COAL INDEX ETF,PROVIDER_QUERY_RETURNED_OPTION_ROOTS,COAL,172,2026-10-01T18:34:21.411Z,168529ead2d180c6e0c959cc5b92adf9f8202d08441214605534ec6e68d5a11e
COHH,CBOE_ETF,ETF,Leverage Shares 2X Long COHR Daily ETF,American,cboe_cone|cboe_ctwo|cboe_exo|cboe_opt,true,COHH,LEVERAGE SHARES 2X LONG COHR DAILY ETF,PROVIDER_QUERY_RETURNED_OPTION_ROOTS,COHH,124,2026-10-01T18:34:24.078Z,3f71448be235594cfd5f6f2214d9cba70cd3db8dbe917bfba5441b90841b9485
COHQ,CBOE_ETF,ETF,Tradr 2X Short COHR Daily ETF,American,cboe_cone|cboe_ctwo|cboe_exo|cboe_opt,true,COHQ,TRADR 2X SHORT COHR DAILY ETF,PROVIDER_QUERY_RETURNED_OPTION_ROOTS,COHQ,174,2026-10-01T18:34:24.504Z,74c6591ce3ce86f9b05735602ab666e59a4b155ed680915a8b22dbd9ceae0916
COHX,CBOE_ETF,ETF,Tradr 2X Long COHR Daily ETF,American,cboe_cone|cboe_ctwo|cboe_exo|cboe_opt,true,COHX,TRADR 2X LONG COHR DAILY ETF,PROVIDER_QUERY_RETURNED_OPTION_ROOTS,COHX,402,2026-10-01T18:34:26.710Z,2dcd8a906a9ec118cf6d2a58517fa02a14ec8961cf634ddeab88a09dfcef68c1
COIG,CBOE_ETF,ETF,THEMES ETF TR LEVERAGE SHARES,American,cboe_cone|cboe_ctwo|cboe_exo|cboe_opt,true,COIG,THEMES ETF TRUST LEVERAGE SHARES 2X LONG COIN DAIL,PROVIDER_QUERY_RETURNED_OPTION_ROOTS,COIG,110,2026-10-01T18:34:27.212Z,37c7a8a7f76eb32165d8b76ef62bdb9554a40ddb5561c17298395bb5b44f1fa8
COIW,CBOE_ETF,ETF,Roundhill COIN WeeklyPay ETF,American,cboe_cone|cboe_ctwo|cboe_exo|cboe_opt,true,COIW,ROUNDHILL COIN WEEKLYPAY ETF,PROVIDER_QUERY_RETURNED_OPTION_ROOTS,COIW,138,2026-10-01T18:34:28.242Z,96b1a2cb456a672aeff2355382fc62c857cfce18a22c0e9928ffb8910c5a6279
COLO,CBOE_ETF,ETF,GLOBAL X FDS GLBX MSCI COLUM,American,cboe_cone|cboe_ctwo|cboe_exo|cboe_opt,true,COLO,Global X MSCI Colombia ETF,PROVIDER_QUERY_RETURNED_OPTION_ROOTS,COLO,216,2026-10-01T18:34:31.344Z,bdf03436aa7d8b289b976808af14b83b0cd490b90369347590121b0265927da9
COM,CBOE_ETF,ETF,DIREXION SHARES ETF TRUST AUSPCE CMD STG,American,cboe_cone|cboe_ctwo|cboe_exo|cboe_opt,true,COM,DIREXION AUSPICE BROAD COMMODITY STRATEGY ETF,PROVIDER_QUERY_RETURNED_OPTION_ROOTS,COM,168,2026-10-01T18:34:31.848Z,a50b7f5fb5f3b1b44d7e9a84db36b31a4ec2dc68b18fb2aac0d6b775ba581ce3
COMB,CBOE_ETF,ETF,GRANITESHARES ETF TR BBG COMMD K 1,American,cboe_cone|cboe_ctwo|cboe_exo|cboe_opt,false,COMB,GRANITESHARES BLOOMBERG COMMODITY BROAD STRATEGY,PROVIDER_QUERY_RETURNED_OPTION_ROOTS,COMB,170,2026-10-01T18:34:32.387Z,f229d25877bd71f74d1e6d713074d0ea8542dd1f0bc7bd1a65ce128a4aa6c661
COMT,CBOE_ETF,ETF,ISHARES U S ETF TR GSCI CMDTY STGY,American,cboe_cone|cboe_ctwo|cboe_exo|cboe_opt,true,COMT,ISHARES U.S. ETF TRUST GSCI COMMODITY DYNAMIC ETF,PROVIDER_QUERY_RETURNED_OPTION_ROOTS,COMT,152,2026-10-01T18:34:33.465Z,e8a9b9116fe91986f499ed7e200d9921139c8f3948a08ae8280f9485eb0c0d02
CONI,CBOE_ETF,ETF,GRANITESHARES ETF TR 2X SHORT COIN,American,cboe_cone|cboe_ctwo|cboe_exo|cboe_opt,true,CONI,GraniteShares 2x Short COIN Daily ETF,PROVIDER_QUERY_RETURNED_OPTION_ROOTS,CONI,328,2026-10-01T18:34:34.340Z,3cc658114ee99c9f4839867a0a5e4912d89c83aa2ddb4259f60c252b5d15876e
CONL,CBOE_ETF,ETF,GRANITESHARES ETF TR 2X LONG COIN ETF,American,cboe_cone|cboe_ctwo|cboe_exo|cboe_opt,true,CONL,GraniteShares ETF Trust GraniteShares 2x Long COIN,PROVIDER_QUERY_RETURNED_OPTION_ROOTS,CONL,650,2026-10-01T18:34:34.857Z,c720842891fd9be463cfc5ce6c0f9efb01a3a0357aa7aac46a91171667459a06
CONY,CBOE_ETF,ETF,TIDAL TRUST II YIELD COIN ETF,American,cboe_cone|cboe_ctwo|cboe_exo|cboe_opt,true,CONY|CONY1,YIELDMAX COIN OPTION INCOME STRATEGY ETF|YIELDMAX COIN OPTION INCOME STRATEGY ETF(1:10),PROVIDER_QUERY_RETURNED_OPTION_ROOTS,CONY|CONY1,410,2026-10-01T18:34:35.330Z,c6a5cef0f0fbca65ca7d90a74c4dff73ccd8b6642b4f17b59faacb35796d60c3
COPJ,CBOE_ETF,ETF,SPROTT FDS TR JR COPPER MINERS,American,cboe_cone|cboe_ctwo|cboe_exo|cboe_opt,true,COPJ,SPROTT JUNIOR COPPER MINERS ETF,PROVIDER_QUERY_RETURNED_OPTION_ROOTS,COPJ,196,2026-10-01T18:34:37.294Z,679be7a1ab22e8f5d23e71512aada22a6be652b6d2eba90a5eb3d4ac232a242f
COPP,CBOE_ETF,ETF,SPROTT FDS TR COPPER MINER ETF,American,cboe_cone|cboe_ctwo|cboe_exo|cboe_opt,true,COPP,SPROTT FUNDS TRUST SPROTT COPPER MINERS ETF,PROVIDER_QUERY_RETURNED_OPTION_ROOTS,COPP,192,2026-10-01T18:34:37.830Z,bd6a9ac1644ef40ff6cc6cc522c35e58e032a3ed73af09e42d485be8278a3aa3
COPX,CBOE_ETF,ETF,GLOBAL X FDS GLOBAL X COPPER,American,cboe_cone|cboe_ctwo|cboe_exo|cboe_opt,true,COPX,GLOBAL X COPPER MINERS ETF,PROVIDER_QUERY_RETURNED_OPTION_ROOTS,COPX,1454,2026-10-01T18:34:38.372Z,6f7bc7d6a72f5aeac870cd7a3eda0df144d2fa0998bce0ae90870cd2645b6c28
CORD,CBOE_ETF,ETF,T-REX 2X Inverse CRWV Daily Target ETF,American,cboe_cone|cboe_ctwo|cboe_exo|cboe_opt,false,CORD,T-REX 2X INVERSE CRWV DAILY TARGET,PROVIDER_QUERY_RETURNED_OPTION_ROOTS,CORD,228,2026-10-01T18:34:40.904Z,a213ae4c97820620076dbc908978a8b01db1d2b387daa5d5b0271184d02691ca
CORN,CBOE_ETF,ETF,TEUCRIUM COMMODITY TR CORN FD SHS,American,cboe_cone|cboe_ctwo|cboe_exo|cboe_opt,true,CORN,Teucrium Commodity Trust Corn Fund Shares ETF,PROVIDER_QUERY_RETURNED_OPTION_ROOTS,CORN,322,2026-10-01T18:34:41.916Z,57e08d02b10fad058477e6bc6c119fc7c088c6779517b3e7ca6aef36bd4a7f66
CORO,CBOE_ETF,ETF,BLACKROCK ETF TRUST ISHA IN CTRY ETF,American,cboe_cone|cboe_ctwo|cboe_exo|cboe_opt,true,CORO,ISHARES INTERNATIONAL COUNTRY ROTATION ACTIVE ETF,PROVIDER_QUERY_RETURNED_OPTION_ROOTS,CORO,152,2026-10-01T18:34:42.555Z,cc60eb16ae9e2b8aa5453366a48fce37f2a21992f69694aedd2cc04aeee0b0df
COSW,CBOE_ETF,ETF,Roundhill COST WeeklyPay ETF,American,cboe_cone|cboe_ctwo|cboe_exo|cboe_opt,false,COSW,ROUNDHILL COST WEEKLYPAY,PROVIDER_QUERY_RETURNED_OPTION_ROOTS,COSW,158,2026-10-01T18:34:45.392Z,32bcc3a4648447433994260bd5583a2e39ce84ae766eec4498f94afff2e923a8
COWG,CBOE_ETF,ETF,PACER FDS TR US LRG CP CASH,American,cboe_cone|cboe_ctwo|cboe_exo|cboe_opt,true,COWG,PACER US LARGE CAP CASH COWS GROWTH LEADERS ETF,PROVIDER_QUERY_RETURNED_OPTION_ROOTS,COWG,152,2026-10-01T18:34:46.984Z,c0e2ac15667a2e3bb6949a3fa7e5c34d5001cdbb6f968f22ba2aaba2ea38fd32
COWS,CBOE_ETF,ETF,AMPLIFY ETF TR CASH FLOW DIVID,American,cboe_cone|cboe_ctwo|cboe_exo|cboe_opt,true,COWS,AMPLIFY CASH FLOW DIVIDEND LEADERS ETF,PROVIDER_QUERY_RETURNED_OPTION_ROOTS,COWS,172,2026-10-01T18:34:47.467Z,a30ae92fb7e8dbeb88b65eac67d156c851adefcff268ad572ffd767fbb53f4a6
COWZ,CBOE_ETF,ETF,Pacer US Cash Cows 100 ETF,American,cboe_cone|cboe_ctwo|cboe_exo|cboe_opt,true,COWZ,PACER US CASH COWS 100 ETF,PROVIDER_QUERY_RETURNED_OPTION_ROOTS,COWZ,164,2026-10-01T18:34:48.009Z,49745213d2d2bbc802e2cb0f4ae072dbe4ccdd2968ca02b0dfeb07c4a142cb09
COYY,CBOE_ETF,ETF,GRANITESHARES ETF TR YIELDBOOST COIN,American,cboe_cone|cboe_ctwo|cboe_exo|cboe_opt,true,COYY|COYY1,GRANITESHARES YIELDBOOST COIN ETF|GRANITESHARES YIELDBOOST COIN ETF(1:6),PROVIDER_QUERY_RETURNED_OPTION_ROOTS,COYY|COYY1,176,2026-10-01T18:34:49.039Z,ce255b709e0397ae8c1f04ee7f3525781cdac720bab4ff99bb0d4811e8ccc27d
COZX,CBOE_ETF,ETF,Tradr 2X Long CORZ Daily ETF,American,cboe_cone|cboe_ctwo|cboe_exo|cboe_opt,true,COZX,TRADR 2X LONG CORZ DAILY ETF,PROVIDER_QUERY_RETURNED_OPTION_ROOTS,COZX,190,2026-10-01T18:34:49.672Z,02aba5dadbf9f5208a4cc5509706c70a9c3ed399101935e5ded082f75dcd17bd
CPER,CBOE_ETF,ETF,UNITED STS COMMODITY INDEX FD CM REP COPP FD,American,cboe_cone|cboe_ctwo|cboe_exo|cboe_opt,false,CPER,UNITED STATES COPPER INDEX FUND,PROVIDER_QUERY_RETURNED_OPTION_ROOTS,CPER,550,2026-10-01T18:34:52.113Z,b1a0270e92b1e0022556ba552f0bc0e21a21eec65b41c8f7c9d4639457868d0b
CPII,CBOE_ETF,ETF,AMERICAN BEACON SELECT FUNDS IONIC INFLATION,American,cboe_cone|cboe_ctwo|cboe_exo|cboe_opt,true,CPII,American Beacon Ionic Inflation Protection ETF,PROVIDER_QUERY_RETURNED_OPTION_ROOTS,CPII,152,2026-10-01T18:34:53.021Z,bbf95b7e9b791e3a77738ba20b40fe6edb0c40534efee2cd4afcd7caeebcd702
CPNX,CBOE_ETF,ETF,Tradr 2X Long CPNG Daily ETF,American,cboe_cone|cboe_ctwo|cboe_exo|cboe_opt,true,CPNX,TRADR 2X SHORT CPNG DAILY ETF,PROVIDER_QUERY_RETURNED_OPTION_ROOTS,CPNX,186,2026-10-01T18:34:55.037Z,51118a849c22f85ac008c26aa4176abf47eeea86b4f7fe056b490f1a45362c29
CPTL,CBOE_ETF,ETF,GLOBAL X FDS MORNINGSTAR CAP,American,cboe_cone|cboe_ctwo|cboe_exo|cboe_opt,false,CPTL,Global X Morningstar Capital Allocation LeadersETF,PROVIDER_QUERY_RETURNED_OPTION_ROOTS,CPTL,156,2026-10-01T18:34:58.650Z,debc5f9963cc493931b0431d3dabf4fb219114e93f2218f8997305b2a2678050
CPXR,CBOE_ETF,ETF,TIDAL TRUST III USCF DLY TRGT 2X,American,cboe_cone|cboe_ctwo|cboe_exo|cboe_opt,true,CPXR,USCF DAILY TARGET 2X COPPER INDEX ETF,PROVIDER_QUERY_RETURNED_OPTION_ROOTS,CPXR,158,2026-10-01T18:34:59.202Z,0669973568bc5f396f2acccc8c42c01c28338ab7bc4143ff02854e1185101404
CQTM,CBOE_ETF,ETF,Corgi Quantum Computing ETF,American,cboe_cone|cboe_ctwo|cboe_exo|cboe_opt,true,CQTM,CORGI QUANTUM COMPUTING ETF,PROVIDER_QUERY_RETURNED_OPTION_ROOTS,CQTM,44,2026-10-01T18:35:01.261Z,6ceca523d80b0aa92d657e8ca4ed0cee69a493e4388b90b6e6ff3e4d70b58a66
CRAK,CBOE_ETF,ETF,VANECK ETF TRUST OIL REFINERS ETF,American,cboe_cone|cboe_ctwo|cboe_exo|cboe_opt,true,CRAK,VanEck Oil Refiners ETF,PROVIDER_QUERY_RETURNED_OPTION_ROOTS,CRAK,294,2026-10-01T18:35:02.138Z,7e38d646b1bb406cbd159e55d967dd539a8ca793c0bb13f14e4f7aad072d333d
CRCA,CBOE_ETF,ETF,PROSHARES TR ULTRA CRCL NEW,American,cboe_cone|cboe_ctwo|cboe_exo|cboe_opt,false,CRCA|CRCA1,PROSHARES ULTRA CRCL|PROSHARES ULTRA CRCL (1:10 Reverse Split),PROVIDER_QUERY_RETURNED_OPTION_ROOTS,CRCA,264,2026-10-01T18:35:05.131Z,7df62840e35ca53f7c5984f7f8f84146398f92df9a8e603bc23d6154338bb407
CRCD,CBOE_ETF,ETF,T-REX 2X Inverse CRCL Daily Target ETF,American,cboe_cone|cboe_ctwo|cboe_exo|cboe_opt,false,CRCD,T-REX 2X INVERSE CRCL DAILY TARGET,PROVIDER_QUERY_RETURNED_OPTION_ROOTS,CRCD,168,2026-10-01T18:35:05.606Z,1078d628b82d5556084cea8ec6b778ed3919144f5507b3498992719451de4d42
CRCG,CBOE_ETF,ETF,THEMES ETF TR LEVERAGE SHS 2X,American,cboe_cone|cboe_ctwo|cboe_exo|cboe_opt,true,CRCG|CRCG1,THEMES ETF TRUST LEVERAGE SHARES 2X LONG CRCL DAIL|THEMES ETF TRST LEVERAGE SHRS 2X LONG CRCL (1:10),PROVIDER_QUERY_RETURNED_OPTION_ROOTS,CRCG|CRCG1,390,2026-10-01T18:35:06.087Z,b0e46b3b9d02be92d76ee74762e25c21755abf6e2a865279c0e008d3162fe194
CRDU,CBOE_ETF,ETF,Tradr 2X Long CRDO Daily ETF,American,cboe_cone|cboe_ctwo|cboe_exo|cboe_opt,true,CRDU|CRDU1,TRADR 2X LONG CRDO DAILY ETF|TRADR 2X LONG CRDO DAILY ETF (1:3),PROVIDER_QUERY_RETURNED_OPTION_ROOTS,CRDU,352,2026-10-01T18:35:09.657Z,69707e2293af806cc4516f0d0ad2dfed6e4b5a431f6506e27d7288d8153e8874
CRMG,CBOE_ETF,ETF,THEMES ETF TR LEVERAGE SHS 2X,American,cboe_cone|cboe_ctwo|cboe_exo|cboe_opt,true,CRMG,LEVERAGE SHARES 2X LONG CRM DAILY ETF,PROVIDER_QUERY_RETURNED_OPTION_ROOTS,CRMG,154,2026-10-01T18:35:14.202Z,1e015a9a31556bbcfb6d43408229efff454b871f18b59ab406b5160380fa37f4
CRMX,CBOE_ETF,ETF,Tradr 2X Long CRML Daily ETF,American,cboe_cone|cboe_ctwo|cboe_exo|cboe_opt,true,CRMX|CRMX1|CRMX2,TRDR 2X LONG CRML DAILY ETF|TRDR 2X LONG CRML DAILY ETF (1:3)|TRDR 2X LONG CRML DAILY ETF(1:4),PROVIDER_QUERY_RETURNED_OPTION_ROOTS,CRMX|CRMX2,326,2026-10-01T18:35:15.170Z,78e6f878590ee24458bb77bf5d715c3613f5150c7d1e599095bc3d2971b39dce
CRPT,CBOE_ETF,ETF,FIRST TR EXCHNG TRADED FD VIII SKYB CRY IND ETF,American,cboe_cone|cboe_ctwo|cboe_exo|cboe_opt,false,CRPT,FIRST TRUST SKYBRIDGE CRYPTO INDUSTRY AND DIGITAL,PROVIDER_QUERY_RETURNED_OPTION_ROOTS,CRPT,184,2026-10-01T18:35:18.121Z,164a039a579d7589f43d908bfa349a020d9994c06dfa0ed2a3582f2b4a3c1d24
CRWG,CBOE_ETF,ETF,THEMES ETF TR LEVERAGE SHS 2X,American,cboe_cone|cboe_ctwo|cboe_exo|cboe_opt,true,CRWG|CRWG1,THEMES ETF TRUST LEVERAGE SHARES 2X LONG CRWV DAI|THEMES ETF TRST LEVERAGE SHRS 2X LONG CRWV (1:10),PROVIDER_QUERY_RETURNED_OPTION_ROOTS,CRWG|CRWG1,358,2026-10-01T18:35:23.648Z,9ac322900d0d47850a5375a67d9cf7ce1b7dcb4590c6e3b9e1c3103bfc428cda
CRWL,CBOE_ETF,ETF,GRANITESHARES ETF TR 2X LONG CRWD ETF,American,cboe_cone|cboe_ctwo|cboe_exo|cboe_opt,true,CRWL,GRANITESHARES 2X LONG CRWD DAILY ETF,PROVIDER_QUERY_RETURNED_OPTION_ROOTS,CRWL,356,2026-10-01T18:35:24.354Z,9caeb8cbd3a430e5dd628e0ee085309ece09689932985a7b8bbcc38b9db47fe1
CRWU,CBOE_ETF,ETF,T-REX 2X Long CRWV Daily Target ETF,American,cboe_cone|cboe_ctwo|cboe_exo|cboe_opt,true,CRWU|CRWU1,T-REX 2X LONG CRWV DAILY TARGET ETF|T-REX 2X LONG CRWV DAILY TARGET ETF(1:10),PROVIDER_QUERY_RETURNED_OPTION_ROOTS,CRWU|CRWU1,302,2026-10-01T18:35:25.195Z,fae16d794cdf33f2ecd0dd55843fb9e84817300bf737cac73f03d8acf0b7aea2
CSB,CBOE_ETF,ETF,VICTORY PORTFOLIOS II VCSHS US SMCP HG,American,cboe_cone|cboe_ctwo|cboe_exo|cboe_opt,false,CSB,VICTORYSHARES US SMALL CAP HIGH DIVIDEND VOL,PROVIDER_QUERY_RETURNED_OPTION_ROOTS,CSB,154,2026-10-01T18:35:26.237Z,bc0d7a7abefc4f49810b6badbef06264e1ccbbc9330209c3a2160babeac82f9b
CSD,CBOE_ETF,ETF,INVESCO EXCHANGE TRADED FD TR S&P SPIN OFF,American,cboe_cone,true,CSD,Invesco S&P Spin-Off ETF,PROVIDER_QUERY_RETURNED_OPTION_ROOTS,CSD,476,2026-10-01T18:35:27.765Z,c441dbbb91b15acdcd3580c9205b767edd9fe4538a9b4af54bfa2e80e58ba43b
CSEX,CBOE_ETF,ETF,Tradr 2X Long CLS Daily ETF,American,cboe_cone|cboe_ctwo|cboe_exo|cboe_opt,false,CSEX,TRADR 2X LONG CLS DAILY WISDOMTREE BITCOIN FUND,PROVIDER_QUERY_RETURNED_OPTION_ROOTS,CSEX,182,2026-10-01T18:35:28.158Z,493212987ab20260432d63d3708e68f082f9b45294a2bcb84b0f2152d986873f
CTA,CBOE_ETF,ETF,SIMPLIFY EXCHANGE TRADED FUNDS MANAGED FUTURES,American,cboe_cone|cboe_ctwo|cboe_exo|cboe_opt,true,CTA,SIMPLIFY EXCHANGE TRADED FUNDS MANAGED FUTURES,PROVIDER_QUERY_RETURNED_OPTION_ROOTS,CTA,176,2026-10-01T18:35:35.678Z,e9df3decc83ab879f525a2287d7d441d1a0a9cf116b7b105b9cc2495cff91f80
CTEC,CBOE_ETF,ETF,GLOBAL X FDS CLIMATETECH ETF,American,cboe_cone|cboe_ctwo|cboe_exo|cboe_opt,true,CTEC,Global X Funds Global X ClimateTech ETF,PROVIDER_QUERY_RETURNED_OPTION_ROOTS,CTEC,188,2026-10-01T18:35:37.250Z,d5ad1e6572474c02c5f445597377b332df47b1ecbbf8d1bf0c099247d25466e5
CURE,CBOE_ETF,ETF,DIREXION SHARES ETF TRUST DAIL HEAL BU ETF,American,cboe_cone|cboe_exo|cboe_opt,false,CURE,Direxion Daily Healthcare Bull 3x Shares,PROVIDER_QUERY_RETURNED_OPTION_ROOTS,CURE,396,2026-10-01T18:35:48.263Z,2c23b76601b680d30226e1c44614b0f03a8c3a1b4461eb66e885f5a110cadedd
CUT,CBOE_ETF,ETF,INVESCO EXCHANGE-TRADED FD TR MSCI GBL TIMBR,American,cboe_cone|cboe_ctwo|cboe_exo|cboe_opt,true,CUT,INVESCO MSCI GLOBAL TIMBER ETF,PROVIDER_QUERY_RETURNED_OPTION_ROOTS,CUT,152,2026-10-01T18:35:49.770Z,8e7e92969bb9581ef87414594ef15f298ab13689407f605d1db49f53c3c995d3
CVIE,CBOE_ETF,ETF,MORGAN STANLEY ETF TRUST CALVE INDEX ETF,American,cboe_cone|cboe_ctwo|cboe_exo|cboe_opt,true,CVIE,CALVERT INTERNATIONAL RESPONSIBLE INDEX ETF,PROVIDER_QUERY_RETURNED_OPTION_ROOTS,CVIE,158,2026-10-01T18:35:53.732Z,a7a4e6d46f81818975daa71e49d4a6a35d65f71a870ead64d7955a74b3afa6dc
CVLC,CBOE_ETF,ETF,MORGAN STANLEY ETF TRUST CALVERT US LARCP,American,cboe_cone|cboe_ctwo|cboe_exo|cboe_opt,true,CVLC,CALVERT US LARGE-CAP CORE RESPONSIBLE INDEX ETF,PROVIDER_QUERY_RETURNED_OPTION_ROOTS,CVLC,164,2026-10-01T18:35:54.233Z,2a00fb6734c79b6efad86aacd39019298ff630982f898a86cca949ec4c4c4cc9
CVNY,CBOE_ETF,ETF,TIDAL TRUST II YIELD CVNA ETF,American,cboe_cone|cboe_ctwo|cboe_exo|cboe_opt,false,CVNY,TIDAL TRUST II YIELDMAX CVNA OP,PROVIDER_QUERY_RETURNED_OPTION_ROOTS,CVNY,212,2026-10-01T18:35:56.779Z,90d1b7d8a055e6ab3bf99b2c18ec5ffa39862b9be9d0b092a25bf5083bf716f3
CVY,CBOE_ETF,ETF,INVESCO EXCHANGE TRADED FD TR ZACKS MULT AST,American,cboe_cone,true,CVY,Invesco Zacks Multi-Asset Income ETF,PROVIDER_QUERY_RETURNED_OPTION_ROOTS,CVY,152,2026-10-01T18:35:59.797Z,bdd4f406931dfca3d03a1bda2f0cb6a978c250ea2690fcbbba9e6e5143ec8da8
CWB,CBOE_ETF,ETF,SPDR SERIES TRUST ST STR CONV ETF,American,cboe_cone|cboe_ctwo|cboe_exo|cboe_opt,true,CWB,State St SPDR Bloomberg Convertible Securities ETF,PROVIDER_QUERY_RETURNED_OPTION_ROOTS,CWB,230,2026-10-01T18:36:00.858Z,892441fb07455874e63c9cb281b131bc6b994bb76cc54d26deeaad14487eacf0
CWEB,CBOE_ETF,ETF,DIREXION SHARES ETF TRUST DAILY CSI CHINA,American,cboe_cone|cboe_ctwo|cboe_exo|cboe_opt,false,CWEB,Direxion Daily CSI China Internet Index Bull 2x Sh,PROVIDER_QUERY_RETURNED_OPTION_ROOTS,CWEB,342,2026-10-01T18:36:02.264Z,1b0347690b95315da1ab9a7fc14cdef81476151e14ef04c203ee35aa208043ef
CWI,CBOE_ETF,ETF,SPDR INDEX SHS FDS ST STR ACWI ETF,American,cboe_cone,true,CWI,State Street SPDR MSCI ACWI ex-US ETF,PROVIDER_QUERY_RETURNED_OPTION_ROOTS,CWI,152,2026-10-01T18:36:03.810Z,d35e1dc5c54edf4b1e8182a8a4aabf48084d0db93ae1df5c5d1b85fc97ca722f
CWVX,CBOE_ETF,ETF,Tradr 2X Long CRWV Daily ETF,American,cboe_cone|cboe_ctwo|cboe_exo|cboe_opt,true,CWVX,TRADR 2X LONG CRWV DAILY ETF,PROVIDER_QUERY_RETURNED_OPTION_ROOTS,CWVX,314,2026-10-01T18:36:06.283Z,3b58ac7f90ab871ba8263a400411bf880137a949a6ae54cb1567da29abe16000
DAPP,CBOE_ETF,ETF,VANECK ETF TRUST DIGI TRANSFRM,American,cboe_cone|cboe_ctwo|cboe_exo|cboe_opt,true,DAPP,VanEck Digital Transformation ETF,PROVIDER_QUERY_RETURNED_OPTION_ROOTS,DAPP,152,2026-10-01T18:36:16.850Z,d55a863455526575a11130e86cb60aa465b2fe40f76e4dda982fb5b9a313d681
DBA,CBOE_ETF,ETF,INVESCO DB MULTI-SECTOR COMMOD AGRICULTURE FD,American,cboe_cone|cboe_ctwo|cboe_exo|cboe_opt,false,DBA,Invesco DB Agriculture Fund,PROVIDER_QUERY_RETURNED_OPTION_ROOTS,DBA,260,2026-10-01T18:36:20.904Z,ff705afbb80baffe381457c798b229f624f172d9d93b8c3db1849754df2da5f3
DBB,CBOE_ETF,ETF,INVESCO DB MULTI-SECTOR COMMOD BASE METALS FD,American,cboe_cone|cboe_exo|cboe_opt,false,DBB,Invesco DB Base Metals Fund,PROVIDER_QUERY_RETURNED_OPTION_ROOTS,DBB,170,2026-10-01T18:36:21.421Z,31216bb57c8e1b405908f93e2b18aeff3581cf6d3ccb144b36c2533d65e5e788
DBC,CBOE_ETF,ETF,INVESCO DB COMMDY INDX TRCK FD UNIT,American,cboe_cone|cboe_ctwo|cboe_exo|cboe_opt,false,DBC,Invesco DB Commodity Index Tracking Fund,PROVIDER_QUERY_RETURNED_OPTION_ROOTS,DBC,258,2026-10-01T18:36:21.946Z,b0c9f96cdc33cf6f3b22fe584a678be7d344cb65e06c2f7fbb4da9e74d1f4cc1
DBE,CBOE_ETF,ETF,INVESCO DB MULTI-SECTOR COMMOD ENERGY FD,American,cboe_cone|cboe_ctwo|cboe_exo|cboe_opt,false,DBE,Invesco DB Energy Fund,PROVIDER_QUERY_RETURNED_OPTION_ROOTS,DBE,292,2026-10-01T18:36:22.871Z,d29b06dce035232ed41807281dd0516b12a83f0c06684166890392524409ac52
DBEF,CBOE_ETF,ETF,DBX ETF TR XTRACK MSCI EAFE,American,cboe_cone|cboe_ctwo,true,DBEF,Xtrackers MSCI EAFE Hedged Equity ETF,PROVIDER_QUERY_RETURNED_OPTION_ROOTS,DBEF,154,2026-10-01T18:36:23.388Z,751dcfbeb2df5af70ec9bed1ba5df70b1e8d9e1b92a81186f7c86377c2f704d3
DBEU,CBOE_ETF,ETF,DBX ETF TR XTRACK MSCI EURP,American,cboe_cone,true,DBEU,Xtrackers MSCI Europe Hedged Equity ETF,PROVIDER_QUERY_RETURNED_OPTION_ROOTS,DBEU,152,2026-10-01T18:36:24.450Z,a49a6f96ac47bd2494aca1d57965b65906d32681523ba2e4987bc4b9af417095
DBJP,CBOE_ETF,ETF,DBX ETF TR XTRACK MSCI JAPN,American,cboe_cone,true,DBJP,Xtrackers MSCI Japan Hedged Equity ETF,PROVIDER_QUERY_RETURNED_OPTION_ROOTS,DBJP,258,2026-10-01T18:36:25.949Z,41483995ca1a8d337a87db271a53b2de28024cae56a30652fc1e17a8a22f8ccb
DBMF,CBOE_ETF,ETF,IM GLOBAL PARTNER FUNDS IMGP DBI MAN ETF,American,cboe_cone|cboe_ctwo|cboe_exo|cboe_opt,true,DBMF,iMGP DBi Managed Futures Strategy ETF,PROVIDER_QUERY_RETURNED_OPTION_ROOTS,DBMF,152,2026-10-01T18:36:26.475Z,6b7b2d61153111b57413adc17e325380ca6107e6f5a1017cb629b02761f34bbe
DBO,CBOE_ETF,ETF,INVESCO DB MULTI-SECTOR COMMOD OIL FD,American,cboe_cone|cboe_ctwo|cboe_exo|cboe_opt,false,DBO,Invesco DB Oil Fund,PROVIDER_QUERY_RETURNED_OPTION_ROOTS,DBO,206,2026-10-01T18:36:26.874Z,142e67deb82b50b282a23bb17d816eaefeeb2005a9954f0a00e97640c8b63812
DBP,CBOE_ETF,ETF,INVESCO DB MULTI-SECTOR COMMOD PRECIOUS METAL,American,cboe_cone|cboe_ctwo|cboe_exo|cboe_opt,false,DBP,Invesco DB Precious Metals Fund,PROVIDER_QUERY_RETURNED_OPTION_ROOTS,DBP,278,2026-10-01T18:36:27.375Z,7e04b572ee2a5d24c3aa052267a3a3d3c9c4b0bd0956ed39c2d7c1b54264e333
DCOR,CBOE_ETF,ETF,DFA INVT DIMENSIONS GROUP INC U.S. CORE EQTY 1,American,cboe_cone|cboe_ctwo|cboe_exo|cboe_opt,true,DCOR|DCOR1,U.S Core Equity 1 Portfolio ETF|DIMENSIONAL US CORE EQUITY 1 ETF (Merger),PROVIDER_QUERY_RETURNED_OPTION_ROOTS,DCOR,208,2026-10-01T18:36:32.959Z,50edfb2e7821301f024cf8354e2c326e0b96a157ae7b3e975cb1a1cff563b5ee
DDM,CBOE_ETF,ETF,PROSHARES TR PSHS ULTRA DOW30,American,cboe_cone|cboe_exo|cboe_opt,false,DDM,ProShares Ultra Dow30,PROVIDER_QUERY_RETURNED_OPTION_ROOTS,DDM,216,2026-10-01T18:36:36.505Z,a5060836de85a16a822ce4d5c9845466201e421885ce601b32301b31f666547f
DEEP,CBOE_ETF,ETF,ETF SER SOLUTIONS ACQUIRERS SMALL,American,cboe_cone|cboe_ctwo|cboe_exo|cboe_opt,true,DEEP,Acquirers Small and Micro Deep Value ETF,PROVIDER_QUERY_RETURNED_OPTION_ROOTS,DEEP,152,2026-10-01T18:36:40.117Z,7ea89e273b94eed5e202f98acd940fcf7208b8c1469cd9c59712a1aa4d7cd709
DEM,CBOE_ETF,ETF,WISDOMTREE TR EMER MKT HIGH FD,American,cboe_cone,false,DEM,WisdomTree Emerging Markets High Dividend Fund,PROVIDER_QUERY_RETURNED_OPTION_ROOTS,DEM,184,2026-10-01T18:36:41.932Z,e098582426cbde30c6897c1b14891dfa3667d20c8931e159e6f568a45f3e1932
DESK,CBOE_ETF,ETF,VANECK ETF TRUST OFFIC REIT ETF,American,cboe_cone|cboe_ctwo|cboe_exo|cboe_opt,true,DESK,VANECK OFFICE AND COMMERCIAL REIT ETF,PROVIDER_QUERY_RETURNED_OPTION_ROOTS,DESK,158,2026-10-01T18:36:43.970Z,71082c4214646ef97fd9080e0cffbe834442bb7f77b32ebf985ec8817d8dc275
DFAC,CBOE_ETF,ETF,DIMENSIONAL ETF TRUST US COR EQU 2 ETF,American,cboe_cone|cboe_ctwo|cboe_exo|cboe_opt,true,DFAC,DIMENSIONAL U.S. CORE EQUITY 2 ETF,PROVIDER_QUERY_RETURNED_OPTION_ROOTS,DFAC,170,2026-10-01T18:36:45.411Z,0a465bfc9c47caea781708d6c79b60c3bc72e3a2914de595a58ca6fdab5719b1
DFAR,CBOE_ETF,ETF,DFA INVT DIMENSIONS GROUP INC REAL ESTATE SECU,American,cboe_cone|cboe_ctwo|cboe_exo|cboe_opt,true,DFAR|DFAR1,DFA Real Estate Securities Portfolio ETF|DIMENSIONAL US REAL ESTATE ETF (Merger),PROVIDER_QUERY_RETURNED_OPTION_ROOTS,DFAR,152,2026-10-01T18:36:45.943Z,e88efccbd1def6444420470a420488c3630cb936bb9e44edac8bb60ff97c11fc
DFAS,CBOE_ETF,ETF,DIMENSIONAL ETF TRUST US SMALL CAP ETF,American,cboe_cone|cboe_ctwo|cboe_exo|cboe_opt,true,DFAS,DIMENSIONAL U.S. SMALL CAP ETF,PROVIDER_QUERY_RETURNED_OPTION_ROOTS,DFAS,180,2026-10-01T18:36:46.453Z,c21989bcd8dde345210a3fcd45f09c87e9173f67701871e24b9160216aae4bf8
DFAT,CBOE_ETF,ETF,DIMENSIONAL ETF TRUST US TARGETED VLU,American,cboe_cone|cboe_ctwo|cboe_exo|cboe_opt,true,DFAT,DIMENSIONAL U.S. TARGETED VALUE ETF,PROVIDER_QUERY_RETURNED_OPTION_ROOTS,DFAT,180,2026-10-01T18:36:46.980Z,1fef949c2891640949381497256eca9edd713bff8b87de9a278a467fbbc06c39
DFAU,CBOE_ETF,ETF,DIMENSIONAL ETF TRUST US CORE EQT MKT,American,cboe_cone|cboe_ctwo|cboe_exo|cboe_opt,true,DFAU,DIMENSIONAL US CORE EQUITY MARKET ETF,PROVIDER_QUERY_RETURNED_OPTION_ROOTS,DFAU,156,2026-10-01T18:36:47.498Z,48fe4f06d6ba04ee69023e095911ace9d17d94b2bf4cb35382b2fc7bb1810790
DFAX,CBOE_ETF,ETF,DIMENSIONAL ETF TRUST WORLD EX US CORE,American,cboe_cone|cboe_ctwo|cboe_exo|cboe_opt,true,DFAX,DIMENSIONAL WORLD EX U.S. CORE EQUITY 2 ETF,PROVIDER_QUERY_RETURNED_OPTION_ROOTS,DFAX,152,2026-10-01T18:36:48.504Z,28823d1d5dd6714eabb50f03dc3ee60a198ed8e7db03fbbad48a22bc6a450f51
DFE,CBOE_ETF,ETF,WISDOMTREE TR EUROPE SMCP DV,American,cboe_cone|cboe_ctwo|cboe_exo|cboe_opt,false,DFE,WisdomTree Europe SmallCap Dividend Fund,PROVIDER_QUERY_RETURNED_OPTION_ROOTS,DFE,198,2026-10-01T18:36:49.421Z,d7b56834b220e6228f5c7ad8d93c6b95e5482b53dcff943dc074c11b61954305
DFEN,CBOE_ETF,ETF,DIREXION SHARES ETF TRUST DAILY AEROSPACE,American,cboe_cone|cboe_ctwo|cboe_exo|cboe_opt,false,DFEN,Direxion Daily Aerospace & Defense Bull 3X Shares,PROVIDER_QUERY_RETURNED_OPTION_ROOTS,DFEN,306,2026-10-01T18:36:49.928Z,02232e58461a48cd03184f5aff0b29c52500b0fb3f22ad2bd9a27860468ceb5c
DFIC,CBOE_ETF,ETF,Dimensional International Core Equity 2 ETF,American,cboe_cone|cboe_ctwo|cboe_exo|cboe_opt,true,DFIC,DIMENSIONAL INTERNATIONAL CORE EQUITY 2 ETF,PROVIDER_QUERY_RETURNED_OPTION_ROOTS,DFIC,152,2026-10-01T18:36:51.424Z,43a6540f40141c42ba4602c5f10879ee152892e02f2060dc4957460bd84489f2
DFIP,CBOE_ETF,ETF,DIMENSIONAL ETF TRUST INFLATION PROTE,American,cboe_cone|cboe_ctwo|cboe_exo|cboe_opt,true,DFIP,DIMENSIONAL INFLATION-PROTECTED SECURITIES ETF,PROVIDER_QUERY_RETURNED_OPTION_ROOTS,DFIP,152,2026-10-01T18:36:52.428Z,ab62a8563d19fbae05ccb69570685799ff432b46f764e271c1b9516823610a40
DFIV,CBOE_ETF,ETF,DIMENSIONAL ETF TRUST INTERNATNAL VAL,American,cboe_cone|cboe_ctwo|cboe_exo|cboe_opt,true,DFIV,DIMENSIONAL INTERNATIONAL VALUE ETF,PROVIDER_QUERY_RETURNED_OPTION_ROOTS,DFIV,152,2026-10-01T18:36:53.550Z,c315ef50ef9f7cd8625cddf5abba9dd63d8379aca78b7fa607e701f27e3ed583
DFJ,CBOE_ETF,ETF,WISDOMTREE TR JP SMALLCP DIV,American,cboe_cone,false,DFJ,WisdomTree Japan SmallCap Dividend Fund,PROVIDER_QUERY_RETURNED_OPTION_ROOTS,DFJ,168,2026-10-01T18:36:54.043Z,dcf6ebb04c867ae58ecbc11e663ac2f4beb06fcb8d89353b907334d427f37ab7
DFNL,CBOE_ETF,ETF,Davis Select Financial ETF,American,cboe_cone|cboe_ctwo|cboe_exo|cboe_opt,true,DFNL,DAVIS SELECT FINANCIAL ETF,PROVIDER_QUERY_RETURNED_OPTION_ROOTS,DFNL,154,2026-10-01T18:36:54.979Z,af214ccc73ba3e6f656a5ea6f1676a86a641cf14c8f4e2daa983ff0681c8c563
DFSV,CBOE_ETF,ETF,DFA INVT DIMENSIONS GROUP INC U.S. SML CP VAL,American,cboe_cone|cboe_ctwo|cboe_exo|cboe_opt,true,DFSV|DFSV1,U.S. Small Cap Value Portfolio ETF|DIMENSIONAL US SMALL CAP VALUE ETF (Merger),PROVIDER_QUERY_RETURNED_OPTION_ROOTS,DFSV,156,2026-10-01T18:36:55.941Z,6864a3488a497f4824101719f8637de29618400b5c0e8e19f1503aaa09e6b685
DFUS,CBOE_ETF,ETF,DIMENSIONAL ETF TRUST US EQUI MARK ETF,American,cboe_cone|cboe_ctwo|cboe_exo|cboe_opt,true,DFUS,Dimensional U.S. Equity Market ETF,PROVIDER_QUERY_RETURNED_OPTION_ROOTS,DFUS,190,2026-10-01T18:36:56.949Z,53319e055243eb88ff3df19edb3bb07b4a439877528ce7c8da19813791be4f6c
DFUV,CBOE_ETF,ETF,DIMENSIONAL ETF TRUST US MKTWIDE VALUE,American,cboe_cone|cboe_ctwo|cboe_exo|cboe_opt,true,DFUV,DIMENSIONAL US MARKETWIDE VALUE ETF,PROVIDER_QUERY_RETURNED_OPTION_ROOTS,DFUV,176,2026-10-01T18:36:57.619Z,d4ff399699dbff6a0e43afd8dddc26ff159813b964cc75beffa3131f34c096a8
DGRO,CBOE_ETF,ETF,ISHARES TR CORE DIV GRWTH,American,cboe_cone|cboe_ctwo|cboe_exo|cboe_opt,true,DGRO,iShares Core Dividend Growth ETF,PROVIDER_QUERY_RETURNED_OPTION_ROOTS,DGRO,352,2026-10-01T18:37:01.080Z,fd9c04b07c81cf0b5ef3088acf601611e9b8f979b3d12fdddd588ab53764d974
DGRW,CBOE_ETF,ETF,WISDOMTREE TR US QTLY DIV GRT,American,cboe_cone,false,DGRW,WisdomTree Trust WisdomTree U.S. Quality Dividend,PROVIDER_QUERY_RETURNED_OPTION_ROOTS,DGRW,162,2026-10-01T18:37:01.983Z,98157b4d088237d07ab4b1bed8bbe9b770a1fe93c0baf548feb1e7477fddfe62
DGS,CBOE_ETF,ETF,WISDOMTREE TR EMG MKTS SMCAP,American,cboe_cone,false,DGS,WisdomTree Emerging Markets SmallCap Dividend Fund,PROVIDER_QUERY_RETURNED_OPTION_ROOTS,DGS,188,2026-10-01T18:37:02.477Z,1e3fb00cb343d84b0717181b58560927af55b93923a7bff9c704eeca15a0beeb
DIA,CBOE_ETF,ETF,STATE STR SPDR DOW JONES INDL UT SER 1,American,cboe_cone|cboe_ctwo|cboe_exo|cboe_opt,true,DIA,State Street SPDR Dow Jones Industrial Average ETF,PROVIDER_QUERY_RETURNED_OPTION_ROOTS,DIA,4810,2026-10-01T18:37:08.145Z,f5322cad78069ead8092754eb401969bad832568fd1680d8883f6dd4b0da1920
DIG,CBOE_ETF,ETF,PROSHARES TR ULTRA ENERGY,American,cboe_cone|cboe_exo|cboe_opt,false,DIG,ProShares Ultra Energy,PROVIDER_QUERY_RETURNED_OPTION_ROOTS,DIG,240,2026-10-01T18:37:09.530Z,7c82856201b6e321367731829670c66704383598c5ce484542f6baa5604abf3e
DIPR,CBOE_ETF,ETF,Corgi Space & Satellite Communications ETF,American,cboe_cone|cboe_ctwo|cboe_exo|cboe_opt,true,DIPR,CORGI SPACE AND SATELLITE COMMUNICATIONS ETF,PROVIDER_QUERY_RETURNED_OPTION_ROOTS,DIPR,148,2026-10-01T18:37:12.092Z,7caf4660eccf609da01f684eef9f8080138bad7498eee58845c129d3adc89869
DISK,CBOE_ETF,ETF,TEMA ETF TRUST MEMORY ETF,American,cboe_cone|cboe_ctwo|cboe_exo|cboe_opt,true,DISK,TEMA MEMORY ETF,PROVIDER_QUERY_RETURNED_OPTION_ROOTS,DISK,198,2026-10-01T18:37:13.495Z,5427d4d2063a7602ec8f1ee66584710fda88f3d94ffb245f92834e8671319b5e
DIV,CBOE_ETF,ETF,GLOBAL X FDS GLOBX SUPDV US,American,cboe_cone|cboe_ctwo|cboe_exo|cboe_opt,true,DIV,GLOBAL X SUPERDIVIDEND US ETF,PROVIDER_QUERY_RETURNED_OPTION_ROOTS,DIV,152,2026-10-01T18:37:14.956Z,d4191cbc455ad99931799b8b4c302634ac9b458d48d26c32e7d70b7ea17d752c
DIVO,CBOE_ETF,ETF,AMPLIFY ETF TR CWP ENHANCED DIV,American,cboe_cone|cboe_ctwo|cboe_exo|cboe_opt,true,DIVO,AMPLIFY CWP ENHANCED DIVIDEND INCOME ETF,PROVIDER_QUERY_RETURNED_OPTION_ROOTS,DIVO,152,2026-10-01T18:37:16.477Z,2172626d02440d8698ecf637c999cdc89b25852e370957f0efba5e5df388704b
DJIA,CBOE_ETF,ETF,GLOBAL X FDS DOW 30 CO CA ETF,American,cboe_cone|cboe_ctwo|cboe_exo|cboe_opt,true,DJIA,GLOBAL X DOW 30 COVERED CALL ETF,PROVIDER_QUERY_RETURNED_OPTION_ROOTS,DJIA,152,2026-10-01T18:37:17.409Z,bf2749194c38efdf9a33e9f06fd5ddedfd54e5357518c09b93e863f81ab18c61
DJP,CBOE_ETF,ETF,BARCLAYS BANK PLC DJUBS CMDT ETN36,American,cboe_cone|cboe_ctwo|cboe_exo|cboe_opt,false,DJP,iPath Bloomberg Commodity Index Total Return ETN,PROVIDER_QUERY_RETURNED_OPTION_ROOTS,DJP,198,2026-10-01T18:37:17.957Z,9fad02817aba26c68a560236112c62ba2a1e6a9093b2a2a0a78a385fed481edb
DJTU,CBOE_ETF,ETF,T-REX 2X Long DJT Daily Target ETF,American,cboe_cone|cboe_ctwo|cboe_exo|cboe_opt,true,DJTU|DJTU1,T-REX 2X LONG DJT DAILY TARGET ETF|T-REX 2X LONG DJT DAILY TARGET ETF(1:10),PROVIDER_QUERY_RETURNED_OPTION_ROOTS,DJTU|DJTU1,174,2026-10-01T18:37:18.959Z,663d174e8b670974138ce15566f2d8c48719a5d66fa8ad33c48b718ed018380f
DLLL,CBOE_ETF,ETF,GRANITESHARES ETF TR 2X LONG DELL ETF,American,cboe_cone|cboe_ctwo|cboe_exo|cboe_opt,true,DLLL,GRANITESHARES 2X LONG DELL DAILY ETF,PROVIDER_QUERY_RETURNED_OPTION_ROOTS,DLLL,660,2026-10-01T18:37:22.943Z,a7497d902c64f155db9046b7f223f98a4d563b2935fcf9e0d0a4a53a3c71d1d8
DLN,CBOE_ETF,ETF,WISDOMTREE TR US LARGECAP DIVD,American,cboe_cone,false,DLN,WisdomTree U.S. LargeCap Dividend Fund,PROVIDER_QUERY_RETURNED_OPTION_ROOTS,DLN,178,2026-10-01T18:37:23.424Z,d3d8813f6ec676147d57ef6ba480d7e4709b05626d8418b86fc7a0cfab1ae4b8
DLS,CBOE_ETF,ETF,WISDOMTREE TR INTL SMCAP DIV,American,cboe_cone,false,DLS,WisdomTree International SmallCap Dividend Fund,PROVIDER_QUERY_RETURNED_OPTION_ROOTS,DLS,186,2026-10-01T18:37:26.012Z,f28753ec6eb521910d3480de113138868ad964015486c0ad1177d9f1ec6a9a11
DNL,CBOE_ETF,ETF,WISDOMTREE TR GLOB EX US QU FD,American,cboe_cone|cboe_ctwo|cboe_exo|cboe_opt,false,DNL,WisdomTree Global ex-U.S. Quality Growth Fund,PROVIDER_QUERY_RETURNED_OPTION_ROOTS,DNL,152,2026-10-01T18:37:30.500Z,b4a01a1a2d103b7650dbc112dc050fff20dfac8c679bda4b072827486e1c4ea9
DOCK,CBOE_ETF,ETF,"Corgi Ports, Rail & Freight ETF",American,cboe_cone|cboe_ctwo|cboe_exo|cboe_opt,true,DOCK,CORGI PORTS RAIL AND FREIGHT ETF,PROVIDER_QUERY_RETURNED_OPTION_ROOTS,DOCK,144,2026-10-01T18:37:33.983Z,e027357843adb80668b5e8044dd60c8fbcabd1bc8db90d5736a9bb59641636dd
DOG,CBOE_ETF,ETF,PROSHARES TR PSHS SHORT DOW30,American,cboe_cone|cboe_exo|cboe_opt,false,DOG,ProShares Short Dow30,PROVIDER_QUERY_RETURNED_OPTION_ROOTS,DOG,170,2026-10-01T18:37:35.994Z,80e7fed647d2353a4a2d2860a1ac85035c410ed3f1009b59d13d2cbb5cc3a8ec
DOJE,CBOE_ETF,ETF,REX-Osprey DOGE ETF,American,cboe_cone|cboe_ctwo|cboe_exo|cboe_opt,true,DOJE,REX OSPREY DOGE ETF,PROVIDER_QUERY_RETURNED_OPTION_ROOTS,DOJE,116,2026-10-01T18:37:36.544Z,cf8503ab5f298b08fb1358cc15b33ceaecde4d2aa611f42162e49a2488b44981
DON,CBOE_ETF,ETF,WISDOMTREE TR US MIDCAP DIVID,American,cboe_cone,false,DON,WisdomTree U.S. MidCap Dividend Fund,PROVIDER_QUERY_RETURNED_OPTION_ROOTS,DON,152,2026-10-01T18:37:38.565Z,cdaf8947aee4b44c472bb166f517c763da55bb9f9b28c2f606d516780c3d7f52
DPST,CBOE_ETF,ETF,DIREXION SHARES ETF TRUST DAILY BANKS ETF,American,cboe_cone|cboe_ctwo|cboe_exo|cboe_opt,false,DPST,DIREXION DAILY REGIONAL BANKS BULL 3X SHARES,PROVIDER_QUERY_RETURNED_OPTION_ROOTS,DPST,1736,2026-10-01T18:37:44.599Z,2c71454d2807de7ab50f2cda9b29c0623ee06bcc2e70896a3faadcbbc232f134
DRAM,CBOE_ETF,ETF,Roundhill Memory ETF,American,cboe_cone|cboe_ctwo|cboe_exo|cboe_opt,true,DRAM,ROUNDHILL MEMORY ETF,PROVIDER_QUERY_RETURNED_OPTION_ROOTS,DRAM,2420,2026-10-01T18:37:46.625Z,53a393e0980b9dd33d6fafe5e1daec7dee846182b5f6cf6106562a4b5a2cfdf3
DRGN,CBOE_ETF,ETF,Themes China Generative Artificial Intelligence ETF,American,cboe_cone|cboe_ctwo|cboe_exo|cboe_opt,false,DRGN,THEMES CHINA GENERATIVE ARTIFICIAL INTELLIGENCE,PROVIDER_QUERY_RETURNED_OPTION_ROOTS,DRGN,190,2026-10-01T18:37:47.547Z,c93d3e33fca826e73d8b76ee082fd7c14b91c66d13aeb728804ac926547b3429
DRIP,CBOE_ETF,ETF,DIREXION SHARES ETF TRUST DAILY S&P OIL &,American,cboe_cone|cboe_ctwo|cboe_exo|cboe_opt,false,DRIP|DRIP1,Direxion Daily S&P Oil&Gas Exp.& Prod. Bear2XShrs|Direxion Daily S&P Oil&Gas Exp Prod. Bear2X(1:10),PROVIDER_QUERY_RETURNED_OPTION_ROOTS,DRIP|DRIP1,226,2026-10-01T18:37:49.046Z,01e7ac731d08a018153b8dad24acd40c1d1a55f1747eec4e5ffc7c337401f392
DRIV,CBOE_ETF,ETF,GLOBAL X FDS AUTONMOUS EV ETF,American,cboe_cone|cboe_ctwo|cboe_exo|cboe_opt,true,DRIV,GLOBAL X AUTONOMOUS & ELECTRIC VEHICLES ETF,PROVIDER_QUERY_RETURNED_OPTION_ROOTS,DRIV,156,2026-10-01T18:37:49.583Z,4c6c0baaf0a45dd3e20d5d45a4675171363f826d8cc75e284a1ae12f01330e86
DRLL,CBOE_ETF,ETF,EA SERIES TRUST STRI US ENER ETF,American,cboe_cone|cboe_ctwo|cboe_exo|cboe_opt,true,DRLL,STRIVE U.S. ENERGY ETF,PROVIDER_QUERY_RETURNED_OPTION_ROOTS,DRLL,158,2026-10-01T18:37:50.670Z,ab7bd751f7e504f235194ba7c20f5d6ff1e06e259ec3aa37080d6a7aafc5ed52
DRN,CBOE_ETF,ETF,DIREXION SHARES ETF TRUST DAI REA BUL ETF,American,cboe_cone|cboe_ctwo|cboe_exo|cboe_opt,false,DRN,Direxion Daily Real Estate Bull 3X Shares,PROVIDER_QUERY_RETURNED_OPTION_ROOTS,DRN,164,2026-10-01T18:37:52.145Z,7ffd0806d6e30c36e2a140d403068fe7521938cca66b8c8d0d125b48fefe372a
DRNZ,CBOE_ETF,ETF,REX ETF TR DRONE ETF,American,cboe_cone|cboe_ctwo|cboe_exo|cboe_opt,true,DRNZ,REX ETF TRUST REX DRONE ETF,PROVIDER_QUERY_RETURNED_OPTION_ROOTS,DRNZ,166,2026-10-01T18:37:52.663Z,1749fd77c3714b3b292e97a18108f08abd27b127f642f4d0ea378b8157f06f61
DRUP,CBOE_ETF,ETF,GRANITESHARES ETF TR NASD SEL DIS ETF,American,cboe_cone|cboe_ctwo|cboe_exo|cboe_opt,true,DRUP,GRANITESHARES NASDAQ SELECT DISRUPTORS ETF,PROVIDER_QUERY_RETURNED_OPTION_ROOTS,DRUP,174,2026-10-01T18:37:55.149Z,5b8adfe44a9e83cbf5b6b3bff24939f8287eec685f577d9c97f8d56ac3f8c2f9
DRV,CBOE_ETF,ETF,DIREXION SHARES ETF TRUST DAI REA BEA ETF,American,cboe_cone|cboe_ctwo|cboe_exo|cboe_opt,false,DRV,Direxion Daily Real Estate Bear 3X Shares,PROVIDER_QUERY_RETURNED_OPTION_ROOTS,DRV,176,2026-10-01T18:37:55.677Z,b3ce52c0a057e4be826c4b8e673275896284247725ef6b974f290c357f289e1a
DTCR,CBOE_ETF,ETF,GLOBAL X FDS DATA CTR DIG ETF,American,cboe_cone|cboe_ctwo|cboe_exo|cboe_opt,true,DTCR,Global X Data Center & Digital Infrastructure ETF,PROVIDER_QUERY_RETURNED_OPTION_ROOTS,DTCR,178,2026-10-01T18:38:01.258Z,fd9eec46917467399e69c20a41d4629b57f52ea370df9aa3e45e274652ee7b55
DTEC,CBOE_ETF,ETF,ALPS ETF TR DISRUPTIVE TECH,American,cboe_cone|cboe_ctwo|cboe_exo|cboe_opt,true,DTEC,ALPS DISRUPTIVE TECHNOLOGIES ETF,PROVIDER_QUERY_RETURNED_OPTION_ROOTS,DTEC,158,2026-10-01T18:38:03.533Z,aaef449c2a9188e16919ab918213600715a0ae81c535b4df2ba30b1b0a630222
DUBS,CBOE_ETF,ETF,Aptus Large Cap Enhanced Yield ETF,American,cboe_cone|cboe_ctwo|cboe_exo|cboe_opt,true,DUBS,APTUS LARGE CAP ENHANCED YIELD ETF,PROVIDER_QUERY_RETURNED_OPTION_ROOTS,DUBS,152,2026-10-01T18:38:05.444Z,26a26cdbfd69b53efec7a396a511b18221b938706ec03370b19e2c0aab043d6d
DUG,CBOE_ETF,ETF,PROSHARES TR ULTRA ENERG NEW,American,cboe_cone|cboe_ctwo|cboe_exo|cboe_opt,false,DUG,ProShares UltraShort Energy,PROVIDER_QUERY_RETURNED_OPTION_ROOTS,DUG,182,2026-10-01T18:38:05.951Z,25ab4a84ede251ddae4a447b7ba5129eece49948fa7d9e6428b256c0437dbf4f
DUHP,CBOE_ETF,ETF,DFA INVT DIMENSIONS GROUP INC U.S. HIGH RELATI,American,cboe_cone|cboe_ctwo|cboe_exo|cboe_opt,true,DUHP|DUHP1,U.S. High Relative Profitability Portfolio ETF|DIMENSIONAL US HIGH PROFITABILITY ETF (Merger),PROVIDER_QUERY_RETURNED_OPTION_ROOTS,DUHP,174,2026-10-01T18:38:06.495Z,1bb1ca333b60fb2e7cc406538300a039ac831357dafecbe9e449b4152efb28a8
DUSA,CBOE_ETF,ETF,Davis Select U.S. Equity ETF,American,cboe_cone|cboe_ctwo|cboe_exo|cboe_opt,true,DUSA,DAVIS SELECT U.S. EQUITY ETF,PROVIDER_QUERY_RETURNED_OPTION_ROOTS,DUSA,152,2026-10-01T18:38:10.024Z,a1622843d9ef77972c93281215c65cdc6c8989adff3653a0ac6e8681f14c91d3
DUSL,CBOE_ETF,ETF,DIREXION SHARES ETF TRUST DAIL INDU BU ETF,American,cboe_cone|cboe_ctwo|cboe_exo|cboe_opt,false,DUSL,DIREXION DAILY INDUSTRIALS BULL 3X SHARES,PROVIDER_QUERY_RETURNED_OPTION_ROOTS,DUSL,254,2026-10-01T18:38:10.645Z,49744b865db585a952a2a1508cd8abcabe817e630e5d044fb82473f16801a51f
DUST,CBOE_ETF,ETF,DIREXION SHARES ETF TRUST DAI GOL BEA ETF,American,cboe_cone|cboe_ctwo|cboe_exo|cboe_opt,false,DUST|DUST1,Direxion Daily Gold Miners Index Bear 2X Shares|Direxion Daily Gold Miners Indx Bear 2X Shrs(1:10),PROVIDER_QUERY_RETURNED_OPTION_ROOTS,DUST|DUST1,596,2026-10-01T18:38:11.005Z,4404a25a56477590718f899b8688efd237db1a4c88422d429b4595b4185df48d
DVQQ,CBOE_ETF,ETF,WEBS ETF TR QQQ DEF VOL ETF,American,cboe_cone|cboe_ctwo|cboe_exo|cboe_opt,true,DVQQ,WEBS QQQ DEFINED VOLATILITY ETF,PROVIDER_QUERY_RETURNED_OPTION_ROOTS,DVQQ,152,2026-10-01T18:38:13.492Z,a9673289b04a88ad91c18960934fdc0c0532930abba7a8c963950db9c7f0ffe2
DVSP,CBOE_ETF,ETF,WEBS ETF TR SPY DEFINED VOL,American,cboe_cone|cboe_ctwo|cboe_exo|cboe_opt,true,DVSP,WEBS SPY DEFINED VOLATILITY ETF,PROVIDER_QUERY_RETURNED_OPTION_ROOTS,DVSP,152,2026-10-01T18:38:14.048Z,5ce783f0d54af05d8e0a5d6363c6db5c1e34945552485a8a6060f826eb6f9c05
DVY,CBOE_ETF,ETF,ISHARES TR SELECT DIVID ETF,American,cboe_cone|cboe_ctwo|cboe_exo|cboe_opt,true,DVY,iShares Select Dividend ETF,PROVIDER_QUERY_RETURNED_OPTION_ROOTS,DVY,300,2026-10-01T18:38:14.565Z,00c9148ec268a408a69136b956b3640ddfa74df5f4eb171ec8a780e52d418cb5
DVYE,CBOE_ETF,ETF,ISHARES INC EM MKTS DIV ETF,American,cboe_cone|cboe_ctwo|cboe_exo|cboe_opt,true,DVYE,ISHARES EMERGING MARKETS DIVIDEND ETF,PROVIDER_QUERY_RETURNED_OPTION_ROOTS,DVYE,152,2026-10-01T18:38:15.136Z,938ca42644ded5cdf8cb72f4d7d2756dfdf19b758400373458620e1f49ecb217
DWAS,CBOE_ETF,ETF,INVESCO EXCHANGE-TRADED FD TR DORSEY WRGT SMLC,American,cboe_cone,true,DWAS,Invesco Dorsey Wright SmallCap Momentum ETF,PROVIDER_QUERY_RETURNED_OPTION_ROOTS,DWAS,224,2026-10-01T18:38:15.546Z,2b4f75ccb3a14e34573591e3b35ec6eb2d49ec04409a55c9993b310e3cb0c80b
DWX,CBOE_ETF,ETF,SPDR INDEX SHS FDS ST S&P INTL ETF,American,cboe_cone,true,DWX,State Street SPDR S&P International Dividend ETF,PROVIDER_QUERY_RETURNED_OPTION_ROOTS,DWX,152,2026-10-01T18:38:16.592Z,d4f26a2e4feb3267cd0da0cd431f2f634b7961df81b04f336b0b67ad3a091be1
DXD,CBOE_ETF,ETF,PROSHARES TR PSHS ULDOW30 NEW,American,cboe_cone|cboe_ctwo|cboe_exo|cboe_opt,false,DXD,ProShares UltraShort Dow30,PROVIDER_QUERY_RETURNED_OPTION_ROOTS,DXD,174,2026-10-01T18:38:18.495Z,d246fdc9106aa54cfe91c1868cdd6acdd21f1976d7de7ed344399fa91b437186
DXJ,CBOE_ETF,ETF,WISDOMTREE TR JAPN HEDGE EQT,American,cboe_cone|cboe_ctwo|cboe_exo|cboe_opt,false,DXJ,WisdomTree Japan Hedged Equity Fund,PROVIDER_QUERY_RETURNED_OPTION_ROOTS,DXJ,484,2026-10-01T18:38:19.000Z,7c32d098fdbaf6bf43019471cacee281edf3c49af6e72eb74d46e21d563ee09a
DXUV,CBOE_ETF,ETF,DFA INVT DIMENSIONS GROUP INC U.S. VECTOR EQT,American,cboe_cone|cboe_ctwo|cboe_exo|cboe_opt,true,DXUV|DXUV1,U.S. Vector Equity Portfolio ETF|DIMENSIONAL US VECTOR EQUITY ETF (Merger),PROVIDER_QUERY_RETURNED_OPTION_ROOTS,DXUV,200,2026-10-01T18:38:20.517Z,23d545a3a452204bac1a86b37c87195e7f3e526f2e4e176a89df9611f67964ff
DYLG,CBOE_ETF,ETF,GLOBAL X FDS GLOBAL X DOW 30,American,cboe_cone|cboe_ctwo|cboe_exo|cboe_opt,true,DYLG,GLOBAL X DOW 30 COVERED CALL & GROWTH ETF,PROVIDER_QUERY_RETURNED_OPTION_ROOTS,DYLG,152,2026-10-01T18:38:22.543Z,b07af9ca6d56d3c1ca9665feda1ff7214fc9f5eac90fe5ac2f206625db7d9df4
DYNF,CBOE_ETF,ETF,BLACKROCK ETF TRUST ISHARES US EQUIT,American,cboe_cone|cboe_ctwo|cboe_exo|cboe_opt,true,DYNF,ISHARES U.S. EQUITY FACTOR ROTATION ACTIVE ETF,PROVIDER_QUERY_RETURNED_OPTION_ROOTS,DYNF,200,2026-10-01T18:38:24.024Z,8b1e91e220072e77c6b5d44e8a825afe2f53d98cec7477da136af116ba92cdb3
EBIZ,CBOE_ETF,ETF,GLOBAL X FDS E COMMERCE ETF,American,cboe_cone|cboe_ctwo|cboe_exo|cboe_opt,true,EBIZ,GLOBAL X E-COMMERCE ETF,PROVIDER_QUERY_RETURNED_OPTION_ROOTS,EBIZ,152,2026-10-01T18:38:29.060Z,6890dfa4bd7202e85f133478292c9921f06d69fa5182f69b835c093145f62584
EBND,CBOE_ETF,ETF,SPDR SERIES TRUST SST SPDR BLOOMBE,American,cboe_cone,true,EBND,State St SPDR Bloomberg Emerging Mkts Lcl Bnd ETF,PROVIDER_QUERY_RETURNED_OPTION_ROOTS,EBND,152,2026-10-01T18:38:29.568Z,9faec830d5e73f21e5091efaddaaac76c89f8932c978ac67c611f9dc79c57c5d
ECH,CBOE_ETF,ETF,iShares MSCI Chile ETF,American,cboe_cone|cboe_ctwo|cboe_exo|cboe_opt,true,ECH,iShares MSCI Chile ETF,PROVIDER_QUERY_RETURNED_OPTION_ROOTS,ECH,198,2026-10-01T18:38:31.625Z,ce2b010af94fd94dabb4affbc7751aeb18461c0cda96676156a3871b2f600c1c
ECNS,CBOE_ETF,ETF,ISHARES TR CHINA SM-CAP ETF,American,cboe_cone|cboe_ctwo|cboe_exo|cboe_opt,true,ECNS,iShares MSCI China Small-Cap ETF,PROVIDER_QUERY_RETURNED_OPTION_ROOTS,ECNS,154,2026-10-01T18:38:34.082Z,771fdf9483ac74caa7832ec5d32e90de456af04783f26443edd14613bb3243f7
ECON,CBOE_ETF,ETF,COLUMBIA ETF TR II RESEARCH ENHANCD,American,cboe_cone,true,ECON,Columbia Research Enhanced Emerging Economies ETF,PROVIDER_QUERY_RETURNED_OPTION_ROOTS,ECON,154,2026-10-01T18:38:35.012Z,dbcb6f2a46a366ea165e636ea183192625c2307bb34a97a4da3d55b371f266b5
ECOW,CBOE_ETF,ETF,PACER FDS TR EMRG MKT CASH,American,cboe_cone|cboe_ctwo|cboe_exo|cboe_opt,true,ECOW,PACER EMERGING MARKETS CASH COWS 100 ETF,PROVIDER_QUERY_RETURNED_OPTION_ROOTS,ECOW,152,2026-10-01T18:38:35.538Z,4c074c51bdf05699a138453c09107d053752981a9df2e27ce4f15791e1ba2d9f
EDC,CBOE_ETF,ETF,DIREXION SHARES ETF TRUST DAI MAR BUL ETF,American,cboe_cone|cboe_exo|cboe_opt,false,EDC,Direxion Daily Emerging Markets Bull 3X Shares,PROVIDER_QUERY_RETURNED_OPTION_ROOTS,EDC,318,2026-10-01T18:38:37.632Z,402c57a839261d58743b3a902c8d615aac72fda1ffd3f1567f82af8e26c320c4
EDIV,CBOE_ETF,ETF,SPDR INDEX SHS FDS ST MAR DIVID ETF,American,cboe_cone,true,EDIV,State Street SPDR S&P Emerging Mrkts Dividend ETF,PROVIDER_QUERY_RETURNED_OPTION_ROOTS,EDIV,152,2026-10-01T18:38:39.550Z,97a2ec14b430b537585418449277bf3031d65c56980ad91b8fa2e72fe3626b45
EDV,CBOE_ETF,ETF,VANGUARD WORLD FD EXTENDED DUR,American,cboe_cone|cboe_ctwo|cboe_exo|cboe_opt,true,EDV,VANGUARD EXTENDED DURATION TREASURY ETF,PROVIDER_QUERY_RETURNED_OPTION_ROOTS,EDV,286,2026-10-01T18:38:40.564Z,bb4fbe65a9d522eff89f16d02762fd38fc4072eb6ab39c78f1e554fff181f37a
EDZ,CBOE_ETF,ETF,DIREXION SHARES ETF TRUST DAI MAR BEA ETF,American,cboe_cone|cboe_exo|cboe_opt,false,EDZ,Direxion Daily Emerging Markets Bear 3X Share,PROVIDER_QUERY_RETURNED_OPTION_ROOTS,EDZ,198,2026-10-01T18:38:41.133Z,8386f185d50497feeab4f102bea9e640c8e143796463ac8a28b5d74084c989cd
EELV,CBOE_ETF,ETF,INVESCO EXCHANGE-TRADED FD TR S&P EMRNG MKTS,American,cboe_cone|cboe_ctwo|cboe_exo|cboe_opt,true,EELV,INVESCO S&P EMERGING MARKETS LOW VOLATILITY ETF,PROVIDER_QUERY_RETURNED_OPTION_ROOTS,EELV,152,2026-10-01T18:38:42.636Z,d770faa5aae6379dc270d9b6a692250007e509bbabbc2ab15c040f25f2fe8fd7
EEM,CBOE_ETF,ETF,ISHARES TR MSCI EMG MKT ETF,American,cboe_cone|cboe_ctwo|cboe_exo|cboe_opt,true,EEM,iShares MSCI Emerging Markets ETF,PROVIDER_QUERY_RETURNED_OPTION_ROOTS,EEM,2134,2026-10-01T18:38:43.167Z,70b998c1e2da6496d694e42f563f41ad07b9287e860e10f8d439dae62ff19353
EEMV,CBOE_ETF,ETF,iShares MSCI Emerging Markets Min Vol Factor ETF,American,cboe_cone,true,EEMV,iShares MSCI Emerging Markets Min Vol Factor ETF,PROVIDER_QUERY_RETURNED_OPTION_ROOTS,EEMV,174,2026-10-01T18:38:44.278Z,a712de452e21bb5ae202ca861e708b4dd931aa8de395785a846d52d72ed36527
EEMX,CBOE_ETF,ETF,SPDR INDEX SHS FDS ST STR MSCI EMRG,American,cboe_cone|cboe_ctwo|cboe_exo|cboe_opt,true,EEMX,State St SPDR MSCI Emrgng Mrkts Fssl Fl Res Fr ETF,PROVIDER_QUERY_RETURNED_OPTION_ROOTS,EEMX,164,2026-10-01T18:38:44.709Z,c3cfb43fcfdda808ef24f888eec350eca375b7847548513e8f64c8ea04e952e5
EES,CBOE_ETF,ETF,WISDOMTREE TR US SMALLCAP FUND,American,cboe_cone|cboe_ctwo|cboe_exo|cboe_opt,false,EES,WISDOMTREE U.S. SMALLCAP FUND,PROVIDER_QUERY_RETURNED_OPTION_ROOTS,EES,158,2026-10-01T18:38:45.168Z,a794a9e6193561fc5fcd66cedebe4217dc01875c8b9dc1fc8c18eb9119aee384
EET,CBOE_ETF,ETF,PROSHARES TR MSCI EMRG ETF,American,cboe_cone|cboe_exo|cboe_opt,true,EET,PROSHARES ULTRA MSCI EMRG ETF,PROVIDER_QUERY_RETURNED_OPTION_ROOTS,EET,334,2026-10-01T18:38:45.686Z,3cf803e95ddeb255f6e7951be6ffdadd04c58b967e72556f6b8bb2871361d339
EETH,CBOE_ETF,ETF,PROSHARES TR ETHER ETF,American,cboe_cone|cboe_ctwo|cboe_exo|cboe_opt,true,EETH,ProShares Ether ETF,PROVIDER_QUERY_RETURNED_OPTION_ROOTS,EETH,228,2026-10-01T18:38:46.209Z,41d6d22ed3f629e89e7ffbfce6eb8fa948f65a0b904826c9b0e5818e4735ccd8
EEV,CBOE_ETF,ETF,PROSHARES TR ULTRASHORT MSCI,American,cboe_cone|cboe_exo|cboe_opt,false,EEV,ProShares UltraShort MSCI Emerging Markets,PROVIDER_QUERY_RETURNED_OPTION_ROOTS,EEV,176,2026-10-01T18:38:46.723Z,c2e79517f9db802322ea7eadf9f68617253ca5eb4e0f49aa119cbc9dc797f71c
EFA,CBOE_ETF,ETF,ISHARES TR MSCI EAFE ETF,American,cboe_cone|cboe_ctwo|cboe_exo|cboe_opt,true,EFA,iShares MSCI EAFE ETF,PROVIDER_QUERY_RETURNED_OPTION_ROOTS,EFA,2042,2026-10-01T18:38:47.290Z,531cb2f80639503e0179e80e693ab05a42c8749731f52708f8929ddc9638d871
EFAD,CBOE_ETF,ETF,ProShares MSCI EAFE Dividend Growers ETF,American,cboe_cone|cboe_ctwo|cboe_exo|cboe_opt,true,EFAD,PROSHARES MSCI EAFE DIVIDEND GROWERS ETF,PROVIDER_QUERY_RETURNED_OPTION_ROOTS,EFAD,152,2026-10-01T18:38:47.715Z,7c5b16254f868db04707c9f489b4527b00ba463b775c589d7374b25df228a31d
EFAV,CBOE_ETF,ETF,iShares MSCI EAFE Min Vol Factor ETF,American,cboe_cone|cboe_exo|cboe_opt,true,EFAV,iShares MSCI EAFE Min Vol Factor ETF,PROVIDER_QUERY_RETURNED_OPTION_ROOTS,EFAV,170,2026-10-01T18:38:48.760Z,4f7b24bbe6ba65d5ee2b0acf48aac66a9c5a4d2cec89d9a32889c384c693f9ab
EFG,CBOE_ETF,ETF,iShares MSCI EAFE Growth ETF,American,cboe_cone,true,EFG,iShares MSCI EAFE Growth ETF,PROVIDER_QUERY_RETURNED_OPTION_ROOTS,EFG,228,2026-10-01T18:38:50.201Z,1e0b1027ff67b103fee8beb988516b64cfed8580c02ef468fa981d8de183b3ed
EFV,CBOE_ETF,ETF,iShares MSCI EAFE Value ETF,American,cboe_cone|cboe_ctwo|cboe_exo|cboe_opt,true,EFV,iShares MSCI EAFE Value ETF,PROVIDER_QUERY_RETURNED_OPTION_ROOTS,EFV,226,2026-10-01T18:38:52.241Z,e952cf7c5147d3371f50896dc7b5dd468644b38ad084b756a07ed1f7fd4e02e7
EFZ,CBOE_ETF,ETF,PROSHARES TR PSHS SH MSCI EAF,American,cboe_cone|cboe_ctwo|cboe_exo|cboe_opt,false,EFZ|EFZ1,ProShares Short MSCI EAFE|ProShares Short MSCI EAFE(1:2),PROVIDER_QUERY_RETURNED_OPTION_ROOTS,EFZ|EFZ1,202,2026-10-01T18:38:53.707Z,e8bcc5a2ece6f595e6b50aac9264374ad1e8b21f3bbfa0b52554fbe5e8bebb72
EINC,CBOE_ETF,ETF,VANECK ETF TRUST ENERGY INCME ET,American,cboe_cone,true,EINC,VanEck Energy Income ETF,PROVIDER_QUERY_RETURNED_OPTION_ROOTS,EINC,172,2026-10-01T18:39:00.968Z,231af612382d121a006e7a3c06e37a57ac8dbf9d40f322ce055c451adfd82cfc
ELD,CBOE_ETF,ETF,WISDOMTREE TR EM LCL DEBT FD,American,cboe_cone,false,ELD,WisdomTree Emerging Markets Local Debt Fund,PROVIDER_QUERY_RETURNED_OPTION_ROOTS,ELD,152,2026-10-01T18:39:04.070Z,daf11d7c1c3274bf7adad414849a9ee1a925018bd8a4598041b679c779e46a42
ELIL,CBOE_ETF,ETF,DIREXION SHARES ETF TRUST DLY LLY BULL 2X,American,cboe_cone|cboe_ctwo|cboe_exo|cboe_opt,false,ELIL,DIREXION DAILY LLY BULL 2X SHARES,PROVIDER_QUERY_RETURNED_OPTION_ROOTS,ELIL,188,2026-10-01T18:39:06.136Z,e6e68558780c38ef3e27fec2994b46d5ed589b9ed8da973e2442442d7e7c4219
EMB,CBOE_ETF,ETF,ISHARES TR JPMORGAN USD EMG,American,cboe_cone|cboe_ctwo|cboe_exo|cboe_opt,true,EMB,iShares J.P. Morgan USD Emerging Markets Bond ETF,PROVIDER_QUERY_RETURNED_OPTION_ROOTS,EMB,368,2026-10-01T18:39:10.685Z,ca190574f84ad6935554ac5265cf09b31893528c510695a2191c4c3d381d3a6e
EMBD,CBOE_ETF,ETF,GLOBAL X FDS X EMERGING MKT,American,cboe_cone|cboe_ctwo|cboe_exo|cboe_opt,true,EMBD,GLOBAL X EMERGING MARKETS BOND ETF,PROVIDER_QUERY_RETURNED_OPTION_ROOTS,EMBD,152,2026-10-01T18:39:11.729Z,73410cda1c370568b43de961307d595e602d3a48e4d5d2de7870a8f8a270080d
EMLC,CBOE_ETF,ETF,VANECK ETF TRUST JP MRGAN EM LOC,American,cboe_cone,true,EMLC,VanEck J. P. Morgan EM Local Currency Bond ETF,PROVIDER_QUERY_RETURNED_OPTION_ROOTS,EMLC,152,2026-10-01T18:39:14.118Z,46ceb9f07c6818c596ecaf0a8c9ff65cb933b24b63d546b52c979e3df027eac8
EMQQ,CBOE_ETF,ETF,EXCHANGE TRADED CONCEPTS TRUST EMQQ EME MAR ETF,American,cboe_cone|cboe_ctwo|cboe_exo|cboe_opt,true,EMQQ,EMQQ The Emerging Markets Internet ETF,PROVIDER_QUERY_RETURNED_OPTION_ROOTS,EMQQ,156,2026-10-01T18:39:16.177Z,5d7d5120ad6bf78ea9903c3b13bdf7804c558c337c4707fc6a9888e9acd0f6e9
ENZL,CBOE_ETF,ETF,ISHARES TR NEW ZEALAND ETF,American,cboe_cone,true,ENZL,iShares Trust iShares MSCI New Zealand ETF,PROVIDER_QUERY_RETURNED_OPTION_ROOTS,ENZL,152,2026-10-01T18:39:26.218Z,00e6e31376b7bc62f1daa36b91206ead3f85b03a8903bec925eb7366020961a8
EOSU,CBOE_ETF,ETF,T-REX 2X Long EOSE Daily Target ETF,American,cboe_cone|cboe_ctwo|cboe_exo|cboe_opt,true,EOSU|EOSU1,T-REX 2X LONG EOSE DAILY TARGET ETF|T-REX 2X LONG EOSE DAILY TARGET ETF (1:25),PROVIDER_QUERY_RETURNED_OPTION_ROOTS,EOSU,248,2026-10-01T18:39:28.213Z,9a98d02f9415224d40a15d44058519f250ea86381b2bfe032de35926ee06c815
EPI,CBOE_ETF,ETF,WISDOMTREE TR INDIA ERNGS FD,American,cboe_cone|cboe_ctwo|cboe_exo|cboe_opt,false,EPI,WisdomTree India Earning Fund,PROVIDER_QUERY_RETURNED_OPTION_ROOTS,EPI,178,2026-10-01T18:39:30.763Z,9a3cfbce51938b4e479814ce732147e06a42cbeb8dff642e0a9b1e35f3389123
EPOL,CBOE_ETF,ETF,ISHARES TR MSCI POLAND ETF,American,cboe_cone|cboe_ctwo|cboe_exo|cboe_opt,true,EPOL,ISHARES MSCI POLAND ETF,PROVIDER_QUERY_RETURNED_OPTION_ROOTS,EPOL,152,2026-10-01T18:39:31.764Z,2ef13301684b786f5b925e63102512bbbaa333ec4eee73245cb0e4849406b8d9
EPP,CBOE_ETF,ETF,ISHARES INC MSCI PAC JP ETF,American,cboe_cone|cboe_exo|cboe_opt,true,EPP,iShares MSCI Pacific ex Japan ETF,PROVIDER_QUERY_RETURNED_OPTION_ROOTS,EPP,180,2026-10-01T18:39:32.276Z,38f6d39634f330d6cca0e8a999d73d987b8ea439f4b2b369d06ae292a320b4de
EPU,CBOE_ETF,ETF,ISHARES TR MSCI PERU GL ETF,American,cboe_cone|cboe_ctwo|cboe_exo|cboe_opt,true,EPU,ISHARES MSCI PERU AND GLOBAL EXPOSURE ETF,PROVIDER_QUERY_RETURNED_OPTION_ROOTS,EPU,278,2026-10-01T18:39:34.288Z,77b80e16a742412892f05459241addc6769dabb01c74f63694039bd6f7d9591f
EPV,CBOE_ETF,ETF,PROSHARES TR ULTRASHORT FTSE,American,cboe_cone|cboe_exo|cboe_opt,false,EPV,ProShares UltraShort FTSE Europe,PROVIDER_QUERY_RETURNED_OPTION_ROOTS,EPV,182,2026-10-01T18:39:34.766Z,a4204f59e4b6456f0f45e9f47c0097fbe0cc8005e0947ed9dc9a8166c8ba4755
EQTY,CBOE_ETF,ETF,VALUED ADVISERS TR KOVITZ CORE EQT,American,cboe_cone|cboe_ctwo|cboe_exo|cboe_opt,true,EQTY,KOVITZ CORE EQUITY ETF,PROVIDER_QUERY_RETURNED_OPTION_ROOTS,EQTY,152,2026-10-01T18:39:39.769Z,b29997fe23140cc1846c04b0f2f48d1de9a6c203200b0d5adc1c21cc30803b17
ERX,CBOE_ETF,ETF,DIREXION SHARES ETF TRUST DAI ENE BUL ETF,American,cboe_cone|cboe_ctwo|cboe_exo|cboe_opt,false,ERX,Direxion Daily Energy Bull 2X Shares,PROVIDER_QUERY_RETURNED_OPTION_ROOTS,ERX,402,2026-10-01T18:39:44.860Z,9ca0c676ae8b87d26c097a0364132f9ab7fc0da89202d163cabfc9e7761c9e4e
ERY,CBOE_ETF,ETF,DIREXION SHARES ETF TRUST DAI ENE BEA ETF,American,cboe_cone|cboe_ctwo|cboe_exo|cboe_opt,false,ERY,Direxion Daily Energy Bear 2X Shares,PROVIDER_QUERY_RETURNED_OPTION_ROOTS,ERY,162,2026-10-01T18:39:45.383Z,09e266641ab55b7aab7a60380ced48e2d557fa323b1c35f7d89bc5287126630c
ESGE,CBOE_ETF,ETF,ISHARES INC ESG AWR MSCI EM,American,cboe_cone|cboe_ctwo|cboe_exo|cboe_opt,true,ESGE,"iShares, Inc. iShares ESG Aware MSCI EM ETF",PROVIDER_QUERY_RETURNED_OPTION_ROOTS,ESGE,156,2026-10-01T18:39:47.832Z,6274a88b00509e93f8f4c4820fdfd59baf614c86d45706f241614172a5e82d6a
ESPO,CBOE_ETF,ETF,VANECK ETF TRUST VIDEO GMNG ESPRT,American,cboe_cone|cboe_ctwo|cboe_exo|cboe_opt,true,ESPO,VanEck Video Gaming and eSports ETF,PROVIDER_QUERY_RETURNED_OPTION_ROOTS,ESPO,162,2026-10-01T18:39:51.341Z,b8c6f0f3abe5fcd4a702c0f744a755501069d83962119dc190efd3815919b703
ETH,CBOE_ETF,ETF,GRAYSCALE ETHEREUM STAKING SHS NEW,American,cboe_cone|cboe_ctwo|cboe_exo|cboe_opt,true,ETH,Grayscale Ethereum Staking ETF,PROVIDER_QUERY_RETURNED_OPTION_ROOTS,ETH,824,2026-10-01T18:39:55.421Z,5ee01f49e66627a337ae655dae7331d21004a819d07ae223bb8eb6a5ba53ff93
ETHA,CBOE_ETF,ETF,ISHARES ETHEREUM TR SHS,American,cboe_cone|cboe_ctwo|cboe_exo|cboe_opt,true,ETHA,ISHARES ETHEREUM TRUST ETF,PROVIDER_QUERY_RETURNED_OPTION_ROOTS,ETHA,1320,2026-10-01T18:39:55.872Z,ffffa30805656bed72a67eb9663f2e7e97242399c2c63a02174c525054dbc4d3
ETHD,CBOE_ETF,ETF,PROSHARES TR ULTRA ETHER ETF,American,cboe_cone|cboe_ctwo|cboe_exo|cboe_opt,true,ETHD,PROSHARES ULTRASHORT ETHER ETF,PROVIDER_QUERY_RETURNED_OPTION_ROOTS,ETHD,314,2026-10-01T18:39:56.920Z,feb26815d85a43dfecadddd6d19dad41a00747db21c662de1b25977beac01015
ETHE,CBOE_ETF,ETF,GRAYSCALE ETHEREUM STAKING ETF SHS,American,cboe_cone|cboe_ctwo|cboe_exo|cboe_opt,true,ETHE,Grayscale Ethereum Staking ETF,PROVIDER_QUERY_RETURNED_OPTION_ROOTS,ETHE,896,2026-10-01T18:39:57.347Z,ddaf27ab9b30ad159b77923ea11b8b0de6c75f0c5ad482d2006ceb7d3b633cab
ETHT,CBOE_ETF,ETF,PROSHARES TR ULTRA ETHER ETF,American,cboe_cone|cboe_ctwo|cboe_exo|cboe_opt,true,ETHT,PROSHARES ULTRA ETHER ETF,PROVIDER_QUERY_RETURNED_OPTION_ROOTS,ETHT,196,2026-10-01T18:39:57.839Z,8f65929c55cf5336a10aac73b28de0efdad8fb9fd87292b81a8cb086d6733752
ETHU,CBOE_ETF,ETF,2x Ether ETF,American,cboe_cone|cboe_ctwo|cboe_exo|cboe_opt,true,ETHU|ETHU1,2X ETHER ETF|2X ETHER ETF (1:20 Reverse Split),PROVIDER_QUERY_RETURNED_OPTION_ROOTS,ETHU|ETHU1,1526,2026-10-01T18:39:58.369Z,cb8ca60cd4f6ee74357ef9f6ac0f455024b7376f6f45db1df8dd6fa911e32433
ETHV,CBOE_ETF,ETF,VanEck Ethereum ETF,American,cboe_cone|cboe_ctwo|cboe_exo|cboe_opt,true,ETHV,VANECK ETHEREUM ETF,PROVIDER_QUERY_RETURNED_OPTION_ROOTS,ETHV,182,2026-10-01T18:39:58.911Z,9a12a0510e134b46892be30b7dc263fab6206c4b219a67d77c4ffeea1f8a8c0c
ETHW,CBOE_ETF,ETF,BITWISE ETHEREUM ETF SHS,American,cboe_cone|cboe_ctwo|cboe_exo|cboe_opt,true,ETHW,BITWISE ETHEREUM ETF,PROVIDER_QUERY_RETURNED_OPTION_ROOTS,ETHW,182,2026-10-01T18:39:59.409Z,c09b91259f31fb883c8a48529de30e9ab13df7b1b00740ba42b80dd3c305b8e4
ETNG,CBOE_ETF,ETF,Leverage Shares 2X Long ETN Daily ETF,American,cboe_cone|cboe_ctwo|cboe_exo|cboe_opt,true,ETNG,LEVERAGE SHARES 2X LONG ETN DAILY ETF,PROVIDER_QUERY_RETURNED_OPTION_ROOTS,ETNG,146,2026-10-01T18:40:00.399Z,a87a67b4fa1f5f631a573cabbf04a0d510ddc765a6826486f2c88a224f707136
ETU,CBOE_ETF,ETF,T-Rex 2X Long Ether Daily Target ETF,American,cboe_cone|cboe_ctwo|cboe_exo|cboe_opt,false,ETU,T-REX 2X LONG ETHER DAILY TARGET,PROVIDER_QUERY_RETURNED_OPTION_ROOTS,ETU,128,2026-10-01T18:40:03.033Z,c4b9a48cfdeb008811911b38d9928b811591502fb7f7edba13cababc005f508a
EUAD,CBOE_ETF,ETF,Select STOXX Europe Aerospace & Defense ETF,American,cboe_cone|cboe_ctwo|cboe_exo|cboe_opt,true,EUAD,SELECT STOXX EUROPE AEROSPACE & DEFENSE ETF,PROVIDER_QUERY_RETURNED_OPTION_ROOTS,EUAD,180,2026-10-01T18:40:03.885Z,d83c3c6a1b82c3aa7c4044f6c965fc996f341e6aa8e11ee0bf004652a3bd1e78
EUFN,CBOE_ETF,ETF,ISHARES TR MSCI EURO FL ETF,American,cboe_cone|cboe_ctwo|cboe_exo|cboe_opt,true,EUFN,iShares MSCI Europe Financials ETF,PROVIDER_QUERY_RETURNED_OPTION_ROOTS,EUFN,176,2026-10-01T18:40:04.430Z,2e1fef7670e7ead8e11e06c86901b3922183a362425058da1205b44d14142c3f
EUHY,CBOE_ETF,ETF,iShares Euro High Yield Corporate Bond USD Hedged ETF,American,cboe_cone|cboe_ctwo|cboe_exo|cboe_opt,true,EUHY,iShares Euro High Yield Crprte Bnd USD Hedged ETF,PROVIDER_QUERY_RETURNED_OPTION_ROOTS,EUHY,152,2026-10-01T18:40:04.882Z,ecb434b2dcdc120473d0b9f3cc2c974046fbc07ed0ede96a67de4d0bee031ff2
EUM,CBOE_ETF,ETF,PROSHARES TR SHORT MSCI EMRNG,American,cboe_cone,false,EUM,Short MSCI Emerging Markets ProShares,PROVIDER_QUERY_RETURNED_OPTION_ROOTS,EUM,152,2026-10-01T18:40:05.385Z,bc9175d6b5ef23dbdec8fa75def7c37b785ba9e1fc0f512b5b4fd9b48585c247
EUO,CBOE_ETF,ETF,PROSHARES TR II ULTRASHRT EURO,American,cboe_cone|cboe_ctwo|cboe_exo|cboe_opt,false,EUO,ProShares UltraShort Euro,PROVIDER_QUERY_RETURNED_OPTION_ROOTS,EUO,168,2026-10-01T18:40:05.889Z,855f00481b7090ea7a831736da8b6a421b63df8de4c98fc54ec5dfd06d0c4728
EURL,CBOE_ETF,ETF,DIREXION SHARES ETF TRUST DAIL FT EURO ETF,American,cboe_cone,false,EURL,Direxion Daily FTSE Europe Bull 3x Shares,PROVIDER_QUERY_RETURNED_OPTION_ROOTS,EURL,188,2026-10-01T18:40:06.418Z,2eca9bb8e224575324c8d5cd90f8556af358c026ab1265dafd875c39717b6794
EUSA,CBOE_ETF,ETF,ISHARES INC MSCI EQUAL WEITE,American,cboe_cone|cboe_ctwo|cboe_exo|cboe_opt,true,EUSA,ISHARES MSCI USA EQUAL WEIGHTED ETF,PROVIDER_QUERY_RETURNED_OPTION_ROOTS,EUSA,268,2026-10-01T18:40:06.942Z,d139f357cb14a6e0489828f2989481edf9fc5d09ec868f7b85632b237b8d5d99
EUV,CBOE_ETF,ETF,Corgi Lithography & Semiconductor Photonics ETF,American,cboe_cone|cboe_ctwo|cboe_exo|cboe_opt,true,EUV,CORGI LITHOGRAPHY AND SEMICONDUCTOR PHOTONICS ETF,PROVIDER_QUERY_RETURNED_OPTION_ROOTS,EUV,242,2026-10-01T18:40:07.405Z,896a44239242849f804988d204d4cf1934a9e3c2549a126e128620cf23564a48
EVMT,CBOE_ETF,ETF,INVESCO ACTVELY MNGD ETC FD TR ELC VEH MTLS CDT,American,cboe_cone|cboe_ctwo|cboe_exo|cboe_opt,false,EVMT,INVESCO ELECTRIC VEHICLE METALS COMMODITY STRATEGY,PROVIDER_QUERY_RETURNED_OPTION_ROOTS,EVMT,152,2026-10-01T18:40:11.943Z,2b7f87290f2a23d2aeeaa9787521175ed68d7412d5d0fcaa91eca805209754c7
EWA,CBOE_ETF,ETF,ISHARES INC MSCI AUST ETF,American,cboe_cone|cboe_ctwo|cboe_exo|cboe_opt,true,EWA,iShares MSCI Australia ETF,PROVIDER_QUERY_RETURNED_OPTION_ROOTS,EWA,168,2026-10-01T18:40:15.403Z,9069dda61b385067689a793da0c891648d79315c79eedda9ce338fdcb0381751
EWC,CBOE_ETF,ETF,ISHARES INC MSCI CDA ETF,American,cboe_cone|cboe_ctwo|cboe_exo|cboe_opt,true,EWC,iShares MSCI Canada ETF,PROVIDER_QUERY_RETURNED_OPTION_ROOTS,EWC,418,2026-10-01T18:40:16.429Z,0abe93385594a6fe92c5b6ff4304348b1e2c8f792b94763522bc2c8ed9f2439e
EWD,CBOE_ETF,ETF,ISHARES INC MSCI SWEDEN ETF,American,cboe_cone,true,EWD,iShares MSCI Sweden ETF,PROVIDER_QUERY_RETURNED_OPTION_ROOTS,EWD,180,2026-10-01T18:40:16.910Z,8130e6433142c1fbf8d3e14c78d0d96d56fefd473c151e10ef0dd3be95c9578b
EWG,CBOE_ETF,ETF,ISHARES INC MSCI GERMANY ETF,American,cboe_cone|cboe_ctwo|cboe_exo|cboe_opt,true,EWG,iShares MSCI Germany ETF,PROVIDER_QUERY_RETURNED_OPTION_ROOTS,EWG,376,2026-10-01T18:40:17.431Z,bba43f00306156d7849c8270b5f3f360f6a9e7d8f487d79d42909fd24f1f1f0b
EWH,CBOE_ETF,ETF,ISHARES INC MSCI HONG KG ETF,American,cboe_cone|cboe_ctwo|cboe_exo|cboe_opt,true,EWH,iShares MSCI Hong Kong ETF,PROVIDER_QUERY_RETURNED_OPTION_ROOTS,EWH,168,2026-10-01T18:40:17.955Z,34364916c3915c367a480705bfef7ad675267ac313cc92bef81f2599566b3a0a
EWI,CBOE_ETF,ETF,ISHARES INC MSCI ITALY ETF,American,cboe_cone|cboe_ctwo|cboe_exo|cboe_opt,true,EWI,iShares MSCI Italy ETF,PROVIDER_QUERY_RETURNED_OPTION_ROOTS,EWI,180,2026-10-01T18:40:18.500Z,6c9a744f93d5510a8e2d4a8edf71b87f5837e55054d534fde0b54640509d261e
EWJ,CBOE_ETF,ETF,ISHARES INC MSCI JAPAN ETF,American,cboe_cone|cboe_ctwo|cboe_exo|cboe_opt,true,EWJ,iShares MSCI Japan ETF,PROVIDER_QUERY_RETURNED_OPTION_ROOTS,EWJ,1052,2026-10-01T18:40:18.943Z,8b97ff09d4dca6e4d07e2871480ee57947ec758d32acfa91522c1732c50e48af
EWK,CBOE_ETF,ETF,ISHARES INC MSCI BELGIUM ETF,American,cboe_cone,true,EWK,iShares MSCI Belgium ETF,PROVIDER_QUERY_RETURNED_OPTION_ROOTS,EWK,152,2026-10-01T18:40:19.468Z,1192fd4caab60d1cd152f515923d3b9a1a7cfb3ca9181ebe4bb106de6c65b36e
EWL,CBOE_ETF,ETF,ISHARES INC MSCI SWITZERLAND,American,cboe_cone,true,EWL,iShares MSCI Switzerland ETF,PROVIDER_QUERY_RETURNED_OPTION_ROOTS,EWL,154,2026-10-01T18:40:20.005Z,1187520e2a20c3b57a5ac53a48243937387fbec757f184bd77348830bc75d447
EWM,CBOE_ETF,ETF,ISHARES INC MSCI MLY ETF NEW,American,cboe_cone|cboe_ctwo|cboe_exo|cboe_opt,true,EWM,iShares MSCI Malaysia ETF,PROVIDER_QUERY_RETURNED_OPTION_ROOTS,EWM,164,2026-10-01T18:40:20.415Z,51dcb78705ce6a36f5a97159c970d642573294d0fc0d38fac6be06c504a7ac75
EWN,CBOE_ETF,ETF,ISHARES INC MSCI NETHERL ETF,American,cboe_cone,true,EWN,iShares MSCI Netherlands ETF,PROVIDER_QUERY_RETURNED_OPTION_ROOTS,EWN,164,2026-10-01T18:40:20.933Z,0e834d9bf204bd8dd58bd2ae2aafce0bacf8257dcef15c5f17032c5b3ad62fba
EWP,CBOE_ETF,ETF,ISHARES INC MSCI SPAIN ETF,American,cboe_cone|cboe_ctwo|cboe_exo|cboe_opt,true,EWP,iShares MSCI Spain ETF,PROVIDER_QUERY_RETURNED_OPTION_ROOTS,EWP,192,2026-10-01T18:40:21.435Z,f20f3176e06be3b85ee31e144ed5c6468e1a25bdc76883fd6388d9d9fc64ba88
EWQ,CBOE_ETF,ETF,ISHARES INC MSCI FRANCE ETF,American,cboe_cone|cboe_ctwo|cboe_exo|cboe_opt,true,EWQ,iShares MSCI France ETF,PROVIDER_QUERY_RETURNED_OPTION_ROOTS,EWQ,162,2026-10-01T18:40:21.958Z,9ad8d49671c16df3995347739913188fe19594f6e885cbc4ab2e2f74ac0cdcb4
EWS,CBOE_ETF,ETF,ISHARES INC MSCI SINGPOR ETF,American,cboe_cone|cboe_exo|cboe_opt,true,EWS,iShares MSCI Singapore ETF,PROVIDER_QUERY_RETURNED_OPTION_ROOTS,EWS,170,2026-10-01T18:40:22.477Z,0550c12dd67efb7f902b0a7a0a6e85eecbc665df178918d532437f817d7e8b07
EWT,CBOE_ETF,ETF,ISHARES INC MSCI TAIWAN ETF,American,cboe_cone|cboe_ctwo|cboe_exo|cboe_opt,true,EWT,iShares MSCI Taiwan ETF,PROVIDER_QUERY_RETURNED_OPTION_ROOTS,EWT,742,2026-10-01T18:40:23.015Z,53494b4f7159e7bffd4ece14b30880657f14201b4a3ec399fa9430c9d6773ffd
EWU,CBOE_ETF,ETF,ISHARES TR MSCI UK ETF NEW,American,cboe_cone|cboe_ctwo|cboe_exo|cboe_opt,true,EWU,iShares MSCI United Kingdom ETF,PROVIDER_QUERY_RETURNED_OPTION_ROOTS,EWU,178,2026-10-01T18:40:23.997Z,d1df7a2cc6f8899d03a8335627cc5e3e4256f3a92291c79a753a106900f210a3
EWV,CBOE_ETF,ETF,PROSHARES TR ULTRASHORT MSCI,American,cboe_cone,false,EWV,ProShares UltraShort MSCI Japan,PROVIDER_QUERY_RETURNED_OPTION_ROOTS,EWV,176,2026-10-01T18:40:24.922Z,b02c57f1b478c6914ff4df70a234b8c1ace35dcaf03cf64123804c745f137c29
EWW,CBOE_ETF,ETF,ISHARES INC MSCI MEXICO ETF,American,cboe_cone|cboe_ctwo|cboe_exo|cboe_opt,true,EWW,iShares MSCI Mexico ETF,PROVIDER_QUERY_RETURNED_OPTION_ROOTS,EWW,416,2026-10-01T18:40:25.449Z,c3886c6770113e54f79b5b1669855a59dd1b6f2bd08d81a4971c9de374b75c32
EWX,CBOE_ETF,ETF,SPDR INDEX SHS FDS ST MARKE CAP ETF,American,cboe_cone,true,EWX,State Street SPDR S&P Emerging Mrkts Small Cap ETF,PROVIDER_QUERY_RETURNED_OPTION_ROOTS,EWX,196,2026-10-01T18:40:25.932Z,bed8afc8b6da261054e03de84706e5bd1b5b7663440360fd8f877ea05ab376c8
EWY,CBOE_ETF,ETF,ISHARES INC MSCI STH KOR ETF,American,cboe_cone|cboe_ctwo|cboe_exo|cboe_opt,true,EWY,iShares MSCI South Korea ETF,PROVIDER_QUERY_RETURNED_OPTION_ROOTS,EWY,2096,2026-10-01T18:40:26.467Z,61d7540518776d1370213e65ff73788d2f7e8cff4b09e380b77cdcbaaf086e7b
EWZ,CBOE_ETF,ETF,ISHARES INC MSCI BRAZIL ETF,American,cboe_cone|cboe_ctwo|cboe_exo|cboe_opt,true,EWZ,iShares MSCI Brazil ETF,PROVIDER_QUERY_RETURNED_OPTION_ROOTS,EWZ,1540,2026-10-01T18:40:26.941Z,869e999279fee8f48207d4ab89b0676a8bd624f17dcecff6db7746b777c11cbe
EWZS,CBOE_ETF,ETF,ISHARES TR BRAZIL SM-CP ETF,American,cboe_cone|cboe_ctwo|cboe_exo|cboe_opt,true,EWZS,ISHARES MSCI BRAZIL SMALL-CAP ETF,PROVIDER_QUERY_RETURNED_OPTION_ROOTS,EWZS,168,2026-10-01T18:40:27.445Z,9cccbc9ec11d80c73feccd2469cfcb56203e30cc9d6502035d104773c432535e
EYES,CBOE_ETF,ETF,Corgi Data & Surveillance ETF,American,cboe_cone|cboe_ctwo|cboe_exo|cboe_opt,true,EYES,CORGI DATA AND SURVEILLANCE ETF,PROVIDER_QUERY_RETURNED_OPTION_ROOTS,EYES,148,2026-10-01T18:40:35.209Z,2915e62b2487bd921753871f3c73a5175998fc6f5cac9dc6a2403db7944d9632
EZA,CBOE_ETF,ETF,ISHARES INC MSCI STH AFR ETF,American,cboe_cone|cboe_ctwo|cboe_exo|cboe_opt,true,EZA,iShares MSCI South Africa ETF,PROVIDER_QUERY_RETURNED_OPTION_ROOTS,EZA,240,2026-10-01T18:40:36.062Z,b59f0bd691af10488a70471af364841418681dd92c7bfaabfdb53ec4a8043726
EZBC,CBOE_ETF,ETF,Franklin Bitcoin ETF,American,cboe_cone|cboe_ctwo|cboe_exo|cboe_opt,true,EZBC,FRANKLIN BITCOIN ETF,PROVIDER_QUERY_RETURNED_OPTION_ROOTS,EZBC,182,2026-10-01T18:40:36.578Z,f2e8c0a92ae18b52e7d58dcbf9ac348dc4a8bafe84b2f0b4c0bb1156e67a97e0
EZET,CBOE_ETF,ETF,Franklin Ethereum ETF,American,cboe_cone|cboe_ctwo|cboe_exo|cboe_opt,true,EZET,FRANKLIN ETHEREUM ETF,PROVIDER_QUERY_RETURNED_OPTION_ROOTS,EZET,152,2026-10-01T18:40:36.995Z,cb7300247dd7178bb217bb9ce78cdc608e433bf33040ac1b139da52ff62dbdea
EZJ,CBOE_ETF,ETF,PROSHARES TR UL MSCI JP ETF,American,cboe_cone,false,EZJ,ProShares Ultra MSCI Japan,PROVIDER_QUERY_RETURNED_OPTION_ROOTS,EZJ,202,2026-10-01T18:40:37.493Z,618c032e50bad38cd2370f631b42768a3263199800e4e0870999b1e37f7380bd
EZU,CBOE_ETF,ETF,iShares MSCI Eurozone ETF,American,cboe_cone|cboe_ctwo|cboe_exo|cboe_opt,true,EZU,iShares MSCI Eurozone ETF,PROVIDER_QUERY_RETURNED_OPTION_ROOTS,EZU,196,2026-10-01T18:40:39.003Z,fa18b58bff9d4578670b793c59c53ac369bcec8d6676411c126680dcad7edd98
FALN,CBOE_ETF,ETF,ISHARES TR FALN ANGLS USD,American,cboe_cone|cboe_ctwo|cboe_exo|cboe_opt,true,FALN,ISHARES FALLEN ANGELS USD BOND ETF,PROVIDER_QUERY_RETURNED_OPTION_ROOTS,FALN,152,2026-10-01T18:40:42.594Z,7484e9ac14f5bfedc9d6e98bfbdd4981981135f2f0162ae7e82ba7cd7d4ca1f1
FAN,CBOE_ETF,ETF,FIRST TR EXCHANGE-TRADED FD II GBL WND ENRG ETF,American,cboe_cone|cboe_ctwo|cboe_exo|cboe_opt,true,FAN,FIRST TRUST GLOBAL WIND ENERGY ETF,PROVIDER_QUERY_RETURNED_OPTION_ROOTS,FAN,152,2026-10-01T18:40:43.062Z,1f363b240d809bb239e31924a65b6279789afdf18a724ec2d384c1aa83a8750a
FAS,CBOE_ETF,ETF,DIREXION SHARES ETF TRUST DAILY FINANCIAL,American,cboe_cone|cboe_ctwo|cboe_exo|cboe_opt,false,FAS,Direxionshares Daily Financial Bull 3X Shares,PROVIDER_QUERY_RETURNED_OPTION_ROOTS,FAS,2566,2026-10-01T18:40:44.169Z,e0a0aec54ef6f766466970a8fdbfe375ffc20fb575f949aca7aa41529e8e0059
FAZ,CBOE_ETF,ETF,DIREXION SHARES ETF TRUST DAILY FINANCIAL,American,cboe_cone|cboe_ctwo|cboe_exo|cboe_opt,false,FAZ|FAZ1,Direxionshares Daily Financial Bear 3X Shares|Direxionshares Daily Financial Bear 3X Shr (1:10),PROVIDER_QUERY_RETURNED_OPTION_ROOTS,FAZ|FAZ1,354,2026-10-01T18:40:45.686Z,9d52954d410917249aa29cfe91a614523e80af9e13d3fc8e7a09a503d6f19ad0
FBL,CBOE_ETF,ETF,GRANITESHARES ETF TR 2X LONG META ETF,American,cboe_cone|cboe_ctwo|cboe_exo|cboe_opt,true,FBL,GraniteShares ETF Trust 2x Long META Daily ETF,PROVIDER_QUERY_RETURNED_OPTION_ROOTS,FBL,358,2026-10-01T18:40:48.532Z,d727fc617d756a45b85fae2fcbecc2f1f2493e51ed07a5665fe401cf913e49e9
FBND,CBOE_ETF,ETF,FIDELITY MERRIMACK STR TR TOTAL BD ETF,American,cboe_cone|cboe_ctwo|cboe_exo|cboe_opt,true,FBND,FIDELITY TOTAL BOND ETF,PROVIDER_QUERY_RETURNED_OPTION_ROOTS,FBND,152,2026-10-01T18:40:49.530Z,7dfc725fff0ec16d13ffeb347e3e3da7a73bcedb6d2670056360e99ca13db905
FBOT,CBOE_ETF,ETF,FIDELITY COVINGTON TRUST DISRU AUTOM ETF,American,cboe_cone|cboe_ctwo|cboe_exo|cboe_opt,true,FBOT,FIDELITY DISRUPTIVE AUTOMATION ETF,PROVIDER_QUERY_RETURNED_OPTION_ROOTS,FBOT,152,2026-10-01T18:40:50.032Z,08bc1eaba5dcdcb3d2b6eebac7c263b3f752cb3335c613590e45432a8337309e
FBT,CBOE_ETF,ETF,FIRST TR EXCHANGE-TRADED FD NY ARCA BIOTECH,American,cboe_cone|cboe_ctwo|cboe_exo|cboe_opt,false,FBT,First Trust NYSE Arca Biotechnology Index Fund,PROVIDER_QUERY_RETURNED_OPTION_ROOTS,FBT,332,2026-10-01T18:40:52.047Z,f1d28c4643346e9c59ce87a8f9ce8c9a8c6a229a8bf189a40bc0317e4d3b4a50
FBTC,CBOE_ETF,ETF,Fidelity Wise Origin Bitcoin Fund,American,cboe_cone|cboe_ctwo|cboe_exo|cboe_opt,false,FBTC,FIDELITY WISE ORIGIN BITCOIN,PROVIDER_QUERY_RETURNED_OPTION_ROOTS,FBTC,1118,2026-10-01T18:40:52.585Z,62869a23c02729655fdfb63368f6c666fa0251b9d5bd8c2780511db21be4be66
FBY,CBOE_ETF,ETF,TIDAL TRUST II YIELDMAX META,American,cboe_cone|cboe_ctwo|cboe_exo|cboe_opt,true,FBY,YIELDMAX META OPTION INCOME STRATEGY ETF,PROVIDER_QUERY_RETURNED_OPTION_ROOTS,FBY,150,2026-10-01T18:40:53.127Z,ad9ea24581e417ac4ef91d7c96cde8ca0e6adae08342a90d244f694c377b410e
FCA,CBOE_ETF,ETF,FIRST TR EXCH TRD ALPHDX FD II CHINA ALPHADEX,American,cboe_cone,false,FCA,First Trust China AlphaDEX Fund,PROVIDER_QUERY_RETURNED_OPTION_ROOTS,FCA,156,2026-10-01T18:40:54.129Z,7937f7e2b92f827a4479894ff18ee80859423bf693d309df61d2992c519e75ed
FCG,CBOE_ETF,ETF,FIRST TR EXCHANGE-TRADED FD NAT GAS ETF,American,cboe_cone|cboe_ctwo|cboe_exo|cboe_opt,true,FCG,First Trust Natural Gas ETF,PROVIDER_QUERY_RETURNED_OPTION_ROOTS,FCG,176,2026-10-01T18:40:56.565Z,3b2824eae08bb8efd26765695733f1950b0695b43a890400430a300f8c88bd05
FCLD,CBOE_ETF,ETF,Fidelity Cloud Computing ETF,American,cboe_cone|cboe_ctwo|cboe_exo|cboe_opt,true,FCLD,FIDELITY CLOUD COMPUTING ETF,PROVIDER_QUERY_RETURNED_OPTION_ROOTS,FCLD,168,2026-10-01T18:40:57.100Z,22241894c66b1907d837e2f23dfb76be2d9cfe8ab4bc77db6187fb535642ee14
FCOM,CBOE_ETF,ETF,FIDELITY COVINGTON TRUST MSCI COMMNTN SVC,American,cboe_cone|cboe_ctwo|cboe_exo|cboe_opt,false,FCOM,FIDELITY MSCI COMMUN SERVICES,PROVIDER_QUERY_RETURNED_OPTION_ROOTS,FCOM,152,2026-10-01T18:40:58.622Z,313c06c678bfb13dac37f012749934fddea383e251ab6a2888fa5311d9943dd7
FDEM,CBOE_ETF,ETF,Fidelity Emerging Markets Multifactor ETF,American,cboe_cone|cboe_ctwo|cboe_exo|cboe_opt,true,FDEM,FIDELITY EMERGING MARKETS MULTIFACTOR ETF,PROVIDER_QUERY_RETURNED_OPTION_ROOTS,FDEM,152,2026-10-01T18:41:01.110Z,1a760d4d65c7e78f7fd102dd5506410a3f42f0119bf50219c872ed88b74d958d
FDEV,CBOE_ETF,ETF,Fidelity International Multifactor ETF,American,cboe_cone|cboe_ctwo|cboe_exo|cboe_opt,true,FDEV,FIDELITY INTERNATIONAL MULTIFACTOR ETF,PROVIDER_QUERY_RETURNED_OPTION_ROOTS,FDEV,152,2026-10-01T18:41:01.575Z,f0c066fcd9e908e0067f95716618c6c984d75ebde618782b8fae2d4decc4c229
FDIG,CBOE_ETF,ETF,FIDELITY COVINGTON TRUST CRYPTO IND & DIG,American,cboe_cone|cboe_ctwo|cboe_exo|cboe_opt,true,FDIG,FIDELITY CRYPTO INDUSTRY AND DIGITAL PAYMENTS ETF,PROVIDER_QUERY_RETURNED_OPTION_ROOTS,FDIG,166,2026-10-01T18:41:02.573Z,5c8b0e9cf74326e0eb1497d645578409ef17929dcc6bfb644fa3fa2322154d37
FDIS,CBOE_ETF,ETF,FIDELITY COVINGTON TRUST MSCI CONSM DIS,American,cboe_cone|cboe_ctwo|cboe_exo|cboe_opt,true,FDIS,FIDELITY MSCI CONSUMER DISCRETIONARY INDEX ETF,PROVIDER_QUERY_RETURNED_OPTION_ROOTS,FDIS,216,2026-10-01T18:41:03.628Z,292c09ee471c854184a36e0eba6b4faea86bd088ad6304a0c347f39deeb39e14
FDL,CBOE_ETF,ETF,FIRST TR EXCHANGE-TRADED FD SHS,American,cboe_cone|cboe_ctwo|cboe_exo|cboe_opt,false,FDL,FIRST TRUST MORNINGSTAR DIVIDEND LRADERS,PROVIDER_QUERY_RETURNED_OPTION_ROOTS,FDL,152,2026-10-01T18:41:04.111Z,2624a63092de5773150ec3119e5b312ae5b45524be0f6434681c4afac2699e68
FDLO,CBOE_ETF,ETF,FIDELITY COVINGTON TRUST LOW VOLITY ETF,American,cboe_cone|cboe_ctwo|cboe_exo|cboe_opt,true,FDLO,FIDELITY LOW VOLATILITY FACTOR ETF,PROVIDER_QUERY_RETURNED_OPTION_ROOTS,FDLO,200,2026-10-01T18:41:04.618Z,dd768fcef5c8762c5995041d30f7ad640c19a0bb92d5b13114f028733f0f64bf
FDMO,CBOE_ETF,ETF,FIDELITY COVINGTON TRUST MOMENTUM FACTR,American,cboe_cone|cboe_ctwo|cboe_exo|cboe_opt,true,FDMO,FIDELITY MOMENTUM FACTOR ETF,PROVIDER_QUERY_RETURNED_OPTION_ROOTS,FDMO,176,2026-10-01T18:41:05.154Z,3200420f9895964c7e1714a775e2a82b8c107de1d7c60670ec317fb68efa7824
FDN,CBOE_ETF,ETF,FIRST TR EXCHANGE-TRADED FD DJ INTERNT IDX,American,cboe_cone|cboe_ctwo|cboe_exo|cboe_opt,true,FDN,First Trust Dow Jones Internet Index Fund ETF,PROVIDER_QUERY_RETURNED_OPTION_ROOTS,FDN,356,2026-10-01T18:41:06.132Z,1d913003fad9b2a495932170a986a2bfd7623cdc931918491282b319a3e28e1a
FDNI,CBOE_ETF,ETF,FIRST TR EXCHANGE-TRADED FD II DJ INTL INTRNT,American,cboe_cone|cboe_ctwo|cboe_exo|cboe_opt,true,FDNI,FIRST TRUST DOW JONES INTERNATIONAL INTERNET ETF,PROVIDER_QUERY_RETURNED_OPTION_ROOTS,FDNI,152,2026-10-01T18:41:06.657Z,894e1372cdaf2cab0682e9002a4c9d395654bd2af71ca8be62e50e61ef497b90
FDT,CBOE_ETF,ETF,FIRST TR EXCH TRD ALPHDX FD II DEV MRK EX US,American,cboe_cone|cboe_ctwo|cboe_exo|cboe_opt,false,FDT,FIRST TRUST DEVELOPED MARKETS EX-US ALPHADEX FUND,PROVIDER_QUERY_RETURNED_OPTION_ROOTS,FDT,198,2026-10-01T18:41:09.275Z,e4bbde369c4d1327a4f0f18118906e12cf974044bc6646cca77264585d28bac5
FDVV,CBOE_ETF,ETF,FIDELITY COVINGTON TRUST HIGH DIVID ETF,American,cboe_cone|cboe_ctwo|cboe_exo|cboe_opt,true,FDVV,FIDELITY HIGH DIVIDEND ETF,PROVIDER_QUERY_RETURNED_OPTION_ROOTS,FDVV,156,2026-10-01T18:41:11.190Z,b33c07d3c7ec02787f2a072e2e6751e82a3a3d23ea7caad8a3299c3cc6ce2ba1
FELC,CBOE_ETF,ETF,FIDELITY COVINGTON TRUST ENHANCED LARGE,American,cboe_cone|cboe_ctwo|cboe_exo|cboe_opt,true,FELC,FIDELITY ENHANCED LARGE CAP CORE ETF,PROVIDER_QUERY_RETURNED_OPTION_ROOTS,FELC,168,2026-10-01T18:41:14.167Z,977613f5b67e77c05ef344979ea7f4c1e4d8379631d927704f4a851346b95233
FELG,CBOE_ETF,ETF,FIDELITY COVINGTON TRUST ENHANCED LARGE,American,cboe_cone|cboe_ctwo|cboe_exo|cboe_opt,true,FELG,FIDELITY ENHANCED LARGE CAP GROWTH ETF,PROVIDER_QUERY_RETURNED_OPTION_ROOTS,FELG,168,2026-10-01T18:41:15.121Z,f5402d019a36670b3f06cf118d3ca2afadfe519fc72f029b75654a0857713c3a
FELV,CBOE_ETF,ETF,FIDELITY COVINGTON TRUST ENHANCED LARGE,American,cboe_cone|cboe_ctwo|cboe_exo|cboe_opt,true,FELV,FIDELITY ENHANCED LARGE CAP VALUE ETF,PROVIDER_QUERY_RETURNED_OPTION_ROOTS,FELV,168,2026-10-01T18:41:15.626Z,8f44ce2f09348398b2fe00ec6fc266077fa2ac03d8242aa0feec72f93df22eaa
FEM,CBOE_ETF,ETF,FIRST TR EXCH TRD ALPHDX FD II EMERG MKT ALPH,American,cboe_cone,false,FEM,First Trust Emerging Markets AlphaDEX Fund,PROVIDER_QUERY_RETURNED_OPTION_ROOTS,FEM,152,2026-10-01T18:41:16.152Z,584995d1d289084508fb47541a6a61dbabe2f0332e09dec30cdc3fd45d8adbd3
FENI,CBOE_ETF,ETF,FIDELITY COVINGTON TRUST ENHANCED INTL,American,cboe_cone|cboe_ctwo|cboe_exo|cboe_opt,true,FENI,FIDELITY ENHANCED INTERNATIONAL ETF,PROVIDER_QUERY_RETURNED_OPTION_ROOTS,FENI,168,2026-10-01T18:41:17.665Z,d214f0ff3abf2abd7962e1fbe4c294b40e9f2ca846b5543b552b7882b3d67538
FENY,CBOE_ETF,ETF,FIDELITY COVINGTON TRUST MSCI ENERGY IDX,American,cboe_cone|cboe_ctwo|cboe_exo|cboe_opt,true,FENY,Fidelity MSCI Energy Index ETF,PROVIDER_QUERY_RETURNED_OPTION_ROOTS,FENY,152,2026-10-01T18:41:18.191Z,d92ad79529b09ec44186fdf1a752b961ee9ce504fab1ea4544dd9f9120c5a611
FEP,CBOE_ETF,ETF,FIRST TR EXCH TRD ALPHDX FD II EUROPE ALPHADEX,American,cboe_cone,false,FEP,First Trust Europe AlphaDEX Fund,PROVIDER_QUERY_RETURNED_OPTION_ROOTS,FEP,152,2026-10-01T18:41:18.727Z,7e4b58d928130a3fd3b028e0412ffb0c5a68599139649e4b36793fcfa0ceab2c
FEPI,CBOE_ETF,ETF,ETF OPPORTUNITIES TRUST REX FA IN EQ ETF,American,cboe_cone|cboe_ctwo|cboe_exo|cboe_opt,true,FEPI,REX FANG & INNOVATION EQUITY PREMIUM INCOME ETF,PROVIDER_QUERY_RETURNED_OPTION_ROOTS,FEPI,176,2026-10-01T18:41:19.243Z,0b15bf047f763dd587bbb39a673711002b60acb4badef2cd1ab46b1362bcad34
FETH,CBOE_ETF,ETF,Fidelity Ethereum Fund,American,cboe_cone|cboe_ctwo|cboe_exo|cboe_opt,true,FETH,FIDELITY ETHEREUM FUND ETF,PROVIDER_QUERY_RETURNED_OPTION_ROOTS,FETH,388,2026-10-01T18:41:21.764Z,152d4560a93cc07e4787c48b69f828adbdef042f7620a34630ebd8fe8cba22d5
FEUZ,CBOE_ETF,ETF,FIRST TR EXCH TRD ALPHDX FD II EURO ALPHADEX,American,cboe_cone|cboe_ctwo|cboe_exo|cboe_opt,true,FEUZ,FIRST TRUST EUROZONE ALPHADEX ETF,PROVIDER_QUERY_RETURNED_OPTION_ROOTS,FEUZ,152,2026-10-01T18:41:22.193Z,e0c6c3664fb5e0f81bc162bdc774ffdad757d8a8d6cb4e215e234b1ef7343884
FEX,CBOE_ETF,ETF,FIRST TR EXCHANGE-TRADED ALPHA COM SHS,American,cboe_cone,false,FEX,First Trust Large Cap Core AlphaDEX Fund,PROVIDER_QUERY_RETURNED_OPTION_ROOTS,FEX,172,2026-10-01T18:41:22.721Z,a5b9b59aaaf13b82f1df7377789ae528cd805180ab650fc9061966dc13298c87
FEZ,CBOE_ETF,ETF,SPDR INDEX SHS FDS ST STR EU 50 ETF,American,cboe_cone|cboe_ctwo|cboe_exo|cboe_opt,true,FEZ,State Street SPDR EURO STOXX 50 ETF,PROVIDER_QUERY_RETURNED_OPTION_ROOTS,FEZ,886,2026-10-01T18:41:23.139Z,4b0637d99dff019b01b5271d48014388c52e9fe0e5aa6d9369dd5faaec99aa8e
FFDI,CBOE_ETF,ETF,Fidelity Fundamental Developed International ETF,American,cboe_cone|cboe_ctwo|cboe_exo|cboe_opt,true,FFDI,FIDELITY FUNDAMENTAL DEVELOPED INTERNATIONAL ETF,PROVIDER_QUERY_RETURNED_OPTION_ROOTS,FFDI,152,2026-10-01T18:41:25.147Z,fef91dedc8f6b182db5b302daddf0098fadfa20bfef4dc0d60070a30c56c4cb0
FFEM,CBOE_ETF,ETF,Fidelity Fundamental Emerging Markets ETF,American,cboe_cone|cboe_ctwo|cboe_exo|cboe_opt,true,FFEM,FIDELITY FUNDAMENTAL EMERGING MARKETS ETF,PROVIDER_QUERY_RETURNED_OPTION_ROOTS,FFEM,152,2026-10-01T18:41:25.686Z,e112d6b88e9b7c5590aeaeef438d27390e01f363541e18e00c0644d08a41e441
FFGX,CBOE_ETF,ETF,Fidelity Fundamental Global ex-U.S. ETF,American,cboe_cone|cboe_ctwo|cboe_exo|cboe_opt,true,FFGX,FIDELITY FUNDAMENTAL GLOBAL EX-U.S. ETF,PROVIDER_QUERY_RETURNED_OPTION_ROOTS,FFGX,152,2026-10-01T18:41:26.253Z,3d1a009a0c8b4455995bb6f94a2fc67cd3e0d60da3aa1d40ecfa2ed74dbd7842
FFLV,CBOE_ETF,ETF,Fidelity Fundamental Large Cap Value ETF,American,cboe_cone|cboe_ctwo|cboe_exo|cboe_opt,true,FFLV,FIDELITY FUNDAMENTAL LARGE CAP VALUE ETF,PROVIDER_QUERY_RETURNED_OPTION_ROOTS,FFLV,152,2026-10-01T18:41:27.723Z,dd913a289777f7fe027a01a8c4b791777ee4986a776f659ba7678670d63de6e4
FFTY,CBOE_ETF,ETF,CAPITAL-FORCE ETF TR IBD 50 ETF,American,cboe_cone|cboe_ctwo|cboe_exo|cboe_opt,true,FFTY,CapForce IBD 50 ETF,PROVIDER_QUERY_RETURNED_OPTION_ROOTS,FFTY,156,2026-10-01T18:41:28.241Z,acb22a80fc45daec7f763da9693faae8481b9994b061742b8a9627e05d41d050
FGM,CBOE_ETF,ETF,FIRST TR EXCH TRD ALPHDX FD II GERMANY ALPHA,American,cboe_cone|cboe_ctwo|cboe_exo|cboe_opt,false,FGM,FIRST TRUST GERMANY ALPHADEX FUND,PROVIDER_QUERY_RETURNED_OPTION_ROOTS,FGM,168,2026-10-01T18:41:30.250Z,c75045f0b21f0702432c01b2dd2b89ca78d29b05efd2f4d75462b5b0b9376f03
FGRU,CBOE_ETF,ETF,T-REX 2X Long FIGR Daily Target ETF,American,cboe_cone|cboe_ctwo|cboe_exo|cboe_opt,true,FGRU,T-REX 2X LONG FIGR DAILY TARGET ETF,PROVIDER_QUERY_RETURNED_OPTION_ROOTS,FGRU,168,2026-10-01T18:41:30.679Z,0a1dc85611972b912c06839386cbc9f79830ceba31be494c13d7bd20e1ac7576
FHEQ,CBOE_ETF,ETF,Fidelity Hedged Equity ETF,American,cboe_cone|cboe_ctwo|cboe_exo|cboe_opt,true,FHEQ,FIDELITY HEDGED EQUITY ETF,PROVIDER_QUERY_RETURNED_OPTION_ROOTS,FHEQ,152,2026-10-01T18:41:31.688Z,5bde93dc09b5e4e40dfe61b00abe34bc1bf73858ca485389c5ba976382383973
FHLC,CBOE_ETF,ETF,FIDELITY COVINGTON TRUST MSCI HLTH CARE I,American,cboe_cone,true,FHLC,Fidelity MSCI Health Care Index ETF,PROVIDER_QUERY_RETURNED_OPTION_ROOTS,FHLC,196,2026-10-01T18:41:32.740Z,7633fb891263c763cc8a5e76736090bc49388f0686569730d5763f786ea29d64
FIAT,CBOE_ETF,ETF,TIDAL TRUST II YIELDMAX SHORT,American,cboe_cone|cboe_ctwo|cboe_exo|cboe_opt,true,FIAT,YIELDMAX SHORT COIN OPTION INCOME STRATEGY ETF,PROVIDER_QUERY_RETURNED_OPTION_ROOTS,FIAT,184,2026-10-01T18:41:34.277Z,58ad9c53f1649d84526c8eb38f3e636f1d61ec3522d98a2e1d1ff639250fff54
FIDI,CBOE_ETF,ETF,FIDELITY COVINGTON TRUST INT HG DIV ETF,American,cboe_cone|cboe_ctwo|cboe_exo|cboe_opt,true,FIDI,FIDELITY INTERNATIONAL HIGH DIVIDEND ETF,PROVIDER_QUERY_RETURNED_OPTION_ROOTS,FIDI,152,2026-10-01T18:41:36.419Z,9e1efb20792cfdb1e2bb1836092f4f6003b080689b942c24922b5aa875c4ec45
FIDU,CBOE_ETF,ETF,FIDELITY COVINGTON TRUST MSCI INDL INDX,American,cboe_cone|cboe_ctwo|cboe_exo|cboe_opt,true,FIDU,FIDELITY MSCI INDUSTRIALS INDEX ETF,PROVIDER_QUERY_RETURNED_OPTION_ROOTS,FIDU,172,2026-10-01T18:41:36.947Z,261f6f94e3aa138ee75a67f8c215136898b69271720605009c5c0d259bfc8c15
FIGG,CBOE_ETF,ETF,THEMES ETF TR LEVERAGE SHS 2X,American,cboe_cone|cboe_ctwo|cboe_exo|cboe_opt,true,FIGG|FIGG1,THEMES ETF TRUST LEVERAGE SHARES 2X LONG FIG DAILY|THEMES ETF TRST LEVERAGE SHRS 2X L FIG DAILY(1:20),PROVIDER_QUERY_RETURNED_OPTION_ROOTS,FIGG|FIGG1,218,2026-10-01T18:41:37.932Z,f40e749a0051a7f2262c1705e6092675325e0f27f5719248b4f98b4abca5f183
FINX,CBOE_ETF,ETF,GLOBAL X FDS FINTECH ETF,American,cboe_cone|cboe_ctwo|cboe_exo|cboe_opt,true,FINX,GLOBAL X FINTECH ETF,PROVIDER_QUERY_RETURNED_OPTION_ROOTS,FINX,170,2026-10-01T18:41:39.906Z,216975208210755f99ca3267c0767169905bcd5ddc5a1d455a6d8efa1d2ebdb1
FIVA,CBOE_ETF,ETF,FIDELITY COVINGTON TRUST INT VL FCT ETF,American,cboe_cone|cboe_ctwo|cboe_exo|cboe_opt,true,FIVA,FIDELITY INTERNATIONAL VALUE FACTOR ETF,PROVIDER_QUERY_RETURNED_OPTION_ROOTS,FIVA,152,2026-10-01T18:41:44.030Z,02247faba2b9029491f656da44ac0a22a097f7917de273a9f45c809cd2fc73e5
FIXD,CBOE_ETF,ETF,FIRST TR EXCHNG TRADED FD VIII SMITH OPPORT FXD,American,cboe_cone|cboe_ctwo|cboe_exo|cboe_opt,true,FIXD,First Trust Smith Opportunistic Fixed Income ETF,PROVIDER_QUERY_RETURNED_OPTION_ROOTS,FIXD,152,2026-10-01T18:41:46.648Z,2f29dd5aa903dd57a145cc915078f43b4f030dc3108a3cb0203fc5a53e7fab74
FJP,CBOE_ETF,ETF,FIRST TR EXCH TRD ALPHDX FD II JAPAN ALPHADEX,American,cboe_cone|cboe_ctwo|cboe_exo|cboe_opt,false,FJP,FIRST TRUST JAPAN ALPHADEX FUND,PROVIDER_QUERY_RETURNED_OPTION_ROOTS,FJP,156,2026-10-01T18:41:48.162Z,abfdec6abbfe21f22ccaf3c238df90a0ca34023170cc55b6d085a20c918b1883
FLAX,CBOE_ETF,ETF,FRANKLIN TEMPLETON ETF TR FRANKLIN ASIA,American,cboe_cone|cboe_ctwo|cboe_exo|cboe_opt,true,FLAX,FRANKLIN FTSE ASIA EX JAPAN ETF,PROVIDER_QUERY_RETURNED_OPTION_ROOTS,FLAX,154,2026-10-01T18:41:49.727Z,5da77edd2fbaab52a7a335840e14860a01be2b21594e542000cf1a267b8e5aad
FLEE,CBOE_ETF,ETF,FRANKLIN TEMPLETON ETF TR FTSE EUROPE,American,cboe_cone|cboe_ctwo|cboe_exo|cboe_opt,true,FLEE,FRANKLIN FTSE EUROPE ETF,PROVIDER_QUERY_RETURNED_OPTION_ROOTS,FLEE,152,2026-10-01T18:41:51.626Z,f93e8b0128f68c3cee7ea418f41ccc1c3582139348245ad2e92c27297d6b295c
FLEU,CBOE_ETF,ETF,FRANKLIN TEMPLETON ETF TR FRANKLIN FTSE,American,cboe_cone|cboe_ctwo|cboe_exo|cboe_opt,true,FLEU,FRANKLIN FTSE EUROZONE ETF,PROVIDER_QUERY_RETURNED_OPTION_ROOTS,FLEU,152,2026-10-01T18:41:52.164Z,389deda87e8cfe9ef9e9d042860101744a6bc9b12fccb0c94babb2ab5adc028d
FLGR,CBOE_ETF,ETF,FRANKLIN TEMPLETON ETF TR FTSE GERMANY,American,cboe_cone|cboe_ctwo|cboe_exo|cboe_opt,true,FLGR,FRANKLIN FTSE GERMANY ETF,PROVIDER_QUERY_RETURNED_OPTION_ROOTS,FLGR,152,2026-10-01T18:41:53.736Z,36991c39f633c994bb855d317dc2d1b721b686d0fcac980d6b0174ea7d341f15
FLIN,CBOE_ETF,ETF,FRANKLIN TEMPLETON ETF TR FRANKLIN INDIA,American,cboe_cone|cboe_ctwo|cboe_exo|cboe_opt,true,FLIN,FRANKLIN FTSE INDIA ETF,PROVIDER_QUERY_RETURNED_OPTION_ROOTS,FLIN,168,2026-10-01T18:41:54.705Z,84912bd2a17f0d4e157833bc970e948fb6b35b34c2654634981147fa6db9d91f
FLJH,CBOE_ETF,ETF,FRANKLIN TEMPLETON ETF TR FTSE JAPAN HDG,American,cboe_cone|cboe_ctwo|cboe_exo|cboe_opt,true,FLJH,FRANKLIN FTSE JAPAN HEDGED ETF,PROVIDER_QUERY_RETURNED_OPTION_ROOTS,FLJH,152,2026-10-01T18:41:55.740Z,ba82e35712c32f1582b4ceb129518b511c6af67cc28a53a2428400647fe1f6ec
FLJP,CBOE_ETF,ETF,FRANKLIN TEMPLETON ETF TR FTSE JAPAN ETF,American,cboe_cone|cboe_ctwo|cboe_exo|cboe_opt,true,FLJP,FRANKLIN FTSE JAPAN ETF,PROVIDER_QUERY_RETURNED_OPTION_ROOTS,FLJP,152,2026-10-01T18:41:56.049Z,c8f181f422db36f4d8efe5f952f633a74928013a0fc44900c5676f8d6b247ecb
FLMX,CBOE_ETF,ETF,FRANKLIN TEMPLETON ETF TR FTSE MEXICO,American,cboe_cone|cboe_ctwo|cboe_exo|cboe_opt,true,FLMX,FRANKLIN FTSE MEXICO ETF,PROVIDER_QUERY_RETURNED_OPTION_ROOTS,FLMX,152,2026-10-01T18:41:58.465Z,0ed127c55e584da80da86a365a6b5971dc156a6028f9aa99486c30ae7e720dc2
FLOW,CBOE_ETF,ETF,GLOBAL X FDS US CASH FLOW,American,cboe_cone|cboe_ctwo|cboe_exo|cboe_opt,true,FLOW,GLOBAL X U.S. CASH FLOW KINGS 100 ETF,PROVIDER_QUERY_RETURNED_OPTION_ROOTS,FLOW,162,2026-10-01T18:42:01.258Z,1c2b22e52b34a6e29f5fc53cab19c05ef039929f83883bf26006aabe65169fe1
FLQL,CBOE_ETF,ETF,Franklin U.S. Large Cap Multifactor Index ETF,American,cboe_cone|cboe_ctwo|cboe_exo|cboe_opt,true,FLQL,Franklin U.S. Large Cap Multifactor Index ETF,PROVIDER_QUERY_RETURNED_OPTION_ROOTS,FLQL,162,2026-10-01T18:42:01.792Z,6162006d59cc36cfed026bfa8babedeb0568fedb692e461a6bc453cf93ffc84d
FLRG,CBOE_ETF,ETF,FIDELITY COVINGTON TRUST FIDELITY US MLTF,American,cboe_cone|cboe_ctwo|cboe_exo|cboe_opt,true,FLRG,FIDELITY U.S. MULTIFACTOR ETF,PROVIDER_QUERY_RETURNED_OPTION_ROOTS,FLRG,152,2026-10-01T18:42:03.339Z,354115d67b4e7c00e266848f8fd55e6b6a6515073e27c25da3061051aff80537
FLRN,CBOE_ETF,ETF,SPDR SERIES TRUST ST STR RATE ETF,American,cboe_cone|cboe_ctwo|cboe_exo|cboe_opt,true,FLRN,St Strt SPDR Blmbrg Invstmnt Grd Floating Rate ETF,PROVIDER_QUERY_RETURNED_OPTION_ROOTS,FLRN,152,2026-10-01T18:42:03.806Z,8197ad832e2e62aaa8649cb5483a758d8fdc5b208104028cda9c7b51045fa15b
FLTR,CBOE_ETF,ETF,VANECK ETF TRUST IG FLOA RATE ETF,American,cboe_cone|cboe_ctwo|cboe_exo|cboe_opt,true,FLTR,VANECK IG FLOATING RATE ETF,PROVIDER_QUERY_RETURNED_OPTION_ROOTS,FLTR,168,2026-10-01T18:42:04.766Z,d32e589836846bdbf263c623403d94e8b19790f986ce79b3f492673ee3773ade
FLYT,CBOE_ETF,ETF,Tradr 2X Long FLY Daily ETF,American,cboe_cone|cboe_ctwo|cboe_exo|cboe_opt,false,FLYT,TRADR 2 LONG FLY DAILY,PROVIDER_QUERY_RETURNED_OPTION_ROOTS,FLYT,176,2026-10-01T18:42:07.344Z,c00346cb0fe24c5d9145b113aa51b1805d81e1510562980ea4101484925b4015
FMAG,CBOE_ETF,ETF,Fidelity Magellan ETF,American,cboe_cone|cboe_ctwo|cboe_exo|cboe_opt,true,FMAG,FIDELITY MAGELLAN ETF,PROVIDER_QUERY_RETURNED_OPTION_ROOTS,FMAG,168,2026-10-01T18:42:08.336Z,ffec80f328f53e0fc8ee335ebf8c2773b49d9871fec56abd996c0d72be930ce2
FMAT,CBOE_ETF,ETF,FIDELITY COVINGTON TRUST MSCI MATLS INDEX,American,cboe_cone,true,FMAT,Fidelity MSCI Materials Index ETF,PROVIDER_QUERY_RETURNED_OPTION_ROOTS,FMAT,182,2026-10-01T18:42:09.275Z,6884137ee18a90fe8c17dd015b716a958a04861064f7e970fc9d7577f54d8224
FMDE,CBOE_ETF,ETF,FIDELITY COVINGTON TRUST ENH MID COR ETF,American,cboe_cone|cboe_ctwo|cboe_exo|cboe_opt,true,FMDE,Fidelity Enhanced Mid Cap Core ETF,PROVIDER_QUERY_RETURNED_OPTION_ROOTS,FMDE,168,2026-10-01T18:42:10.779Z,10be2aa60e5e8b9521c57bd76db406b32b5755b580cd43d80ab6a577997400bd
FMET,CBOE_ETF,ETF,FIDELITY COVINGTON TRUST METAVERSE ETF,American,cboe_cone|cboe_ctwo|cboe_exo|cboe_opt,true,FMET,FIDELITY METAVERSE ETF,PROVIDER_QUERY_RETURNED_OPTION_ROOTS,FMET,156,2026-10-01T18:42:11.835Z,c696b958c2fda98b2e398f797eb9f4de4be1bbe345e3132a4036e24bf6b68c75
FNCL,CBOE_ETF,ETF,FIDELITY COVINGTON TRUST MSCI FINLS IDX,American,cboe_cone,true,FNCL,Fidelity MSCI Financials Index ETF,PROVIDER_QUERY_RETURNED_OPTION_ROOTS,FNCL,156,2026-10-01T18:42:14.888Z,3971518ceaaf8791d26b148b5108ed98f523f5649cc15ef033fc46bd685341ea
FNDA,CBOE_ETF,ETF,SCHWAB STRATEGIC TR FUNDAMENTAL US S,American,cboe_cone|cboe_ctwo|cboe_exo|cboe_opt,true,FNDA,Schwab Fundamental U.S. Small Company ETF,PROVIDER_QUERY_RETURNED_OPTION_ROOTS,FNDA,152,2026-10-01T18:42:15.874Z,f6604fde28abf94f04fc98115b96ff987fa85593c3c20be0a7f1f0ed061d2c7c
FNDE,CBOE_ETF,ETF,SCHWAB STRATEGIC TR FUND EM EQUI ETF,American,cboe_cone,true,FNDE,Schwab Fundamental Emerging Markets Equity ETF,PROVIDER_QUERY_RETURNED_OPTION_ROOTS,FNDE,152,2026-10-01T18:42:16.809Z,2ab498aeb2e1a81af6bb2f3cf7c93ac84e3f955533cd430c68965f643c9ff56f
FNDF,CBOE_ETF,ETF,SCHWAB STRATEGIC TR FUNDAMENTAL INTL,American,cboe_cone,true,FNDF,Schwab Fundamental International Equity ETF,PROVIDER_QUERY_RETURNED_OPTION_ROOTS,FNDF,152,2026-10-01T18:42:17.325Z,521e50b693441bf22ca9a174b4b194296d155294ccc92825a22cbcccf9d94623
FNDX,CBOE_ETF,ETF,SCHWAB STRATEGIC TR FUNDAMENTAL US L,American,cboe_cone,true,FNDX,Schwab Fundamental U.S. Large Company ETF,PROVIDER_QUERY_RETURNED_OPTION_ROOTS,FNDX,152,2026-10-01T18:42:17.824Z,b020be12f5cc933ac02c069bd3218e2a527c1f7807d03c47f09ceab5e0dab99f
FNGG,CBOE_ETF,ETF,DIREXION SHARES ETF TRUST DAILY NYSE FANG,American,cboe_cone|cboe_ctwo|cboe_exo|cboe_opt,false,FNGG,Direxion Daily NYSE FANG+ Bull 2X Shares,PROVIDER_QUERY_RETURNED_OPTION_ROOTS,FNGG,440,2026-10-01T18:42:18.893Z,a0a6b27822118834f080c7c891a3a5329b167405222a44028c0d9c115b729c6b
FNGS,CBOE_ETF,ETF,BANK OF MONTREAL NT LKD 38,American,cboe_cone|cboe_ctwo|cboe_exo|cboe_opt,false,FNGS,MICROSECTORS FANG ETN,PROVIDER_QUERY_RETURNED_OPTION_ROOTS,FNGS,288,2026-10-01T18:42:19.871Z,9ac241564e16046cb72bc6d170f6b8070f02997a8cb7a8a3ce57f38998eedc3c
FOTO,CBOE_ETF,ETF,Tuttle Capital Pure Play Photonics ETF,American,cboe_cone|cboe_ctwo|cboe_exo|cboe_opt,true,FOTO,TUTTLE CAPITAL PURE PLAY PHOTONICS ETF,PROVIDER_QUERY_RETURNED_OPTION_ROOTS,FOTO,202,2026-10-01T18:42:26.956Z,ab679558cd6ce23b68a108211e496e48218bee289ed5837224c794375d4d8751
FPE,CBOE_ETF,ETF,FIRST TR EXCH TRADED FD III PFD SECS INC ETF,American,cboe_cone|cboe_ctwo|cboe_exo|cboe_opt,false,FPE,First Trust Preferred Securities and Income Fund,PROVIDER_QUERY_RETURNED_OPTION_ROOTS,FPE,152,2026-10-01T18:42:29.504Z,d05e16c717bae7cdc9a292504a175fc7b74156fad81658c68a62268d04c986f7
FPRO,CBOE_ETF,ETF,Fidelity Real Estate Investment ETF,American,cboe_cone|cboe_ctwo|cboe_exo|cboe_opt,true,FPRO,FIDELITY REAL ESTATE INVESTMENT ETF,PROVIDER_QUERY_RETURNED_OPTION_ROOTS,FPRO,168,2026-10-01T18:42:30.940Z,94582bcfc2976376a46294c3687769e84d782fc0d724e966a79e36e5895ce953
FPX,CBOE_ETF,ETF,FIRST TR EXCHANGE-TRADED FD US EQTY OPPT ETF,American,cboe_cone|cboe_ctwo|cboe_exo|cboe_opt,true,FPX,FIRST TRUST US EQUITY OPPORTUNITIES ETF,PROVIDER_QUERY_RETURNED_OPTION_ROOTS,FPX,292,2026-10-01T18:42:32.456Z,ba4c4f41232405abc63982e7881c8db608c31cd014735f1c1554262a8aad7468
FQAL,CBOE_ETF,ETF,FIDELITY COVINGTON TRUST QLTY FCTOR ETF,American,cboe_cone|cboe_ctwo|cboe_exo|cboe_opt,true,FQAL,FIDELITY QUALITY FACTOR ETF,PROVIDER_QUERY_RETURNED_OPTION_ROOTS,FQAL,162,2026-10-01T18:42:33.505Z,d70afafd34a5fd9137fb27e98c1510154304198569d8d015fb08496f1a291589
FRDM,CBOE_ETF,ETF,Freedom 100 Emerging Markets ETF,American,cboe_cone|cboe_ctwo|cboe_exo|cboe_opt,true,FRDM,FREEDOM 100 EMERGING MARKETS ETF,PROVIDER_QUERY_RETURNED_OPTION_ROOTS,FRDM,174,2026-10-01T18:42:34.943Z,bfe77d2d2aa8488b7dae8720fc7e0268b860d2a5608ae986d166ab39dd7d85cb
FREL,CBOE_ETF,ETF,FIDELITY COVINGTON TRUST MSCI RL EST ETF,American,cboe_cone|cboe_ctwo|cboe_exo|cboe_opt,false,FREL,FIDWLITY MSCI REAL ESTATE,PROVIDER_QUERY_RETURNED_OPTION_ROOTS,FREL,152,2026-10-01T18:42:35.436Z,6013016a0266f61802573b17769bd777b4451b9cd50669c0aca9fbaebeb2a2ca
FRI,CBOE_ETF,ETF,FIRST TR EXCHANGE-TRADED FD COM,American,cboe_cone|cboe_ctwo|cboe_exo|cboe_opt,false,FRI,FIRST TRUST S&P REIT INDEX FUND,PROVIDER_QUERY_RETURNED_OPTION_ROOTS,FRI,152,2026-10-01T18:42:36.429Z,72b5a552d8efe1996523b31c1fe24fd881c0e917bf6b4cb75f11846255021de4
FRNW,CBOE_ETF,ETF,Fidelity Clean Energy ETF,American,cboe_cone|cboe_ctwo|cboe_exo|cboe_opt,true,FRNW,FIDELITY CLEAN ENERGY ETF,PROVIDER_QUERY_RETURNED_OPTION_ROOTS,FRNW,152,2026-10-01T18:42:38.477Z,c507c8d22e3b29ace1c7b431ceedc56ffc0456bd6c8549340058ce03a716e1e8
FSMD,CBOE_ETF,ETF,FIDELITY COVINGTON TRUST SML MID MLTFCT,American,cboe_cone|cboe_ctwo|cboe_exo|cboe_opt,true,FSMD,FIDELITY SMALL-MID MULTIFACTOR ETF,PROVIDER_QUERY_RETURNED_OPTION_ROOTS,FSMD,156,2026-10-01T18:42:45.456Z,25d4554546f538505b0995d059c1a638198e87d817922891fee446d93ce1c351
FSOL,CBOE_ETF,ETF,FIDELITY SOLANA FD BENEFICIAL INT,American,cboe_cone|cboe_ctwo|cboe_exo|cboe_opt,false,FSOL,FIDELITY SOLANA FUND,PROVIDER_QUERY_RETURNED_OPTION_ROOTS,FSOL,176,2026-10-01T18:42:45.965Z,daaecc522b6177e5abfedc076573c5b2fdb2538b0da5734aaa87c3bea72661ec
FSTA,CBOE_ETF,ETF,FIDELITY COVINGTON TRUST CONSMR STAPLES,American,cboe_cone|cboe_ctwo|cboe_exo|cboe_opt,true,FSTA,FIDELITY MSCI CONSUMER STAPLES INDEX ETF,PROVIDER_QUERY_RETURNED_OPTION_ROOTS,FSTA,152,2026-10-01T18:42:47.460Z,4ba727a7bfd4bff3a1ca8f5e1ba6b4333e9ce58dcd49d5f1fe9c7b7414a6144d
FSZ,CBOE_ETF,ETF,FIRST TR EXCH TRD ALPHDX FD II SWITZLND ALPHA,American,cboe_cone|cboe_ctwo|cboe_exo|cboe_opt,false,FSZ,FIRST TRUST SWITZERLAND ALPHADEX FUND,PROVIDER_QUERY_RETURNED_OPTION_ROOTS,FSZ,154,2026-10-01T18:42:49.486Z,35c88128deaaebb8c874e69cb075f399c395d93f358493f160fc1546d70bd8c6
FTAG,CBOE_ETF,ETF,FIRST TR EXCHANGE-TRADED FD II INDXX GLOBAL AGR,American,cboe_cone,true,FTAG,First Trust Indxx Global Agriculture ETF,PROVIDER_QUERY_RETURNED_OPTION_ROOTS,FTAG,172,2026-10-01T18:42:50.530Z,1202002a02a789cb657fc775ef326ef4f91cd6e4e2e9610776402218c753d987
FTC,CBOE_ETF,ETF,FIRST TR EXCHANGE-TRADED ALPHA COM SHS,American,cboe_cone,false,FTC,First Trust Large Cap Growth AlphaDEX Fund,PROVIDER_QUERY_RETURNED_OPTION_ROOTS,FTC,358,2026-10-01T18:42:51.530Z,790553332fb460895ad01acc2a109fd789a2279df826e994a387691e3d0bcbd5
FTCS,CBOE_ETF,ETF,FIRST TR EXCHANGE-TRADED FD CAP STRENGTH ETF,American,cboe_cone|cboe_ctwo|cboe_exo|cboe_opt,false,FTCS,FIRST TRUST CAPITAL STRENGTH,PROVIDER_QUERY_RETURNED_OPTION_ROOTS,FTCS,164,2026-10-01T18:42:52.569Z,e19b393a917931eb247ab2d24a111457bc3533cba1a63607725a83f6c9e13202
FTEC,CBOE_ETF,ETF,FIDELITY COVINGTON TRUST MSCI INFO TECH I,American,cboe_cone|cboe_ctwo|cboe_exo|cboe_opt,true,FTEC,Fidelity MSCI Information Technology Index ETF,PROVIDER_QUERY_RETURNED_OPTION_ROOTS,FTEC,306,2026-10-01T18:42:53.484Z,38c4315eaa10bb0dd1cfa2f7f3e913ca7d3c876c8d4c3bcb3ecd86b5eb836232
FTGC,CBOE_ETF,ETF,FIRST TR EXCHANGE TRAD FD VII FST TR GLB FD,American,cboe_cone|cboe_ctwo|cboe_exo|cboe_opt,false,FTGC,FIRST TRUST GLOBAL TACTICAL STRATEGY FUND,PROVIDER_QUERY_RETURNED_OPTION_ROOTS,FTGC,152,2026-10-01T18:42:54.537Z,d9550c736bf798a33a2897a812d571b437d4a0cb04a3fab5f7957fe72b709179
FTQI,CBOE_ETF,ETF,FIRST TR EXCHANGE TRADED FD VI NASDAQ BUYWRITE,American,cboe_cone|cboe_ctwo|cboe_exo|cboe_opt,true,FTQI,FIRST TRUST NASDAQ BUYWRITE INCOME ETF,PROVIDER_QUERY_RETURNED_OPTION_ROOTS,FTQI,152,2026-10-01T18:42:57.991Z,ef1e5812daee520e39411b20fb279d6300492b8903ebee91365b4cae93d6abb5
FTXO,CBOE_ETF,ETF,FIRST TR EXCHANGE TRADED FD VI NASDAQ BK ETF,American,cboe_cone|cboe_ctwo|cboe_exo|cboe_opt,true,FTXO,FIRST TRUST NASDAQ BANK ETF,PROVIDER_QUERY_RETURNED_OPTION_ROOTS,FTXO,184,2026-10-01T18:43:03.058Z,e5d63ea5e478634efa2808e1f255d8a77b5e325fe64988e8f5cb7e7622929047
FUTG,CBOE_ETF,ETF,THEMES ETF TR LEVERAGE SHS 2X,American,cboe_cone|cboe_ctwo|cboe_exo|cboe_opt,true,FUTG,THEMES ETF TRUST LEVERAGE SHARES 2X LONG FUTU,PROVIDER_QUERY_RETURNED_OPTION_ROOTS,FUTG,104,2026-10-01T18:43:07.116Z,ca3ec90c5ae8b8a98a73166f4487ad55d2ba38aa77a1cade720c0f49ad4df902
FUTY,CBOE_ETF,ETF,FIDELITY COVINGTON TRUST MSCI UTILS INDEX,American,cboe_cone|cboe_ctwo|cboe_exo|cboe_opt,false,FUTY,FIDELITY MSCI UTILITIES,PROVIDER_QUERY_RETURNED_OPTION_ROOTS,FUTY,160,2026-10-01T18:43:08.107Z,0935654a9dbf4cb75f503ef1721a8e341bb49dd92899540b91c578931a2fd5ab
FV,CBOE_ETF,ETF,FIRST TR EXCHANGE TRADED FD VI DORSEY WRT 5 ETF,American,cboe_cone,true,FV,First Trust Dorsey Wright Focus 5 ETF,PROVIDER_QUERY_RETURNED_OPTION_ROOTS,FV,182,2026-10-01T18:43:08.631Z,e8adef0deef503f9b3ff535ee2043b2b5a2ef749b8e375472628d4c8c4ba33b5
FVD,CBOE_ETF,ETF,FIRST TR EXCHANGE-TRADED FD SHS,American,cboe_cone,false,FVD,First Trust Value Line Dividend Index Fund,PROVIDER_QUERY_RETURNED_OPTION_ROOTS,FVD,152,2026-10-01T18:43:10.041Z,376a7288c1fb19057fc2b6effa67b7d32c70e22828c00f25db474944dc305434
FXA,CBOE_ETF,ETF,INVESCO CURRENCYSHARES AUSTRAL AUSTRALIAN DOL,American,cboe_cone|cboe_ctwo|cboe_exo|cboe_opt,false,FXA,Invesco CurrencyShares Australian Dollar Trust,PROVIDER_QUERY_RETURNED_OPTION_ROOTS,FXA,186,2026-10-01T18:43:13.605Z,f916f43fb05fe247ad062d0ff0683e326162f019dacfe8b9b7ec114b81f705ae
FXB,CBOE_ETF,ETF,INVESCO CURRENCYSHARES BRIT PO BRIT POUN STRL,American,cboe_cone|cboe_ctwo|cboe_exo|cboe_opt,false,FXB,Invesco CurrencyShares British Pound Sterling Trus,PROVIDER_QUERY_RETURNED_OPTION_ROOTS,FXB,176,2026-10-01T18:43:14.128Z,e14dc36a9d375b2a5d1a3783a15e534ce2bd22a60053ca08cd991287af3e4fe8
FXC,CBOE_ETF,ETF,INVESCO CURRENCYSHARES CDN DLR CDN DLR SHS,American,cboe_cone|cboe_ctwo|cboe_exo|cboe_opt,false,FXC,Invesco CurrencyShares Canadian Dollar Trust,PROVIDER_QUERY_RETURNED_OPTION_ROOTS,FXC,176,2026-10-01T18:43:14.597Z,c13e8ab8f107129103a2c475ab05a083a06636f4dba25d5a349cb8873bedcd64
FXD,CBOE_ETF,ETF,FIRST TR EXCHANGE-TRADED FD II CONSUMR DISCRE,American,cboe_cone,false,FXD,First Trust Consumer Discretionary AlphaDEX Fund,PROVIDER_QUERY_RETURNED_OPTION_ROOTS,FXD,154,2026-10-01T18:43:15.115Z,b5c351f04072f433b98f6018b6497fe78840a2eb0f9525794da1cc6a2be8a918
FXE,CBOE_ETF,ETF,INVESCO CURRENCYSHARES EURO TR EURO SHS,American,cboe_cone|cboe_ctwo|cboe_exo|cboe_opt,false,FXE,Invesco CurrencyShares Euro Currency Trust,PROVIDER_QUERY_RETURNED_OPTION_ROOTS,FXE,238,2026-10-01T18:43:15.639Z,7fe1146ee49a1646d9994559a11a9d098575c27b4053f6aef8d3fccdb6ea3233
FXF,CBOE_ETF,ETF,INVESCO CURRENCYSHARES SWISS F SWISS FRANC,American,cboe_cone|cboe_ctwo|cboe_exo|cboe_opt,false,FXF,Invesco CurrencyShares Swiss Franc Trust,PROVIDER_QUERY_RETURNED_OPTION_ROOTS,FXF,190,2026-10-01T18:43:16.070Z,a9eada9ee0419a30865f12d9d03f43a2aee568dd546486dc38450b6ffe115fe5
FXG,CBOE_ETF,ETF,FIRST TR EXCHANGE-TRADED FD II CONSUMR STAPLE,American,cboe_cone,false,FXG,First Trust Consumer Staples AlphaDEX Fund,PROVIDER_QUERY_RETURNED_OPTION_ROOTS,FXG,156,2026-10-01T18:43:16.566Z,144a682cd1ee4efe8ba095bdebee87f3cb7b7a1fc7679adf07051eb4f7915d51
FXH,CBOE_ETF,ETF,FIRST TR EXCHANGE-TRADED FD II HLTH CARE ALPH,American,cboe_cone|cboe_ctwo|cboe_exo|cboe_opt,false,FXH,First Trust Health Care AlphaDEX Fund,PROVIDER_QUERY_RETURNED_OPTION_ROOTS,FXH,232,2026-10-01T18:43:17.076Z,4f11686b200ebd54932c2c728820abc32ceeca6c8953d3a08362e50e1e78942e
FXI,CBOE_ETF,ETF,ISHARES TR CHINA LG-CAP ETF,American,cboe_cone|cboe_ctwo|cboe_exo|cboe_opt,true,FXI,iShares China Large-Cap ETF,PROVIDER_QUERY_RETURNED_OPTION_ROOTS,FXI,1456,2026-10-01T18:43:17.611Z,09c8897306389f22ca57719bc84367f1acba798a41f30c3ac0df2c5190f300e9
FXL,CBOE_ETF,ETF,FIRST TR EXCHANGE-TRADED FD II TECH ALPHADEX,American,cboe_cone,false,FXL,First Trust Technology AlphaDEX Fund,PROVIDER_QUERY_RETURNED_OPTION_ROOTS,FXL,272,2026-10-01T18:43:18.161Z,6887f85e03144f5de0df102421d1e8b46c5db2c8f55861270beb8bf1ea5f80ae
FXN,CBOE_ETF,ETF,FIRST TR EXCHANGE-TRADED FD II ENERGY ALPHADX,American,cboe_cone,false,FXN,First Trust Energy AlphaDEX Fund,PROVIDER_QUERY_RETURNED_OPTION_ROOTS,FXN,152,2026-10-01T18:43:18.675Z,1573303384bde26ca125e70999c350804341f2660c521e160d7e92357f001048
FXP,CBOE_ETF,ETF,PROSHARES TR ULTSHT FT CH 50,American,cboe_cone|cboe_ctwo|cboe_exo|cboe_opt,false,FXP,ProShares UltraShort FTSE China 50,PROVIDER_QUERY_RETURNED_OPTION_ROOTS,FXP,172,2026-10-01T18:43:19.643Z,5ddf33cef1d70eeb1b4fd774086cd71e2989874d4309b0fd66a7d948892b5d6d
FXR,CBOE_ETF,ETF,FIRST TR EXCHANGE-TRADED FD II INDLS PROD DUR,American,cboe_cone,false,FXR,First Trust Industrials/Producer Durables AlphaDEX,PROVIDER_QUERY_RETURNED_OPTION_ROOTS,FXR,158,2026-10-01T18:43:20.175Z,0ceeb6a4a66fe41bbfccc742ef796a67fae4f703e86fb6d9432935f434a79dbd
FXU,CBOE_ETF,ETF,FIRST TR EXCHANGE-TRADED FD II UTILITIES ALPH,American,cboe_cone,false,FXU,First Trust Utilities AlphaDEX Fund,PROVIDER_QUERY_RETURNED_OPTION_ROOTS,FXU,152,2026-10-01T18:43:20.580Z,50ee8bb78768953dee0b5697c0770c724a15f43881e34bd62e120a39b7321070
FXY,CBOE_ETF,ETF,INVESCO CURRENCYSHARES JAPANESE YEN,American,cboe_cone|cboe_ctwo|cboe_exo|cboe_opt,false,FXY,Invesco CurrencyShares Japanese Yen Trust,PROVIDER_QUERY_RETURNED_OPTION_ROOTS,FXY,398,2026-10-01T18:43:21.102Z,0dbc983aaa7338bab79391c0325d24e1b872bac544e096a1c93c5a8a088266d0
FXZ,CBOE_ETF,ETF,FIRST TR EXCHANGE-TRADED FD II MATERIALS ALPH,American,cboe_cone,true,FXZ,First Trust Materials AlphaDEX Fund ETF,PROVIDER_QUERY_RETURNED_OPTION_ROOTS,FXZ,168,2026-10-01T18:43:21.602Z,2a314baef071d8364ed72f1bf682e7326688f3790cefd2f37e6ff9e69fd5c481
FYEE,CBOE_ETF,ETF,Fidelity Yield Enhanced Equity ETF,American,cboe_cone|cboe_ctwo|cboe_exo|cboe_opt,true,FYEE,FIDELITY YIELD ENHANCED EQUITY ETF,PROVIDER_QUERY_RETURNED_OPTION_ROOTS,FYEE,152,2026-10-01T18:43:22.587Z,11393537cdce362445bde632ffd0ad797d2020d8a9bf9fd5dedf49df20ccf988
GAL,CBOE_ETF,ETF,SSGA ACTIVE ETF TR ST STR GLOBA ETF,American,cboe_cone|cboe_ctwo|cboe_exo|cboe_opt,true,GAL,State Street Global Allocation ETF,PROVIDER_QUERY_RETURNED_OPTION_ROOTS,GAL,152,2026-10-01T18:43:26.651Z,003d50d5b968057283948939f696c42ed744626499f1e9145a80d8495d0839b1
GASZ,CBOE_ETF,ETF,Corgi Natural Gas Power & Turbines ETF,American,cboe_cone|cboe_ctwo|cboe_exo|cboe_opt,true,GASZ,CORGI NATURAL GAS POWER AND TURBINES ETF,PROVIDER_QUERY_RETURNED_OPTION_ROOTS,GASZ,144,2026-10-01T18:43:29.666Z,27a8a41b949b53b050f734d88592000f46960a1daff1f9bea6f47b01ff8b355f
GBIL,CBOE_ETF,ETF,GOLDMAN SACHS ETF TR ACCES TREASURY,American,cboe_cone|cboe_ctwo|cboe_exo|cboe_opt,true,GBIL,GOLDMAN SACHS ACCESS TREASURY 0-1 YEAR ETF,PROVIDER_QUERY_RETURNED_OPTION_ROOTS,GBIL,152,2026-10-01T18:43:32.604Z,96e118b57f6e906f99bffb033693eed39e307bce36f906c1cd3259897388abf6
GBTC,CBOE_ETF,ETF,GRAYSCALE BITCOIN TRUST ETF SHS REP COM UT,American,cboe_cone|cboe_ctwo|cboe_exo|cboe_opt,true,GBTC,GRAYSCALE BITCOIN TRUST ETF,PROVIDER_QUERY_RETURNED_OPTION_ROOTS,GBTC,964,2026-10-01T18:43:33.128Z,41e0fe45f1fa1ecabb082a39d8b0d9fe1afa0ef7427824dd9959052720d24090
GCC,CBOE_ETF,ETF,WISDOMTREE TR ENHNCD CMMDTY ST,American,cboe_cone|cboe_ctwo|cboe_exo|cboe_opt,false,GCC,WISDOMTREE ENHANCED COMMODITY STRATEGY FUND,PROVIDER_QUERY_RETURNED_OPTION_ROOTS,GCC,152,2026-10-01T18:43:35.124Z,05dd0725cf112cb2a1d354dcfd6f7728366aee538f4b5a3f10090a9cdd2771ad
GCOR,CBOE_ETF,ETF,GOLDMAN SACHS ETF TR ACCESS US AGRAT,American,cboe_cone|cboe_ctwo|cboe_exo|cboe_opt,true,GCOR,GOLDMAN SACHS ACCESS U.S. AGGREGATE BOND ETF,PROVIDER_QUERY_RETURNED_OPTION_ROOTS,GCOR,168,2026-10-01T18:43:36.671Z,63c9e2c8698453d376985728873885104e55e34c56d6ca2e1653ed17a3d955c6
GCPU,CBOE_ETF,ETF,GRAYSCALE FUNDS TRUST AI COMPUTE ETF,American,cboe_cone|cboe_ctwo|cboe_exo|cboe_opt,true,GCPU|MNRS,Grayscale AI Compute ETF|GRAYSCALE BITCOIN MINERS ETF,PROVIDER_QUERY_RETURNED_OPTION_ROOTS,GCPU,194,2026-10-01T18:43:37.205Z,63e66c429a29f6bc71e379ea62919a3b51ad76cd1bf4825e7b134caf8ac9fe17
GDE,CBOE_ETF,ETF,WisdomTree Efficient Gold Plus Equity Strategy Fund,American,cboe_cone|cboe_ctwo|cboe_exo|cboe_opt,false,GDE,WISDOMTREE EFFICIENT GOLD PLUS EQUITY STRATEGY,PROVIDER_QUERY_RETURNED_OPTION_ROOTS,GDE,182,2026-10-01T18:43:39.642Z,98a032df5b68da3d469cb7a73863ed78b58abf5b09d0938e3db9e890158bca9b
GDOG,CBOE_ETF,ETF,GRAYSCALE DOGECOIN TR ETF SHS,American,cboe_cone|cboe_ctwo|cboe_exo|cboe_opt,true,GDOG,GRAYSCALE DOGECOIN TRUST ETF,PROVIDER_QUERY_RETURNED_OPTION_ROOTS,GDOG,146,2026-10-01T18:43:40.809Z,e27ad36dacf5f5ca7769092191198f2f3757c2fbd4a41c2e57932effc3f41b8b
GDX,CBOE_ETF,ETF,VANECK ETF TRUST GOLD MINERS ETF,American,cboe_cone|cboe_ctwo|cboe_exo|cboe_opt,true,GDX,VanEck Gold Miners ETF,PROVIDER_QUERY_RETURNED_OPTION_ROOTS,GDX,2998,2026-10-01T18:43:42.719Z,927ccbefa5b314866ae41eab48c0fd6905645d40d8f203ffc40202613a724115
GDXJ,CBOE_ETF,ETF,VANECK ETF TRUST JUNIOR GOLD MINE,American,cboe_cone|cboe_ctwo|cboe_exo|cboe_opt,true,GDXJ,VanEck Junior Gold Miners ETF,PROVIDER_QUERY_RETURNED_OPTION_ROOTS,GDXJ,2024,2026-10-01T18:43:43.241Z,d98abdc2f180be3ff2bc058a9a970b8dd80c3f87309983fb272a26654831820d
GDXW,CBOE_ETF,ETF,Roundhill Gold Miners WeeklyPay ETF,American,cboe_cone|cboe_ctwo|cboe_exo|cboe_opt,true,GDXW,ROUNDHILL GOLD MINERS WEEKLYPAY ETF,PROVIDER_QUERY_RETURNED_OPTION_ROOTS,GDXW,208,2026-10-01T18:43:43.661Z,4648471309396ad6ff310f13134dc656c6f50555a4abc5652e91e73f5010c9c6
GDXY,CBOE_ETF,ETF,TIDAL TRUST II YIE GOL MIN ETF,American,cboe_cone|cboe_ctwo|cboe_exo|cboe_opt,true,GDXY,YIELDMAX GOLD MINERS OPTION INCOME STRATEGY ETF,PROVIDER_QUERY_RETURNED_OPTION_ROOTS,GDXY,178,2026-10-01T18:43:44.165Z,46927256fbca4848d899a61304139f096ea768b891f7624c951c3db82792224d
GEM,CBOE_ETF,ETF,GOLDMAN SACHS ETF TR ACTIVEBETA EME,American,cboe_cone,false,GEM,Goldman Sachs ActiveBeta Emerging Markets Equity E,PROVIDER_QUERY_RETURNED_OPTION_ROOTS,GEM,154,2026-10-01T18:43:47.506Z,abe4fc6fe9db29a990660294cf8f29f51c199c0126767ccf7f0860297ac7d3ed
GEMG,CBOE_ETF,ETF,THEMES ETF TR LEVERAGE SHS 2X,American,cboe_cone|cboe_ctwo|cboe_exo|cboe_opt,true,GEMG|GEMG1,THEMES ETF TRUST LEVERAGE SHARES 2X LONG GEMI|THEMES ETF TRST LEVERAGE SHARES 2X LONG GEMI(1:20),PROVIDER_QUERY_RETURNED_OPTION_ROOTS,GEMG|GEMG1,204,2026-10-01T18:43:48.018Z,a83b69ecf9a2066b295d228e87f4b4ef962b5d57c1fbcf9ad74ab635daa00944
GENZ,CBOE_ETF,ETF,VANECK ETF TRUST DIGITAL NATIVE,American,cboe_cone,true,GENZ,VanEck Digital Native Economy ETF,PROVIDER_QUERY_RETURNED_OPTION_ROOTS,GENZ,178,2026-10-01T18:43:50.582Z,2766f983962aeb7eff382802bbef6296fa2acba0f087ae6a4a9fe60f7e3eaa10
GEVX,CBOE_ETF,ETF,Tradr 2X Long GEV Daily ETF,American,cboe_cone|cboe_ctwo|cboe_exo|cboe_opt,true,GEVX,TRADR 2X LONG GEV DAILY ETF,PROVIDER_QUERY_RETURNED_OPTION_ROOTS,GEVX,206,2026-10-01T18:43:54.535Z,f672be6217acb3b6e69d4b26b144cfafba4a625e6f46f5e85a20ca79ac1bb296
GGLL,CBOE_ETF,ETF,DIREXION SHARES ETF TRUST DLY GOOGL BUL 2X,American,cboe_cone|cboe_ctwo|cboe_exo|cboe_opt,false,GGLL,Direxion Daily GOOGL Bull 2X Shares,PROVIDER_QUERY_RETURNED_OPTION_ROOTS,GGLL,806,2026-10-01T18:43:59.067Z,a22b4208b04eb47e7b1ced5b7ac8f3a5ce3d5ab7f9dca740fbdd46e59703c754
GGLS,CBOE_ETF,ETF,DIREXION SHARES ETF TRUST DLY GOOGL BR 1X,American,cboe_cone|cboe_ctwo|cboe_exo|cboe_opt,true,GGLS|GGLS1,DIREXION DAILY GOOGL BEAR 1X SHARES ETF|DIREXION DAILY GOOGL BEAR 1X SHARES ETF(1:10),PROVIDER_QUERY_RETURNED_OPTION_ROOTS,GGLS|GGLS1,220,2026-10-01T18:43:59.554Z,67afb74d44189094e7a13c7e25eb64d7d0a2a9c8074f7cb987fa9480f84e76c4
GII,CBOE_ETF,ETF,SPDR INDEX SHS FDS ST STR INFRA ETF,American,cboe_cone|cboe_ctwo|cboe_exo|cboe_opt,true,GII,State Street SPDR S&P Global Infrastructure ETF,PROVIDER_QUERY_RETURNED_OPTION_ROOTS,GII,176,2026-10-01T18:44:04.215Z,7bb0a1c4bfd6af83daf53c7f0c6a271a3b4bd9693d482ab46e83f26490caf29e
GINN,CBOE_ETF,ETF,GOLDMAN SACHS ETF TR INNOVAT EQ ETF,American,cboe_cone|cboe_ctwo|cboe_exo|cboe_opt,false,GINN,GOLDMAN SACHS INNOVATE EQUITY,PROVIDER_QUERY_RETURNED_OPTION_ROOTS,GINN,160,2026-10-01T18:44:06.578Z,c06979c9420fd0bc8053d11df2ded59b3339aadd4259f371da18500f9951f7c0
GK,CBOE_ETF,ETF,ADVISORSHARES TR GERBER KAWASAKI,American,cboe_cone|cboe_ctwo|cboe_exo|cboe_opt,true,GK,ADVISORSHARES GERBER KAWASAKI ETF,PROVIDER_QUERY_RETURNED_OPTION_ROOTS,GK,152,2026-10-01T18:44:07.650Z,f0c9a24b96b6d3ad0d61e2231fc798b7d2718e654d06cfb68114b1daf8adbb3c
GLAM,CBOE_ETF,ETF,"Corgi Beauty, Skincare & Aesthetics ETF",American,cboe_cone|cboe_ctwo|cboe_exo|cboe_opt,true,GLAM,CORGI BEAUTY SKINCARE AND AESTHETICS ETF,PROVIDER_QUERY_RETURNED_OPTION_ROOTS,GLAM,144,2026-10-01T18:44:09.655Z,04636383ca8539209ee5825e699bc6bc0d5efdacfddede8160244eafc55f28a0
GLD,CBOE_ETF,ETF,SPDR GOLD TR GOLD SHS,American,cboe_cone|cboe_ctwo|cboe_exo|cboe_opt,false,GLD,SPDR Gold Trust,PROVIDER_QUERY_RETURNED_OPTION_ROOTS,GLD,8140,2026-10-01T18:44:11.752Z,e02ee50bad1e1fc5078d3fb1b858f0670d7164e43f3cb4333d1bdfea5a4e939d
GLDW,CBOE_ETF,ETF,Roundhill Gold WeeklyPay ETF,American,cboe_cone|cboe_ctwo|cboe_exo|cboe_opt,true,GLDW,ROUNDHILL GOLD WEEKLYPAY ETF,PROVIDER_QUERY_RETURNED_OPTION_ROOTS,GLDW,170,2026-10-01T18:44:12.136Z,1724f24ef0ea931fa3051ee68708723bf0b46b873530fc46e68e1698df335a2a
GLGG,CBOE_ETF,ETF,THEMES ETF TR LEVERAGE SHS 2X,American,cboe_cone|cboe_ctwo|cboe_exo|cboe_opt,true,GLGG,THEMES ETF TRST LVRGE SHARES 2X LNG GLXY DLY ETF,PROVIDER_QUERY_RETURNED_OPTION_ROOTS,GLGG,120,2026-10-01T18:44:12.700Z,edf075be5d9492aa4649ed4e708964342063ad1432b6d55cfa6aa11e29518720
GLL,CBOE_ETF,ETF,PROSHARES TR II ULTRASHORT GOLD,American,cboe_cone|cboe_ctwo|cboe_exo|cboe_opt,false,GLL,ProShares UltraShort Gold,PROVIDER_QUERY_RETURNED_OPTION_ROOTS,GLL,180,2026-10-01T18:44:14.170Z,977079dd11b33f2fa4fd3385297beb12c1c3911e9e5f2faca3c6d6d9221f7146
GLNK,CBOE_ETF,ETF,GRAYSCALE CHAINLINK TR ETF SHS,American,cboe_cone|cboe_ctwo|cboe_exo|cboe_opt,true,GLNK,GRAYSCALE CHAINLINK TRUST ETF,PROVIDER_QUERY_RETURNED_OPTION_ROOTS,GLNK,156,2026-10-01T18:44:15.598Z,f3069d99a5d9aac246fe85072c526c3ad26b10f346364501c7af0026c4058563
GLWG,CBOE_ETF,ETF,THEMES ETF TR LEVERAGE SHS 2X,American,cboe_cone|cboe_ctwo|cboe_exo|cboe_opt,true,GLWG,THEMES ETF TRUST LEVERAGE SHARES 2X LONG GLW DAIL,PROVIDER_QUERY_RETURNED_OPTION_ROOTS,GLWG,228,2026-10-01T18:44:20.659Z,a0e4aac2515b068740f6a6db2743afb9ed02bb5feccc697c0c63bc96426d9cb5
GLXU,CBOE_ETF,ETF,T-REX 2X Long GLXY Daily Target ETF,American,cboe_cone|cboe_ctwo|cboe_exo|cboe_opt,true,GLXU,T-REX 2X LONG GLXY DAILY TARGET ETF,PROVIDER_QUERY_RETURNED_OPTION_ROOTS,GLXU,104,2026-10-01T18:44:21.182Z,c36a013af296893e9f8a2191fc4fd8c068c6a38be322b8a05455e77d4f14e5b7
GMEU,CBOE_ETF,ETF,T-REX 2X Long GME Daily Target ETF,American,cboe_cone|cboe_ctwo|cboe_exo|cboe_opt,true,GMEU,T-REX 2X GME DAILY TARGET ETF,PROVIDER_QUERY_RETURNED_OPTION_ROOTS,GMEU,142,2026-10-01T18:44:24.193Z,6e6738305a381b410a3ea1c0c736163840f13a4e3cfef74bd3aeb24bb336c039
GMF,CBOE_ETF,ETF,SPDR INDEX SHS FDS ST STR ASIA ETF,American,cboe_cone,true,GMF,State Street SPDR S&P Emerging Asia Pacific ETF,PROVIDER_QUERY_RETURNED_OPTION_ROOTS,GMF,196,2026-10-01T18:44:24.719Z,b2bb2b3e1cbdb5d2fb1bb4360cfe7e29070b60483ca69c4286a65bf1bad4672a
GNMX,CBOE_ETF,ETF,Corgi Genomics & Precision Medicine ETF,American,cboe_cone|cboe_ctwo|cboe_exo|cboe_opt,true,GNMX,CORGI GENOMICS AND PRECISION MEDICINE ETF,PROVIDER_QUERY_RETURNED_OPTION_ROOTS,GNMX,170,2026-10-01T18:44:27.143Z,8258ccc93767c62b66180d048959f4ff67c6423096ac80e7e0c4f03c976eb2b7
GNOM,CBOE_ETF,ETF,GLOBAL X FDS GENOMICS AND BIO,American,cboe_cone|cboe_ctwo|cboe_exo|cboe_opt,true,GNOM,GLOBAL X GENOMICS & BIOTECHNOLOGY ETF,PROVIDER_QUERY_RETURNED_OPTION_ROOTS,GNOM,272,2026-10-01T18:44:27.690Z,9ab738928d9824c39232d2f63b4abcc483966feadc119c775db09536113e0bbf
GNR,CBOE_ETF,ETF,SPDR INDEX SHS FDS ST STR NAT ETF,American,cboe_cone,true,GNR,State Street SPDR S&P Global Natural Resources ETF,PROVIDER_QUERY_RETURNED_OPTION_ROOTS,GNR,180,2026-10-01T18:44:28.140Z,b4fc7b1c335ec4bdfc2d54d64e7b96817f3d6fe773479dda1e09904dd4a6eff8
GOEX,CBOE_ETF,ETF,GLOBAL X FDS GLOBAL X GOLD EX,American,cboe_cone,true,GOEX,Global X Gold Explorers ETF,PROVIDER_QUERY_RETURNED_OPTION_ROOTS,GOEX,282,2026-10-01T18:44:32.268Z,d7ded620d02e8f578d10ea6c43a0b702032294fdf0dee4de3de42886144f1efa
GOLY,CBOE_ETF,ETF,Strategy Shares Gold Enhanced Yield ETF,American,cboe_cone|cboe_ctwo|cboe_exo|cboe_opt,true,GOLY,Strategy Shares Gold Enhanced Yield ETF,PROVIDER_QUERY_RETURNED_OPTION_ROOTS,GOLY,192,2026-10-01T18:44:34.180Z,96fc9930c9eb3d9fb83b9b9b97f76f112ecd090ed106f0651bacad3287ca5fe7
GOOW,CBOE_ETF,ETF,Roundhill GOOGL WeeklyPay ETF,American,cboe_cone|cboe_ctwo|cboe_exo|cboe_opt,true,GOOW,ROUNDHILL GOOGL WEEKLYPAY ETF,PROVIDER_QUERY_RETURNED_OPTION_ROOTS,GOOW,230,2026-10-01T18:44:37.250Z,2ee0355a305301d21caef732b30a163021aeed68c64880b99397f494d14c2745
GOOX,CBOE_ETF,ETF,T-Rex 2X Long Alphabet Daily Target ETF,American,cboe_cone|cboe_ctwo|cboe_exo|cboe_opt,false,GOOX,T-REX 2X LONGALPHABET DAILY TARGET,PROVIDER_QUERY_RETURNED_OPTION_ROOTS,GOOX,254,2026-10-01T18:44:37.779Z,93d98e941997b0b194ea6278990f32d6bbf0b371c40dfb45b41b93dcf3699818
GOOY,CBOE_ETF,ETF,TIDAL TRUST II YIELDMAX GOOGL,American,cboe_cone|cboe_ctwo|cboe_exo|cboe_opt,true,GOOY,YIELDMAX GOOGL OPTION INCOME STRATEGY ETF,PROVIDER_QUERY_RETURNED_OPTION_ROOTS,GOOY,152,2026-10-01T18:44:38.203Z,cbb741b3e28a74e2418b32227358cf74d42b9b757f684ecfb0a9baf728efb83b
GOP,CBOE_ETF,ETF,Subversive Congressional Republicans Trading ETF,American,cboe_cone|cboe_ctwo|cboe_exo|cboe_opt,true,GOP,Subversive Congressional Republicans Trading ETF,PROVIDER_QUERY_RETURNED_OPTION_ROOTS,GOP,152,2026-10-01T18:44:38.711Z,dae1d7b3aa6ee043c8bdf5137515e63a9a43520ee3f77b08ddf4e407cb69f28b
GOVT,CBOE_ETF,ETF,iShares U.S. Treasury Bond ETF,American,cboe_cone|cboe_ctwo|cboe_exo|cboe_opt,true,GOVT,iShares U.S. Treasury Bond ETF,PROVIDER_QUERY_RETURNED_OPTION_ROOTS,GOVT,152,2026-10-01T18:44:40.690Z,9db4fbc8d1df512be5a86325f49e96a857ca93fc6d730d5e339b05300155207e
GPIQ,CBOE_ETF,ETF,GOLDMAN SACHS ETF TR NASDA 100 ETF,American,cboe_cone|cboe_ctwo|cboe_exo|cboe_opt,true,GPIQ,Goldman Sachs Nasdaq-100 Premium Income ETF,PROVIDER_QUERY_RETURNED_OPTION_ROOTS,GPIQ,154,2026-10-01T18:44:43.791Z,99a2bc3042890ef9b65c7b854e887f865e1ca6fd9bee546e6600ea4d9445670f
GPIX,CBOE_ETF,ETF,GOLDMAN SACHS ETF TR S&P 500 PREMIUM,American,cboe_cone|cboe_ctwo|cboe_exo|cboe_opt,true,GPIX,Goldman Sachs S&P 500 Premium Income ETF,PROVIDER_QUERY_RETURNED_OPTION_ROOTS,GPIX,152,2026-10-01T18:44:44.253Z,a0a659fb3a3d1430458eb5b34c1d4b735d01c16983182d518e0d3f6e1fb1b944
GPTY,CBOE_ETF,ETF,TIDAL TRUST II YIELDMAX AI & T,American,cboe_cone|cboe_ctwo|cboe_exo|cboe_opt,true,GPTY,YIELDMAX AI & TECH PORTFOLIO OPTION INCOME ETF,PROVIDER_QUERY_RETURNED_OPTION_ROOTS,GPTY,170,2026-10-01T18:44:48.787Z,e86e6353f2356fcd82b571b98dd2471b405857a1c2bf97e249f7e644e5c78efa
GREK,CBOE_ETF,ETF,GLOBAL X FDS MSCI GREECE ETF,American,cboe_cone|cboe_ctwo|cboe_exo|cboe_opt,true,GREK,Global X MSCI Greece ETF,PROVIDER_QUERY_RETURNED_OPTION_ROOTS,GREK,224,2026-10-01T18:44:53.247Z,fc620f0426dae4f81d74eacbddcbea9eb732e72f8e66cef619487fb9c9735474
GRN,CBOE_ETF,ETF,BARCLAYS BANK PLC IPATH SER B ETN,American,cboe_cone|cboe_ctwo|cboe_exo|cboe_opt,false,GRN,IPATH SERIES B CARBON ETN,PROVIDER_QUERY_RETURNED_OPTION_ROOTS,GRN,154,2026-10-01T18:44:55.322Z,8c6f65176cc2bd4bd6f12aeecebac486f53e2e396b8765a315be7b09531d5b68
GRNY,CBOE_ETF,ETF,TIDAL TRUST I FUND GRAN US ETF,American,cboe_cone|cboe_ctwo|cboe_exo|cboe_opt,true,GRNY,FUNDSTRAT GRANNY SHOTS US LARGE CAP ETF,PROVIDER_QUERY_RETURNED_OPTION_ROOTS,GRNY,262,2026-10-01T18:44:56.834Z,a95f811fbe60248cae15d3b4b10cce0ae8bdf485eb10973a9dbf8137bb57112c
GSEW,CBOE_ETF,ETF,Goldman Sachs Equal Weight U.S. Large Cap Equity ETF,American,cboe_cone|cboe_ctwo|cboe_exo|cboe_opt,true,GSEW,Goldman Sachs Equal Weight US Large Cap Equity ETF,PROVIDER_QUERY_RETURNED_OPTION_ROOTS,GSEW,166,2026-10-01T18:45:04.304Z,30c3eee5b3f63ae26fbc3f1b8d1b85d48da397a0c03212bb120a2de8583876c8
GSG,CBOE_ETF,ETF,ISHARES S&P GSCI COMMODITY- IN UNIT BEN INT,American,cboe_cone|cboe_ctwo|cboe_exo|cboe_opt,false,GSG,iShares S&P GSCI Commodity Indexed Trust,PROVIDER_QUERY_RETURNED_OPTION_ROOTS,GSG,178,2026-10-01T18:45:04.875Z,0a5318cbff18833fa1ff49a702b6f503d9aac9adb433e8b60c9866255fc2da6f
GSIE,CBOE_ETF,ETF,GOLDMAN SACHS ETF TR ACTIVEBETA INT,American,cboe_cone,true,GSIE,Goldman Sachs ActiveBeta International Equity ETF,PROVIDER_QUERY_RETURNED_OPTION_ROOTS,GSIE,152,2026-10-01T18:45:06.154Z,ce9edca4ab2032b3bf03bc83aa878ec6af314fb7d9eb1bcd84984981b55dbf90
GSLC,CBOE_ETF,ETF,GOLDMAN SACHS ETF TR ACTIVEBETA US LG,American,cboe_cone,true,GSLC,Goldman Sachs ActiveBeta U.S. Large Cap Equity ETF,PROVIDER_QUERY_RETURNED_OPTION_ROOTS,GSLC,192,2026-10-01T18:45:08.507Z,40cc74f98ac70d798ae5125c21b78e84d1a912104fb67b98e93031570056c27a
GSOL,CBOE_ETF,ETF,GRAYSCALE SOLANA STAKING ETF SHS,American,cboe_cone|cboe_ctwo|cboe_exo|cboe_opt,true,GSOL,Grayscale Solana Staking ETF,PROVIDER_QUERY_RETURNED_OPTION_ROOTS,GSOL,136,2026-10-01T18:45:09.501Z,457bab23105c584a33a328b97ed5f890d34d232d5824dc3f4fd272374ccd03f3
GSWO,CBOE_ETF,ETF,Goldman Sachs ActiveBeta World Equity ETF,American,cboe_cone|cboe_ctwo|cboe_exo|cboe_opt,true,GSWO,Goldman Sachs ActiveBeta World Equity ETF,PROVIDER_QUERY_RETURNED_OPTION_ROOTS,GSWO,152,2026-10-01T18:45:11.524Z,d8d3ad5e9b29737c7b44339babad42d792b9df110e7fbca4230db118929e5052
GSY,CBOE_ETF,ETF,INVESCO ACTIVELY MANAGED EXCHA ULTRA SHRT DUR,American,cboe_cone|cboe_ctwo|cboe_exo|cboe_opt,true,GSY,INVESCO ULTRA SHORT DURATION ETF,PROVIDER_QUERY_RETURNED_OPTION_ROOTS,GSY,152,2026-10-01T18:45:12.455Z,0361ba4a72db70734d0d342a6764d726decdca2025f5a63f7051f8fa7132c083
GTPE,CBOE_ETF,ETF,GOLDMAN SACHS ETF TR MSCI WORLD PRIV,American,cboe_cone|cboe_ctwo|cboe_exo|cboe_opt,false,GTPE,GOLDMAN SACHS MSCI WORLD PRIVATE EQUITY RETURN TR,PROVIDER_QUERY_RETURNED_OPTION_ROOTS,GTPE,170,2026-10-01T18:45:16.922Z,9d7c3c4bbc8b9658998332de63cf65c56e710d7a379f800f0406c83205520df5
GUNR,CBOE_ETF,ETF,FLEXSHARES TR NRTRN TR MRN GBL,American,cboe_cone|cboe_ctwo|cboe_exo|cboe_opt,false,GUNR,Northern Trst Mrnngstr Glbl Upstrm Ntrl ResrcesETF,PROVIDER_QUERY_RETURNED_OPTION_ROOTS,GUNR,210,2026-10-01T18:45:18.447Z,d136c1902a5e694e9801e66ffb345d613a69df52099d480d92f32e12079ad9bf
GURU,CBOE_ETF,ETF,GLOBAL X FDS GLB X GURU INDEX,American,cboe_cone,true,GURU,Global X Guru Index ETF,PROVIDER_QUERY_RETURNED_OPTION_ROOTS,GURU,158,2026-10-01T18:45:18.957Z,e7005633e0cf2d40d5f08a40e92f01d411afba3cd9eb68ba05b56614daef2449
GUSH,CBOE_ETF,ETF,DIREXION SHARES ETF TRUST DAILY S&P OIL &,American,cboe_cone|cboe_ctwo|cboe_exo|cboe_opt,false,GUSH,Direxion Daily S&P Oil&Gas Exp.& Prod.Bull 2XShr,PROVIDER_QUERY_RETURNED_OPTION_ROOTS,GUSH,482,2026-10-01T18:45:19.465Z,b4a820824f50cb3a28830ad58f3dabc86182aca03829ff38438540afd8d57e50
GVI,CBOE_ETF,ETF,iShares Intermediate Government/Credit Bond ETF,American,cboe_cone|cboe_ctwo|cboe_exo|cboe_opt,true,GVI,iShares Intermediate Government/Credit Bond ETF,PROVIDER_QUERY_RETURNED_OPTION_ROOTS,GVI,168,2026-10-01T18:45:20.488Z,793920465059f3a9524e2e3be82976aed72a75ac06972e4cd3a5821587eac648
GVIP,CBOE_ETF,ETF,GOLDMAN SACHS ETF TR HEDGE IND ETF,American,cboe_cone|cboe_ctwo|cboe_exo|cboe_opt,true,GVIP,GOLDMAN SACHS HEDGE INDUSTRY VIP ETF,PROVIDER_QUERY_RETURNED_OPTION_ROOTS,GVIP,292,2026-10-01T18:45:21.045Z,af3d847ee18f25fc19525d08514de2788d7b4b63b472da4f70ba992edf7ef931
GVLU,CBOE_ETF,ETF,TIDAL TRUST I GOTH 1000 VA ETF,American,cboe_cone|cboe_ctwo|cboe_exo|cboe_opt,true,GVLU,GOTHAM 1000 VALUE ETF,PROVIDER_QUERY_RETURNED_OPTION_ROOTS,GVLU,152,2026-10-01T18:45:21.525Z,e920bc84629ffd1cd5cf4ce84e15f788a03e58af36fd46cbaf756796a99a8a38
GWX,CBOE_ETF,ETF,SPDR INDEX SHS FDS ST INTL CAP ETF,American,cboe_cone,true,GWX,State Street SPDR S&P International Small Cap ETF,PROVIDER_QUERY_RETURNED_OPTION_ROOTS,GWX,152,2026-10-01T18:45:23.577Z,856f665b86fd271e17a4622c883c6416d587b1f118a7a2f484add64f93c3829a
GXC,CBOE_ETF,ETF,SPDR INDEX SHS FDS SP CHINA ETF,American,cboe_cone|cboe_ctwo,true,GXC,State Street SPDR S&P China ETF,PROVIDER_QUERY_RETURNED_OPTION_ROOTS,GXC,220,2026-10-01T18:45:23.970Z,79c0d869c009658790b5f11bb404dfb6869871f23c0eb37363201a96722aec96
GXDW,CBOE_ETF,ETF,GLOBAL X FDS DORSEY WRIGHT,American,cboe_cone|cboe_ctwo|cboe_exo|cboe_opt,true,GXDW,Global X Funds Global X Dorsey Wright Thematic ETF,PROVIDER_QUERY_RETURNED_OPTION_ROOTS,GXDW,152,2026-10-01T18:45:24.625Z,f89c1b907e81677730ad19c56a5f9cd650306b91935fdc094da3e22ee0212c8f
GXRP,CBOE_ETF,ETF,GRAYSCALE XRP TR ETF SHS,American,cboe_cone|cboe_ctwo|cboe_exo|cboe_opt,true,GXRP,GRAYSCALE XRP TRUST ETF,PROVIDER_QUERY_RETURNED_OPTION_ROOTS,GXRP,220,2026-10-01T18:45:28.952Z,6bfafb531afe5e1cc3de230cc07eeb0bde66b0009c91b4b8bc63291b71554715
GYLD,CBOE_ETF,ETF,ARROW ETF TR ARROW DJ GLB YLD,American,cboe_cone,true,GYLD,Arrow Dow Jones Global Yield ETF,PROVIDER_QUERY_RETURNED_OPTION_ROOTS,GYLD,152,2026-10-01T18:45:29.461Z,65bb17c6fa9a300c6f244e3150da5eab72716ecf9152074714d97f600e13ceb5
HACK,CBOE_ETF,ETF,AMPLIFY ETF TR AMPLIFY CYBERSEC,American,cboe_cone|cboe_ctwo|cboe_exo|cboe_opt,true,HACK,Amplify Cybersecurity ETF,PROVIDER_QUERY_RETURNED_OPTION_ROOTS,HACK,310,2026-10-01T18:45:30.977Z,0970cac1efc84dd950a8f7133225ad6a1184f6c041ce255f52dced359b3905b3
HARD,CBOE_ETF,ETF,SIMPLIFY EXCHANGE TRADED FUNDS COMM ST NO K ETF,American,cboe_cone|cboe_ctwo|cboe_exo|cboe_opt,true,HARD,SIMPLIFY COMMODITIES STRATEGY NO K-1 ETF,PROVIDER_QUERY_RETURNED_OPTION_ROOTS,HARD,152,2026-10-01T18:45:36.032Z,190d479390bb8c0057ca61d8a72864bfb2984a65aca02f0be5f73c9ce5c77336
HAUS,CBOE_ETF,ETF,Tidal Trust I,American,cboe_cone|cboe_ctwo|cboe_exo|cboe_opt,true,HAUS,Residential REIT ETF,PROVIDER_QUERY_RETURNED_OPTION_ROOTS,HAUS,152,2026-10-01T18:45:37.544Z,595a9c1cd9a8a19c8b3ca30e8e09ab4bc047288eed96c8480677c93864b005e3
HBMX,CBOE_ETF,ETF,Tuttle Capital Concentrated Memory Stack ETF,American,cboe_cone|cboe_ctwo|cboe_exo|cboe_opt,true,HBMX,TUTTLE CAPITAL CONCENTRATED MEMORY STACK ETF,PROVIDER_QUERY_RETURNED_OPTION_ROOTS,HBMX,154,2026-10-01T18:45:41.510Z,d419462053206395269251e654de3d7dbdc7f102059a70be0721df2fea95d089
HBR,CBOE_ETF,ETF,CANARY CAPITAL GROUP LLX CANARY HBAR ETF,American,cboe_cone|cboe_ctwo|cboe_exo|cboe_opt,true,HBR,CANARY CAPITAL GROUP LLX CANARY HBAR ETF,PROVIDER_QUERY_RETURNED_OPTION_ROOTS,HBR,174,2026-10-01T18:45:42.509Z,af6a77d5cba286d9d47ad5c5b9b2e343bc40baea7dec5342ba4244b806697b16
HDGE,CBOE_ETF,ETF,ADVISORSHARES TR ACTIVE BEAR ETF,American,cboe_cone,true,HDGE,AdvisorShares Active Bear ETF,PROVIDER_QUERY_RETURNED_OPTION_ROOTS,HDGE,160,2026-10-01T18:45:49.106Z,401bc9abbc3e86c0a35a29b3c60b26972001bfab639ba6285d075d938d9bef3c
HDV,CBOE_ETF,ETF,ISHARES TR CORE HIGH DV ETF,American,cboe_cone|cboe_ctwo|cboe_exo|cboe_opt,true,HDV,iShares Core High Dividend ETF,PROVIDER_QUERY_RETURNED_OPTION_ROOTS,HDV,202,2026-10-01T18:45:50.019Z,3f4e79054a22d9c25ed4044b548c9568da4ffc4b5fce6041309ad65a275daa0d
HEAL,CBOE_ETF,ETF,GLOBAL X FDS HEALTHTECH ETF,American,cboe_cone|cboe_ctwo|cboe_exo|cboe_opt,true,HEAL,Global X Funds Global X HealthTech ETF,PROVIDER_QUERY_RETURNED_OPTION_ROOTS,HEAL,152,2026-10-01T18:45:51.215Z,4afeb2626e589e8d5577697f4acf7e5063251a80154b2113479a3399b46a718f
HEDJ,CBOE_ETF,ETF,WISDOMTREE TR EUROPE HEDGED EQ,American,cboe_cone|cboe_ctwo|cboe_exo|cboe_opt,false,HEDJ,WisdomTree Europe Hedged Equity Fund,PROVIDER_QUERY_RETURNED_OPTION_ROOTS,HEDJ,178,2026-10-01T18:45:51.526Z,32d4921a4eb9a27ce2fbeda39ce8c65ee0bd4657f9a12e9c141c029b339797dc
HEFA,CBOE_ETF,ETF,iShares Currency Hedged MSCI EAFE ETF,American,cboe_cone,true,HEFA,iShares Currency Hedged MSCI EAFE ETF,PROVIDER_QUERY_RETURNED_OPTION_ROOTS,HEFA,152,2026-10-01T18:45:52.530Z,61999e120565e3351c4adedf8374842b3c2c4fd592ee905ae3e21e6a0c0f9041
HEGD,CBOE_ETF,ETF,Swan Hedged Equity US Large Cap ETF,American,cboe_cone|cboe_ctwo|cboe_exo|cboe_opt,true,HEGD,SWAN HEDGED EQUITY US LARGE CAP ETF,PROVIDER_QUERY_RETURNED_OPTION_ROOTS,HEGD,152,2026-10-01T18:45:53.031Z,8395f861388c974b2ff8d7c41b895562b21239dfe77905de4fb5ea9f136b9227
HELX,CBOE_ETF,ETF,Franklin Genomic Advancements ETF,American,cboe_cone|cboe_ctwo|cboe_exo|cboe_opt,true,HELX,FRANKLIN GENOMIC ADVANCEMENTS ETF,PROVIDER_QUERY_RETURNED_OPTION_ROOTS,HELX,172,2026-10-01T18:45:55.615Z,7980ab0027ebf875df53733c0da827aa060834740ea72c90fcbe0260c5414cc9
HERO,CBOE_ETF,ETF,GLOBAL X FDS VDEO GAM ESPRT,American,cboe_cone|cboe_ctwo|cboe_exo|cboe_opt,true,HERO,GLOBAL X VIDEO GAMES & ESPORTS ETF,PROVIDER_QUERY_RETURNED_OPTION_ROOTS,HERO,168,2026-10-01T18:45:57.133Z,255d6e3181beca2c389c552c50f53de2cbe13b6bc00a520eea6d6694fcbaa1c4
HEWJ,CBOE_ETF,ETF,ISHARES TR HDG MSCI JAPAN,American,cboe_cone,true,HEWJ,iShares Currency Hedged MSCI Japan ETF,PROVIDER_QUERY_RETURNED_OPTION_ROOTS,HEWJ,160,2026-10-01T18:45:58.046Z,56ee2fe04aa39c75156299e54844ab93d177503b9c1ec9bdae9420c60cb1f450
HEZU,CBOE_ETF,ETF,ISHARES TR CUR HD EURZN ETF,American,cboe_cone,true,HEZU,iShares Currency Hedged MSCI Eurozone ETF,PROVIDER_QUERY_RETURNED_OPTION_ROOTS,HEZU,154,2026-10-01T18:45:58.566Z,674240eb66b65eab83a42cf24371e639eee7439ca3fa4b22ac0ffd31521d575d
HFND,CBOE_ETF,ETF,TIDAL TRUST I UNLIMITED HFND,American,cboe_cone|cboe_ctwo|cboe_exo|cboe_opt,true,HFND,UNLIMITED HFND MULTI-STRATEGY RETURN TRACKER ETF,PROVIDER_QUERY_RETURNED_OPTION_ROOTS,HFND,152,2026-10-01T18:45:59.754Z,5f3d9f220a224b05db5a727b93e4e2d59836ecdae440f92b5916e2567deecf19
HGER,CBOE_ETF,ETF,HARBOR ETF TRUST COMM ALL WEA ETF,American,cboe_cone|cboe_ctwo|cboe_exo|cboe_opt,true,HGER,Harbor Commodity All-Weather Strategy ETF,PROVIDER_QUERY_RETURNED_OPTION_ROOTS,HGER,146,2026-10-01T18:46:01.148Z,b51fca5d503834de3fbedb0288cf7f97829b9984f4baa478898eb19c07e35bf3
HIBL,CBOE_ETF,ETF,DIREXION SHARES ETF TRUST DAI BET BUL ETF,American,cboe_cone|cboe_ctwo|cboe_exo|cboe_opt,false,HIBL,DIREXION DAILY S&P 500 HIGH BETA BULL 3X SHARES,PROVIDER_QUERY_RETURNED_OPTION_ROOTS,HIBL,452,2026-10-01T18:46:03.574Z,c51f7789c432e2382d150983c2ab007409727e404634be4ae2fcb22b9a542460
HIBS,CBOE_ETF,ETF,DIREXION SHARES ETF TRUST DAI BET BEA ETF,American,cboe_cone|cboe_ctwo|cboe_exo|cboe_opt,false,HIBS,DIREXION DAILY S&P 500 HIGH BETA BEAR 3X SHARES,PROVIDER_QUERY_RETURNED_OPTION_ROOTS,HIBS,196,2026-10-01T18:46:04.138Z,3891e34bfd98c3e6b5f30854cec29a10d4c32db50e080f2f7175cd7c2935ee50
HIMZ,CBOE_ETF,ETF,TIDAL TRUST II DEFI 2X HIMS ETF,American,cboe_cone|cboe_ctwo|cboe_exo|cboe_opt,true,HIMZ|HIMZ1,DEFIANCE DAILY TARGET 2X LONG HIMS ETF|DEFIANCE DAILY TARGET 2X LONG HIMS (1:14),PROVIDER_QUERY_RETURNED_OPTION_ROOTS,HIMZ|HIMZ1,738,2026-10-01T18:46:07.167Z,fbf6566c818a5704bdf003f508f4c08da20e0454903b5078c85c052e18188c91
HIPS,CBOE_ETF,ETF,GRANITESHARES ETF TR HIPS US HIGH INC,American,cboe_cone|cboe_ctwo|cboe_exo|cboe_opt,true,HIPS,GRANITESHARES HIPS US HIGH INCOME ETF,PROVIDER_QUERY_RETURNED_OPTION_ROOTS,HIPS,172,2026-10-01T18:46:08.142Z,b5210846d53606d9287d4a9049d443c15263aa70dbd69eb19336c746c4f41bb9
HIYY,CBOE_ETF,ETF,TIDAL TRUST II YIE HIM INC ETF,American,cboe_cone|cboe_ctwo|cboe_exo|cboe_opt,true,HIYY,YIELDMAX HIMS OPTION INCOME STRATEGY ETF,PROVIDER_QUERY_RETURNED_OPTION_ROOTS,HIYY,178,2026-10-01T18:46:10.231Z,dff62bcc3ecb640a7681a7b07cc2d8db9c82726ac8961bebcd675bcb952f34fa
HNDL,CBOE_ETF,ETF,STRATEGY SHS NS 7HANDL IDX,American,cboe_cone|cboe_ctwo|cboe_exo|cboe_opt,true,HNDL,STRATEGY SHARES NASDAQ 7HANDL INDEX ETF,PROVIDER_QUERY_RETURNED_OPTION_ROOTS,HNDL,152,2026-10-01T18:46:17.649Z,3902051368da08823648614fdab0687805f6069752fc606228ce37ff951939e1
HODL,CBOE_ETF,ETF,VanEck Bitcoin ETF,American,cboe_cone|cboe_ctwo,true,HODL,VANECK BITCOIN ETF,PROVIDER_QUERY_RETURNED_OPTION_ROOTS,HODL,176,2026-10-01T18:46:20.537Z,3f4d1f72d128ab9390a1942dc4063e899ac00182d1c12d2f4e0d24d529cc718f
HONG,CBOE_ETF,ETF,Leverage Shares 2X Long HON Daily ETF,American,cboe_cone|cboe_ctwo|cboe_exo|cboe_opt,true,HONG,LEVERAGE SHARES 2X LONG HON DAILY ETF,PROVIDER_QUERY_RETURNED_OPTION_ROOTS,HONG,144,2026-10-01T18:46:24.403Z,6409b436ff091056ea27343063cfa76730dc57dd7d875f65fac9104668cf45e2
HOOG,CBOE_ETF,ETF,THEMES ETF TR LEVERAGE SHS 2X,American,cboe_cone|cboe_ctwo|cboe_exo|cboe_opt,true,HOOG,THEMES ETF TRUST LEVERAGE SHARES 2X LONG HOOD DAIL,PROVIDER_QUERY_RETURNED_OPTION_ROOTS,HOOG,246,2026-10-01T18:46:25.338Z,f7f71624cf2a6e1ebb57062cd6f3f533d3de2964639044ecb66a0e2f71546dc6
HOOW,CBOE_ETF,ETF,Roundhill HOOD WeeklyPay ETF,American,cboe_cone|cboe_ctwo|cboe_exo|cboe_opt,true,HOOW,ROUNDHILL HOOD WEEKLYPAY ETF,PROVIDER_QUERY_RETURNED_OPTION_ROOTS,HOOW,244,2026-10-01T18:46:26.369Z,a6681bf644b36d16280be352fb9227906ffb466d734fb683049bfbfdfc13186a
HOOX,CBOE_ETF,ETF,TIDAL TRUST II DEF LON HOO ETF,American,cboe_cone|cboe_ctwo|cboe_exo|cboe_opt,true,HOOX,DEFIANCE DAILY TARGET 2X LONG HOOD ETF,PROVIDER_QUERY_RETURNED_OPTION_ROOTS,HOOX,284,2026-10-01T18:46:26.894Z,c3ce944a2d9e299555570207b6cc4373f05d506567e2634ab7945dd779198bfe
HOOY,CBOE_ETF,ETF,TIDAL TRUST II YIE HOO INC ETF,American,cboe_cone|cboe_ctwo|cboe_exo|cboe_opt,false,HOOY,TIDAL TRUST II YIELDMAX HOOD OP,PROVIDER_QUERY_RETURNED_OPTION_ROOTS,HOOY,166,2026-10-01T18:46:27.444Z,66a798a6db1498492a6e5c7795829ca5f418aa893c35fdb8c3b996f17d77c74a
HULL,CBOE_ETF,ETF,Corgi Shipping & Global Logistics ETF,American,cboe_cone|cboe_ctwo|cboe_exo|cboe_opt,true,HULL,CORGI SHIPPING AND GLOBAL LOGISTICS ETF,PROVIDER_QUERY_RETURNED_OPTION_ROOTS,HULL,144,2026-10-01T18:46:50.257Z,b9bcc7d346cfd7886a58a2bf12e18aa8e25a5d64915f2467a79b6faa921dc422
HUMN,CBOE_ETF,ETF,Roundhill Humanoid Robotics ETF,American,cboe_cone|cboe_ctwo|cboe_exo|cboe_opt,true,HUMN,ROUNDHILL HUMANOID ROBOTICS ETF,PROVIDER_QUERY_RETURNED_OPTION_ROOTS,HUMN,154,2026-10-01T18:46:51.750Z,0c940884f618b6b9f9ecbc6722aef05ef8ae5e59cf3612486d7d16d402efbccf
HUTG,CBOE_ETF,ETF,THEMES ETF TR LEVERAGE SHS 2X,American,cboe_cone|cboe_ctwo|cboe_exo|cboe_opt,true,HUTG,THEMES ETF LEVERAGE SHARES 2X LONG HUT DAILY ETF,PROVIDER_QUERY_RETURNED_OPTION_ROOTS,HUTG,226,2026-10-01T18:46:53.752Z,1fd470d025692f40da0a0b9d5e8612dc9d6eae5bf31e1baabdf099cfdcb50355
HYD,CBOE_ETF,ETF,VanEck High Yield Muni ETF,American,cboe_cone|cboe_ctwo|cboe_exo|cboe_opt,true,HYD,VanEck High Yield Muni ETF,PROVIDER_QUERY_RETURNED_OPTION_ROOTS,HYD,168,2026-10-01T18:46:58.187Z,4354919990e8b8ad708b388f760b65ca9cbce83c25b9dbd82b0d2e62db1eb829
HYDR,CBOE_ETF,ETF,GLOBAL X FDS GBL X HYDROGEN,American,cboe_cone|cboe_ctwo|cboe_exo|cboe_opt,true,HYDR,GLOBAL X HYDROGEN ETF,PROVIDER_QUERY_RETURNED_OPTION_ROOTS,HYDR,216,2026-10-01T18:46:58.690Z,557f67a6657a2d1b3e9279c19247bc06c397abe4092eff34338b6bfed1b94972
HYG,CBOE_ETF,ETF,ISHARES TR IBOXX HI YD ETF,American,cboe_cone|cboe_ctwo|cboe_exo|cboe_opt,true,HYG,iShares iBoxx $ High Yield Corporate Bond ETF,PROVIDER_QUERY_RETURNED_OPTION_ROOTS,HYG,1490,2026-10-01T18:47:00.480Z,52107d66bdb5b357039e259a416d6dcc89cc4a6d02a80b5efff73879893d7eae
HYGH,CBOE_ETF,ETF,ISHARES U S ETF TR IT RT HDG HGYL,American,cboe_cone|cboe_ctwo|cboe_exo|cboe_opt,true,HYGH,iShares Interest Rate Hedged High Yield Bond ETF,PROVIDER_QUERY_RETURNED_OPTION_ROOTS,HYGH,152,2026-10-01T18:47:00.735Z,28c0df634ae0381412385d55b87a800063e3754f1bdc6790d89fc29805927cab
HYLB,CBOE_ETF,ETF,DBX ETF TR XTRACK USD HIGH,American,cboe_cone|cboe_ctwo|cboe_exo|cboe_opt,true,HYLB,XTRACKERS USD HIGH YIELD CORPORATE BOND ETF,PROVIDER_QUERY_RETURNED_OPTION_ROOTS,HYLB,152,2026-10-01T18:47:01.336Z,35f7d54e4f32147ae75ac2aa1a09e6d420ebc442f2ef53072ce3cac5a1add987
HYMB,CBOE_ETF,ETF,SPDR SERIES TRUST ST NUVE HIGH ETF,American,cboe_cone,true,HYMB,St Strt SPDR Nuveen ICE High Yield Muncpl Bond ETF,PROVIDER_QUERY_RETURNED_OPTION_ROOTS,HYMB,152,2026-10-01T18:47:02.240Z,f874176cac821596af80e79844bf4260221c20c7ed3cd4ff8412329e8e3f8dcf
HYNX,CBOE_ETF,ETF,ETF OPPORTUNITIES TRUST T-REX 2X LONG SK,American,cboe_cone|cboe_ctwo|cboe_exo|cboe_opt,true,HYNX,T-REX 2X LONG SKHY DAILY TARGET ETF,PROVIDER_QUERY_RETURNED_OPTION_ROOTS,HYNX,320,2026-10-01T18:47:03.308Z,85bf42f67c0d01192ed0b7927e4b3cbb1b7cc7a5795b153c5567217a03087bc9
HYS,CBOE_ETF,ETF,PIMCO ETF TR 0-5 HIGH YIELD,American,cboe_cone,false,HYS,PIMCO 0-5 Year High Yield Corporate Bond Index Fun,PROVIDER_QUERY_RETURNED_OPTION_ROOTS,HYS,152,2026-10-01T18:47:04.861Z,dbb9291258fe4d8a26b85004e467179273c69e29afc8eeeb16b7d9c068e5697b
HYSA,CBOE_ETF,ETF,BONDBLOXX ETF TRUST HIGH YIELD INC,American,cboe_cone|cboe_ctwo|cboe_exo|cboe_opt,true,HYSA,BondBloxx High Yield Income ETF,PROVIDER_QUERY_RETURNED_OPTION_ROOTS,HYSA,168,2026-10-01T18:47:05.717Z,15bb81779ec2b2c6f1161851b9afc888b6c84a22aaac981e2e252c4aa13e4bd7
IAGG,CBOE_ETF,ETF,iShares Core International Aggregate Bond Fund,American,cboe_cone|cboe_ctwo|cboe_exo|cboe_opt,true,IAGG,ISHARES CORE INTERNATIONAL AGGREGATE BOND ETF,PROVIDER_QUERY_RETURNED_OPTION_ROOTS,IAGG,152,2026-10-01T18:47:07.898Z,f62e6b0035c6530ae00b1445555ec8edf9b25d3fb2689b4a00907f621316197c
IAI,CBOE_ETF,ETF,ISHARES TR US BR DEL SE ETF,American,cboe_cone|cboe_exo|cboe_opt,true,IAI,iShares U.S. Broker-Dealers & Sec. Exchanges ETF,PROVIDER_QUERY_RETURNED_OPTION_ROOTS,IAI,322,2026-10-01T18:47:08.339Z,13245707b3a091e7d973364394fe58c4d14afbe1be862beb730a62e5ef5ca102
IAT,CBOE_ETF,ETF,ISHARES TR US REGNL BKS ETF,American,cboe_cone|cboe_ctwo|cboe_exo|cboe_opt,true,IAT,iShares U.S. Regional Banks ETF,PROVIDER_QUERY_RETURNED_OPTION_ROOTS,IAT,224,2026-10-01T18:47:09.912Z,12d4b2560f63fb23be526536c925fa31fd3ae54a479c73f7afdef1e3c467647d
IAU,CBOE_ETF,ETF,ISHARES GOLD TR ISHARES NEW,American,cboe_cone|cboe_ctwo|cboe_exo|cboe_opt,false,IAU,iShares Gold Trust,PROVIDER_QUERY_RETURNED_OPTION_ROOTS,IAU,1708,2026-10-01T18:47:10.351Z,6cb6ba61712ce6ffbb170c7bf1ffd49ef9bf095afe7e7816e83b8cfb850099bb
IAUI,CBOE_ETF,ETF,NEOS Gold High Income ETF,American,cboe_cone|cboe_ctwo|cboe_exo|cboe_opt,true,IAUI,NEOS GOLD HIGH INCOME ETF,PROVIDER_QUERY_RETURNED_OPTION_ROOTS,IAUI,160,2026-10-01T18:47:10.811Z,7fc9eef520d2647ec210cd6fe9fbc278a5d6bc3560d9f7478c92c9b75599f957
IBB,CBOE_ETF,ETF,ISHARES TR ISHARES BIOTECH,American,cboe_cone|cboe_ctwo|cboe_exo|cboe_opt,true,IBB,iShares Biotechnology ETF,PROVIDER_QUERY_RETURNED_OPTION_ROOTS,IBB,1112,2026-10-01T18:47:11.318Z,48b861cbf3c432f39854fc72287fa97c1c62fd39df76473f1fd43981daca60b7
IBIT,CBOE_ETF,ETF,ISHARES BITCOIN TRUST ETF SHS BEN INT,American,cboe_cone|cboe_ctwo|cboe_exo|cboe_opt,true,IBIT,ISHARES BITCOIN TRUST ETF,PROVIDER_QUERY_RETURNED_OPTION_ROOTS,IBIT,2610,2026-10-01T18:47:13.326Z,094b3abbc7949c2ecf180617e5939ab1b155cc1e64d31c2b381439fe47798ce6
IBND,CBOE_ETF,ETF,SPDR SERIES TRUST SST SPDR BLOOMBE,American,cboe_cone|cboe_ctwo|cboe_exo|cboe_opt,true,IBND,State St SPDR Bloomberg International Corp Bnd ETF,PROVIDER_QUERY_RETURNED_OPTION_ROOTS,IBND,152,2026-10-01T18:47:15.879Z,7f6802a7f2980cbb6fb8b801e073674115e030d7d75c0006a020ea0f81da0467
IBUY,CBOE_ETF,ETF,AMPLIFY ETF TR ONLIN RETL ETF,American,cboe_cone|cboe_ctwo|cboe_exo|cboe_opt,true,IBUY,AMPLIFY ONLINE RETAIL ETF,PROVIDER_QUERY_RETURNED_OPTION_ROOTS,IBUY,158,2026-10-01T18:47:19.416Z,7bfe69ffca3ebb81f5a69d549d1b8a69e37922e53503859c5a0cc5444dc552cb
IBX,CBOE_ETF,ETF,Tradr 2X Long IBM Daily ETF,American,cboe_cone|cboe_ctwo|cboe_exo|cboe_opt,true,IBX,TRADR 2X LONG IBM DAILY ETF,PROVIDER_QUERY_RETURNED_OPTION_ROOTS,IBX,194,2026-10-01T18:47:19.921Z,70d1e37c6b0b43274630e4258b7828ea5a957180e976df37dc6e92cef7ef9c40
ICF,CBOE_ETF,ETF,iShares Select U.S. REIT ETF,American,cboe_cone|cboe_exo|cboe_opt,true,ICF,iShares Select U.S. REIT ETF,PROVIDER_QUERY_RETURNED_OPTION_ROOTS,ICF,170,2026-10-01T18:47:20.921Z,c57bd324773e7db8e613946355c6430c32f43a30b7e9ac7a1b7691f0391b6aef
ICLN,CBOE_ETF,ETF,ISHARES TR GL CLEAN ENE ETF,American,cboe_cone|cboe_ctwo|cboe_exo|cboe_opt,true,ICLN,ISHARES GLOBAL CLEAN ENERGY ETF,PROVIDER_QUERY_RETURNED_OPTION_ROOTS,ICLN,742,2026-10-01T18:47:22.851Z,c2e0702d4e166d730f25029cfa4d22301c0f55b5cafb4c28caa237e993335d06
ICOP,CBOE_ETF,ETF,ISHARES TR COPPER & METALS,American,cboe_cone|cboe_ctwo|cboe_exo|cboe_opt,true,ICOP,ISHARES COPPER AND METALS MINING ETF,PROVIDER_QUERY_RETURNED_OPTION_ROOTS,ICOP,210,2026-10-01T18:47:24.371Z,cd6b86f494a94592ecddb4b7c90bd826135fc3628cac0c41b908cd4a3f03af69
ICSH,CBOE_ETF,ETF,iShares Ultra Short Duration Bond Active ETF,American,cboe_cone|cboe_ctwo|cboe_exo|cboe_opt,false,ICSH,iShares Ultra Short Duration Bond,PROVIDER_QUERY_RETURNED_OPTION_ROOTS,ICSH,152,2026-10-01T18:47:24.849Z,eb929c32460fc4c05c559b1fddc2a0434751a30a8048b91100a2d04b765590e3
ICVT,CBOE_ETF,ETF,iShares Convertible Bond ETF,American,cboe_cone|cboe_ctwo|cboe_exo|cboe_opt,true,ICVT,ISHARES CONVERTIBLE BOND ETF,PROVIDER_QUERY_RETURNED_OPTION_ROOTS,ICVT,254,2026-10-01T18:47:25.907Z,7c8ec1aedf781fc80210f21e8788eaac087e1f98acfd9fd51ee5a707879424e9
IDGT,CBOE_ETF,ETF,ISHARES TR US DIGI REAL ETF,American,cboe_cone,false,IDGT,iShares US Digital Infrastructure and Real Estate,PROVIDER_QUERY_RETURNED_OPTION_ROOTS,IDGT,280,2026-10-01T18:47:28.356Z,5a522b87c709b0df0fd03aafb186d55c122f9513ce467dd672cba7a5fa79ca01
IDNA,CBOE_ETF,ETF,ISHARES TR GENOMICS IMMUN,American,cboe_cone|cboe_ctwo|cboe_exo|cboe_opt,true,IDNA,ISHARES GENOMICS IMMUNOLOGY AND HEALTHCARE ETF,PROVIDER_QUERY_RETURNED_OPTION_ROOTS,IDNA,172,2026-10-01T18:47:30.435Z,909132973612abf65eda4258c3a04c2f30868e86789fd8df18c49617f9a9510c
IDRV,CBOE_ETF,ETF,ISHARES TR SELF DRIVNG EV,American,cboe_cone|cboe_ctwo|cboe_exo|cboe_opt,true,IDRV,ISHARES SELF-DRIVING EV AND TECH ETF,PROVIDER_QUERY_RETURNED_OPTION_ROOTS,IDRV,156,2026-10-01T18:47:31.409Z,d7f2822e1c8119363900ee6d4a5d16b59923e9d2048bd1fd6d88bae4ccfc1818
IDU,CBOE_ETF,ETF,ISHARES TR U.S. UTILITS ETF,American,cboe_cone,true,IDU,iShares U.S. Utilities ETF,PROVIDER_QUERY_RETURNED_OPTION_ROOTS,IDU,204,2026-10-01T18:47:32.460Z,fc302d60337dfc7ce453cc67908fb2506316295ba6072095f240a72627ef6ae1
IDV,CBOE_ETF,ETF,iShares International Select Dividend ETF,American,cboe_cone|cboe_ctwo|cboe_exo|cboe_opt,true,IDV,iShares International Select Dividend ETF,PROVIDER_QUERY_RETURNED_OPTION_ROOTS,IDV,170,2026-10-01T18:47:33.373Z,04bf0fcaabf29094e8c44652a5766b110c6e46c1a5273394cd565a328a0ee2cb
IDVO,CBOE_ETF,ETF,AMPLIFY ETF TR CWP INTL ENHANCE,American,cboe_cone|cboe_ctwo|cboe_exo|cboe_opt,false,IDVO,Amplify CWP International Enhanced Dividend Income,PROVIDER_QUERY_RETURNED_OPTION_ROOTS,IDVO,152,2026-10-01T18:47:33.871Z,a2fada853b83b51cd013e8b6fb20cfbdd36874c98251fc513595705fa4ef8209
IEF,CBOE_ETF,ETF,ISHARES TR 7-10 YR TRSY BD,American,cboe_cone|cboe_ctwo|cboe_exo|cboe_opt,true,IEF,iShares 7-10 Year Treasury Bond ETF,PROVIDER_QUERY_RETURNED_OPTION_ROOTS,IEF,1306,2026-10-01T18:47:35.887Z,b23ad5a68377074c2b94cfa4266aa5ae25a1b7dddc41b2764a27298d637e3ecd
IEFA,CBOE_ETF,ETF,iShares Core MSCI EAFE ETF,American,cboe_cone|cboe_ctwo|cboe_exo|cboe_opt,true,IEFA,iShares Core MSCI EAFE ETF,PROVIDER_QUERY_RETURNED_OPTION_ROOTS,IEFA,268,2026-10-01T18:47:36.398Z,a7811e11ccd2369ce120d943a631cd02621424a21e658f3fcd4317599e36ba03
IEI,CBOE_ETF,ETF,ISHARES TR 3 7 YR TREAS BD,American,cboe_cone|cboe_ctwo|cboe_exo|cboe_opt,true,IEI,iShares 3-7 Year Treasury Bond ETF,PROVIDER_QUERY_RETURNED_OPTION_ROOTS,IEI,232,2026-10-01T18:47:36.904Z,eaf55ac833684076d4b3ee02cfc3c8dd4f8493aa02a6a108371e2b15f4701b7a
IEMG,CBOE_ETF,ETF,ISHARES INC CORE MSCI EMKT,American,cboe_cone,true,IEMG,iShares Core MSCI Emerging Markets ETF,PROVIDER_QUERY_RETURNED_OPTION_ROOTS,IEMG,212,2026-10-01T18:47:37.422Z,e7449a5f0794241c4df825b5bfad4e0baadcab8ecc869c611920debf88389396
IEO,CBOE_ETF,ETF,iShares U.S. Oil & Gas Exploration & Production ETF,American,cboe_cone|cboe_ctwo|cboe_exo|cboe_opt,true,IEO,iShares U.S. Oil & Gas Exploration Production ETF,PROVIDER_QUERY_RETURNED_OPTION_ROOTS,IEO,294,2026-10-01T18:47:37.953Z,6fdb8cfe24f609ef8f827d5fc9d6b7aef4014c90a42a1b8f99bb63d6b50262fa
IEUR,CBOE_ETF,ETF,ISHARES TR CORE MSCI EURO,American,cboe_cone|cboe_ctwo|cboe_exo|cboe_opt,true,IEUR,iShares Core MSCI Europe ETF,PROVIDER_QUERY_RETURNED_OPTION_ROOTS,IEUR,152,2026-10-01T18:47:39.884Z,261cffb08a3897a2ceb5f41b476cc9a759fea5253bbfc4a406e278bb5d9ee1f8
IEV,CBOE_ETF,ETF,ISHARES TR EUROPE ETF,American,cboe_cone|cboe_ctwo|cboe_exo|cboe_opt,true,IEV,iShares Europe ETF,PROVIDER_QUERY_RETURNED_OPTION_ROOTS,IEV,188,2026-10-01T18:47:40.413Z,957dac464e006c329a7eed259c48e461e0753957d087d180e3b3395314f7f9cf
IEZ,CBOE_ETF,ETF,ISHARES TR US OIL EQ&SV ETF,American,cboe_cone|cboe_ctwo|cboe_exo|cboe_opt,true,IEZ,iShares U.S. Oil Equipment & Services ETF,PROVIDER_QUERY_RETURNED_OPTION_ROOTS,IEZ,176,2026-10-01T18:47:41.431Z,e8724af171ac01334bc9c8099092f2c5c110e53dd962aafd43703b8f6c56c284
IFLN,CBOE_ETF,ETF,INVESCO EXCHANGE-TRADED FD TR BLOO EN ANGE ETF,American,cboe_cone,true,IFLN,Invesco Bloomberg Enhanced Fallen Angels ETF,PROVIDER_QUERY_RETURNED_OPTION_ROOTS,IFLN,152,2026-10-01T18:47:42.620Z,7bdc742982f5fa4e0fa167fec390bbc51b7cc3b37d89380b5231a8639adb440d
IFRA,CBOE_ETF,ETF,iShares U.S. Infrastructure ETF,American,cboe_cone|cboe_ctwo|cboe_exo|cboe_opt,true,IFRA,ISHARES U.S. INFRASTRUCTURE ETF,PROVIDER_QUERY_RETURNED_OPTION_ROOTS,IFRA,156,2026-10-01T18:47:43.135Z,3d99ed117ebcc00b7a19ba1da4c57a0a1b9b27f6155abed3a79b876fa8e51145
IGE,CBOE_ETF,ETF,iShares North American Natural Resources ETF,American,cboe_cone|cboe_exo|cboe_opt,true,IGE,iShares North American Natural Resources ETF,PROVIDER_QUERY_RETURNED_OPTION_ROOTS,IGE,154,2026-10-01T18:47:44.920Z,9e96e525390f10aa9cb35da439ce2f841e3a37a0eb3ef0c0befce3ad297cbbaf
IGF,CBOE_ETF,ETF,ISHARES TR GLB INFRASTR ETF,American,cboe_cone,true,IGF,iShares Global Infrastructure ETF,PROVIDER_QUERY_RETURNED_OPTION_ROOTS,IGF,152,2026-10-01T18:47:45.432Z,184f02872320b54b68125a8ef760f0aa23185ff3f1196fe497ca410378140928
IGIB,CBOE_ETF,ETF,ISHARES TR ISHS 5-10YR INVT,American,cboe_cone|cboe_ctwo|cboe_exo|cboe_opt,false,IGIB,iSharesTrustiShares 5-10 Yr Inv Grade Corp BondETF,PROVIDER_QUERY_RETURNED_OPTION_ROOTS,IGIB,152,2026-10-01T18:47:46.422Z,0697cecaed6efc434a41c44b00af55a094fc0a1089f6cbcc8015594f1859b44b
IGLB,CBOE_ETF,ETF,ISHARES TR 10+ YR INVST GRD,American,cboe_cone,true,IGLB,iShares 10+ Year Inv Grade Corporate Bond ETF,PROVIDER_QUERY_RETURNED_OPTION_ROOTS,IGLB,152,2026-10-01T18:47:47.427Z,970398b7f0f0f477336391604b98192d384be9b3925087bf6b3e824af78d5cbf
IGLD,CBOE_ETF,ETF,FT Vest Gold Strategy Target Income ETF,American,cboe_cone|cboe_ctwo|cboe_exo|cboe_opt,true,IGLD,FT Vest Gold Strategy Target Income ETF,PROVIDER_QUERY_RETURNED_OPTION_ROOTS,IGLD,154,2026-10-01T18:47:47.930Z,25fd56c747c5db97725fe782eeec06b369812efb8d1cb6044a4820bf0c5ab173
IGM,CBOE_ETF,ETF,ISHARES TR EXPND TEC SC ETF,American,cboe_cone|cboe_ctwo|cboe_exo|cboe_opt,true,IGM,iShares Expanded Tech Sector ETF,PROVIDER_QUERY_RETURNED_OPTION_ROOTS,IGM,326,2026-10-01T18:47:48.435Z,d68023887a317c80825c60ad9d1cc089ab2cb8725cb2e70d3e4737fcfb9a915a
IGOV,CBOE_ETF,ETF,ISHARES TR INTL TREA BD ETF,American,cboe_cone,true,IGOV,iShares International Treasury Bond ETF,PROVIDER_QUERY_RETURNED_OPTION_ROOTS,IGOV,152,2026-10-01T18:47:49.302Z,21badf95515baa31d58be31637c9042c314d91b86e79b6e17ad7995458545ff2
IGSB,CBOE_ETF,ETF,ISHARES TR ISHS 1-5YR INVS,American,cboe_cone,true,IGSB,iShares Trust iShares 1-5Yr InvGrade Corp Bond ETF,PROVIDER_QUERY_RETURNED_OPTION_ROOTS,IGSB,152,2026-10-01T18:47:50.479Z,d9d912494bf0c2771501e06f4e9c0d0286bb82388fe92d21c35084578f95a4dd
IGV,CBOE_ETF,ETF,iShares Expanded Tech-Software Sector ETF,American,cboe_cone|cboe_ctwo|cboe_exo|cboe_opt,true,IGV,iShares Expanded Tech-Software Sector ETF,PROVIDER_QUERY_RETURNED_OPTION_ROOTS,IGV,1896,2026-10-01T18:47:51.198Z,be8487364aaab053bbb2a6319e0cf9dfe30d675aa27c53d448d06109b868684b
IHAK,CBOE_ETF,ETF,ISHARES TR CYBERSECURITY,American,cboe_cone|cboe_ctwo|cboe_exo|cboe_opt,true,IHAK,ISHARES CYBERSECURITY AND TECH ETF,PROVIDER_QUERY_RETURNED_OPTION_ROOTS,IHAK,206,2026-10-01T18:47:51.525Z,5d66cb5b0d16c00837aa3ac5c8a6342147c3438a8297448513e1021e48566e68
IHDG,CBOE_ETF,ETF,WISDOMTREE TR ITL HDG QTLY DIV,American,cboe_cone,false,IHDG,WisdomTree International Hedged Dividend Growth Fu,PROVIDER_QUERY_RETURNED_OPTION_ROOTS,IHDG,152,2026-10-01T18:47:51.957Z,239b50d90fb7ea303c71f9215925d7af2dec0d3425aa41b00daac9b7d4df3b4f
IHE,CBOE_ETF,ETF,ISHARES TR U.S. PHARMA ETF,American,cboe_cone|cboe_exo|cboe_opt,true,IHE,iShares U.S. Pharmaceuticals ETF,PROVIDER_QUERY_RETURNED_OPTION_ROOTS,IHE,218,2026-10-01T18:47:52.440Z,97b5d68d25a0c7f0b5172cee40db00be7c0818d298af0670c4e3c45b50232b16
IHF,CBOE_ETF,ETF,ISHARES TR US HLTHCR PR ETF,American,cboe_cone|cboe_ctwo|cboe_exo|cboe_opt,true,IHF,iShares U.S. Healthcare Providers ETF,PROVIDER_QUERY_RETURNED_OPTION_ROOTS,IHF,200,2026-10-01T18:47:52.980Z,21cb1fc398fbbd0904e447e8138c2b863bd3cefeff099e2a1ffe1502fd2972b9
IHI,CBOE_ETF,ETF,ISHARES TR U.S. MED DVC ETF,American,cboe_cone|cboe_ctwo|cboe_exo|cboe_opt,true,IHI,iShares U.S. Medical Devices ETF,PROVIDER_QUERY_RETURNED_OPTION_ROOTS,IHI,480,2026-10-01T18:47:53.495Z,b667ace2b58fa63ee6ea436b3021f72b97c07041dd48c154926d9f627d72cf66
IJH,CBOE_ETF,ETF,ISHARES TR CORE S&P MCP ETF,American,cboe_cone|cboe_ctwo|cboe_exo|cboe_opt,true,IJH,iShares Core S&P Mid-Cap ETF,PROVIDER_QUERY_RETURNED_OPTION_ROOTS,IJH,222,2026-10-01T18:47:56.964Z,1779762d6dd9d3207f3d8668c89d05e4d1dad9fb3d36c209a3032c36fefbb77b
IJJ,CBOE_ETF,ETF,ISHARES TR S&P MC 400VL ETF,American,cboe_cone,true,IJJ,iShares S&P Mid-Cap 400 Value ETF,PROVIDER_QUERY_RETURNED_OPTION_ROOTS,IJJ,182,2026-10-01T18:47:57.478Z,78641debca78c39b18310e2ffcaaeb6287f74c6c6b6615fd9738a57d2a2efab8
IJK,CBOE_ETF,ETF,ISHARES TR S&P MC 400GR ETF,American,cboe_cone|cboe_exo|cboe_opt,true,IJK,iShares S&P Mid-Cap 400 Growth ETF,PROVIDER_QUERY_RETURNED_OPTION_ROOTS,IJK,216,2026-10-01T18:47:57.985Z,5f6701371fbb03a5920e1ec2853b42cb7ee321a6a9bb17d0c4bf8676e44793c2
IJR,CBOE_ETF,ETF,ISHARES TR CORE S&P SCP ETF,American,cboe_cone|cboe_ctwo|cboe_exo|cboe_opt,true,IJR,iShares Core S&P Small-Cap ETF,PROVIDER_QUERY_RETURNED_OPTION_ROOTS,IJR,460,2026-10-01T18:47:58.479Z,8dce4638ae257658645cbb52f81b1276d40d8f64af52dcd94d5af29334e1ee16
IJS,CBOE_ETF,ETF,ISHARES TR SP SMCP600VL ETF,American,cboe_cone|cboe_exo|cboe_opt,true,IJS,iShares S&P Small-Cap 600 Value ETF,PROVIDER_QUERY_RETURNED_OPTION_ROOTS,IJS,280,2026-10-01T18:47:59.003Z,32d645474c25f388d6e4baae9cc2d513eb2f219573d6008f948c8910d170084d
IJT,CBOE_ETF,ETF,ISHARES TR S&P SML 600 GWT,American,cboe_cone|cboe_exo|cboe_opt,true,IJT,iShares S&P Small-Cap 600 Growth ETF,PROVIDER_QUERY_RETURNED_OPTION_ROOTS,IJT,302,2026-10-01T18:47:59.535Z,a9a6ca182602629d145028f3c6c89e97c8718f62f16a42224142378f70fd6134
ILCG,CBOE_ETF,ETF,ISHARES TR MORNINGSTAR GRWT,American,cboe_cone|cboe_ctwo|cboe_exo|cboe_opt,true,ILCG,ISHARES MORNINGSTAR GROWTH ETF,PROVIDER_QUERY_RETURNED_OPTION_ROOTS,ILCG,188,2026-10-01T18:48:00.681Z,c0420bfeed1541e55c72b4e19cc7fe69c84b2868f4d900c669a57cc811cd4eb0
ILF,CBOE_ETF,ETF,ISHARES TR LATN AMER 40 ETF,American,cboe_cone|cboe_ctwo|cboe_exo|cboe_opt,true,ILF,iShares Latin America 40 ETF,PROVIDER_QUERY_RETURNED_OPTION_ROOTS,ILF,172,2026-10-01T18:48:01.032Z,02611755912c906062764b2a134386aa4dbe68b6c609c188938ccd773068b5df
ILIT,CBOE_ETF,ETF,ISHARES TR LITHIUM MINRS,American,cboe_cone|cboe_ctwo|cboe_exo|cboe_opt,true,ILIT,ISHARES LITHIUM MINERS AND PRODUCERS ETF,PROVIDER_QUERY_RETURNED_OPTION_ROOTS,ILIT,158,2026-10-01T18:48:01.584Z,22f15a8399809d44ccba1bbc985390d433076b2c5d0c39f10bb2ccb9b6d7ea63
IMCG,CBOE_ETF,ETF,ISHARES TR MRGSTR MD CP GRW,American,cboe_cone|cboe_ctwo|cboe_exo|cboe_opt,true,IMCG,ISHARES MORNINGSTAR MID-CAP GROWTH ETF,PROVIDER_QUERY_RETURNED_OPTION_ROOTS,IMCG,180,2026-10-01T18:48:03.495Z,d35b663d772fcf7018281aa573d71c31c9b842282ce47e53c5c69202187c88af
IMVP,CBOE_ETF,ETF,INVESCO INDIA EXCHANGE-TRADED INDIA ETF,American,cboe_cone|cboe_ctwo|cboe_exo|cboe_opt,true,IMVP,Invesco India ETF,PROVIDER_QUERY_RETURNED_OPTION_ROOTS,IMVP,166,2026-10-01T18:48:11.533Z,36140b673c50132077f06a1a453d54ac3faf913f5e663591bfc4bf12d1b9a79e
INDA,CBOE_ETF,ETF,iShares MSCI India ETF,American,cboe_cone|cboe_ctwo|cboe_exo|cboe_opt,true,INDA,iShares MSCI India ETF,PROVIDER_QUERY_RETURNED_OPTION_ROOTS,INDA,386,2026-10-01T18:48:15.653Z,fed4d26464bdfc0f0ac55dde6e509cb86a8cd13acecfa7c837694b1ad91208af
INDL,CBOE_ETF,ETF,DIREXION SHARES ETF TRUST DAIL MS INDI ETF,American,cboe_cone,false,INDL,Direxion Daily MSCI India Bull 2X Shares,PROVIDER_QUERY_RETURNED_OPTION_ROOTS,INDL,198,2026-10-01T18:48:17.105Z,f60ebad0336277bde12cb28c44e2df4d78bcf78e3e2d6cafd9034cc60c339745
INDS,CBOE_ETF,ETF,PACER FDS TR INDUSTRIAL RELET,American,cboe_cone|cboe_ctwo|cboe_exo|cboe_opt,true,INDS,Pacer Industrial Real Estate ETF,PROVIDER_QUERY_RETURNED_OPTION_ROOTS,INDS,168,2026-10-01T18:48:17.642Z,ddcfe85438627480d3f200137acc03e96abdd78580f0f8c24b7258da4c01f928
INFL,CBOE_ETF,ETF,LISTED FDS TR HORI KI INFL ETF,American,cboe_cone|cboe_ctwo|cboe_exo|cboe_opt,true,INFL,HORIZON KINETICS INFLATION BENEFICIARIES ETF,PROVIDER_QUERY_RETURNED_OPTION_ROOTS,INFL,152,2026-10-01T18:48:19.030Z,e78f0f04ef4334c9267c9b2e3dd12be62ea329d78df460088d4d4513c1b63e4e
INTF,CBOE_ETF,ETF,ISHARES TR INTL EQTY FACTOR,American,cboe_cone|cboe_ctwo|cboe_exo|cboe_opt,true,INTF,iShares International Equity Factor ETF,PROVIDER_QUERY_RETURNED_OPTION_ROOTS,INTF,152,2026-10-01T18:48:32.070Z,c7ec842344b3b8a9614c3358879d3a4196db0541129c253c5df1174206c6ae8d
INTW,CBOE_ETF,ETF,GRANITESHARES ETF TR 2X LONG INTC ETF,American,cboe_cone|cboe_ctwo|cboe_exo|cboe_opt,true,INTW,GRANITESHARES 2X LONG INTC DAILY ETF,PROVIDER_QUERY_RETURNED_OPTION_ROOTS,INTW,706,2026-10-01T18:48:34.109Z,0cd587395fa386ecd17fb1e038e562bb15cd6b4e21062c75a0e0389164fe3d95
IONL,CBOE_ETF,ETF,GRANITESHARES ETF TR 2X LONG IONQ,American,cboe_cone|cboe_ctwo|cboe_exo|cboe_opt,true,IONL,GRANITESHARES ETF TRUST GRANITESHARE2X LONG IONQ,PROVIDER_QUERY_RETURNED_OPTION_ROOTS,IONL,352,2026-10-01T18:48:38.723Z,0973bf973a822c9b114d026bb9fdceea3afe2db7faae0f90484d617a98e048e5
IONX,CBOE_ETF,ETF,TIDAL TRUST II DEF LON ION ETF,American,cboe_cone|cboe_ctwo|cboe_exo|cboe_opt,true,IONX,DEFIANCE DAILY TARGET 2X LONG IONQ ETF,PROVIDER_QUERY_RETURNED_OPTION_ROOTS,IONX,406,2026-10-01T18:48:40.158Z,847c2a35744b4934107cd68732de474af29c1d2dd610eea5cd640dab65808279
IONZ,CBOE_ETF,ETF,TIDAL TRUST II DEFIANCE DAILY T,American,cboe_cone|cboe_ctwo|cboe_exo|cboe_opt,true,IONZ|IONZ1,DEFIANCE DAILY TARGET 2X SHORT IONQ ETF|DEFIANCE DAILY TARGET 2X SHORT IONQ ETF (1:10),PROVIDER_QUERY_RETURNED_OPTION_ROOTS,IONZ|IONZ1,420,2026-10-01T18:48:40.823Z,dd966d5ebdc2cdc2e61c0c0eab17440b92c1ec6636c9443fb64913d293be1ae5
IOO,CBOE_ETF,ETF,ISHARES TR GLOBAL 100 ETF,American,cboe_cone,true,IOO,iShares Global 100 ETF,PROVIDER_QUERY_RETURNED_OPTION_ROOTS,IOO,224,2026-10-01T18:48:41.143Z,caba8f18b56f7fee84665e3a0b76f83b8852e194d1658ef2f09ec94c415341b0
IPAC,CBOE_ETF,ETF,ISHARES TR CORE MSCI PAC,American,cboe_cone|cboe_ctwo|cboe_exo|cboe_opt,true,IPAC,ISHARES CORE MSCI PACIFIC ETF,PROVIDER_QUERY_RETURNED_OPTION_ROOTS,IPAC,160,2026-10-01T18:48:43.639Z,5adc4392fd49cf295043cef1f95dc52a8ec55b4101c513018dac1adab668208c
IPO,CBOE_ETF,ETF,RENAISSANCE CAP GREENWICH FDS IPO ETF,American,cboe_cone|cboe_ctwo|cboe_exo|cboe_opt,true,IPO,RENAISSANCE IPO ETF,PROVIDER_QUERY_RETURNED_OPTION_ROOTS,IPO,210,2026-10-01T18:48:46.640Z,dee56b087cd9241532f5e0d6bc7d3cf2fb1d27db08dd87c842863f8456827bdb
IPOS,CBOE_ETF,ETF,RENAISSANCE CAP GREENWICH FDS INTNTL IPO ETF,American,cboe_cone|cboe_ctwo|cboe_exo|cboe_opt,true,IPOS,RENAISSANCE INTERNATIONAL IPO ETF,PROVIDER_QUERY_RETURNED_OPTION_ROOTS,IPOS,154,2026-10-01T18:48:47.163Z,724d1e51fcc9c075528409ec91caf474929a248789f1a2885b0e99c4512cdc15
IQDF,CBOE_ETF,ETF,FLEXSHARES TR NRTRN TR INTL QL,American,cboe_cone|cboe_ctwo|cboe_exo|cboe_opt,true,IQDF,Northern Trust International Quality Dividend ETF,PROVIDER_QUERY_RETURNED_OPTION_ROOTS,IQDF,152,2026-10-01T18:48:49.626Z,302a0c558ad24451b4fd3fbae27c35925e9183070f6ebd756490009fa0e60bdd
IQDG,CBOE_ETF,ETF,WisdomTree International Quality Dividend Growth Fund,American,cboe_cone|cboe_ctwo|cboe_exo|cboe_opt,false,IQDG,WISDOMTREE INTERNATIONAL QUALITY DIVIDEND GROWTH,PROVIDER_QUERY_RETURNED_OPTION_ROOTS,IQDG,168,2026-10-01T18:48:50.476Z,889c23db4519f8cb74a886a10c33410266b74b5c1c3ba4214a60a0780cc96950
IQLT,CBOE_ETF,ETF,ISHARES TR MSCI INTL QUALTY,American,cboe_cone|cboe_ctwo|cboe_exo|cboe_opt,false,IQLT,ISHARES MSCI INTI QUALITY FACTOR,PROVIDER_QUERY_RETURNED_OPTION_ROOTS,IQLT,152,2026-10-01T18:48:50.775Z,80c1f55f1909c8676a2b61e75ffd68ec1e57896540943a2480a686fd59f1e8ca
IQQ,CBOE_ETF,ETF,ISHARES TR NASDAQ 100 ETF,American,cboe_cone|cboe_ctwo|cboe_exo|cboe_opt,true,IQQ,ISHARES TRUST ISHARES NASDAQ 100 ETF,PROVIDER_QUERY_RETURNED_OPTION_ROOTS,IQQ,724,2026-10-01T18:48:51.707Z,432f8fddc71ef12b0df4c768b035a70a3af957c153319fe6faf1441b382626d5
IRE,CBOE_ETF,ETF,TIDAL TRUST II DEFI DA IREN ETF,American,cboe_cone|cboe_ctwo|cboe_exo|cboe_opt,true,IRE|IRE1,DEFIANCE DAILY TARGET 2X LONG IREN ETF|DEFIANCE DAILY TARGET 2X LONG IREN ETF (1:4),PROVIDER_QUERY_RETURNED_OPTION_ROOTS,IRE,354,2026-10-01T18:48:54.262Z,682ac7dd39a07dd92b7c6038f45aae8bba2b48fca7cae5f0b6796f6bb55f9ab4
IREG,CBOE_ETF,ETF,THEMES ETF TR LEVERAGE SHS 2X,American,cboe_cone|cboe_ctwo|cboe_exo|cboe_opt,true,IREG,THEMES ETF LEVERAGE SHARES 2X LONG IREN DAILY ETF,PROVIDER_QUERY_RETURNED_OPTION_ROOTS,IREG,234,2026-10-01T18:48:54.636Z,244cbf6900662388fc31a81332066eb837242c7d96d0fac6695fa970692d1afa
IREX,CBOE_ETF,ETF,Tradr 2X Long IREN Daily ETF,American,cboe_cone|cboe_ctwo|cboe_exo|cboe_opt,false,IREX|IREX1,TRADR 2X LONG IREN DAILY|TRADR 2X LONG IREN DAILY (1:3),PROVIDER_QUERY_RETURNED_OPTION_ROOTS,IREX,360,2026-10-01T18:48:55.675Z,4a743ebeff596c6c62e8e30cc67ef840306c118e32bc3859831c4cc774ad3562
IREZ,CBOE_ETF,ETF,Tradr 2X Short IREN Daily ETF,American,cboe_cone|cboe_ctwo|cboe_exo|cboe_opt,true,IREZ|IREZ1,TRADR 2X SHORT IREN DAILY ETF|TRADR 2X SHORT IREN DAILY ETF(1:3),PROVIDER_QUERY_RETURNED_OPTION_ROOTS,IREZ|IREZ1,550,2026-10-01T18:48:56.164Z,033a2494f110349eed7d6101b32db06504c0858827ffafbad2d1b7ca2895fbc1
ISPY,CBOE_ETF,ETF,ProShares S&P 500 High Income ETF,American,cboe_cone|cboe_ctwo|cboe_exo|cboe_opt,true,ISPY,PROSHARES S&P 500 HIGH INCOME ETF,PROVIDER_QUERY_RETURNED_OPTION_ROOTS,ISPY,168,2026-10-01T18:49:02.732Z,a080df34683df9c2d4dcc3530ec3dfd981b573b6fa3f4bb37875419655900b4f
ISRA,CBOE_ETF,ETF,VANECK ETF TRUST ISRAEL ETF,American,cboe_cone,true,ISRA,VanEck Israel ETF,PROVIDER_QUERY_RETURNED_OPTION_ROOTS,ISRA,152,2026-10-01T18:49:03.234Z,0c62a8721fa9aa6c5d971abbd77a1827ba41a44d221a9a82aad991a7a9f29871
ISTB,CBOE_ETF,ETF,ISHARES TR CORE 1 5 YR USD,American,cboe_cone|cboe_ctwo|cboe_exo|cboe_opt,true,ISTB,ISHARES CORE 1-5 YEAR USD BOND ETF,PROVIDER_QUERY_RETURNED_OPTION_ROOTS,ISTB,152,2026-10-01T18:49:04.280Z,122f8526c85901e9803cdf2c72569ccf0e6eff5243d4286d12bf2fdc52f32218
ITA,CBOE_ETF,ETF,iShares U.S. Aerospace & Defense ETF,American,cboe_cone|cboe_ctwo|cboe_exo|cboe_opt,true,ITA,iShares US Aerospace & Defense ETF,PROVIDER_QUERY_RETURNED_OPTION_ROOTS,ITA,632,2026-10-01T18:49:05.367Z,65f3b34a22cab4ff392f67707760fc9519c98a0e02494be6d03837f1197dec63
ITB,CBOE_ETF,ETF,iShares U.S. Home Construction ETF,American,cboe_cone|cboe_ctwo|cboe_exo|cboe_opt,true,ITB,iShares U.S. Home Construction ETF,PROVIDER_QUERY_RETURNED_OPTION_ROOTS,ITB,610,2026-10-01T18:49:05.890Z,f0614c68fde75ab5f967a9af764cf78b545a2088e131e2b4629595d9f3da89d3
ITEQ,CBOE_ETF,ETF,AMPLIFY ETF TR BLUE ISRA TE ETF,American,cboe_cone|cboe_ctwo|cboe_exo|cboe_opt,true,ITEQ,Amplify BlueStar Israel Technology ETF,PROVIDER_QUERY_RETURNED_OPTION_ROOTS,ITEQ,162,2026-10-01T18:49:06.377Z,221b5209d58ca9ba6008b1f650012b779d4acc74487b1e5c02472dedae0cd0ba
ITOT,CBOE_ETF,ETF,ISHARES TR CORE S&P TTL STK,American,cboe_cone|cboe_ctwo|cboe_exo|cboe_opt,true,ITOT,iShares Core S&P Total U.S. Stock Market ETF,PROVIDER_QUERY_RETURNED_OPTION_ROOTS,ITOT,256,2026-10-01T18:49:07.887Z,39d3b4c9f88ab5f828b0e1b649071c49c50e9306a52a8fc2e46114d28e825afd
IUSB,CBOE_ETF,ETF,ISHARES TR CORE UNIVRSL USD,American,cboe_cone|cboe_ctwo|cboe_exo|cboe_opt,true,IUSB,iShares Trust iShares Core Universal USD Bond ETF,PROVIDER_QUERY_RETURNED_OPTION_ROOTS,IUSB,152,2026-10-01T18:49:11.871Z,d8b4024fc414ba6f1a99c9bdbcd8f8668e07e7f683e7f98baa483de82e6973e4
IUSG,CBOE_ETF,ETF,ISHARES TR CORE S&P US GWT,American,cboe_cone|cboe_ctwo|cboe_exo|cboe_opt,true,IUSG,iShares Core S&P U.S. Growth ETF,PROVIDER_QUERY_RETURNED_OPTION_ROOTS,IUSG,304,2026-10-01T18:49:12.352Z,49063876d66cad42fc51b32d4c98687214c0f694918887501068ea9dd3c98762
IUSV,CBOE_ETF,ETF,ISHARES TR CORE S&P US VLU,American,cboe_cone|cboe_ctwo|cboe_exo|cboe_opt,true,IUSV,ISHARES CORE S&P U.S. VALUE ETF,PROVIDER_QUERY_RETURNED_OPTION_ROOTS,IUSV,162,2026-10-01T18:49:12.858Z,50d0226f96330ff83ac99caf47c100bb007812df2cb12bdae79b54bd155180b7
IVE,CBOE_ETF,ETF,ISHARES TR S&P 500 VAL ETF,American,cboe_cone|cboe_ctwo|cboe_exo|cboe_opt,true,IVE,iShares S&P 500 Value ETF,PROVIDER_QUERY_RETURNED_OPTION_ROOTS,IVE,242,2026-10-01T18:49:13.905Z,b5d2f27ea06e1642cb4ad1e56fe9cc2fb9fbaad870570ffb8eed35bbf3b31555
IVES,CBOE_ETF,ETF,WEDBUSH SER TR DAN IVE REVO ETF,American,cboe_cone|cboe_ctwo|cboe_exo|cboe_opt,true,IVES,DAN IVES WEDBUSH AI REVOLUTION ETF,PROVIDER_QUERY_RETURNED_OPTION_ROOTS,IVES,196,2026-10-01T18:49:14.373Z,e7593e888192d814c3a4d6690cb2553e4ac55ed4dfdb7eca0114c8f3830d455e
IVLU,CBOE_ETF,ETF,ISHARES TR MSCI INTL VLU FT,American,cboe_cone|cboe_ctwo|cboe_exo|cboe_opt,false,IVLU,ISHARES EDGE MSCI INTL VALUE FACTOR,PROVIDER_QUERY_RETURNED_OPTION_ROOTS,IVLU,152,2026-10-01T18:49:14.894Z,e621f5db3b7edc48e82ddac93541e121ad3ee0605783c45c118f933c8d425f1f
IVOL,CBOE_ETF,ETF,KRANESHARES TRUST QUADRTC INT RT,American,cboe_cone|cboe_ctwo|cboe_exo|cboe_opt,true,IVOL,QUADRATIC INTEREST RATE VOL. AND INFLATION ETF,PROVIDER_QUERY_RETURNED_OPTION_ROOTS,IVOL,168,2026-10-01T18:49:15.859Z,6aa1d7fd589f7bbe75e6575678921946eab7c387d02c5b4a7d81ab419c58d338
IVV,CBOE_ETF,ETF,ISHARES TR CORE S&P500 ETF,American,cboe_cone|cboe_ctwo|cboe_exo|cboe_opt,true,IVV,iShares Core S&P 500 ETF,PROVIDER_QUERY_RETURNED_OPTION_ROOTS,IVV,3660,2026-10-01T18:49:18.445Z,05d1332e9df331171c4d7d6d4a23840c406d5687cac5c1d6dc31f43274e1d7c4
IVW,CBOE_ETF,ETF,ISHARES TR S&P 500 GRWT ETF,American,cboe_cone|cboe_ctwo|cboe_exo|cboe_opt,true,IVW,iShares S&P 500 Growth ETF,PROVIDER_QUERY_RETURNED_OPTION_ROOTS,IVW,332,2026-10-01T18:49:19.850Z,ab120c13126243cf4a6b2e949d030f48821e6338187180725c2bc488dfac2568
IWB,CBOE_ETF,ETF,ISHARES TR RUS 1000 ETF,American,cboe_cone|cboe_ctwo|cboe_exo|cboe_opt,true,IWB,iShares Russell 1000 ETF,PROVIDER_QUERY_RETURNED_OPTION_ROOTS,IWB,506,2026-10-01T18:49:20.876Z,48142d9e0b2314625fa1652f910db07363f90251de5a8252b149083b69c3e837
IWC,CBOE_ETF,ETF,ISHARES TR MICRO-CAP ETF,American,cboe_cone|cboe_ctwo|cboe_exo|cboe_opt,true,IWC,iShares Micro-Cap ETF,PROVIDER_QUERY_RETURNED_OPTION_ROOTS,IWC,294,2026-10-01T18:49:21.368Z,1d6600fb4e404718e6becf21cb07d4f80fd5b3228f965bcb0c26c3eaf51cec98
IWD,CBOE_ETF,ETF,ISHARES TR RUS 1000 VAL ETF,American,cboe_cone|cboe_ctwo|cboe_exo|cboe_opt,true,IWD,iShares Russell 1000 Value ETF,PROVIDER_QUERY_RETURNED_OPTION_ROOTS,IWD,488,2026-10-01T18:49:21.872Z,3a844acdfea4e946d28fe232bae1289fafaa8f7c67a53f0e5d7bb0d27eadf7b0
IWF,CBOE_ETF,ETF,ISHARES TR RUS 1000 GRW ETF,American,cboe_cone|cboe_ctwo|cboe_exo|cboe_opt,true,IWF,iShares Russell 1000 Growth ETF,PROVIDER_QUERY_RETURNED_OPTION_ROOTS,IWF,578,2026-10-01T18:49:22.381Z,4e2bc6f3faa62b4445fab1ea88094fcfa7f1a94427447b521601e459ccefba39
IWM,CBOE_ETF,ETF,ISHARES TR RUSSELL 2000 ETF,American,cboe_cone|cboe_ctwo|cboe_exo|cboe_opt,true,IWM,iShares Russell 2000 ETF,PROVIDER_QUERY_RETURNED_OPTION_ROOTS,IWM,5744,2026-10-01T18:49:23.417Z,34a676ccfc5b9af6b2f83944102416fb152926cc56e6e71b5ae36d2494138d82
IWMI,CBOE_ETF,ETF,NEOS Russell 2000 High Income ETF,American,cboe_cone|cboe_ctwo|cboe_exo|cboe_opt,true,IWMI,NEOS RUSSELL 2000 HIGH INCOME ETF,PROVIDER_QUERY_RETURNED_OPTION_ROOTS,IWMI,176,2026-10-01T18:49:23.887Z,d9c3ec3c22992093b8e992586d82304a65e6f46ce7bdd50ecbffc03826eef840
IWMY,CBOE_ETF,ETF,TIDAL TRUST II DEFIA R2000 ETF,American,cboe_cone|cboe_ctwo|cboe_exo|cboe_opt,true,IWMY,Defiance R2000 Weekly Distribution ETF,PROVIDER_QUERY_RETURNED_OPTION_ROOTS,IWMY,152,2026-10-01T18:49:24.938Z,8ffcfb578a73199ca504277d43ba6193dce7996f6240e91edd9849d224b073e4
IWN,CBOE_ETF,ETF,ISHARES TR RUS 2000 VAL ETF,American,cboe_cone|cboe_ctwo|cboe_exo|cboe_opt,true,IWN,iShares Russell 2000 Value ETF,PROVIDER_QUERY_RETURNED_OPTION_ROOTS,IWN,334,2026-10-01T18:49:25.446Z,0ea9d52fc648be41f82ed8d3d272a17dcd159fd0fe5269c8570b59b9fb4a0aeb
IWO,CBOE_ETF,ETF,ISHARES TR RUS 2000 GRW ETF,American,cboe_cone|cboe_ctwo|cboe_exo|cboe_opt,true,IWO,iShares Russell 2000 Growth ETF,PROVIDER_QUERY_RETURNED_OPTION_ROOTS,IWO,438,2026-10-01T18:49:26.045Z,ad7f30f000b47f6bf61ebcee13da5af91ee459e3e439f25c840c819640ccd173
IWP,CBOE_ETF,ETF,ISHARES TR RUS MD CP GR ETF,American,cboe_cone|cboe_ctwo|cboe_exo|cboe_opt,true,IWP,iShares Russell Mid-Cap Growth ETF,PROVIDER_QUERY_RETURNED_OPTION_ROOTS,IWP,256,2026-10-01T18:49:26.445Z,57c27093018f07d6cac715093091e8c380570be35c2593d454d4b3b08d6651ee
IWR,CBOE_ETF,ETF,ISHARES TR RUS MID CAP ETF,American,cboe_cone|cboe_ctwo|cboe_exo|cboe_opt,true,IWR,iShares Russell Mid-Cap ETF,PROVIDER_QUERY_RETURNED_OPTION_ROOTS,IWR,234,2026-10-01T18:49:26.963Z,e0a13876652aa33ca1ebd0bf34cfabaa272ff6c5e2352a517f0d72444705e4b7
IWS,CBOE_ETF,ETF,ISHARES TR RUS MDCP VAL ETF,American,cboe_cone|cboe_exo|cboe_opt,true,IWS,iShares Russell Mid-Cap Value ETF,PROVIDER_QUERY_RETURNED_OPTION_ROOTS,IWS,268,2026-10-01T18:49:27.391Z,9b7e36739ff1cd0b68bd37ad1220cc9a137a99c130a27ff87ee36f9f6ba1cfdc
IWV,CBOE_ETF,ETF,ISHARES TR RUSSELL 3000 ETF,American,cboe_cone|cboe_ctwo|cboe_exo|cboe_opt,true,IWV,iShares Russell 3000 ETF,PROVIDER_QUERY_RETURNED_OPTION_ROOTS,IWV,382,2026-10-01T18:49:27.914Z,09d4008cc88ec36074d0d23e6bf935640865106678830a50f4d9c773bd703070
IWX,CBOE_ETF,ETF,ISHARES TR RUS TP200 VL ETF,American,cboe_cone|cboe_ctwo|cboe_exo|cboe_opt,true,IWX,ISHARES RUSSELL TOP 200 VALUE ETF,PROVIDER_QUERY_RETURNED_OPTION_ROOTS,IWX,178,2026-10-01T18:49:28.400Z,2b7e7ac101c158ddcb42a211bdc085caaa4e27febe3687127790a0fe3bc53f44
IXC,CBOE_ETF,ETF,ISHARES TR GLOBAL ENERG ETF,American,cboe_cone,true,IXC,iShares Global Energy ETF,PROVIDER_QUERY_RETURNED_OPTION_ROOTS,IXC,160,2026-10-01T18:49:29.447Z,bed68fe84eecffd570ea2426268b8573cfd35ec488064551c089c58a1f606f44
IXG,CBOE_ETF,ETF,ISHARES TR GLOBAL FINLS ETF,American,cboe_cone|cboe_ctwo|cboe_exo|cboe_opt,true,IXG,ISHARES GLOBAL FINANCIALS ETF,PROVIDER_QUERY_RETURNED_OPTION_ROOTS,IXG,220,2026-10-01T18:49:30.010Z,153e30e9104750a68dcf939c76c124c39080214ddd947a41394416c4afac778a
IXJ,CBOE_ETF,ETF,ISHARES TR GLOB HLTHCRE ETF,American,cboe_cone,true,IXJ,iShares Global Healthcare ETF,PROVIDER_QUERY_RETURNED_OPTION_ROOTS,IXJ,170,2026-10-01T18:49:30.960Z,60cf9c70be4a1576749339d4902b6d9c0fe2b54cecf0e6794b448ae7cc9e9fc0
IXN,CBOE_ETF,ETF,ISHARES TR GLOBAL TECH ETF,American,cboe_cone|cboe_ctwo|cboe_exo|cboe_opt,true,IXN,ISHARES GLOBAL TECH ETF,PROVIDER_QUERY_RETURNED_OPTION_ROOTS,IXN,284,2026-10-01T18:49:31.495Z,91d821222594c20eb122c3ce0a3bf3e3b2b64cd3e753251908bcfc38b4c326db
IXP,CBOE_ETF,ETF,ISHARES TR GBL COMM SVC ETF,American,cboe_cone,true,IXP,iShares Global Comm Services ETF,PROVIDER_QUERY_RETURNED_OPTION_ROOTS,IXP,206,2026-10-01T18:49:32.025Z,f4879640ab27999ab4f30a85887a91c302968e9786362695e78eadd5f84661a1
IXUS,CBOE_ETF,ETF,ISHARES TR CORE MSCI TOTAL,American,cboe_cone|cboe_ctwo|cboe_exo|cboe_opt,true,IXUS,iShares Core MSCI Total International Stock ETF,PROVIDER_QUERY_RETURNED_OPTION_ROOTS,IXUS,164,2026-10-01T18:49:32.542Z,88eab9823cd545d51151a3333dc71ee5d2c2aceadd30d38e8d65be09b0310a87
IYC,CBOE_ETF,ETF,ISHARES TR US CONSUM DISCRE,American,cboe_cone|cboe_ctwo|cboe_exo|cboe_opt,true,IYC,iShares U.S. Consumer Discretionary ETF,PROVIDER_QUERY_RETURNED_OPTION_ROOTS,IYC,160,2026-10-01T18:49:32.932Z,5ba18fc599e303e79955dac937cca679bad5c15cd3478def6889e0b3b8bd97aa
IYE,CBOE_ETF,ETF,ISHARES TR U.S. ENERGY ETF,American,cboe_cone|cboe_ctwo|cboe_exo|cboe_opt,true,IYE,iShares U.S. Energy ETF,PROVIDER_QUERY_RETURNED_OPTION_ROOTS,IYE,270,2026-10-01T18:49:33.422Z,f5b23cf8c70dcefe9f4df03740bcfb6cd2038d21723ab7419e9db5d7ea173750
IYF,CBOE_ETF,ETF,ISHARES TR U.S. FINLS ETF,American,cboe_cone|cboe_ctwo|cboe_exo|cboe_opt,true,IYF,iShares U.S. Financials ETF,PROVIDER_QUERY_RETURNED_OPTION_ROOTS,IYF,270,2026-10-01T18:49:33.922Z,4ff1bebb3b1b6a37ff83b539dec03839d7cf594678cbf6375d07284992401de1
IYH,CBOE_ETF,ETF,ISHARES TR US HLTHCARE ETF,American,cboe_cone|cboe_exo|cboe_opt,true,IYH,iShares U.S. Healthcare ETF,PROVIDER_QUERY_RETURNED_OPTION_ROOTS,IYH,170,2026-10-01T18:49:34.928Z,cb7bfc2a083ffd2d4b32d9fef3a3ec53cf6a3d896eeac000e8d7951bfcebe5ff
IYJ,CBOE_ETF,ETF,iShares U.S. Industrials ETF,American,cboe_cone|cboe_ctwo|cboe_exo|cboe_opt,true,IYJ,iShares U.S. Industrials ETF,PROVIDER_QUERY_RETURNED_OPTION_ROOTS,IYJ,294,2026-10-01T18:49:35.430Z,fa2f392d1b7abdc95793c1153754a308e9f54559785c487a42dcdc8d605835e5
IYM,CBOE_ETF,ETF,ISHARES TR U.S. BAS MTL ETF,American,cboe_cone|cboe_exo|cboe_opt,true,IYM,iShares U.S. Basic Materials ETF,PROVIDER_QUERY_RETURNED_OPTION_ROOTS,IYM,352,2026-10-01T18:49:36.455Z,9380a636c21eb7dbb1d16b3907d1e2975943dee0beb5d2897d8b108ddae4f838
IYR,CBOE_ETF,ETF,ISHARES TR U.S. REAL ES ETF,American,cboe_cone|cboe_ctwo|cboe_exo|cboe_opt,true,IYR,iShares U.S. Real Estate ETF,PROVIDER_QUERY_RETURNED_OPTION_ROOTS,IYR,1284,2026-10-01T18:49:36.980Z,1123a3f42a9943ecc42285d8ef46f99246b3fbe27078ca1b73e4f73f61c98944
IYRI,CBOE_ETF,ETF,NEOS Real Estate High Income ETF,American,cboe_cone|cboe_ctwo|cboe_exo|cboe_opt,true,IYRI,NEOS REAL ESTATE HIGH INCOME ETF,PROVIDER_QUERY_RETURNED_OPTION_ROOTS,IYRI,152,2026-10-01T18:49:37.574Z,a6fb8188e386b07d8f3f0c30345a72ba528102de067c4e87ab5b67f8247b1955
IYT,CBOE_ETF,ETF,iShares U.S. Transportation ETF,American,cboe_cone|cboe_ctwo|cboe_exo|cboe_opt,true,IYT,iShares U.S. Transportation ETF,PROVIDER_QUERY_RETURNED_OPTION_ROOTS,IYT,238,2026-10-01T18:49:37.966Z,65378613661b4ffb614f8c537ac1d9fdc5ff6d863e8a2e89f9d98e9d177a04e3
IYW,CBOE_ETF,ETF,ISHARES TR U.S. TECH ETF,American,cboe_cone|cboe_ctwo|cboe_exo|cboe_opt,true,IYW,iShares U.S. Technology ETF,PROVIDER_QUERY_RETURNED_OPTION_ROOTS,IYW,300,2026-10-01T18:49:38.497Z,d0188fe92c3a19c6ad4121d746fdcc1d23b8201f87c35d77b4db733c7790e3bd
IYZ,CBOE_ETF,ETF,iShares U.S. Telecommunications ETF,American,cboe_cone|cboe_exo|cboe_opt,true,IYZ,iShares U.S. Telecommunications ETF,PROVIDER_QUERY_RETURNED_OPTION_ROOTS,IYZ,178,2026-10-01T18:49:39.539Z,a4a73138f28eafee0573f1e4b6bd878308c551431287eedbc7252a3b54ce01ff
IZRL,CBOE_ETF,ETF,ARK Israel Innovative Technology ETF,American,cboe_cone|cboe_ctwo|cboe_exo|cboe_opt,true,IZRL,ARK ISRAEL INNOVATIVE TECHNOLOGY ETF,PROVIDER_QUERY_RETURNED_OPTION_ROOTS,IZRL,152,2026-10-01T18:49:40.595Z,0e0789b87f2328dadd27be72692d73dbadf8f6368cfa229757d3fed4cdc36446
JAAA,CBOE_ETF,ETF,JANUS DETROIT STR TR HENDRSON AAA CL,American,cboe_cone|cboe_ctwo|cboe_exo|cboe_opt,false,JAAA,JANUS DETROIT STREET TRUST JANUS HENDERSON AAA CLO,PROVIDER_QUERY_RETURNED_OPTION_ROOTS,JAAA,168,2026-10-01T18:49:41.644Z,d552332c64eb2025232a7afac9140badeaaabe1d2e17e85b6d969c55c06c5edf
JAVA,CBOE_ETF,ETF,J P MORGAN EXCHANGE TRADED FD ACTIVE VALUE ETF,American,cboe_cone|cboe_ctwo|cboe_exo|cboe_opt,true,JAVA,JPMORGAN ACTIVE VALUE ETF,PROVIDER_QUERY_RETURNED_OPTION_ROOTS,JAVA,210,2026-10-01T18:49:44.082Z,1a5ba328e8f07eaed49751ed078c3fd6be47120eba0f2035a7d9b2b767d47e89
JBBB,CBOE_ETF,ETF,Janus Henderson B-BBB CLO ETF,American,cboe_cone|cboe_ctwo|cboe_exo|cboe_opt,false,JBBB,JANUS HENDERSON B-BBB CLO,PROVIDER_QUERY_RETURNED_OPTION_ROOTS,JBBB,168,2026-10-01T18:49:44.984Z,3877406a13e66b2ad658a3d1047b7b9086f6de41a65996b86dd9809e9941a459
JDST,CBOE_ETF,ETF,DIREXION SHARES ETF TRUST DAILY JUNIOR GOL,American,cboe_cone|cboe_ctwo|cboe_exo|cboe_opt,false,JDST|JDST1,Direxion Daily Junior Gold Miners Index Bear2XShrs|Direxion Daily Jr Gold Miners Indx Bear2XShr(1:20),PROVIDER_QUERY_RETURNED_OPTION_ROOTS,JDST,264,2026-10-01T18:49:52.007Z,69ade4d187ff0f4aba86d111fa1c87580e55a281cb22f2cfc67eb2cd2d2e6425
JEDI,CBOE_ETF,ETF,ETF SER SOLUTIONS DEFI DRON MO ETF,American,cboe_cone|cboe_ctwo|cboe_exo|cboe_opt,true,JEDI,ETF SER SOLUTIONS DEFI DRON MO ETF,PROVIDER_QUERY_RETURNED_OPTION_ROOTS,JEDI,176,2026-10-01T18:49:52.517Z,3bb0987651ec64f7ba578e43295da6b1bfc6fc56ff166bf6cda6b36d87894516
JEPI,CBOE_ETF,ETF,J P MORGAN EXCHANGE TRADED FD EQUITY PREMIUM,American,cboe_cone|cboe_ctwo|cboe_exo|cboe_opt,true,JEPI,JPMORGAN EQUITY PREMIUM INCOME ETF,PROVIDER_QUERY_RETURNED_OPTION_ROOTS,JEPI,326,2026-10-01T18:49:54.091Z,8ab57486fe37089ccc19f5aa53337b12c556f958dbcd4ff216340f012e364fb3
JEPQ,CBOE_ETF,ETF,J P MORGAN EXCHANGE TRADED FD NASDAQ EQT PREM,American,cboe_cone|cboe_ctwo|cboe_exo|cboe_opt,true,JEPQ,J.P. MORGAN NASDAQ EQUITY PREMIUM INCOME ETF,PROVIDER_QUERY_RETURNED_OPTION_ROOTS,JEPQ,392,2026-10-01T18:49:54.561Z,33e5d49600f6471bff98f4ef1cfad5ea7d32c5a9ef7cf95695283db544c6631c
JETS,CBOE_ETF,ETF,ETF SER SOLUTIONS US GLB JETS,American,cboe_cone|cboe_ctwo|cboe_exo|cboe_opt,true,JETS,U.S. GLOBAL JETS ETF,PROVIDER_QUERY_RETURNED_OPTION_ROOTS,JETS,752,2026-10-01T18:49:55.078Z,41e482b95d6efbdc991f7eb1423245bd7f68c07b8c7738e79d485702537eaf8b
JHML,CBOE_ETF,ETF,JOHN HANCOCK EXCHANGE TRADED MLTFCTR LRG CAP,American,cboe_cone|cboe_ctwo|cboe_exo|cboe_opt,true,JHML,JOHN HANCOCK MULTIFACTOR LARGE CAP ETF,PROVIDER_QUERY_RETURNED_OPTION_ROOTS,JHML,166,2026-10-01T18:49:56.014Z,082dd109cf574ae1b6147b5930d40b5195e661c0e56170f3a852c99668dc138a
JIRE,CBOE_ETF,ETF,J P MORGAN EXCHANGE TRADED FD INTRNL RES EQT,American,cboe_cone|cboe_ctwo|cboe_exo|cboe_opt,false,JIRE,JPMORGAN INTERNATIONAL RESEARCH ENHANCED EQUITY,PROVIDER_QUERY_RETURNED_OPTION_ROOTS,JIRE,162,2026-10-01T18:49:57.514Z,310aabc347a8b91b2cd89f3eb62afb799d81c9c3c8351339a338ce2a272bc0ad
JMBS,CBOE_ETF,ETF,JANUS DETROIT STR TR HENDERSON MTG,American,cboe_cone|cboe_ctwo|cboe_exo|cboe_opt,true,JMBS,JANUS HENDERSON MORTGAGE-BACKED SECURITIES ETF,PROVIDER_QUERY_RETURNED_OPTION_ROOTS,JMBS,152,2026-10-01T18:50:00.094Z,1d131040905cd64cd7c6c3d43ae228364657e8c2adf893d3ca8e9ad0f7140cc3
JMST,CBOE_ETF,ETF,J P MORGAN EXCHANGE TRADED FD ULTRA SHT MUNCPL,American,cboe_cone|cboe_ctwo|cboe_exo|cboe_opt,true,JMST,JPMORGAN ULTRA-SHORT MUNICIPAL INCOME ETF,PROVIDER_QUERY_RETURNED_OPTION_ROOTS,JMST,152,2026-10-01T18:50:02.093Z,5e4238b69bbd6643258141064aea25ed4913daf544ac79637a151db4e5473ac4
JNK,CBOE_ETF,ETF,SPDR SERIES TRUST ST BLOO HIGH ETF,American,cboe_cone|cboe_ctwo|cboe_exo|cboe_opt,true,JNK,State Street SPDR Bloomberg High Yield Bond ETF,PROVIDER_QUERY_RETURNED_OPTION_ROOTS,JNK,200,2026-10-01T18:50:03.134Z,694167ee788f5d83ffaccdad74b881a5ae4e33054af96f319bc7f7c4b7d4e9dc
JNUG,CBOE_ETF,ETF,DIREXION SHARES ETF TRUST DAIL JR GOLD ETF,American,cboe_cone|cboe_ctwo|cboe_exo|cboe_opt,false,JNUG,Direxion Daily Junior Gold Miners Index Bull2XShrs,PROVIDER_QUERY_RETURNED_OPTION_ROOTS,JNUG,1060,2026-10-01T18:50:03.715Z,74f2179ed533ed4f1754b3ec33d112cc96f3284636e599bd10221e952f273901
JOBX,CBOE_ETF,ETF,Tradr 2X Long JOBY Daily ETF,American,cboe_cone|cboe_ctwo|cboe_exo|cboe_opt,true,JOBX|JOBX1,TRADR 2X LONG JOBY DAILY ETF|TRADR 2X LONG JOBY DAILY ETF (1:3),PROVIDER_QUERY_RETURNED_OPTION_ROOTS,JOBX,190,2026-10-01T18:50:04.100Z,a0d65f5cb4447cf86952210db3317f0d83074eb07b30b58d7680f4866cf78552
JOUL,CBOE_ETF,ETF,Corgi High Voltage Grid Equipment ETF,American,cboe_cone|cboe_ctwo|cboe_exo|cboe_opt,true,JOUL,CORGI HIGH VOLTAGE GRID EQUIPMENT ETF,PROVIDER_QUERY_RETURNED_OPTION_ROOTS,JOUL,144,2026-10-01T18:50:06.093Z,ec173d4da3ab077aecad7285c832d384c5e517aafddad4cf24eb296fae8bcf71
JPEM,CBOE_ETF,ETF,J P MORGAN EXCHANGE TRADED FD DIV RTN EM EQT,American,cboe_cone,false,JPEM,JPM DIVERSIFIED RET EM EQUIT,PROVIDER_QUERY_RETURNED_OPTION_ROOTS,JPEM,152,2026-10-01T18:50:07.181Z,9a9064257c33e8dfd301a3459cf29461c80efccb1fa0213728c53a72c9a7e684
JPIN,CBOE_ETF,ETF,J P MORGAN EXCHANGE TRADED FD DIV RTN INT EQ,American,cboe_cone,false,JPIN,JPM DIVERSIFIED RET INTL EQ,PROVIDER_QUERY_RETURNED_OPTION_ROOTS,JPIN,152,2026-10-01T18:50:07.683Z,19fea2fa224b0a8e100206a5398c1636f769424d6620186973de3d9106a4d2a2
JPST,CBOE_ETF,ETF,J P MORGAN EXCHANGE TRADED FD ULTRA SHRT ETF,American,cboe_cone|cboe_ctwo|cboe_exo|cboe_opt,true,JPST,JPMORGAN ULTRA-SHORT INCOME ETF,PROVIDER_QUERY_RETURNED_OPTION_ROOTS,JPST,152,2026-10-01T18:50:09.558Z,c7a8f591e1950072e7a83b160983afd6f8b88e9bec3abbfc2fcce5810666868f
JPUS,CBOE_ETF,ETF,J P MORGAN EXCHANGE TRADED FD JPMORGAN DIVER,American,cboe_cone,true,JPUS,JPMORGAN DIV RET US EQ ETF,PROVIDER_QUERY_RETURNED_OPTION_ROOTS,JPUS,170,2026-10-01T18:50:10.085Z,0b95e5b6b0063da84899e497428200ea00b2436dede8dd22a48ca2fd697f20f1
JQUA,CBOE_ETF,ETF,J P MORGAN EXCHANGE TRADED FD US QUALTY FCTR,American,cboe_cone|cboe_ctwo|cboe_exo|cboe_opt,true,JQUA,JPMORGAN U.S. QUALITY FACTOR ETF,PROVIDER_QUERY_RETURNED_OPTION_ROOTS,JQUA,164,2026-10-01T18:50:10.593Z,a6c98f042039987187a24291f1da7fb7060827564665b5d4b18fa20bfbb29d3e
JUST,CBOE_ETF,ETF,GOLDMAN SACHS ETF TR JUST US LRG CP,American,cboe_cone|cboe_ctwo|cboe_exo|cboe_opt,true,JUST,Goldman Sachs Just US Large Cap Equity ETF,PROVIDER_QUERY_RETURNED_OPTION_ROOTS,JUST,166,2026-10-01T18:50:14.160Z,5bf82b4eaf592f7b796f95e14367b0073f3ba4233abb266d6a0b1fd154eecd68
JVAL,CBOE_ETF,ETF,J P MORGAN EXCHANGE TRADED FD US VALUE FACTR,American,cboe_cone|cboe_ctwo|cboe_exo|cboe_opt,true,JVAL,JPMORGAN U.S. VALUE FACTOR ETF,PROVIDER_QUERY_RETURNED_OPTION_ROOTS,JVAL,160,2026-10-01T18:50:14.678Z,b8887692440f4bf390c53c065dcf7aa0895686912a648f3e52548163724390b7
JXX,CBOE_ETF,ETF,Janus Henderson Transformational Growth ETF,American,cboe_cone|cboe_ctwo|cboe_exo|cboe_opt,true,JXX,JANUS HENDERSON TRANSFORMATIONAL GROWTH ETF,PROVIDER_QUERY_RETURNED_OPTION_ROOTS,JXX,156,2026-10-01T18:50:16.107Z,0ca64871f39a28adca603730b010fff0e441fa3b895aebab4d02401707c2e76c
KARS,CBOE_ETF,ETF,KRANESHARES TRUST ELEC VEH FUTUR,American,cboe_cone|cboe_ctwo|cboe_exo|cboe_opt,true,KARS,KRANESHARES ELECTRIC VEHICLES & FUTURE ETF,PROVIDER_QUERY_RETURNED_OPTION_ROOTS,KARS,198,2026-10-01T18:50:18.682Z,5ae3477341d09d1f9b9f1ece43f3a28faf853c004a766b1d4a33d7d3e8173b53
KBA,CBOE_ETF,ETF,KRANESHARES TRUST BOSE MSC CHI ETF,American,cboe_cone|cboe_ctwo|cboe_exo|cboe_opt,false,KBA,KraneShares Bosera MSCI China A 50 ConnectIndexETF,PROVIDER_QUERY_RETURNED_OPTION_ROOTS,KBA,152,2026-10-01T18:50:19.598Z,c0598ed09744595b991c241dff7747f25280b15ebb3cabb584718ef2f27d6912
KBE,CBOE_ETF,ETF,SPDR SERIES TRUST ST STR SP BANK,American,cboe_cone|cboe_ctwo|cboe_exo|cboe_opt,true,KBE,State Street SPDR S&P Bank ETF,PROVIDER_QUERY_RETURNED_OPTION_ROOTS,KBE,400,2026-10-01T18:50:20.258Z,262ed5cef2ad1023ab304256e0c3961c9a1955f5dc80fe46c165f556ab8edd75
KBWB,CBOE_ETF,ETF,INVESCO EXCHANGE-TRADED FD TR KBW BK ETF,American,cboe_cone|cboe_ctwo|cboe_exo|cboe_opt,true,KBWB,Invesco KBW Bank ETF,PROVIDER_QUERY_RETURNED_OPTION_ROOTS,KBWB,502,2026-10-01T18:50:21.615Z,db7a75f61f07c8ca6dc1e6ed4ce5cdd04c380b7f05d5cf0bdecd960a23a340ad
KBWD,CBOE_ETF,ETF,INVESCO EXCHANGE-TRADED FD TR KBW HIG DV YLD,American,cboe_cone|cboe_ctwo|cboe_exo|cboe_opt,true,KBWD,INVESCO KBW HIGH DIVIDEND YIELD FINANCIAL ETF,PROVIDER_QUERY_RETURNED_OPTION_ROOTS,KBWD,152,2026-10-01T18:50:22.100Z,4fafdc67e7b5515ae11f03e1c724369bc1ce26ee11c69fffa65bd6243f47f2f2
KBWP,CBOE_ETF,ETF,INVESCO EXCHANGE-TRADED FD TR KBW PPTY CASUT,American,cboe_cone|cboe_ctwo|cboe_exo|cboe_opt,true,KBWP,INVESCO KBW PROPERTY & CASUALTY INSURANCE ETF,PROVIDER_QUERY_RETURNED_OPTION_ROOTS,KBWP,270,2026-10-01T18:50:22.633Z,352357f1d582a30bfe9afb2ebd1865ef19c3b810986e1f0e8a411b9efe2d0b0d
KBWY,CBOE_ETF,ETF,INVESCO EXCHANGE-TRADED FD TR KBW PREM YIELD,American,cboe_cone|cboe_ctwo|cboe_exo|cboe_opt,true,KBWY,INVESCO KBW PREMIUM YIELD EQUITY REIT ETF,PROVIDER_QUERY_RETURNED_OPTION_ROOTS,KBWY,152,2026-10-01T18:50:23.122Z,8e79de019964699840a661cb4a0cc79335dd505839127d2eb246cca0b1339a5b
KCCA,CBOE_ETF,ETF,KRANESHARES TRUST CALIFORNIA CARB,American,cboe_cone|cboe_ctwo|cboe_exo|cboe_opt,true,KCCA,KraneShares Cali Carbon Allowance Strategy ETF,PROVIDER_QUERY_RETURNED_OPTION_ROOTS,KCCA,168,2026-10-01T18:50:24.166Z,c5c8a4cb7cf484a6b1584f52828e8583dc525795e051361467037bc69a2db0fa
KCE,CBOE_ETF,ETF,SPDR SERIES TRUST ST STR SP CAPMKT,American,cboe_cone|cboe_exo|cboe_opt,true,KCE,State Street SPDR S&P Capital Markets ETF,PROVIDER_QUERY_RETURNED_OPTION_ROOTS,KCE,284,2026-10-01T18:50:24.691Z,14119cb0c2a53c1a3c43677f76b222dfd640914b742cea74905be3c65437c7f9
KCOP,CBOE_ETF,ETF,Kurv Copper & Mining Enhanced Income ETF,American,cboe_cone|cboe_ctwo|cboe_exo|cboe_opt,true,KCOP,KURV COPPER AND MINING ENHANCED INCOME ETF,PROVIDER_QUERY_RETURNED_OPTION_ROOTS,KCOP,152,2026-10-01T18:50:25.156Z,74ba28133296b640fa1cf7c144f82c3cf1a3fce2e282eacd66f39cf7b8585ccc
KDEF,CBOE_ETF,ETF,EXCHANGE LISTED FDS TR PLUS KOREA DEFE,American,cboe_cone|cboe_ctwo|cboe_exo|cboe_opt,true,KDEF,PLUS KOREA DEFENSE INDUSTRY INDEX ETF,PROVIDER_QUERY_RETURNED_OPTION_ROOTS,KDEF,204,2026-10-01T18:50:26.110Z,2a2a33c90b3933b5bd900134dcab2e76252ecf1204036dcae5561263451b5c00
KGRN,CBOE_ETF,ETF,KRANESHARES TRUST MSCI CHINA CLEAN,American,cboe_cone|cboe_ctwo|cboe_exo|cboe_opt,true,KGRN,KRANESHARES MSCI CHINA CLEAN TECHNOLOGY INDEX ETF,PROVIDER_QUERY_RETURNED_OPTION_ROOTS,KGRN,170,2026-10-01T18:50:34.169Z,07766b5cd3f12e6386b2f9e981add21dfd57e881f5173f4f09f6027821bd7793
KHYB,CBOE_ETF,ETF,KRANESHARES TRUST ASIA PACIFIC ETF,American,cboe_cone|cboe_ctwo|cboe_exo|cboe_opt,true,KHYB,KRANESHARES ASIA PACIFIC HIGH INCOME USD BOND ETF,PROVIDER_QUERY_RETURNED_OPTION_ROOTS,KHYB,152,2026-10-01T18:50:36.271Z,a5b3c6213a8908edcea964c83c99993449b84610a58eeab689e2879b0622c461
KIE,CBOE_ETF,ETF,SPDR SERIES TRUST ST STR SP INS,American,cboe_cone|cboe_ctwo|cboe_exo|cboe_opt,true,KIE,State Street SPDR S&P Insurance ETF,PROVIDER_QUERY_RETURNED_OPTION_ROOTS,KIE,484,2026-10-01T18:50:37.750Z,342e30c0f19abe39ff4081e286dfb534eea88a74c0a3abca9a6a09846e5557df
KJD,CBOE_ETF,ETF,KRANESHARES TRUST 2X LONG JD DAILY,American,cboe_cone|cboe_ctwo|cboe_exo|cboe_opt,true,KJD,KRANESHARES 2X LONG JD DAILY ETF,PROVIDER_QUERY_RETURNED_OPTION_ROOTS,KJD,158,2026-10-01T18:50:39.195Z,47a9177f5895453d1f6611e180c6d0c69b8bd9d8cdbb1bf187c95b8bb12ebbe7
KNGZ,CBOE_ETF,ETF,FIRST TR EXCHANGE TRADED FD VI FIRST TRUST S&P,American,cboe_cone|cboe_ctwo|cboe_exo|cboe_opt,true,KNGZ,FIRST TRUST S&P 500 DIVERSIFIED DIV ARISTO ETF,PROVIDER_QUERY_RETURNED_OPTION_ROOTS,KNGZ,168,2026-10-01T18:50:50.221Z,fef95ef7c7c0458e310aab7dd3b697d5dfeb6d12b7023b451dbbada7dc91f3fa
KOLD,CBOE_ETF,ETF,PROSHARES TR II ULSHT BLOOMB GAS,American,cboe_cone|cboe_ctwo|cboe_exo|cboe_opt,false,KOLD,ProShares UltraShort Bloomberg Natural Gas,PROVIDER_QUERY_RETURNED_OPTION_ROOTS,KOLD,1088,2026-10-01T18:50:55.770Z,a8e5e6211a6d1e75f92dac17808ac32915cd0fd571ea99bfc833050460f04ed7
KOMP,CBOE_ETF,ETF,SPDR SERIES TRUST SP KENSHO NEWEC,American,cboe_cone|cboe_ctwo|cboe_exo|cboe_opt,false,KOMP,St Strt SPDR S&P Kensho New Economies CompositeETF,PROVIDER_QUERY_RETURNED_OPTION_ROOTS,KOMP,170,2026-10-01T18:50:56.241Z,d6e2137ddb47686b6d5b8aac3d27abb1b4437c6592ff1a33e5df02971651ee05
KORU,CBOE_ETF,ETF,DIREXION SHARES ETF TRUST DAIL MS KORE ETF,American,cboe_cone|cboe_ctwo|cboe_exo|cboe_opt,false,KORU,DIREXION MSCI DAILY SOUTH KOREA BULL 3X SHARES,PROVIDER_QUERY_RETURNED_OPTION_ROOTS,KORU,2308,2026-10-01T18:50:57.753Z,257301dc9cf2bf1e14982738cca6137230b47040325c816a601aa0be1d4d2721
KPDD,CBOE_ETF,ETF,KRANESHARES TRUST 2X LNG PDD ETF,American,cboe_cone|cboe_ctwo|cboe_exo|cboe_opt,true,KPDD,KRANESHARES 2X LONG PDD DAILY ETF,PROVIDER_QUERY_RETURNED_OPTION_ROOTS,KPDD,114,2026-10-01T18:50:58.794Z,462fee8b7e26a901518e897094005c837d297c221a797444434e064cb3d88d72
KRBN,CBOE_ETF,ETF,KRANESHARES TRUST GLOBAL CARB STRA,American,cboe_cone|cboe_ctwo|cboe_exo|cboe_opt,true,KRBN,KraneShares Global Carbon Strategy ETF,PROVIDER_QUERY_RETURNED_OPTION_ROOTS,KRBN,182,2026-10-01T18:51:00.455Z,dc1a53342acd7b88f8ff3bb660be5313b598333043ce5402eb8ad1316daa5645
KRE,CBOE_ETF,ETF,SPDR SERIES TRUST ST STR SP REGBNK,American,cboe_cone|cboe_ctwo|cboe_exo|cboe_opt,true,KRE,State Street SPDR S&P Regional Banking ETF,PROVIDER_QUERY_RETURNED_OPTION_ROOTS,KRE,1690,2026-10-01T18:51:01.398Z,3e5732003f12f3e1c991ed848a7a8efff32802e06df490f15b4998fa6351ca64
KROP,CBOE_ETF,ETF,GLOBAL X FDS AGTECH AND FOOD,American,cboe_cone|cboe_ctwo|cboe_exo|cboe_opt,true,KROP,GLOBAL X AGTECH & FOOD INNOVATION ETF,PROVIDER_QUERY_RETURNED_OPTION_ROOTS,KROP,152,2026-10-01T18:51:05.423Z,9e65c94b76bf875d8e37676b9ab16ee7d17ebb7a8e8c394f15e3e35d95b2d461
KSPY,CBOE_ETF,ETF,KRANESHARES TRUST HEDG HEDG EQ ETF,American,cboe_cone|cboe_ctwo|cboe_exo|cboe_opt,true,KSPY,KRANESHARES HEDGEYE HEDGED EQUITY INDEX ETF,PROVIDER_QUERY_RETURNED_OPTION_ROOTS,KSPY,152,2026-10-01T18:51:09.406Z,4ea90614af4df6b5edce93e4db376fb267ce9bb3c07e3361fe02feb1365bddc3
KSTR,CBOE_ETF,ETF,KRANESHARES TRUST CHINA TECHNO & S,American,cboe_cone|cboe_ctwo|cboe_exo|cboe_opt,false,KSTR,KraneShrs China Tech & Semicndctr STAR 50 IndexETF,PROVIDER_QUERY_RETURNED_OPTION_ROOTS,KSTR,238,2026-10-01T18:51:10.415Z,a2531db7b36d0af3d6a367459ef46c7201bbf60ee65e3634202ec27be9b4f8c3
KTEC,CBOE_ETF,ETF,KRANESHARES TRUST HANG SENG TECH,American,cboe_cone|cboe_ctwo|cboe_exo|cboe_opt,true,KTEC,KRANESHARES HANG SENG TECH INDEX ETF,PROVIDER_QUERY_RETURNED_OPTION_ROOTS,KTEC,152,2026-10-01T18:51:12.679Z,192c82851b844c97a88e7c1307e4c80df1ae16b71b4fdc71705d0182a025583d
KTUP,CBOE_ETF,ETF,T-REX 2X Long KTOS Daily Target ETF,American,cboe_cone|cboe_ctwo|cboe_exo|cboe_opt,true,KTUP,T-REX 2X LONG KTOS DAILY TARGET ETF,PROVIDER_QUERY_RETURNED_OPTION_ROOTS,KTUP,136,2026-10-01T18:51:13.625Z,b78d35a54ef894227b025c677cb276f5eb6582551e5288b85b9310fe9e4064e1
KWEB,CBOE_ETF,ETF,KRANESHARES TRUST CSI CHI INTERNET,American,cboe_cone|cboe_ctwo|cboe_exo|cboe_opt,false,KWEB,KraneShares Trust KraneShares CSI China Internet E,PROVIDER_QUERY_RETURNED_OPTION_ROOTS,KWEB,942,2026-10-01T18:51:17.226Z,e6d0719afd18afd456810bfacd88272b0cda0140ee2dc92c2389164880caec5c
KYC,CBOE_ETF,ETF,Corgi Digital Banking & Fintech Infrastructure ETF,American,cboe_cone|cboe_ctwo|cboe_exo|cboe_opt,true,KYC,CORGI DIGITAL BANKING AND FINTECH INFRA ETF,PROVIDER_QUERY_RETURNED_OPTION_ROOTS,KYC,146,2026-10-01T18:51:18.697Z,9e4106803b89877e7988fe68e550e23d3aeee1cfc85135bc44fc8a1c882868b8
LABD,CBOE_ETF,ETF,DIREXION SHARES ETF TRUST DAI BIO BEA ETF,American,cboe_cone|cboe_ctwo|cboe_exo|cboe_opt,false,LABD|LABD1,Direxion Daily S&P Biotech Bear 3X Shares|Direxion Daily S&P Biotech Bear 3X Shares(1:10),PROVIDER_QUERY_RETURNED_OPTION_ROOTS,LABD|LABD1,752,2026-10-01T18:51:23.223Z,d71774ccb4a96ccc5192b949b20718c24f435745c318c57faac185bacc36746a
LABU,CBOE_ETF,ETF,DIREXION SHARES ETF TRUST DA BI BU 3X ETF,American,cboe_cone|cboe_ctwo|cboe_exo|cboe_opt,false,LABU,Direxion Daily S&P Biotech Bull 3X Shares,PROVIDER_QUERY_RETURNED_OPTION_ROOTS,LABU,2140,2026-10-01T18:51:23.796Z,52b5b76c5cf7998de8fd53cceb416ce31de3529cdbe6212e0bd2092756567c67
LABX,CBOE_ETF,ETF,Tradr 2X Long ALAB Daily ETF,American,cboe_cone|cboe_ctwo|cboe_exo|cboe_opt,true,LABX|LABX1,TRADR 2X LONG ALAB DAILY ETF|TRADR 2X LONG ALAB DAILY ETF (1:3),PROVIDER_QUERY_RETURNED_OPTION_ROOTS,LABX,422,2026-10-01T18:51:24.302Z,8d73fbd3c9ec7b0d9c2007706471af0108d183689f84508ab30659aed2ad7e8f
LATR,CBOE_ETF,ETF,Corgi Buy Now Pay Later ETF,American,cboe_cone|cboe_ctwo|cboe_exo|cboe_opt,true,LATR,CORGI BUY NOW PAY LATER ETF,PROVIDER_QUERY_RETURNED_OPTION_ROOTS,LATR,144,2026-10-01T18:51:29.748Z,8f35001923b492ca1895e40e6d428fa21ec43bbac0ae54a09b1ab363e60d0f8a
LCTD,CBOE_ETF,ETF,BLACKROCK ETF TRUST ISHA WORL EX ETF,American,cboe_cone|cboe_ctwo|cboe_exo|cboe_opt,true,LCTD,iShares World ex US Crbn Trnitn Rdnss Awr Actv ETF,PROVIDER_QUERY_RETURNED_OPTION_ROOTS,LCTD,152,2026-10-01T18:51:36.346Z,ed252611c969bb92ba8d0c0de78a224df882916e29fbe5faa24d126e0877afc9
LEMB,CBOE_ETF,ETF,ISHARES INC JP MORGAN EM ETF,American,cboe_cone|cboe_ctwo|cboe_exo|cboe_opt,true,LEMB,iShares J.P. Morgan EM Local Currency Bond ETF,PROVIDER_QUERY_RETURNED_OPTION_ROOTS,LEMB,152,2026-10-01T18:51:42.851Z,716c78834cd497f09f660930a812e61d6c1028fb7474db1e390bf799fde528bb
LEUX,CBOE_ETF,ETF,Tradr 2X Long LEU Daily ETF,American,cboe_cone|cboe_ctwo|cboe_exo|cboe_opt,true,LEUX,TRADR 2X LONG LEU DAILY ETF,PROVIDER_QUERY_RETURNED_OPTION_ROOTS,LEUX,168,2026-10-01T18:51:45.462Z,87c6d3a656a1f1d5e14eecb3fdfe286772d34c79b1396eef5c46871c5242a55b
LFGY,CBOE_ETF,ETF,TIDAL TRUST II YIELDMAX CRYPTO,American,cboe_cone|cboe_ctwo|cboe_exo|cboe_opt,false,LFGY,YIELDMAX CRYPTO INDUSTRY & TECH PORTFOLIO OPTION,PROVIDER_QUERY_RETURNED_OPTION_ROOTS,LFGY,170,2026-10-01T18:51:46.957Z,0dec67bbc5bf4edb43e7630a6f1693049f921ec6fba0f6aadb444ef397cdda29
LIT,CBOE_ETF,ETF,GLOBAL X FDS LITHIUM BTRY ETF,American,cboe_cone|cboe_ctwo|cboe_exo|cboe_opt,true,LIT,Global X Lithium & Battery Tech ETF,PROVIDER_QUERY_RETURNED_OPTION_ROOTS,LIT,348,2026-10-01T18:51:59.616Z,5a16f9440b5ba4d9682cc146df916befd7c7dc754f06a0d014559db2ea70b9b4
LITX,CBOE_ETF,ETF,Tradr 2X Long LITE Daily ETF,American,cboe_cone|cboe_ctwo|cboe_exo|cboe_opt,true,LITX,TRADR 2X LONG LITE DAILY ETF,PROVIDER_QUERY_RETURNED_OPTION_ROOTS,LITX,458,2026-10-01T18:52:00.999Z,687c414865bd24f894e1b1d2b92d4cd8f500974c48061624958516bd4bcad3c3
LITZ,CBOE_ETF,ETF,Tradr 2X Short LITE Daily ETF,American,cboe_cone|cboe_ctwo|cboe_exo|cboe_opt,true,LITZ|LITZ1,TRADR 2X SHORT LITE DAILY ETF|TRADR 2X SHORT LITE DAILY ETF(1:4),PROVIDER_QUERY_RETURNED_OPTION_ROOTS,LITZ|LITZ1,320,2026-10-01T18:52:01.511Z,5eba30a72c908a515c8a6e6fa02c4d1a7c413f01f44510240ca5544fe486982d
LLYX,CBOE_ETF,ETF,TIDAL TRUST II DEFIANCE DAILY,American,cboe_cone|cboe_ctwo|cboe_exo|cboe_opt,true,LLYX,DEFIANCE DAILY TARGET 2X LONG LLY ETF,PROVIDER_QUERY_RETURNED_OPTION_ROOTS,LLYX,198,2026-10-01T18:52:05.558Z,52b945646b6b851040ee4a8786af43d65bf0b086d795bc2fe080c75b4df60900
LMBS,CBOE_ETF,ETF,FIRST TR EXCHANGE-TRADED FD IV FST LOW OPPT EFT,American,cboe_cone|cboe_ctwo|cboe_exo|cboe_opt,true,LMBS,FIRST TRUST LOW DURATION OPPORTUNITIES ETF,PROVIDER_QUERY_RETURNED_OPTION_ROOTS,LMBS,152,2026-10-01T18:52:07.025Z,b3e0a48b31de32d0c743d96f2942534306b85c207afdc0b262827c07a04795bb
LOFF,CBOE_ETF,ETF,DIREXION SHARES ETF TRUST DLY SPCX BULL 2X,American,cboe_cone|cboe_ctwo|cboe_exo|cboe_opt,true,LOFF,DIREXION DAILY SPACEX BULL 2X ETF,PROVIDER_QUERY_RETURNED_OPTION_ROOTS,LOFF,346,2026-10-01T18:52:17.054Z,fc017dd50b562b1cccdbebe2a69018d5e98b2ad093d23b725bcf0657a723b970
LOHA,CBOE_ETF,ETF,Roundhill HALO ETF,American,cboe_cone|cboe_ctwo|cboe_exo|cboe_opt,true,LOHA,ROUNDHILL HALO ETF,PROVIDER_QUERY_RETURNED_OPTION_ROOTS,LOHA,144,2026-10-01T18:52:17.971Z,f6018446e6b9664eea13432b09be3fa9b54ae2cef6062ee891f7dc3555587cd1
LOUP,CBOE_ETF,ETF,INNOVATOR ETFS TRUST INNOVATOR DEEPW,American,cboe_cone|cboe_ctwo|cboe_exo|cboe_opt,true,LOUP,Innovator Deepwater Frontier Tech ETF,PROVIDER_QUERY_RETURNED_OPTION_ROOTS,LOUP,218,2026-10-01T18:52:20.053Z,bf6adf3bda9da2dd489a33d959cbe506ada691ff20c6d3be8bdf31fd15ed3b5b
LQD,CBOE_ETF,ETF,ISHARES TR IBOXX INV CP ETF,American,cboe_cone|cboe_ctwo|cboe_exo|cboe_opt,false,LQD,iShares iBoxx $ Investment Grade Corporate Bond ET,PROVIDER_QUERY_RETURNED_OPTION_ROOTS,LQD,1828,2026-10-01T18:52:24.054Z,e357d5e1718ddbf6ec4028ada029bd73d7b0e16f70100400699c3b187d435e8d
LQDH,CBOE_ETF,ETF,ISHARES U S ETF TR INT RT HDG C B,American,cboe_cone|cboe_ctwo|cboe_exo|cboe_opt,true,LQDH,Ishares Interest Rate Hedged Corporate Bond ETF,PROVIDER_QUERY_RETURNED_OPTION_ROOTS,LQDH,152,2026-10-01T18:52:25.038Z,87650a78bc0a9945d706b3e747cb728b650f459141648fa5286aa58d53ba8f8d
LRCU,CBOE_ETF,ETF,Tradr 2X Long LRCX Daily ETF,American,cboe_cone|cboe_ctwo|cboe_exo|cboe_opt,true,LRCU,2X LONG LRCX DAILY ETF,PROVIDER_QUERY_RETURNED_OPTION_ROOTS,LRCU,262,2026-10-01T18:52:26.473Z,251d386fcc54e19a6271a04a848f9492252ddcb16a3fe2b471f9ff8e7ba83a79
LRGF,CBOE_ETF,ETF,ISHARES TR U S EQUITY FACTR,American,cboe_cone|cboe_ctwo|cboe_exo|cboe_opt,true,LRGF,iShares U.S. Equity Factor ETF,PROVIDER_QUERY_RETURNED_OPTION_ROOTS,LRGF,158,2026-10-01T18:52:27.487Z,12261ee7b76ad54edcbdb4b9d31e8670e995d2675504405bdbbaa67698ea7dcf
LTCC,CBOE_ETF,ETF,CANARY LITECOIN ETF LITECOIN ETF,American,cboe_cone|cboe_ctwo|cboe_exo|cboe_opt,true,LTCC,"CANARY CAPITAL GROUP, LLC CANARY LITECOIN ETF",PROVIDER_QUERY_RETURNED_OPTION_ROOTS,LTCC,190,2026-10-01T18:52:33.185Z,95e93fc52f4b5ddb1390e2a64d48a7faaf94fbafee7fc598f83b9f4fbe0c1010
LTL,CBOE_ETF,ETF,PROSHARES TR ULTRA COMMUNICTN,American,cboe_cone|cboe_ctwo|cboe_exo|cboe_opt,false,LTL,ProShares Ultra Communication Services,PROVIDER_QUERY_RETURNED_OPTION_ROOTS,LTL,174,2026-10-01T18:52:34.148Z,8bbb4c4668f2a7f1e492ab516b5839c026b4308643c81bb3d568f918d032a507
LTPZ,CBOE_ETF,ETF,PIMCO ETF TR 15+ YR US TIPS,American,cboe_cone|cboe_ctwo|cboe_exo|cboe_opt,false,LTPZ,PIMCO 15+ Year U.S. TIPS Index Exchange-Traded Fnd,PROVIDER_QUERY_RETURNED_OPTION_ROOTS,LTPZ,168,2026-10-01T18:52:35.205Z,bfbfafb6ab30f4c9ea8f998eb51cf9d095a175dec6e1261769750ea82eb51466
LULG,CBOE_ETF,ETF,THEMES ETF TR LEVERAGE SHS 2X,American,cboe_cone|cboe_ctwo|cboe_exo|cboe_opt,true,LULG,THEMES ETF LEVERAGE SHARES 2X LONG LULU DAILY ETF,PROVIDER_QUERY_RETURNED_OPTION_ROOTS,LULG,114,2026-10-01T18:52:38.238Z,f72a809cd4de166019c711aa83e54bd175863a112ab5752706389d85b86b571b
LYTE,CBOE_ETF,ETF,Roundhill Photonics & Optics ETF,American,cboe_cone|cboe_ctwo|cboe_exo|cboe_opt,true,LYTE,ROUNDHILL PHOTONICS & OPTICS ETF,PROVIDER_QUERY_RETURNED_OPTION_ROOTS,LYTE,172,2026-10-01T18:52:53.074Z,2e68b33d264e1bc78de77756cbab2345da22319273f20d99078fd2c2f377ec83
MAGA,CBOE_ETF,ETF,YORKVILLE AMER INVTS TR TRUTH SOCIAL AME,American,cboe_cone|cboe_ctwo|cboe_exo|cboe_opt,true,MAGA,Truth Social America First ETF,PROVIDER_QUERY_RETURNED_OPTION_ROOTS,MAGA,152,2026-10-01T18:52:57.990Z,504bf7d47c4f96e0d33295c735faf9d705bb33e5d90ecde866ebd4b01892a9dc
MAGC,CBOE_ETF,ETF,Roundhill China Magnificent Seven ETF,American,cboe_cone|cboe_ctwo|cboe_exo|cboe_opt,true,MAGC,Roundhill China Magnificent Seven ETF,PROVIDER_QUERY_RETURNED_OPTION_ROOTS,MAGC,152,2026-10-01T18:52:58.502Z,497ac3f005697b92f2499ac528a7da12f52210e6f6e83e22c5971caf1a492e1d
MAGS,CBOE_ETF,ETF,Roundhill Magnificent Seven ETF,American,cboe_cone|cboe_ctwo|cboe_exo|cboe_opt,true,MAGS,Listed Funds Trust Roundhill Magnificent Seven ETF,PROVIDER_QUERY_RETURNED_OPTION_ROOTS,MAGS,982,2026-10-01T18:52:59.706Z,370642ade74e7562f9490f277f9d1c99768f70bc7578c0d96e3c6232d9879a3e
MAGY,CBOE_ETF,ETF,Roundhill Magnificent Seven Covered Call ETF,American,cboe_cone|cboe_ctwo|cboe_exo|cboe_opt,true,MAGY,ROUNDHILL MAGNIFICENT SEVEN COVERED CALL ETF,PROVIDER_QUERY_RETURNED_OPTION_ROOTS,MAGY,152,2026-10-01T18:53:01.223Z,d1f50fc6fbbbc1b411d1da4aecd7fb613b0c323399731a970865a55dd3dc7083
MARO,CBOE_ETF,ETF,TIDAL TRUST II YIELD MARA ETF,American,cboe_cone|cboe_ctwo|cboe_exo|cboe_opt,false,MARO,TIDAL TRUST II YIELDMAX MARA OP,PROVIDER_QUERY_RETURNED_OPTION_ROOTS,MARO,76,2026-10-01T18:53:07.289Z,6829c7a4b206418b722f4138f2ed7a0e31ba7d9373a825ed2946b222bb1fa91b
MARS,CBOE_ETF,ETF,Roundhill Space & Technology ETF,American,cboe_cone|cboe_ctwo|cboe_exo|cboe_opt,true,MARS,ROUNDHILL SPACE AND TECHNOLOGY ETF,PROVIDER_QUERY_RETURNED_OPTION_ROOTS,MARS,168,2026-10-01T18:53:07.784Z,b9fbe6520c01a529545d595c84df4de5bad8c29f4e456033b2168a72ab985ade
MAXI,CBOE_ETF,ETF,SIMPLIFY EXCHANGE TRADED FUNDS BITCOIN STRATEGY,American,cboe_cone|cboe_ctwo|cboe_exo|cboe_opt,true,MAXI,Simplify Bitcoin Strategy ETF,PROVIDER_QUERY_RETURNED_OPTION_ROOTS,MAXI,156,2026-10-01T18:53:11.921Z,f4a291ed6aae3f807fa30c8696b4a89efdd91d901f925eadee05ec4aa406cb38
MBB,CBOE_ETF,ETF,ISHARES TR MBS ETF,American,cboe_cone|cboe_ctwo|cboe_exo|cboe_opt,true,MBB,iShares MBS ETF,PROVIDER_QUERY_RETURNED_OPTION_ROOTS,MBB,276,2026-10-01T18:53:13.345Z,415bda0d58b43be531577b008a8a71535f35c163cc09199886bc1e76d70e93bf
MCHI,CBOE_ETF,ETF,ISHARES TR MSCI CHINA ETF,American,cboe_cone|cboe_ctwo|cboe_exo|cboe_opt,true,MCHI,iShares MSCI China ETF,PROVIDER_QUERY_RETURNED_OPTION_ROOTS,MCHI,318,2026-10-01T18:53:23.067Z,467c7dc75aa805450f595a552a10fb33cb73dad5054adc17275e137bdf3633b4
MCHU,CBOE_ETF,ETF,Tradr 2X Long MCHP Daily ETF,American,cboe_cone|cboe_ctwo|cboe_exo|cboe_opt,true,MCHU,TRADR 2X LONG MCHP DAILY ETF,PROVIDER_QUERY_RETURNED_OPTION_ROOTS,MCHU,176,2026-10-01T18:53:24.492Z,373ee0a8bb32dc2262ef5998a93a464ad2fdaa0c327ab8d8bf03bac68462d1d1
MDY,CBOE_ETF,ETF,STATE STR SPDR S&P MIDCAP 400 UTSER1 S&PDCRP,American,cboe_cone|cboe_ctwo|cboe_exo|cboe_opt,true,MDY,State Street SPDR S&P MIDCAP 400 ETF Trust,PROVIDER_QUERY_RETURNED_OPTION_ROOTS,MDY,1358,2026-10-01T18:53:35.826Z,997c366e2be93e52f3418573a5e5dd9be7739acb9047be4fa0d29c094131a604
MDYG,CBOE_ETF,ETF,SPDR SERIES TRUST ST STR SP400GRW,American,cboe_cone|cboe_ctwo|cboe_exo|cboe_opt,true,MDYG,State Street SPDR S&P 400 Mid Cap Growth ETF,PROVIDER_QUERY_RETURNED_OPTION_ROOTS,MDYG,166,2026-10-01T18:53:36.214Z,14fdba4041a5bc12b845e7431bd464389e496b749e5a37322c6bb61d21da50e4
MDYV,CBOE_ETF,ETF,SPDR SERIES TRUST ST STR SP400VAL,American,cboe_cone|cboe_ctwo|cboe_exo|cboe_opt,true,MDYV,State Street SPDR S&P 400 Mid Cap Value ETF,PROVIDER_QUERY_RETURNED_OPTION_ROOTS,MDYV,170,2026-10-01T18:53:36.714Z,cf537b685c48a8495a182fe03c7d6445185af846bed1b171ae307481730380d3
MEME,CBOE_ETF,ETF,ROUNDHILL ETF TRUST MEME STOCK ETF,American,cboe_cone|cboe_ctwo|cboe_exo|cboe_opt,true,MEME,ROUNDHILL MEME ETF,PROVIDER_QUERY_RETURNED_OPTION_ROOTS,MEME,144,2026-10-01T18:53:39.756Z,b26de866cbf188d0c88c3d9c8407119e96cf1a49b5d4b7fb7720316bf6268392
METQ,CBOE_ETF,ETF,Tradr 2X Short META Daily ETF,American,cboe_cone|cboe_ctwo|cboe_exo|cboe_opt,true,METQ,TRADR 2X SHORT META DAILY ETF,PROVIDER_QUERY_RETURNED_OPTION_ROOTS,METQ,232,2026-10-01T18:53:44.407Z,e8c448478f607da827f05fd5ea7c412dc969a91be765860722ffc78014351e19
METU,CBOE_ETF,ETF,DIREXION SHARES ETF TRUST DLY META BULL 2X,American,cboe_cone|cboe_ctwo|cboe_exo|cboe_opt,false,METU,DIREXION DAILY META BULL 2X SHARES,PROVIDER_QUERY_RETURNED_OPTION_ROOTS,METU,1092,2026-10-01T18:53:44.843Z,dae0341138f9b36c311ec91754b50dfceff31f4b0b32292ef04b79205a89d1f3
METV,CBOE_ETF,ETF,LISTED FDS TR ROUNDHILL METAVE,American,cboe_cone|cboe_ctwo|cboe_exo|cboe_opt,true,METV,Roundhill Ball Metaverse ETF,PROVIDER_QUERY_RETURNED_OPTION_ROOTS,METV,168,2026-10-01T18:53:45.341Z,1df1c74a19549ffe298281d827350bd1a411815b41e82a72c30043ec410680e3
METW,CBOE_ETF,ETF,Roundhill META WeeklyPay ETF,American,cboe_cone|cboe_ctwo|cboe_exo|cboe_opt,true,METW,ROUNDHILL META WEEKLYPAY ETF,PROVIDER_QUERY_RETURNED_OPTION_ROOTS,METW,174,2026-10-01T18:53:45.881Z,980e5b35073f3c9232559d030c2607e8052e93602bf84bd1a7345ee1067f8d95
MEXX,CBOE_ETF,ETF,DIREXION SHARES ETF TRUST DAIL MS MEXI ETF,American,cboe_cone|cboe_ctwo|cboe_exo|cboe_opt,false,MEXX,DIREXION DAILY MSCI MEXICO BULL 3X SHARES,PROVIDER_QUERY_RETURNED_OPTION_ROOTS,MEXX,182,2026-10-01T18:53:46.404Z,ef52fb7d4c7302282673f7b51e18712820e0181a8216c101d8177083d33aac28
MGC,CBOE_ETF,ETF,VANGUARD WORLD FD MRNGSTR CAP ETF,American,cboe_cone,true,MGC,Vanguard Morningstar Mega Cap ETF,PROVIDER_QUERY_RETURNED_OPTION_ROOTS,MGC,250,2026-10-01T18:53:50.924Z,c73e9d9e386892deceebc0477afceaa33e6e7f91cfcf7dd576c2c447cceedafa
MGK,CBOE_ETF,ETF,VANGUARD WORLD FD MRNGSTR MEGA CAP,American,cboe_cone|cboe_ctwo|cboe_exo|cboe_opt,true,MGK,Vanguard Morningstar Mega Cap Growth ETF,PROVIDER_QUERY_RETURNED_OPTION_ROOTS,MGK,286,2026-10-01T18:53:51.955Z,00d2ca3527717488b7d1cbd8e972ac0bf5b2281380dd11a23154367f1160cf75
MGV,CBOE_ETF,ETF,VANGUARD WORLD FD MRNGSTR VAL ETF,American,cboe_cone,true,MGV,Vanguard Morningstar Mega Cap Value ETF,PROVIDER_QUERY_RETURNED_OPTION_ROOTS,MGV,226,2026-10-01T18:53:55.999Z,07eb0a242d2b439b19c1261713abe759955fe9ccd81fe774a3c96f1b35491304
MIDU,CBOE_ETF,ETF,DIREXION SHARES ETF TRUST DAIL MID CAP ETF,American,cboe_cone|cboe_ctwo|cboe_exo|cboe_opt,false,MIDU,Direxionshares Daily Mid Cap Bull 3X Shares,PROVIDER_QUERY_RETURNED_OPTION_ROOTS,MIDU,244,2026-10-01T18:54:00.031Z,2c76532987545f36fcede233a44792bfb128cbe62137a2c7812e3f492896cef0
MILN,CBOE_ETF,ETF,GLOBAL X FDS MILLE CONSU ETF,American,cboe_cone|cboe_ctwo|cboe_exo|cboe_opt,true,MILN,GLOBAL X MILLENNIAL CONSUMER ETF,PROVIDER_QUERY_RETURNED_OPTION_ROOTS,MILN,152,2026-10-01T18:54:00.852Z,3f70ad2de098994b5c8eaee97fb49db438959e9a96faf5d26b65de8632f3e1b2
MINT,CBOE_ETF,ETF,PIMCO ETF TR ENHAN SHRT MA AC,American,cboe_cone|cboe_ctwo|cboe_exo|cboe_opt,true,MINT,PIMCO ENHANCED SHORT MATURITY ACTIVE ETF,PROVIDER_QUERY_RETURNED_OPTION_ROOTS,MINT,152,2026-10-01T18:54:01.184Z,b9ee4f0159d26d0c023a7153c2f6111af6ef6c288d00f6f80e2e893feeecd654
MISL,CBOE_ETF,ETF,FIRST TR EXCHANGE-TRADED FD INDXX AEROSPACE,American,cboe_cone|cboe_ctwo|cboe_exo|cboe_opt,true,MISL,FIRST TRUST INDXX AEROSPACE & DEFENSE ETF,PROVIDER_QUERY_RETURNED_OPTION_ROOTS,MISL,152,2026-10-01T18:54:02.562Z,37dffa2a291720af2a9e20c949cd0aca722612e1d4eb1654a9c95c0b0249df04
MJ,CBOE_ETF,ETF,AMPLIFY ETF TR ALTRNTV HARV ETF,American,cboe_cone|cboe_ctwo|cboe_exo|cboe_opt,true,MJ,Amplify Alternative Harvest ETF,PROVIDER_QUERY_RETURNED_OPTION_ROOTS,MJ,192,2026-10-01T18:54:04.477Z,75e36415a0c3c4b25205b41861ce515a70a089044eb8d6d827698b85c9be17e2
MLPA,CBOE_ETF,ETF,GLOBAL X FDS GLBL X MLP ETF,American,cboe_cone|cboe_ctwo|cboe_exo|cboe_opt,true,MLPA,Global X MLP ETF,PROVIDER_QUERY_RETURNED_OPTION_ROOTS,MLPA,152,2026-10-01T18:54:10.214Z,d2d90a8f98cfbc3b7a7ebe6c158407c9d2861cf12e8ee565195ff3c6c31ee996
MLPI,CBOE_ETF,ETF,NEOS MLP & Energy Infrastructure High Income ETF,American,cboe_cone|cboe_ctwo|cboe_exo|cboe_opt,true,MLPI,NEOS MLP & ENERGY INFRASTRUCTURE HIGH INCOME ETF,PROVIDER_QUERY_RETURNED_OPTION_ROOTS,MLPI,154,2026-10-01T18:54:10.881Z,062b62f8e057a282fb7f5d175f2ac0b89296708bdbce13b5b8c5b0e691d15f3a
MLPX,CBOE_ETF,ETF,GLOBAL X FDS GLB X MLP ENRG I,American,cboe_cone,true,MLPX,Global X MLP & Energy Infrastructure ETF,PROVIDER_QUERY_RETURNED_OPTION_ROOTS,MLPX,228,2026-10-01T18:54:11.154Z,926be9abbcaeb09fa44b2928a36c051d2d6bc361fc3458cda9fff5790de8d905
MMTM,CBOE_ETF,ETF,SPDR SERIES TRUST ST STR 1500MOM,American,cboe_cone|cboe_ctwo|cboe_exo|cboe_opt,true,MMTM,State Street SPDR S&P 1500 Momentum Tilt ETF,PROVIDER_QUERY_RETURNED_OPTION_ROOTS,MMTM,296,2026-10-01T18:54:16.811Z,bda153c7f968fd088140f3db9c1a9de94f92851ce23e07fba3602ee49eb5dc6e
MNA,CBOE_ETF,ETF,NYLIM ETF TR MERGE ARBIT ETF,American,cboe_cone|cboe_ctwo|cboe_exo|cboe_opt,true,MNA,NYLIM Merger Arbitrage ETF,PROVIDER_QUERY_RETURNED_OPTION_ROOTS,MNA,152,2026-10-01T18:54:18.070Z,74c8caed858f48f511af2650fbbdbfc82bdf1ae3b4daa296d84df6db8156b6d9
MOAT,CBOE_ETF,ETF,VanEck Morningstar Wide Moat ETF,American,cboe_cone,true,MOAT,VanEck Morningstar Wide Moat ETF,PROVIDER_QUERY_RETURNED_OPTION_ROOTS,MOAT,178,2026-10-01T18:54:25.182Z,c0ab6063d884ac676d374113735343a8d9c6ebc118be1d5059b99268ebd7e69b
MOO,CBOE_ETF,ETF,VANECK ETF TRUST AGRIBUSINESS ETF,American,cboe_cone|cboe_ctwo|cboe_exo|cboe_opt,true,MOO,VanEck Agribusiness ETF,PROVIDER_QUERY_RETURNED_OPTION_ROOTS,MOO,214,2026-10-01T18:54:28.275Z,07104c8ac01d57a02b2dcb1c65611e917d885b34cb89679d1687ed4f5533d569
MORT,CBOE_ETF,ETF,VANECK ETF TRUST MORTGAGE REIT,American,cboe_cone|cboe_ctwo|cboe_exo|cboe_opt,true,MORT,VanEck Mortgage REIT Income ETF,PROVIDER_QUERY_RETURNED_OPTION_ROOTS,MORT,150,2026-10-01T18:54:29.371Z,693de407bd68ab08bebfce6410169a02ae23ba9394340dddd256b5d24df1406a
MPG,CBOE_ETF,ETF,THEMES ETF TR LEVRG SHS 2X LNG,American,cboe_cone|cboe_ctwo|cboe_exo|cboe_opt,true,MPG,THEMES ETF LEVERAGE SHARES 2X LONG MP DAILY ETF,PROVIDER_QUERY_RETURNED_OPTION_ROOTS,MPG,106,2026-10-01T18:54:34.746Z,22b1323202e11aed5812109958374ddf0a28f0859b0f9b96194a8d52f86f8630
MPWX,CBOE_ETF,ETF,Tradr 2X Long MPWR Daily ETF,American,cboe_cone|cboe_ctwo|cboe_exo|cboe_opt,true,MPWX,TRADR 2X SHORT MPWR DAILY ETF,PROVIDER_QUERY_RETURNED_OPTION_ROOTS,MPWX,176,2026-10-01T18:54:37.264Z,1379d58e856b9fc014213576a90d2a337deeadb493a4e1935f22b98450bb593d
MQQQ,CBOE_ETF,ETF,INVESTMENT MANAGERS SER TR II TRAD 2X LON MONT,American,cboe_cone|cboe_ctwo|cboe_exo|cboe_opt,true,MQQQ,Tradr 2X Long Innovation 100 Monthly ETF,PROVIDER_QUERY_RETURNED_OPTION_ROOTS,MQQQ,332,2026-10-01T18:54:38.123Z,5bf2034f2e0a52b80545a8e3e38a5aae0fa4ad56190d70fb3f3efa31a73720ac
MRAL,CBOE_ETF,ETF,GRANITESHARES ETF TR 2X LONG MARA,American,cboe_cone|cboe_ctwo|cboe_exo|cboe_opt,true,MRAL|MRAL1,GRANITESHARES 2X LONG MARA DAILY ETF|GRANITESHARES 2X LONG MARA DAILY ETF (1:10),PROVIDER_QUERY_RETURNED_OPTION_ROOTS,MRAL|MRAL1,492,2026-10-01T18:54:38.632Z,9ad75bdfcf5ca637fd0712795bcc7541a9ee96a0add6d64273696c960a0b164a
MRAX,CBOE_ETF,ETF,Tradr 2X Long MRAM Daily ETF,American,cboe_cone|cboe_ctwo|cboe_exo|cboe_opt,true,MRAX,TRADR 2X LONG MRAM DAILY ETF,PROVIDER_QUERY_RETURNED_OPTION_ROOTS,MRAX,178,2026-10-01T18:54:39.647Z,48d885ba85e1dd33e0d20d82c2559e74a34bc07c05048330df8f8cded2edeac0
MRNX,CBOE_ETF,ETF,TIDAL TRUST II DEFI 2X MRNA ETF,American,cboe_cone|cboe_ctwo|cboe_exo|cboe_opt,true,MRNX,DEFIANCE DAILY TARGET 2X LONG MRNA ETF,PROVIDER_QUERY_RETURNED_OPTION_ROOTS,MRNX,590,2026-10-01T18:54:43.819Z,ea44f01b5e078392c8aaf3f3fd03b7fc208718f28fe8ed9ba703e3ea6d1982c8
MRNY,CBOE_ETF,ETF,TIDAL TRUST II YIE MRN INC ETF,American,cboe_cone|cboe_ctwo|cboe_exo|cboe_opt,true,MRNY,YIELDMAX MRNA OPTION INCOME STRATEGY ETF,PROVIDER_QUERY_RETURNED_OPTION_ROOTS,MRNY,310,2026-10-01T18:54:43.988Z,28a257db3d08f24c64e570c96860cea2be11bd58483b362c46e9de776cd6b7da
MRVU,CBOE_ETF,ETF,DIREXION SHARES ETF TRUST DAILY MRVL BULL,American,cboe_cone|cboe_ctwo|cboe_exo|cboe_opt,true,MRVU,DIREXION DAILY MRVL BULL 2X ETF,PROVIDER_QUERY_RETURNED_OPTION_ROOTS,MRVU,518,2026-10-01T18:54:48.710Z,823ada046869347f9d7c8473e55a864d796ab5f27c7fd1591bd226b56501a35e
MSFD,CBOE_ETF,ETF,DIREXION SHARES ETF TRUST DLY MSFT BEAR 1X,American,cboe_cone|cboe_ctwo|cboe_exo|cboe_opt,true,MSFD,DIREXION DAILY MSFT BEAR 1X SHARES ETF,PROVIDER_QUERY_RETURNED_OPTION_ROOTS,MSFD,152,2026-10-01T18:54:53.674Z,64c571fbe3bfcfc071a3064a9beb34b412f0169439ec522d405c92019a8be3dc
MSFL,CBOE_ETF,ETF,GRANITESHARES ETF TR GANITESHARES 2X,American,cboe_cone|cboe_ctwo|cboe_exo|cboe_opt,true,MSFL,GRANITESHARES 2X LONG MSFT DAILY ETF,PROVIDER_QUERY_RETURNED_OPTION_ROOTS,MSFL,206,2026-10-01T18:54:54.143Z,9934bf6ef47f0c4c744af45b4d7e3b5ba5ad3be7bab74e27ebc8e2c80753c9f2
MSFO,CBOE_ETF,ETF,TIDAL TRUST II YIELD MSFT ETF,American,cboe_cone|cboe_ctwo|cboe_exo|cboe_opt,true,MSFO,YIELDMAX MSFT OPTION INCOME STRATEGY ETF,PROVIDER_QUERY_RETURNED_OPTION_ROOTS,MSFO,168,2026-10-01T18:54:54.668Z,7bf3232cd774372c758b7cc849d76b2a4eec8f577ace98adebe4b9e709a74b04
MSFU,CBOE_ETF,ETF,DIREXION SHARES ETF TRUST DLY MSFT BULL 2X,American,cboe_cone|cboe_ctwo|cboe_exo|cboe_opt,false,MSFU,Direxion Daily MSFT Bull 2X Shares,PROVIDER_QUERY_RETURNED_OPTION_ROOTS,MSFU,356,2026-10-01T18:54:55.725Z,0c6ba4b94892ab8535693694b2bab58179a8b356b66f849731ed2d9167974d83
MSFW,CBOE_ETF,ETF,Roundhill MSFT WeeklyPay ETF,American,cboe_cone|cboe_ctwo|cboe_exo|cboe_opt,true,MSFW,ROUNDHILL MSFT WEEKLYPAY ETF,PROVIDER_QUERY_RETURNED_OPTION_ROOTS,MSFW,156,2026-10-01T18:54:56.127Z,7c2b3c32c88961bd3b2117bc3bc4e8063ecfc92313ac54c9d4d39b4b70dbf4f3
MSFX,CBOE_ETF,ETF,T-Rex 2X Long Microsoft Daily Target ETF,American,cboe_cone|cboe_ctwo|cboe_exo|cboe_opt,false,MSFX,T-REX 2X LONG MICROSOFT DAILY TARGET,PROVIDER_QUERY_RETURNED_OPTION_ROOTS,MSFX,170,2026-10-01T18:54:56.629Z,c0161b2f98d7e150ec91975d008c0270f2ee97a15eb27674422fa2bae724d99c
MSOS,CBOE_ETF,ETF,ADVISORSHARES TR PURE US CANN ETF,American,cboe_cone|cboe_ctwo|cboe_exo|cboe_opt,false,MSOS,ADVISOR SHARES PURE US CANNABIS,PROVIDER_QUERY_RETURNED_OPTION_ROOTS,MSOS,396,2026-10-01T18:54:59.729Z,ff7b49844101b1cc0141ca96cf65ad4f8b644d02be98228fd76a043edc8fca9f
MSOX,CBOE_ETF,ETF,ADVISORSHARES TR MSOS DAILY LVRGD,American,cboe_cone|cboe_ctwo|cboe_exo|cboe_opt,true,MSOX|MSOX1,AdvisorShares MSOS Daily Leveraged ETF|AdvisorShares MSOS Daily Leveraged ETF (1:20),PROVIDER_QUERY_RETURNED_OPTION_ROOTS,MSOX|MSOX1,156,2026-10-01T18:55:00.154Z,ad3685aed1c06f86e735f513f7bf8d17b91b8842ee2cf9849f785bbad9fed8fa
MST,CBOE_ETF,ETF,TIDAL TRUST II DEFI LEVE LO IN,American,cboe_cone|cboe_ctwo|cboe_exo|cboe_opt,true,MST|MST2,DEFIANCE LEVERAGED LONG INCOME MSTR ETF|DEFIANCE LEVERAGED LONG INCOME MSTR (1:7),PROVIDER_QUERY_RETURNED_OPTION_ROOTS,MST|MST2,248,2026-10-01T18:55:00.826Z,33329769d7b7a2dbf8c454102268ae50b9722c01d22e50ff746c4b7ae85c19da
MSTU,CBOE_ETF,ETF,T-Rex 2X Long MSTR Daily Target ETF,American,cboe_cone|cboe_ctwo|cboe_exo|cboe_opt,false,MSTU|MSTU1|MSTU2,T-REX 2X LONG MSTR DAILY TARGET|T-REX 2X LONG MSTR DAILY TARGET(1:10)|T-REX 2X LONG MSTR DAILY TARGET(1:10),PROVIDER_QUERY_RETURNED_OPTION_ROOTS,MSTU|MSTU1|MSTU2,1512,2026-10-01T18:55:01.676Z,2fc63b0b9280fbcfeae6f9acfb8fd8dc0ae3bed061cb2658c2e6e478866374ac
MSTW,CBOE_ETF,ETF,Roundhill MSTR WeeklyPay ETF,American,cboe_cone|cboe_ctwo|cboe_exo|cboe_opt,true,MSTW,ROUNDHILL MSTR WEEKLYPAY ETF,PROVIDER_QUERY_RETURNED_OPTION_ROOTS,MSTW,86,2026-10-01T18:55:02.243Z,b9260de153201b77de729b90a8e27f2e559c646958ac23256e733d888390b8ab
MSTX,CBOE_ETF,ETF,TIDAL TRUST II DE 2X LO MS ETF,American,cboe_cone|cboe_ctwo|cboe_exo|cboe_opt,false,MSTX|MSTX1,Tidal Trust II Defiance Daily Target 2x Long MSTR|Defiance Daily Target 2x Long MSTR (1:10),PROVIDER_QUERY_RETURNED_OPTION_ROOTS,MSTX|MSTX1,1360,2026-10-01T18:55:02.694Z,5d5d337450f28c24800b3181eedd113cdd33391c03b16abf18c29f94962c5150
MSTY,CBOE_ETF,ETF,TIDAL TRUST II YIE MST OPT NEW,American,cboe_cone|cboe_ctwo|cboe_exo|cboe_opt,true,MSTY|MSTY1,YIELDMAX MSTR OPTION INCOME STRATEGY ETF|YIELDMAX MSTR OPTION INCOME STRATEGY ETF(1:5),PROVIDER_QUERY_RETURNED_OPTION_ROOTS,MSTY|MSTY1,516,2026-10-01T18:55:03.403Z,281ffd990601a27451c0b2963d1c0032b19db0901fff43e364ab5563e0d056c8
MSTZ,CBOE_ETF,ETF,T-Rex 2X Inverse MSTR Daily Target ETF,American,cboe_cone|cboe_ctwo|cboe_exo|cboe_opt,false,MSTZ,T-REX 2X INVERSE MSTR DAILY TARGET,PROVIDER_QUERY_RETURNED_OPTION_ROOTS,MSTZ,354,2026-10-01T18:55:03.657Z,39436d34303ec8cf7a54a253be8a91cefb2f9d4bed20fc8f6b67b7685c6e0d93
MTBA,CBOE_ETF,ETF,SIMPLIFY EXCHANGE TRADED FUNDS MBS ETF,American,cboe_cone|cboe_ctwo|cboe_exo|cboe_opt,true,MTBA,SIMPLIFY MBS ETF,PROVIDER_QUERY_RETURNED_OPTION_ROOTS,MTBA,172,2026-10-01T18:55:05.770Z,5074ae71e7a232a989bc6530193d6f215422d4a5c022855a90c558e02b4641e7
MTUM,CBOE_ETF,ETF,iShares MSCI USA Momentum Factor ETF,American,cboe_cone|cboe_ctwo|cboe_exo|cboe_opt,true,MTUM,iShares MSCI USA Momentum Factor ETF,PROVIDER_QUERY_RETURNED_OPTION_ROOTS,MTUM,1548,2026-10-01T18:55:11.253Z,3317b001c6988e5982b1b7a07c4e609ba7d8aea69a08e21c637fcb38c60dba4f
MUB,CBOE_ETF,ETF,ISHARES TR NATIONAL MUN ETF,American,cboe_cone|cboe_ctwo|cboe_exo|cboe_opt,true,MUB,iShares National Muni Bond ETF,PROVIDER_QUERY_RETURNED_OPTION_ROOTS,MUB,382,2026-10-01T18:55:14.845Z,4a5d91bdc95936718c3780f53713a8151fe34b47450f20d9293584447ef9188f
MULL,CBOE_ETF,ETF,GRANITESHARES ETF TR 2X LO MU DA ETF,American,cboe_cone|cboe_ctwo|cboe_exo|cboe_opt,true,MULL,GRANITESHARES 2X LONG MU DAILY ETF,PROVIDER_QUERY_RETURNED_OPTION_ROOTS,MULL,2250,2026-10-01T18:55:16.088Z,b720e441406fdcc46b4d0a6299e8d8c1b84be18df810f60436edaf61f487c925
MUNI,CBOE_ETF,ETF,PIMCO ETF TR INTER MUN BD ACT,American,cboe_cone,true,MUNI,PIMCO Intermediate Municipal Bond Active ETF,PROVIDER_QUERY_RETURNED_OPTION_ROOTS,MUNI,152,2026-10-01T18:55:16.293Z,4ce2d700db2fb82a2201d9eeeeb343bbad35dbaacb0f04c8ffb906f2d718a844
MUU,CBOE_ETF,ETF,DIREXION SHARES ETF TRUST DLY MU BULL 2X,American,cboe_cone|cboe_ctwo|cboe_exo|cboe_opt,true,MUU,DIREXION SHARES ETF TRUST DIREXION DAILY MU BULL,PROVIDER_QUERY_RETURNED_OPTION_ROOTS,MUU,1388,2026-10-01T18:55:17.845Z,77ee6605ec5a2509e3e8828f385a493fe4cebbb727b6fbfdfd317f1a8ccde9dd
MUZ,CBOE_ETF,ETF,TIDAL TRUST II DEFIANCE DAILY T,American,cboe_cone|cboe_ctwo|cboe_exo|cboe_opt,true,MUZ,DEFIANCE DAILY TARGET 2X SHORT MU ETF,PROVIDER_QUERY_RETURNED_OPTION_ROOTS,MUZ,224,2026-10-01T18:55:19.440Z,26f289f32c6ebb479b30422ba5ef9efdd80957f5934114d49d3fdf7ff8a2f419
MVLL,CBOE_ETF,ETF,GRANITESHARES ETF TR 2X LONG MRVL,American,cboe_cone|cboe_ctwo|cboe_exo|cboe_opt,true,MVLL,GRANITESHARES 2X LONG MRVL DAILY ETF,PROVIDER_QUERY_RETURNED_OPTION_ROOTS,MVLL,706,2026-10-01T18:55:21.543Z,93068cede0328708923665622b427e4a622bd29c56c36e00afae9fb8cb25f797
MXI,CBOE_ETF,ETF,ISHARES TR GLOBAL MATER ETF,American,cboe_cone,true,MXI,iShares Global Materials ETF,PROVIDER_QUERY_RETURNED_OPTION_ROOTS,MXI,226,2026-10-01T18:55:30.779Z,0ff2d13ee11f03310dc5612a6720a51ae9e1165a32e9db037859c53c80158812
MYY,CBOE_ETF,ETF,PROSHARES TR PSHS SH MDCAP400,American,cboe_cone,false,MYY,ProShares Short MidCap 400,PROVIDER_QUERY_RETURNED_OPTION_ROOTS,MYY,152,2026-10-01T18:55:37.568Z,fb68cff72f210aeb1f97e8b3eb92a56913502fbc6db51bb0a59db21eab8d4bb2
MZZ,CBOE_ETF,ETF,PROSHARES TR ULTSHT MIDCAP400,American,cboe_cone|cboe_exo|cboe_opt,false,MZZ,ProShares UltraShort MidCap400,PROVIDER_QUERY_RETURNED_OPTION_ROOTS,MZZ,98,2026-10-01T18:55:39.259Z,6bdd7ef3d720f3d681a318aa84906fade8a40c8931f924f569a356175439f711
NAIL,CBOE_ETF,ETF,DIREXION SHARES ETF TRUST DAIL HO SUPP ETF,American,cboe_cone|cboe_ctwo|cboe_exo|cboe_opt,true,NAIL,DIREXION SHARES ETF TRUST-DIREXION DAILY,PROVIDER_QUERY_RETURNED_OPTION_ROOTS,NAIL,1378,2026-10-01T18:55:41.445Z,ed97fde4e9d88a574407fbdd80e5f26662ed9ffab6912a78ca6d00b19ccfe92d
NANC,CBOE_ETF,ETF,Subversive Congressional Democrats Trading ETF,American,cboe_cone|cboe_ctwo|cboe_exo|cboe_opt,true,NANC,Subversive Congressional Democrats Trading ETF,PROVIDER_QUERY_RETURNED_OPTION_ROOTS,NANC,154,2026-10-01T18:55:43.764Z,95f47e25d8548ea1884e221dbf59174c3d243d761f2f11a21427722128f337c6
NANR,CBOE_ETF,ETF,SPDR INDEX SHS FDS ST STR SP N AM,American,cboe_cone|cboe_ctwo|cboe_exo|cboe_opt,true,NANR,State St SPDR S&P North American Natural Rsrcs ETF,PROVIDER_QUERY_RETURNED_OPTION_ROOTS,NANR,176,2026-10-01T18:55:44.697Z,d66972061896449a8fa01f84f7a038ff85572b6f888a25c629b1ba2e8db18851
NASA,CBOE_ETF,ETF,TEMA ETF TRUST SPACE INNOV ETF,American,cboe_cone|cboe_ctwo|cboe_exo|cboe_opt,true,NASA,TEMA SPACE INNOVATORS ETF,PROVIDER_QUERY_RETURNED_OPTION_ROOTS,NASA,916,2026-10-01T18:55:45.339Z,7cd1198be4b44decc29144793bde8e3f3fc801585ec06afcb9e105a67a66e9dd
NBIG,CBOE_ETF,ETF,THEMES ETF TR LEVERAGE SHS 2X,American,cboe_cone|cboe_ctwo|cboe_exo|cboe_opt,true,NBIG,THEMES ETF TRUST LEVERAGE SHARES 2X LONG NBIS,PROVIDER_QUERY_RETURNED_OPTION_ROOTS,NBIG,400,2026-10-01T18:55:50.309Z,15be189f87333c9b52f7583753eeb699c958156a25f17b0c46627426544bd690
NBIL,CBOE_ETF,ETF,GRANITESHARES ETF TR 2X LONG NBIS DLY,American,cboe_cone|cboe_ctwo|cboe_exo|cboe_opt,true,NBIL,GRANITESHARES 2X LONG NBIS DAILY ETF,PROVIDER_QUERY_RETURNED_OPTION_ROOTS,NBIL,236,2026-10-01T18:55:50.767Z,7524263d53780d820845c898e5ffc91817ca1406d03fd2894c97395b31ae75fc
NBIZ,CBOE_ETF,ETF,Tradr 2X Short NBIS Daily ETF,American,cboe_cone|cboe_ctwo|cboe_exo|cboe_opt,true,NBIZ|NBIZ1|NBIZ2|NBIZ3,TRADR 2X SHORT NBIS DAILY ETF|TRADR 2X SHORT NBIS DAILY ETF (1:10 Reverse Split)|TRADR 2X SHORT NBIS DAILY ETF(1:3)|TRADR 2X SHORT NBIS DAILY ETF(1:4),PROVIDER_QUERY_RETURNED_OPTION_ROOTS,NBIZ|NBIZ1|NBIZ2|NBIZ3,994,2026-10-01T18:55:52.406Z,54cb93485e42511fdb344ad0042ccd98a9fa28f4bdabc28075f23cf13b54e58b
NCLD,CBOE_ETF,ETF,ROUNDHILL ETF TRUST NEOCLOUD ETF,American,cboe_cone|cboe_ctwo|cboe_exo|cboe_opt,true,NCLD,ROUNDHILL ETF TRUST ROUNDHILL NEOCLOUD ETF,PROVIDER_QUERY_RETURNED_OPTION_ROOTS,NCLD,104,2026-10-01T18:55:54.821Z,cc194499cc5426708fdb160adcc836e8f41240d584b5d67fceccac2d90846cd0
NEAR,CBOE_ETF,ETF,iShares Short Duration Bond Active ETF,American,cboe_cone|cboe_ctwo|cboe_exo|cboe_opt,true,NEAR,iShares Short Duration Bond Active ETF,PROVIDER_QUERY_RETURNED_OPTION_ROOTS,NEAR,152,2026-10-01T18:55:59.772Z,425a4138b2012897c5a7d987d9200d10837fe567282f16f629b1fea3b9de5cb7
NEBX,CBOE_ETF,ETF,Tradr 2X Long NBIS Daily ETF,American,cboe_cone|cboe_ctwo|cboe_exo|cboe_opt,true,NEBX,TRADR 2X LONG NBIS DAILY ETF,PROVIDER_QUERY_RETURNED_OPTION_ROOTS,NEBX,454,2026-10-01T18:56:00.298Z,400497e8fe119324f8e2c48dbf6849aef30087269d020af0a7949fda7ad101e6
NEMG,CBOE_ETF,ETF,THEMES ETF TR LEVERAGE SHS 2X,American,cboe_cone|cboe_ctwo|cboe_exo|cboe_opt,true,NEMG,THEMES ETF LEVERAGE SHARES 2X LONG NEM DAILY ETF,PROVIDER_QUERY_RETURNED_OPTION_ROOTS,NEMG,212,2026-10-01T18:56:02.830Z,9850559302ecad7566a0d1a9ca103797c70b1d428909e927546f019b5eee479a
NERD,CBOE_ETF,ETF,Roundhill Video Games ETF,American,cboe_cone|cboe_ctwo|cboe_exo|cboe_opt,true,NERD,Roundhill Video Games ETF,PROVIDER_QUERY_RETURNED_OPTION_ROOTS,NERD,152,2026-10-01T18:56:05.465Z,b61b5f29c56616fe1551f5dd99db650fa3261d7cafaafd2b67ce9c288f7a3b3d
NETG,CBOE_ETF,ETF,THEMES ETF TR LEVERAGE SHS 2X,American,cboe_cone|cboe_ctwo|cboe_exo|cboe_opt,true,NETG,THEMES ETF LEVERAGE SHARES 2X LONG NET DAILY ETF,PROVIDER_QUERY_RETURNED_OPTION_ROOTS,NETG,204,2026-10-01T18:56:07.425Z,5caab7913d803b122a81f044eda2c5486927349da087e748c0824d0ad48e925d
NFLU,CBOE_ETF,ETF,T-Rex 2X Long NFLX Daily Target ETF,American,cboe_cone|cboe_ctwo|cboe_exo|cboe_opt,false,NFLU,T-REX 2X LONG NFLX DAILY TARGET,PROVIDER_QUERY_RETURNED_OPTION_ROOTS,NFLU,248,2026-10-01T18:56:14.491Z,4acdbe6a2eb092a9b57ee735cc37cd639a2fdddb5deef206caea40cfa17d5a66
NFLW,CBOE_ETF,ETF,Roundhill NFLX WeeklyPay ETF,American,cboe_cone|cboe_ctwo|cboe_exo|cboe_opt,true,NFLW,ROUNDHILL NFLX WEEKLYPAY ETF,PROVIDER_QUERY_RETURNED_OPTION_ROOTS,NFLW,188,2026-10-01T18:56:14.964Z,d8a9ade83034477929376376b0635d0aa9da4b615da180289c84a69f537b1d09
NFLY,CBOE_ETF,ETF,TIDAL TRUST II YIELDMAX NFLX,American,cboe_cone|cboe_ctwo|cboe_exo|cboe_opt,true,NFLY,YIELDMAX NFLX OPTION INCOME STRATEGY ETF,PROVIDER_QUERY_RETURNED_OPTION_ROOTS,NFLY,136,2026-10-01T18:56:16.010Z,5eefe7cb97a19d3a74b4014beee60258391fcb4bdb07c9275aa0231f2639f7e0
NFTY,CBOE_ETF,ETF,FIRST TR EXCH TRD ALPHDX FD II INDIA NFTY50 EQW,American,cboe_cone|cboe_ctwo|cboe_exo|cboe_opt,true,NFTY,FIRST TRUST INDIA NIFTY 50 EQUAL WEIGHT ETF,PROVIDER_QUERY_RETURNED_OPTION_ROOTS,NFTY,152,2026-10-01T18:56:17.061Z,2c885fed2d20a712db473bf7543c79baf957d5509152ee2906d67c19b8db6d3b
NLR,CBOE_ETF,ETF,VANECK ETF TRUST URANI NUCLE ETF,American,cboe_cone|cboe_ctwo|cboe_exo|cboe_opt,true,NLR,VanEck Uranium and Nuclear ETF,PROVIDER_QUERY_RETURNED_OPTION_ROOTS,NLR,266,2026-10-01T18:56:31.215Z,cd6ce4ccc42bfb59a4c0e5b71f8cad1f9e01f748eb8e411aa94f2ce71ed29de7
NOBL,CBOE_ETF,ETF,ProShares S&P 500 Dividend Aristocrats ETF,American,cboe_cone|cboe_ctwo|cboe_exo|cboe_opt,true,NOBL,ProShares S&P 500 Dividend Aristocrats ETF,PROVIDER_QUERY_RETURNED_OPTION_ROOTS,NOBL,184,2026-10-01T18:56:42.285Z,1d09e4fafdbc82d612ba10ed45c357667a539157d912e08c83fb197f480a6f5f
NOWL,CBOE_ETF,ETF,GRANITESHARES ETF TR 2X LO NOW DA ETF,American,cboe_cone|cboe_ctwo|cboe_exo|cboe_opt,true,NOWL,GRANITESHARES 2X LONG NOW DAILY ETF,PROVIDER_QUERY_RETURNED_OPTION_ROOTS,NOWL,184,2026-10-01T18:56:47.398Z,5918d9dd002195d434de22bf4d03afbd9dd4f470e8d0f761126a8679f03ff319
NUG,CBOE_ETF,ETF,THEMES ETF TR LEVERAGE SHS 2X,American,cboe_cone|cboe_ctwo|cboe_exo|cboe_opt,true,NUG,THEMES ETF LEVERAGE SHARES 2X LONG NU DAILY ETF,PROVIDER_QUERY_RETURNED_OPTION_ROOTS,NUG,156,2026-10-01T18:57:09.042Z,8ba8806e1510b458aabaef6983e57f0c6d988920350da87506d06d20d0fb49c0
NUGT,CBOE_ETF,ETF,DIREXION SHARES ETF TRUST DAI GOL BUL ETF,American,cboe_cone|cboe_ctwo|cboe_exo|cboe_opt,false,NUGT,Direxion Daily Gold Miners Index Bull 2X Shares,PROVIDER_QUERY_RETURNED_OPTION_ROOTS,NUGT,2416,2026-10-01T18:57:09.593Z,52e90a27a893158f73028712c46bf99c0fb77e478063406b6eedc9eab108671d
NUKZ,CBOE_ETF,ETF,EXCHANGE TRADED CONCEPTS TRUST RANG NUCL RE ETF,American,cboe_cone|cboe_ctwo|cboe_exo|cboe_opt,true,NUKZ,RANGE NUCLEAR RENAISSANCE INDEX ETF,PROVIDER_QUERY_RETURNED_OPTION_ROOTS,NUKZ,240,2026-10-01T18:57:10.052Z,a51268774c3a4a870f660fcca7e445fc958976936e88dfec5cfff3ce1646d137
NVD,CBOE_ETF,ETF,GRANITESHARES ETF TR 2X SHOR NVDA NEW,American,cboe_cone|cboe_ctwo|cboe_exo|cboe_opt,true,NVD|NVD1,GraniteShares ETF Trust 2x Short NVDA Daily ETF|GraniteShares ETF Trust 2x Short NVDA ETF(1:25),PROVIDER_QUERY_RETURNED_OPTION_ROOTS,NVD|NVD1,260,2026-10-01T18:57:14.141Z,b6e8efdf2099fed5d3216ed11da3e5b5bf7cba2a995c5b8750be69d28a45a456
NVDD,CBOE_ETF,ETF,DIREXION SHARES ETF TRUST DLY NVDA BEAR 1X,American,cboe_cone|cboe_ctwo|cboe_exo|cboe_opt,false,NVDD,DIREXION DAILY NVDA BEAR 1X SHARES,PROVIDER_QUERY_RETURNED_OPTION_ROOTS,NVDD,194,2026-10-01T18:57:15.079Z,8b85c2218539783f17dab9c45beb7a844855b2784714611214d1f73daa385a3b
NVDG,CBOE_ETF,ETF,THEMES ETF TR LEVERAGE SHARES,American,cboe_cone|cboe_ctwo|cboe_exo|cboe_opt,true,NVDG,LEVERAGE SHARES 2X LONG NVDA DAILY ETF,PROVIDER_QUERY_RETURNED_OPTION_ROOTS,NVDG,178,2026-10-01T18:57:15.591Z,3b093fbff4b162612a62afcc71c25781c3002edb5a45b552262e0a673e56e552
NVDL,CBOE_ETF,ETF,GRANITESHARES ETF TR 2X LONG NVDA ETF,American,cboe_cone|cboe_ctwo|cboe_exo|cboe_opt,true,NVDL,GraniteShares ETF Trust 2x Long NVDA Daily ETF,PROVIDER_QUERY_RETURNED_OPTION_ROOTS,NVDL,1234,2026-10-01T18:57:16.107Z,eb4527174116feb63ec056110113c4fac4d53257d584c814775d1935c8518c15
NVDQ,CBOE_ETF,ETF,T-Rex 2X Inverse NVIDIA Daily Target ETF ,American,cboe_cone|cboe_ctwo|cboe_exo|cboe_opt,false,NVDQ,T-REX 2X INVERSE NVIDIA DAILY TARGET,PROVIDER_QUERY_RETURNED_OPTION_ROOTS,NVDQ,170,2026-10-01T18:57:16.783Z,c916d923db0c0735d01adb9b22bcf65d9bdd3d88afa87a08ad0ff740f37c39ac
NVDS,CBOE_ETF,ETF,INVESTMENT MANAGERS SER TR II TRADR 1.5X NVDA,American,cboe_cone|cboe_ctwo|cboe_exo|cboe_opt,false,NVDS,Inv Mngrs Series Trust II Tradr 1.5X Short NVDA,PROVIDER_QUERY_RETURNED_OPTION_ROOTS,NVDS,216,2026-10-01T18:57:17.155Z,5818cd3bbd6575c10ecc063d4b569cbe5097d60ef4e90af208866ee5c6b5fc7d
NVDU,CBOE_ETF,ETF,DIREXION SHARES ETF TRUST DLY NVDA BULL 2X,American,cboe_cone|cboe_ctwo|cboe_exo|cboe_opt,false,NVDU,Direxion Daily NVDA Bull 2X Shares,PROVIDER_QUERY_RETURNED_OPTION_ROOTS,NVDU,778,2026-10-01T18:57:17.636Z,828f6f7982314d2ca2aea933498b701efc2a403d376db6ada7ea2e3dd855fd25
NVDW,CBOE_ETF,ETF,Roundhill NVDA WeeklyPay ETF,American,cboe_cone|cboe_ctwo|cboe_exo|cboe_opt,true,NVDW,Roundhill NVDA WeeklyPay ETF,PROVIDER_QUERY_RETURNED_OPTION_ROOTS,NVDW,154,2026-10-01T18:57:18.242Z,009db0024ae81775abb6a64612b46480fc995c9e12fdce73e056785392e33e91
NVDX,CBOE_ETF,ETF,T-Rex 2X Long NVIDIA Daily Target ETF,American,cboe_cone|cboe_ctwo|cboe_exo|cboe_opt,false,NVDX|NVDX1,T-REX 2X LONG NVIDIA DAILY|T-REX 2X LONG NVIDIA DAILY (Cash Distribution),PROVIDER_QUERY_RETURNED_OPTION_ROOTS,NVDX|NVDX1,814,2026-10-01T18:57:18.668Z,943ca6e075830fdd64cb3ba31cde3f75148a7ca025d6fc12e51defad9739e57d
NVDY,CBOE_ETF,ETF,TIDAL TRUST II YIELDMAX NVDA,American,cboe_cone|cboe_ctwo|cboe_exo|cboe_opt,true,NVDY,YIELDMAX NVDA OPTION INCOME STRATEGY ETF,PROVIDER_QUERY_RETURNED_OPTION_ROOTS,NVDY,286,2026-10-01T18:57:19.206Z,76b282076644723f0dbe8e20c845747ed11ad67c559666119f48a5c2043f1992
NVOX,CBOE_ETF,ETF,TIDAL TRUST II DEFIANCE DLY TRG,American,cboe_cone|cboe_ctwo|cboe_exo|cboe_opt,true,NVOX,DEFIANCE DAILY TARGET 2X LONG NVO ETF,PROVIDER_QUERY_RETURNED_OPTION_ROOTS,NVOX,190,2026-10-01T18:57:21.619Z,a22e45e1cf0ed6620c483b25495f0dc6e390ad2a9f6c2ccfdc8c92c19178422d
NVTX,CBOE_ETF,ETF,Tradr 2X Long NVTS Daily ETF,American,cboe_cone|cboe_ctwo|cboe_exo|cboe_opt,true,NVTX,TRADR 2X LONG NVTS DAILY ETF,PROVIDER_QUERY_RETURNED_OPTION_ROOTS,NVTX,460,2026-10-01T18:57:24.881Z,13de045947aebbbd5352b10eea78f290d6b2c391b4b14881723ff4f432a6e1fb
NVYY,CBOE_ETF,ETF,GRANITESHARES ETF TR YIELDBOOST NVDA,American,cboe_cone|cboe_ctwo|cboe_exo|cboe_opt,true,NVYY,GRANITESHARES YIELDBOOST NVDA ETF,PROVIDER_QUERY_RETURNED_OPTION_ROOTS,NVYY,170,2026-10-01T18:57:25.715Z,f7b116671d1ef1c3c0b2a90d1722e1b010caeaee081d3c8866b9c75b17cdfed1
NXPX,CBOE_ETF,ETF,Tradr 2X Long NXPI Daily ETF,American,cboe_cone|cboe_ctwo|cboe_exo|cboe_opt,true,NXPX,TRADR 2X LONG NXPI DAILY ETF,PROVIDER_QUERY_RETURNED_OPTION_ROOTS,NXPX,178,2026-10-01T18:57:34.086Z,51ea3052c3dd10df30d7fe65d8855bdb3f40b3281b00f31d40d025963bc37d17
NYNY,CBOE_ETF,ETF,Corgi NYC Based ETF,American,cboe_cone|cboe_ctwo|cboe_exo|cboe_opt,true,NYNY,CORGI NYC BASED ETF,PROVIDER_QUERY_RETURNED_OPTION_ROOTS,NYNY,144,2026-10-01T18:57:36.748Z,b772ea8840b177120ec900efcc7f92a2f939c62403cfb63759d132b59233eba5
OACP,CBOE_ETF,ETF,UNIFIED SER TR ONEA CORE BD ETF,American,cboe_cone|cboe_ctwo|cboe_exo|cboe_opt,true,OACP,ONEASCENT CORE PLUS BOND ETF,PROVIDER_QUERY_RETURNED_OPTION_ROOTS,OACP,152,2026-10-01T18:57:39.904Z,7d5daf7d16effd7526a640170f700456980ed1d6c814bfef72120dc961fe42ba
OARK,CBOE_ETF,ETF,TIDAL TRUST II YIELD INNOV ETF,American,cboe_cone|cboe_ctwo|cboe_exo|cboe_opt,true,OARK,YIELDMAX INNOVATION OPTION INCOME STRATEGY ETF,PROVIDER_QUERY_RETURNED_OPTION_ROOTS,OARK,178,2026-10-01T18:57:40.381Z,dac4175c5803ca75a8059fb91578f3190ba825d105577525980529cb065899b2
ODDS,CBOE_ETF,ETF,PACER FDS TR BLUESTAR DIG ENT,American,cboe_cone|cboe_ctwo|cboe_exo|cboe_opt,true,ODDS,PACER BLUESTAR DIGITAL ENTERTAINMENT ETF,PROVIDER_QUERY_RETURNED_OPTION_ROOTS,ODDS,152,2026-10-01T18:57:47.834Z,207d7719835a0e76b1f6855b95586a7ad17d265de6b64589f53138343d41f7f6
ODDZ,CBOE_ETF,ETF,Corgi Sports Betting & Gambling ETF,American,cboe_cone|cboe_ctwo|cboe_exo|cboe_opt,true,ODDZ,CORGI SPORTS BETTING AND GAMBLING ETF,PROVIDER_QUERY_RETURNED_OPTION_ROOTS,ODDZ,144,2026-10-01T18:57:48.309Z,f53c95d09723a20df5d7dac01b32a5b7830285fa1a8ef7abbab60d26d511e524
ODTE,CBOE_ETF,ETF,VEGASHARES ETF TRUS SPX NDX RTY ETF,American,cboe_cone|cboe_ctwo|cboe_exo|cboe_opt,true,ODTE,VEGASHARES ETF TRUS SPX NDX RTY PREM,PROVIDER_QUERY_RETURNED_OPTION_ROOTS,ODTE,152,2026-10-01T18:57:49.407Z,115843e159d44e2a9e6bf1d42193a53939c569c1986f1106f56fb2b1b8f62abe
OEF,CBOE_ETF,ETF,ISHARES TR S&P 100 ETF,American,cboe_cone|cboe_ctwo|cboe_exo|cboe_opt,true,OEF,iShares S&P 100 ETF,PROVIDER_QUERY_RETURNED_OPTION_ROOTS,OEF,290,2026-10-01T18:57:50.376Z,b56f40c1a5b5036b8d1791ce2c3281afaaef810e796188da475c1db6408c62e4
OGIG,CBOE_ETF,ETF,ALPS ETF TR OSHS GBL INTER,American,cboe_cone|cboe_ctwo|cboe_exo|cboe_opt,true,OGIG,ALPS O'Shares Global Internet Giants ETF,PROVIDER_QUERY_RETURNED_OPTION_ROOTS,OGIG,162,2026-10-01T18:57:55.378Z,27fe03d69874ac6096538d2ac3eb8f623c8302561b3f6021269021d6f1b11ecf
OIH,CBOE_ETF,ETF,VANECK ETF TRUST OIL SERVICES ETF,American,cboe_cone|cboe_ctwo|cboe_exo|cboe_opt,true,OIH,VanEck Oil Services ETF,PROVIDER_QUERY_RETURNED_OPTION_ROOTS,OIH,1246,2026-10-01T18:57:57.860Z,dbbe1a1477571cff75804a48f6b9f0f8268e33102e3898ac325a20e6d14679aa
OILK,CBOE_ETF,ETF,ProShares K-1 Free Crude Oil ETF,American,cboe_cone|cboe_ctwo|cboe_exo|cboe_opt,true,OILK,ProShares K-1 Free Crude Oil ETF,PROVIDER_QUERY_RETURNED_OPTION_ROOTS,OILK,256,2026-10-01T18:57:58.838Z,6442a74fd1a6b6fb732f63307ccc1b76c9441c20ad29c0a65a96f274c7624089
OKLL,CBOE_ETF,ETF,TIDAL TRUST II DEFIANCE DAILY T,American,cboe_cone|cboe_ctwo|cboe_exo|cboe_opt,true,OKLL|OKLL1,DEFIANCE DAILY TARGET 2X LONG OKLO ETF|DEFIANCE DAILY TARGET 2X LONG OKLO ETF (1:5 rev),PROVIDER_QUERY_RETURNED_OPTION_ROOTS,OKLL|OKLL1,352,2026-10-01T18:58:00.396Z,777723e91d5b1599b9b65d145e6779f78f1a40a1e3145546923c6233fd3deac5
OKTG,CBOE_ETF,ETF,THEMES ETF TR LEVERAGE SHS 2X,American,cboe_cone|cboe_ctwo|cboe_exo|cboe_opt,true,OKTG,THEMES ETF TRUST LEVERAGE SHARES 2X LONG OKTA,PROVIDER_QUERY_RETURNED_OPTION_ROOTS,OKTG,310,2026-10-01T18:58:01.924Z,ff471842047816fea1c25566d2062f5d7f8cac2b6e4aa0c45e4b90d63e3b86e2
OND,CBOE_ETF,ETF,PROSHARES TR ON-DEMAND ETF,American,cboe_cone|cboe_ctwo|cboe_exo|cboe_opt,true,OND,PROSHARES ON-DEMAND ETF,PROVIDER_QUERY_RETURNED_OPTION_ROOTS,OND,152,2026-10-01T18:58:11.942Z,f5fcb9355e6da30a880a9510e400b13b88d17661b459f71c77cd67a1e17040e5
ONDL,CBOE_ETF,ETF,Defiance Daily Target 2X Long ONDS ETF,American,cboe_cone|cboe_ctwo|cboe_exo|cboe_opt,true,ONDL,DEFIANCE DAILY TARGET 2X LONG ONDS ETF,PROVIDER_QUERY_RETURNED_OPTION_ROOTS,ONDL,136,2026-10-01T18:58:12.925Z,58363056c497e052020351730a6bff8eb2991f0ca1533966b10d789af8887059
ONDU,CBOE_ETF,ETF,Tradr 2X Long ONDS Daily ETF,American,cboe_cone|cboe_ctwo|cboe_exo|cboe_opt,true,ONDU|ONDU1,TRDR 2X LONG ONDS DAILY ETF|TRDR 2X LONG ONDS DAILY ETF(1:4),PROVIDER_QUERY_RETURNED_OPTION_ROOTS,ONDU|ONDU1,242,2026-10-01T18:58:13.986Z,f91607c55275834180197381f0c4412ac068052048677595a15f7d9f11d302e6
ONEQ,CBOE_ETF,ETF,FIDELITY COMWLTH TR NASDAQ COMPSIT,American,cboe_cone|cboe_ctwo|cboe_exo|cboe_opt,true,ONEQ,FIDELITY NASDAQ COMPOSITE INDEX ETF,PROVIDER_QUERY_RETURNED_OPTION_ROOTS,ONEQ,184,2026-10-01T18:58:14.503Z,f139185a871cd79d1346503cbd362a8e56b7ff7baafe5a16126f6412cf865bc3
ONLN,CBOE_ETF,ETF,PROSHARES TR ONLINE RTL ETF,American,cboe_cone|cboe_ctwo|cboe_exo|cboe_opt,true,ONLN,PROSHARES ONLINE RETAIL ETF,PROVIDER_QUERY_RETURNED_OPTION_ROOTS,ONLN,152,2026-10-01T18:58:17.458Z,e17d0ca8a44cfe38e41d3b390b8b2212bfdbceec28d8a8694010f7b7db3f96b5
ONX,CBOE_ETF,ETF,Tradr 2X Long ON Daily ETF,American,cboe_cone|cboe_ctwo|cboe_exo|cboe_opt,true,ONX,TRADR 2X LONG ON DAILY ETF,PROVIDER_QUERY_RETURNED_OPTION_ROOTS,ONX,168,2026-10-01T18:58:19.507Z,f662d7795e707baca5b545084887e68473f49d61613eb81f2764cf40bf809a07
OPEX,CBOE_ETF,ETF,Tradr 2X Long OPEN Daily ETF,American,cboe_cone|cboe_ctwo|cboe_exo|cboe_opt,false,OPEX|OPEX1,TRADR 2X LONG OPEN DAILY|TRADR 2X LONG OPEN DAILY (1:3),PROVIDER_QUERY_RETURNED_OPTION_ROOTS,OPEX,180,2026-10-01T18:58:23.507Z,0adb0202e9e14c803cc87444d037261af8e40f55dba4532f822e6a2c11067ca2
OPPE,CBOE_ETF,ETF,WISDOMTREE TR EUROP OPPOR FD,American,cboe_cone|cboe_ctwo|cboe_exo|cboe_opt,false,OPPE,WisdomTree European Opportunities Fund,PROVIDER_QUERY_RETURNED_OPTION_ROOTS,OPPE,152,2026-10-01T18:58:25.565Z,b765c67fab02baa21d2949b35024227fbd2a94e4797dc96f3aa77d0c07950253
OPPJ,CBOE_ETF,ETF,WISDOMTREE TR JAPAN OPPOR FD,American,cboe_cone,false,OPPJ,WisdomTree Trust WisdomTree Japan Opportunities Fd,PROVIDER_QUERY_RETURNED_OPTION_ROOTS,OPPJ,152,2026-10-01T18:58:26.031Z,b3a582e1dc1b1e1652dea1d2ef0fbc24b6ed1e80384e736b484d14ecea9c2928
ORCU,CBOE_ETF,ETF,DIREXION SHARES ETF TRUST DAILY ORCL BULL,American,cboe_cone|cboe_ctwo|cboe_exo|cboe_opt,true,ORCU,DIREXION DAILY ORCL BULL 2X ETF,PROVIDER_QUERY_RETURNED_OPTION_ROOTS,ORCU,136,2026-10-01T18:58:33.130Z,28cbf07b93b5f792d87bc50c0bb1294c66c0eeb61f871b4bb84f01bfe3a7c9ee
ORCX,CBOE_ETF,ETF,TIDAL TRUST II DEFIANCE DAILY,American,cboe_cone|cboe_ctwo|cboe_exo|cboe_opt,false,ORCX|ORCX1,TIDAL TRUST III DEFIANCE DAILY|TIDAL TRUST III DEFIANCE DAILY (1:3),PROVIDER_QUERY_RETURNED_OPTION_ROOTS,ORCX,434,2026-10-01T18:58:33.665Z,35229189ea94fb74cded8a8a79663f340f3edcc888ec3b898350ae233fda96d0
ORCZ,CBOE_ETF,ETF,Tradr 2X Short ORCL Daily ETF,American,cboe_cone|cboe_ctwo|cboe_exo|cboe_opt,true,ORCZ,TRADR 2X SHORT ORCL DAILY ETF,PROVIDER_QUERY_RETURNED_OPTION_ROOTS,ORCZ,216,2026-10-01T18:58:34.180Z,c7e6bdd1c6d57a3487a576cf1fab33a0dadaaf43adaafded9a94a5e7a1d76cbc
ORR,CBOE_ETF,ETF,EA SERIES TRUST MILI LONG SH ETF,American,cboe_cone|cboe_ctwo|cboe_exo|cboe_opt,false,ORR,EA SERIES TRUST MILITIA,PROVIDER_QUERY_RETURNED_OPTION_ROOTS,ORR,272,2026-10-01T18:58:39.686Z,bdd982abd1e07af45fcbe256439855ee4d47a7c6ed570be2a3b8bd7cc7aa6366
OUNZ,CBOE_ETF,ETF,VANECK MERK GOLD ETF GOLD SHS,American,cboe_cone|cboe_ctwo|cboe_exo|cboe_opt,true,OUNZ,VanEck Merk Gold ETF,PROVIDER_QUERY_RETURNED_OPTION_ROOTS,OUNZ,156,2026-10-01T18:58:49.451Z,1d02984870b36e8b1f229a9ef00c49ebf4c683d3f612cf1bdbe9a603f3cc0b8f
OUSA,CBOE_ETF,ETF,ALPS ETF TR OSHARES US QUALT,American,cboe_cone,true,OUSA,ALPS O'Shares U.S. Quality Dividend ETF,PROVIDER_QUERY_RETURNED_OPTION_ROOTS,OUSA,152,2026-10-01T18:58:49.968Z,0225ea5db0545dc0a3cbe8409cbb871e84d09749c35bf9492439b2039be2bc42
OZEM,CBOE_ETF,ETF,ROUNDHILL ETF TRUST GLP 1 & WEIGHT L,American,cboe_cone|cboe_ctwo|cboe_exo|cboe_opt,true,OZEM,ROUNDHILL GLP-1 & WEIGHT LOSS ETF,PROVIDER_QUERY_RETURNED_OPTION_ROOTS,OZEM,176,2026-10-01T18:58:55.530Z,4d76386ca8334c8bc7b7596eb5b86a885c5881f2559b1660542871427fc69864
PALC,CBOE_ETF,ETF,PACER FDS TR LUNT LRGCP MULTI,American,cboe_cone|cboe_ctwo|cboe_exo|cboe_opt,true,PALC,PACER LUNT LARGE CAP MULTI-FACTOR ALTERNATOR ETF,PROVIDER_QUERY_RETURNED_OPTION_ROOTS,PALC,154,2026-10-01T18:59:02.690Z,b1052b654f90da374a2dab4270a5fdd01fc7900aaec527a6c38def013366d7ee
PALL,CBOE_ETF,ETF,ABRDN PALLADIUM ETF TRUST PHYSICAL PALLADM,American,cboe_cone|cboe_ctwo|cboe_exo|cboe_opt,true,PALL,ABRDN PHYSICAL PALLADIUM SHARES ETF,PROVIDER_QUERY_RETURNED_OPTION_ROOTS,PALL,336,2026-10-01T18:59:03.219Z,c14c21e6a3baaf3efe88d910a024ca3e39623eb9e4c5cc8d24166321e4b82c24
PAMC,CBOE_ETF,ETF,PACER FDS TR LUNT MDCAP MLT,American,cboe_cone|cboe_ctwo|cboe_exo|cboe_opt,true,PAMC,PACER LUNT MIDCAP MULTI-FACTOR ALTERNATOR ETF,PROVIDER_QUERY_RETURNED_OPTION_ROOTS,PAMC,154,2026-10-01T18:59:04.115Z,cdb523cfe8719bcb4b14731db4b76b8bf6a57ca7ef0a428c642ed4d26d183a8f
PANG,CBOE_ETF,ETF,THEMES ETF TR LEVERAGE SHS 2X,American,cboe_cone|cboe_ctwo|cboe_exo|cboe_opt,true,PANG,THEMES ETF TRUST LEVERAGE SHARES 2X LONG PANW DAIL,PROVIDER_QUERY_RETURNED_OPTION_ROOTS,PANG,240,2026-10-01T18:59:04.679Z,08c7c563ce77a2cc1f25cd608c0c8cd701bf258ce376d0786387f22ec593f1c3
PATX,CBOE_ETF,ETF,Tradr 2X Long PATH Daily ETF,American,cboe_cone|cboe_ctwo|cboe_exo|cboe_opt,true,PATX,TRDR 2X LONG PATH DAILY ETF,PROVIDER_QUERY_RETURNED_OPTION_ROOTS,PATX,180,2026-10-01T18:59:08.317Z,aa890052450e9ef8eac2cb91c9f96e4ebebfb24c8a5f7ab2753a91f8bc900f52
PAVE,CBOE_ETF,ETF,Global X U.S. Infrastructure Development ETF,American,cboe_cone|cboe_ctwo|cboe_exo|cboe_opt,false,PAVE,GLOBAL X US INFRASTRUCTURE DEVEL,PROVIDER_QUERY_RETURNED_OPTION_ROOTS,PAVE,274,2026-10-01T18:59:08.840Z,0f2ca7b928222822dbf844fef84b4f8ae17909cf9a544cba8c4cdcc2658928a1
PBD,CBOE_ETF,ETF,INVESCO EXCHANGE-TRADED FD TR GBL CLEAN ENRG,American,cboe_cone|cboe_ctwo|cboe_exo|cboe_opt,true,PBD,INVESCO GLOBAL CLEAN ENERGY ETF,PROVIDER_QUERY_RETURNED_OPTION_ROOTS,PBD,152,2026-10-01T18:59:14.289Z,bfcb00f97f4389916edd5484bef30538ba951f595e022bd0fb42d9fb4ab5eae9
PBW,CBOE_ETF,ETF,INVESCO EXCHANGE TRADED FD TR WILDERHIL CLAN,American,cboe_cone|cboe_ctwo|cboe_exo|cboe_opt,true,PBW,Invesco WilderHill Clean Energy ETF,PROVIDER_QUERY_RETURNED_OPTION_ROOTS,PBW,184,2026-10-01T18:59:20.845Z,51496d06d6eee6a185ce1f41043663238811c3461035a15b561afcd56273ef8f
PCEF,CBOE_ETF,ETF,INVESCO EXCHANGE-TRADED FD TR CEF INM COMPSI,American,cboe_cone,true,PCEF,Invesco CEF Income Composite ETF,PROVIDER_QUERY_RETURNED_OPTION_ROOTS,PCEF,152,2026-10-01T18:59:22.775Z,da202558c0fa1ea0f2504b68e5297802c333e267c47e97f950367a5e85608f3a
PCY,CBOE_ETF,ETF,INVESCO EXCHANGE-TRADED FD TR EMRNG MKT SVRG,American,cboe_cone|cboe_ctwo|cboe_exo|cboe_opt,true,PCY,Invesco Emerging Markets Sovereign Debt ETF,PROVIDER_QUERY_RETURNED_OPTION_ROOTS,PCY,152,2026-10-01T18:59:26.340Z,5a62e7932338a9675877e4582ac1605b383d27e0806a4d368f72be579fdb00e1
PDBC,CBOE_ETF,ETF,INVESCO ACTVELY MNGD ETC FD TR OPTIMUM YIELD,American,cboe_cone|cboe_ctwo|cboe_exo|cboe_opt,true,PDBC,INVESCO OPTIMUM YIELD DIVER STARTEGY NO K-1 ETF,PROVIDER_QUERY_RETURNED_OPTION_ROOTS,PDBC,188,2026-10-01T18:59:28.279Z,d118cfef56877c461fd8ff46dd65477c1713b9664e3c55a4d5d9cefbe6130703
PDP,CBOE_ETF,ETF,INVESCO EXCHANGE TRADED FD TR DORS WRI MOM ETF,American,cboe_cone,true,PDP,Invesco Dorsey Wright Momentum ETF,PROVIDER_QUERY_RETURNED_OPTION_ROOTS,PDP,286,2026-10-01T18:59:31.855Z,341e29783093ec9c16bff172b13359d6e26bf3f626da413bcb66ce1babe2ae5a
PEJ,CBOE_ETF,ETF,INVESCO EXCHANGE TRADED FD TR LEISU ENTMT ETF,American,cboe_cone|cboe_ctwo|cboe_exo|cboe_opt,true,PEJ,Invesco Leisure and Entertainment ETF,PROVIDER_QUERY_RETURNED_OPTION_ROOTS,PEJ,152,2026-10-01T18:59:36.482Z,0fd471d3c170665db4510f12d850a47c8a46ca8d1f6a6f9485f0b0e9ff05cfe6
PEX,CBOE_ETF,ETF,Proshares Global Listed Private Equity ETF,American,cboe_cone|cboe_ctwo|cboe_exo|cboe_opt,true,PEX,PROSHARES GLOBAL LISTED PRIVATE EQUITY ETF,PROVIDER_QUERY_RETURNED_OPTION_ROOTS,PEX,152,2026-10-01T18:59:41.971Z,7e01998a2e6f448e71f962290c4c0cecf3b53cb6a5dc2a4b3ab4e7b77726f380
PEY,CBOE_ETF,ETF,INVESCO EXCHANGE TRADED FD TR HIG YLD EQ DIV,American,cboe_cone,true,PEY,Invesco High Yield Equity Dividend Achievers ETF,PROVIDER_QUERY_RETURNED_OPTION_ROOTS,PEY,152,2026-10-01T18:59:42.471Z,1be2532719433cfb43530ae5a1faf0608989c9f36fac27767aa7d35f9fa85f32
PFF,CBOE_ETF,ETF,ISHARES TR PFD AND INCM SEC,American,cboe_cone|cboe_ctwo|cboe_exo|cboe_opt,true,PFF,iShares Trust iShares Pref and Income Sec ETF,PROVIDER_QUERY_RETURNED_OPTION_ROOTS,PFF,170,2026-10-01T18:59:44.488Z,1169c28b95ceb50813652b0878409253c0aa9d2acd41aec42d38d228c1e8af2e
PFFA,CBOE_ETF,ETF,ETFIS SER TR I VIRTUS INFRCAP,American,cboe_cone|cboe_ctwo|cboe_exo|cboe_opt,true,PFFA,Virtus Infracap U.S. Preferred Stock ETF,PROVIDER_QUERY_RETURNED_OPTION_ROOTS,PFFA,152,2026-10-01T18:59:45.018Z,92d496ac37479179398f99f6b3de884fa6aabc20f45787c2b5b641742dbca350
PFFD,CBOE_ETF,ETF,GLOBAL X FDS US PFD ETF,American,cboe_cone|cboe_ctwo|cboe_exo|cboe_opt,true,PFFD,GLOBAL X U.S. PREFERRED ETF,PROVIDER_QUERY_RETURNED_OPTION_ROOTS,PFFD,152,2026-10-01T18:59:45.542Z,38961dd6dca8bfb59dba5ee583287574d54ede9ee9809f620295af27c406bec6
PFFV,CBOE_ETF,ETF,GLOBAL X FDS RATE PREFERRED,American,cboe_cone|cboe_ctwo|cboe_exo|cboe_opt,true,PFFV,GLOBAL X VARIABLE RATE PREFERRED ETF,PROVIDER_QUERY_RETURNED_OPTION_ROOTS,PFFV,152,2026-10-01T18:59:46.154Z,b1bf6198ea1e7607bbc051db6223cf2407838fbe63b29872d443263845cae599
PFIX,CBOE_ETF,ETF,SIMPLIFY EXCHANGE TRADED FUNDS SIMPLIFY INTERST,American,cboe_cone|cboe_ctwo|cboe_exo|cboe_opt,true,PFIX,SIMPLIFY INTEREST RATE HEDGE ETF,PROVIDER_QUERY_RETURNED_OPTION_ROOTS,PFIX,218,2026-10-01T18:59:48.107Z,59d9dec162b348995d7011322c5ca9005129db2d80e9863977306f92905e0384
PFXF,CBOE_ETF,ETF,VANECK ETF TRUST PREFERRED SECURT,American,cboe_cone|cboe_ctwo|cboe_exo|cboe_opt,true,PFXF,VANECK PREFERRED SECURITIES EX FINANCIALS ETF,PROVIDER_QUERY_RETURNED_OPTION_ROOTS,PFXF,152,2026-10-01T18:59:50.823Z,cba9871ecbad632056c9dc5bd61926c8d5415b2b507b19bc947798815dc40cd9
PGF,CBOE_ETF,ETF,INVESCO EXCHANGE TRADED FD TR FINL PFD ETF,American,cboe_cone|cboe_exo|cboe_opt,true,PGF,Invesco Financial Preferred ETF,PROVIDER_QUERY_RETURNED_OPTION_ROOTS,PGF,168,2026-10-01T18:59:52.828Z,c3410363d9c8e5a7b8fd1409ad55534bf7e63f90a061e8c5be7ffb496f2b39ee
PGJ,CBOE_ETF,ETF,INVESCO EXCHANGE TRADED FD TR GLOBAL DRGN CN,American,cboe_cone|cboe_ctwo|cboe_exo|cboe_opt,true,PGJ,Invesco Golden Dragon China ETF,PROVIDER_QUERY_RETURNED_OPTION_ROOTS,PGJ,172,2026-10-01T18:59:53.249Z,a1bfbe20b473413d60d0b0170eaf3bfba34f80e5f0fd2eb3197a649c818a517b
PGX,CBOE_ETF,ETF,INVESCO EXCHANGE-TRADED FD TR PFD ETF,American,cboe_cone,true,PGX,Invesco Preferred ETF,PROVIDER_QUERY_RETURNED_OPTION_ROOTS,PGX,152,2026-10-01T18:59:54.773Z,03ce0610b03f75ff7ef84c522b52c9a0501686b9bb545fdde7962c7a1a6b1f2c
PHO,CBOE_ETF,ETF,INVESCO EXCHANGE TRADED FD TR WATER RES ETF,American,cboe_cone|cboe_ctwo|cboe_exo|cboe_opt,true,PHO,Invesco Water Resources ETF,PROVIDER_QUERY_RETURNED_OPTION_ROOTS,PHO,188,2026-10-01T18:59:58.374Z,13b1ce82774cb3dddc4574dfdea73437cfbd8660e24d487305d75353a8cf14ea
PICK,CBOE_ETF,ETF,iShares MSCI Global Metals & Mining Producers ETF,American,cboe_cone|cboe_ctwo|cboe_exo|cboe_opt,false,PICK,iShares MSCI Global Select Metals & Mining Produce,PROVIDER_QUERY_RETURNED_OPTION_ROOTS,PICK,232,2026-10-01T19:00:02.140Z,c251492fbc59afc50bc3928924ac57dd629f7d1bee90c3f1eb652548fc289f58
PID,CBOE_ETF,ETF,INVESCO EXCHANGE TRADED FD TR INTL DIVI ACHI,American,cboe_cone,true,PID,Invesco International Dividend Achievers ETF,PROVIDER_QUERY_RETURNED_OPTION_ROOTS,PID,152,2026-10-01T19:00:02.843Z,a65e4b236e8a4fdd6dc2e6d88744b68b527f336b37ce68d1ae22bcd57e0ced33
PIE,CBOE_ETF,ETF,INVESCO EXCHANGE-TRADED FD TR DORSEY WRGT EMRG,American,cboe_cone,true,PIE,Invesco Dorsey WrightEmerging Markets Momentum ETF,PROVIDER_QUERY_RETURNED_OPTION_ROOTS,PIE,156,2026-10-01T19:00:03.217Z,21d6c97ef02f7b90111c71770268c761d2109abb0a2d3f1b4ce744bf077907a3
PIT,CBOE_ETF,ETF,VanEck Commodity Strategy ETF,American,cboe_cone|cboe_ctwo|cboe_exo|cboe_opt,true,PIT,VANECK COMMODITY STRATEGY ETF,PROVIDER_QUERY_RETURNED_OPTION_ROOTS,PIT,192,2026-10-01T19:00:07.759Z,8ee71ba65f39d4a1733351b1410a11720e4e2346f87dd38342c4c3b2a67a0c8c
PIZ,CBOE_ETF,ETF,INVESCO EXCHANGE-TRADED FD TR DORSEY WRGT DVLP,American,cboe_cone,false,PIZ,Invesco Dorsey WrightDeveloped Markets MomentumETF,PROVIDER_QUERY_RETURNED_OPTION_ROOTS,PIZ,152,2026-10-01T19:00:08.245Z,8b80770e2c69c6c5a33492674c99eaf58b33f674e56c7d6b2f9119dddc152aea
PJP,CBOE_ETF,ETF,INVESCO EXCHANGE TRADED FD TR PHARMACEUTICALS,American,cboe_cone,true,PJP,Invesco Pharmaceuticals ETF,PROVIDER_QUERY_RETURNED_OPTION_ROOTS,PJP,246,2026-10-01T19:00:08.648Z,d4e81dfca436c97528dab777df5b5fdf64699d5e025c77268a0ca7beaa1b4d56
PKW,CBOE_ETF,ETF,INVESCO EXCHANGE TRADED FD TR BUYBACK ACHIEV,American,cboe_cone,true,PKW,Invesco BuyBack Achievers ETF,PROVIDER_QUERY_RETURNED_OPTION_ROOTS,PKW,250,2026-10-01T19:00:14.852Z,baabee28aae7a3486d67d1690bd15fa1f5c682983776727136e5033c12236f0a
PLTD,CBOE_ETF,ETF,DIREXION SHARES ETF TRUST DAILY PLTR BR1X,American,cboe_cone|cboe_ctwo|cboe_exo|cboe_opt,false,PLTD,DIREXION DAILY PLTR BEAR 1X SHARES,PROVIDER_QUERY_RETURNED_OPTION_ROOTS,PLTD,110,2026-10-01T19:00:21.968Z,59f096cbed52074eb87212dab84b4a5298e7619958b73deffae5f644220ac996
PLTG,CBOE_ETF,ETF,THEMES ETF TR LEVERAGE SHS 2X,American,cboe_cone|cboe_ctwo|cboe_exo|cboe_opt,true,PLTG,LEVERAGE SHARES 2X LONG PLTR DAILY ETF,PROVIDER_QUERY_RETURNED_OPTION_ROOTS,PLTG,184,2026-10-01T19:00:22.338Z,fa88fc5ea47b8202d507954514d0c756a36b6c40d675f6cfa467f6124adb62bc
PLTU,CBOE_ETF,ETF,DIREXION SHARES ETF TRUST DLY PLTR BULL 2X,American,cboe_cone|cboe_ctwo|cboe_exo|cboe_opt,false,PLTU,DIREXION DAILY PLTR BULL 2X SHARES,PROVIDER_QUERY_RETURNED_OPTION_ROOTS,PLTU,552,2026-10-01T19:00:24.136Z,09216c7a6e33c6fca2efdc7bdcb6289e2066e851fdb47b50e1a03c463d84075c
PLTW,CBOE_ETF,ETF,Roundhill PLTR WeeklyPay ETF,American,cboe_cone|cboe_ctwo|cboe_exo|cboe_opt,true,PLTW,ROUNDHILL PLTR WEEKLYPAY ETF,PROVIDER_QUERY_RETURNED_OPTION_ROOTS,PLTW,178,2026-10-01T19:00:24.877Z,95ebeaadb04c948fef8038c61ba1b9e7a2b3e07e55de2b135df252f61ff7ab45
PLTY,CBOE_ETF,ETF,TIDAL TRUST II YIELD PLTR ETF,American,cboe_cone|cboe_ctwo|cboe_exo|cboe_opt,true,PLTY,YIELDMAX PLTR OPTION INCOME STRATEGY ETF,PROVIDER_QUERY_RETURNED_OPTION_ROOTS,PLTY,464,2026-10-01T19:00:25.093Z,cbbb013440fb7c16088aff684231535fde3b0f942b5ab1edf6b2ebaf58af4c23
PLTZ,CBOE_ETF,ETF,TIDAL TRUST II DEFIANCE DAILY,American,cboe_cone|cboe_ctwo|cboe_exo|cboe_opt,true,PLTZ,DEFIANCE DAILY TARGET 2X SHORT PLTR ETF,PROVIDER_QUERY_RETURNED_OPTION_ROOTS,PLTZ,144,2026-10-01T19:00:25.594Z,bcdddfbdc5ac5b484d7f07f7a32ad37a4bb317c9c84b7028e797bb3c9ab5f664
PNQI,CBOE_ETF,ETF,INVESCO EXCHANGE TRADED FD TR NASDAQ INTERNT,American,cboe_cone,true,PNQI,Invesco Nasdaq Internet ETF,PROVIDER_QUERY_RETURNED_OPTION_ROOTS,PNQI,152,2026-10-01T19:00:32.672Z,3a649dcf84872a58714bfd7c49e16f18b3a52eba0720493366442f5a986ed96f
POEL,CBOE_ETF,ETF,Defiance Daily Target 2X Long POET ETF,American,cboe_cone|cboe_ctwo|cboe_exo|cboe_opt,true,POEL,DEFIANCE DAILY TARGET 2X LONG POET ETF,PROVIDER_QUERY_RETURNED_OPTION_ROOTS,POEL,238,2026-10-01T19:00:35.130Z,04a3e776d79ef6a2c45a3182a09d45af4ff37faf6707039ab4b31e596e14caec
PONX,CBOE_ETF,ETF,Tradr 2X Long PONY Daily ETF,American,cboe_cone|cboe_ctwo|cboe_exo|cboe_opt,true,PONX|PONX1,TRADR 2X LONG PONY DAILY ETF|TRADR 2X LONG PONY DAILY ETF(1:5),PROVIDER_QUERY_RETURNED_OPTION_ROOTS,PONX|PONX1,244,2026-10-01T19:00:36.135Z,58be537318e368ab1025142a2dab03de1413777264899d59849da5da06283631
POWR,CBOE_ETF,ETF,ISHARES INC US PWR INFRA ETF,American,cboe_cone|cboe_ctwo|cboe_exo|cboe_opt,true,POWR,iShares U.S. Power Infrastructure ETF,PROVIDER_QUERY_RETURNED_OPTION_ROOTS,POWR,152,2026-10-01T19:00:40.796Z,87496ffc0ff60b1d51c3b4dd9b2af208867a9908155ab194759fbec76d58a978
PPA,CBOE_ETF,ETF,INVESCO EXCHANGE TRADED FD TR AEROSPACE DEFN,American,cboe_cone|cboe_ctwo|cboe_exo|cboe_opt,true,PPA,INVESCO AEROSPACE & DEFENSE ETF,PROVIDER_QUERY_RETURNED_OPTION_ROOTS,PPA,308,2026-10-01T19:00:41.967Z,111df481b49c9dcdf25ef05b12525f2ec97a82bd11252ed185e853db44713c26
PPH,CBOE_ETF,ETF,VANECK ETF TRUST PHARMACEUTCL ETF,American,cboe_cone|cboe_ctwo|cboe_exo|cboe_opt,true,PPH,VanEck Pharmaceutical ETF,PROVIDER_QUERY_RETURNED_OPTION_ROOTS,PPH,278,2026-10-01T19:00:43.805Z,7a492dfe490113021d828183b476dc88ced060c5c1adbd5a096862f7f1cbf6cc
PPI,CBOE_ETF,ETF,INVESTMENT MANAGERS SER TR II ASTORIA REAL,American,cboe_cone|cboe_ctwo|cboe_exo|cboe_opt,true,PPI,Invstmnt Mngrs Srs Trst II Astoria Real Assets ETF,PROVIDER_QUERY_RETURNED_OPTION_ROOTS,PPI,152,2026-10-01T19:00:44.321Z,a29ad23944a7a49831a371d71e2665708688bad21fa7597a5664138d550ec666
PPLT,CBOE_ETF,ETF,ABRDN PLATINUM ETF TRUST PHYSCL PLATM SHS,American,cboe_cone|cboe_ctwo|cboe_exo|cboe_opt,true,PPLT,ABRDN PHYSICAL PLATINUM SHARES ETF,PROVIDER_QUERY_RETURNED_OPTION_ROOTS,PPLT,570,2026-10-01T19:00:46.369Z,c8700258f6bb82edd051f61f96c7111ff07e5e4945ca05bb0d9d3f5066b9c9eb
PRF,CBOE_ETF,ETF,INVESCO EXCHANGE TRADED FD TR RAFI US 1000 ETF,American,cboe_cone|cboe_ctwo|cboe_exo|cboe_opt,true,PRF,Invesco RAFI US 1000 ETF,PROVIDER_QUERY_RETURNED_OPTION_ROOTS,PRF,154,2026-10-01T19:00:51.602Z,c27a680f2dcc94e05de0c7aa1545096d3607a6dbbd5a13b5dac36fd9d87cb215
PRFZ,CBOE_ETF,ETF,INVESCO EXCHANGE TRADED FD TR RAFI US 1500,American,cboe_cone,true,PRFZ,Invesco RAFI US 1500 Small-Mid ETF,PROVIDER_QUERY_RETURNED_OPTION_ROOTS,PRFZ,156,2026-10-01T19:00:52.130Z,fb14a4c297528df52d36673287b513a441607fcef432f0eff3d60556600b873d
PRNT,CBOE_ETF,ETF,The 3D Printing ETF,American,cboe_cone|cboe_ctwo|cboe_exo|cboe_opt,true,PRNT,3D PRINTING ETF,PROVIDER_QUERY_RETURNED_OPTION_ROOTS,PRNT,152,2026-10-01T19:00:59.167Z,9f88ef7dda16fb6f86cc1ec37d5424bf9cc456135f4125e0ade481258d9fdc52
PSCE,CBOE_ETF,ETF,INVESCO EXCHANGE-TRADED FD TR S&P SM EN ET NEW,American,cboe_cone|cboe_ctwo|cboe_exo|cboe_opt,true,PSCE,INVESCO S&P SMALLCAP ENERGY ETF,PROVIDER_QUERY_RETURNED_OPTION_ROOTS,PSCE,194,2026-10-01T19:01:07.376Z,6c78483a8604769fbd391d21a4f18f63517f0c96cb08d85f71dd3e912555f468
PSCH,CBOE_ETF,ETF,INVESCO EXCHANGE-TRADED FD TR S&P SMLCP HELT,American,cboe_cone,true,PSCH,Invesco S&P SmallCap Health Care ETF,PROVIDER_QUERY_RETURNED_OPTION_ROOTS,PSCH,172,2026-10-01T19:01:08.327Z,9449364fd7e32634670ad1deef4d1835636f666d6b5a39bf33ffe2714233e3ea
PSI,CBOE_ETF,ETF,INVESCO EXCHANGE TRADED FD TR SEMICONDUCTORS,American,cboe_cone|cboe_ctwo|cboe_exo|cboe_opt,true,PSI,Invesco Semiconductors ETF,PROVIDER_QUERY_RETURNED_OPTION_ROOTS,PSI,398,2026-10-01T19:01:11.289Z,6816901a389688a40c7b73a98a954d10915a76e2e4de6c9a8e287f1d0badf539
PSK,CBOE_ETF,ETF,SPDR SERIES TRUST ST STR PFD ETF,American,cboe_cone|cboe_ctwo|cboe_exo|cboe_opt,true,PSK,State Street SPDR ICE Preferred Securities ETF,PROVIDER_QUERY_RETURNED_OPTION_ROOTS,PSK,152,2026-10-01T19:01:12.770Z,a044e0c55d434728adde5d9b4ce4cc8c7f8dc9fc3b26eb1a856241e860a3f7a6
PSP,CBOE_ETF,ETF,INVESCO EXCHANGE TRADED FD TR GBL LISTED PVT,American,cboe_cone,true,PSP,Invesco Global Listed Private Equity ETF,PROVIDER_QUERY_RETURNED_OPTION_ROOTS,PSP,160,2026-10-01T19:01:17.025Z,f28df8dc4eb72e5468513efaf859a3ac5ca38dc1081faec337eef5c9f45b2bf0
PSQ,CBOE_ETF,ETF,PROSHARES TR SHORT QQQ,American,cboe_cone|cboe_ctwo|cboe_exo|cboe_opt,false,PSQ,ProShares Short QQQ,PROVIDER_QUERY_RETURNED_OPTION_ROOTS,PSQ,168,2026-10-01T19:01:17.474Z,550614ee7f0915136fc54932dcbd3f4f1d6c399173ac7b5f3c8e3078c8eb28f2
PST,CBOE_ETF,ETF,PROSHARES TR PSHS ULSHT 7-10Y,American,cboe_cone|cboe_exo|cboe_opt,false,PST,ProShares UltraShort Lehman 7-10 Year Treasury,PROVIDER_QUERY_RETURNED_OPTION_ROOTS,PST,160,2026-10-01T19:01:18.984Z,5edbec5c369fd905b02332a806639c2b11c5eb7d1bfc12817e63fae2d7fe986a
PTBD,CBOE_ETF,ETF,PACER FDS TR TRENDPILOT US BD,American,cboe_cone|cboe_ctwo|cboe_exo|cboe_opt,true,PTBD,PACER TRENDPILOT US BOND ETF,PROVIDER_QUERY_RETURNED_OPTION_ROOTS,PTBD,152,2026-10-01T19:01:20.982Z,bcf309cc77bfd0e87531ad0aada10fc311c1bbaa1199f8a3421b5710a911cada
PTF,CBOE_ETF,ETF,INVESCO EXCHANGE TRADED FD TR DORSEY WRGT TECH,American,cboe_cone|cboe_ctwo|cboe_exo|cboe_opt,true,PTF,Invesco Dorsey Wright Technology Momentum ETF,PROVIDER_QUERY_RETURNED_OPTION_ROOTS,PTF,374,2026-10-01T19:01:23.539Z,4e41a3c4337496a5c57b46ba422b352ccb94ba582955b597d42deae5bae5413b
PTIN,CBOE_ETF,ETF,PACER FDS TR TRENDPILOT INTL,American,cboe_cone|cboe_ctwo|cboe_exo|cboe_opt,true,PTIN,PACER TRENDPILOT INTERNATIONAL ETF,PROVIDER_QUERY_RETURNED_OPTION_ROOTS,PTIN,152,2026-10-01T19:01:24.964Z,8696e9ee1d1eafc206fcdd0a37e68db68957b3bc42a38e5ebf1ededde644c33d
PTIR,CBOE_ETF,ETF,GRANITESHARES ETF TR 2X LONG PLTR,American,cboe_cone|cboe_ctwo|cboe_exo|cboe_opt,true,PTIR,GRANITESHARES 2X LONG PLTR DAILY ETF,PROVIDER_QUERY_RETURNED_OPTION_ROOTS,PTIR,414,2026-10-01T19:01:25.640Z,0a1939621ed4dcfe398acc3249aed74b5d9f90de77bd64bb1d125d4e056d950d
PTLC,CBOE_ETF,ETF,Pacer Trendpilot US Large Cap ETF,American,cboe_cone|cboe_ctwo|cboe_exo|cboe_opt,true,PTLC,PACER TRENDPILOT US LARGE CAP ETF,PROVIDER_QUERY_RETURNED_OPTION_ROOTS,PTLC,154,2026-10-01T19:01:26.004Z,8da3b6c687bb5e85ff2079493abcb9974357318d88c3fa4944168722de071efa
PTNQ,CBOE_ETF,ETF,PACER FDS TR TRENDPILOT 100,American,cboe_cone|cboe_ctwo|cboe_exo|cboe_opt,true,PTNQ,PACER NASDAQ-100 TRENDPILOT ETF,PROVIDER_QUERY_RETURNED_OPTION_ROOTS,PTNQ,166,2026-10-01T19:01:27.004Z,9950571569ffe006e9a907dbf40ee051cc35b0f3b7e99ca69eb20787010ff477
PTNT,CBOE_ETF,ETF,Corgi IP Licensing & Royalties ETF,American,cboe_cone|cboe_ctwo|cboe_exo|cboe_opt,true,PTNT,CORGI IP LICENSING AND ROYALTIES ETF,PROVIDER_QUERY_RETURNED_OPTION_ROOTS,PTNT,144,2026-10-01T19:01:27.509Z,a944755b18b5505d664f70688a31b4438cb3ed4493505173c4dc70f4c4b00e61
PWRD,CBOE_ETF,ETF,TCW ETF TRUST TRANS SYSTE ETF,American,cboe_cone|cboe_ctwo|cboe_exo|cboe_opt,true,PWRD,TCW Transform Systems ETF,PROVIDER_QUERY_RETURNED_OPTION_ROOTS,PWRD,260,2026-10-01T19:01:36.164Z,6fa068e8416b33e11d71856ef87cdb8f3e22df4911533c8ef7bc3ad5447019db
PWZ,CBOE_ETF,ETF,INVESCO EXCHANGE-TRADED FD TR CALIF AMT MUN,American,cboe_cone|cboe_ctwo|cboe_exo|cboe_opt,true,PWZ,INVESCO CALIFORNIA AMT-FREE MUNICIPAL BOND ETF,PROVIDER_QUERY_RETURNED_OPTION_ROOTS,PWZ,152,2026-10-01T19:01:37.040Z,15988e145b49bd76772d34c457036f6e6f826a7e7cf7dea64a551e8e07781b4e
PXE,CBOE_ETF,ETF,INVESCO EXCHANGE TRADED FD TR ENERG EXPL ETF,American,cboe_cone|cboe_ctwo|cboe_exo|cboe_opt,true,PXE,Invesco Energy Exploration & Production ETF,PROVIDER_QUERY_RETURNED_OPTION_ROOTS,PXE,162,2026-10-01T19:01:37.867Z,b6f8328091438ea44cd617bb7216afef507cef17a977ea406b03847ce850e1e1
PXH,CBOE_ETF,ETF,INVESCO EXCHANGE-TRADED FD TR RAFI EMRGNG MRKT,American,cboe_cone,true,PXH,Invesco RAFI Emerging Markets ETF,PROVIDER_QUERY_RETURNED_OPTION_ROOTS,PXH,152,2026-10-01T19:01:38.800Z,c11b80e1a5ab19ff6a590895d95e8814792cc1f25004f48df1de780e2c9cabd8
PXJ,CBOE_ETF,ETF,INVESCO EXCHANGE TRADED FD TR OIL GAS SVC ETF,American,cboe_cone,true,PXJ,Invesco Oil & Gas Services ETF,PROVIDER_QUERY_RETURNED_OPTION_ROOTS,PXJ,168,2026-10-01T19:01:39.906Z,9ca5dd348f08ce48bcdb7fed79bc31a93fbef21a3a39a2dd779880923e3126e0
PYPG,CBOE_ETF,ETF,THEMES ETF TR LEVERAGE SHS 2X,American,cboe_cone|cboe_ctwo|cboe_exo|cboe_opt,true,PYPG,THEMES ETF TRUST LEVERAGE SHARES 2X LONG PYPL DAIL,PROVIDER_QUERY_RETURNED_OPTION_ROOTS,PYPG,126,2026-10-01T19:01:40.893Z,f0f80578fdc50625ab9fcc4660f25b8d1be4baa4015df17ba3fe6443f3140c2b
QABA,CBOE_ETF,ETF,FIRST TR EXCHANGE-TRADED FD UT COM SHS ETF,American,cboe_cone,false,QABA,Community Bank Index Fund,PROVIDER_QUERY_RETURNED_OPTION_ROOTS,QABA,164,2026-10-01T19:01:46.144Z,d0f9566eb684e4745fe52dd941ceb7c2323deaf4322eefd6d6da8901861e0991
QAI,CBOE_ETF,ETF,NYLIM ETF TR HEDGE MULTI STRA,American,cboe_cone|cboe_ctwo|cboe_exo|cboe_opt,true,QAI,NYLIM Hedge Multi-Strategy Tracker ETF,PROVIDER_QUERY_RETURNED_OPTION_ROOTS,QAI,152,2026-10-01T19:01:46.665Z,ce07052ab17f52a1c7b67f98138bf81596cd6302cb369dacac3df2f22827083e
QBTX,CBOE_ETF,ETF,Tradr 2X Long QBTS Daily ETF,American,cboe_cone|cboe_ctwo|cboe_exo|cboe_opt,true,QBTX|QBTX1,TRADR 2X LONG QBTS DAILY ETF|TRADR 2X LONG QBTS DAILY ETF(1:4),PROVIDER_QUERY_RETURNED_OPTION_ROOTS,QBTX|QBTX1,306,2026-10-01T19:01:48.228Z,d89747d28c838eb58181f8cae77aa7d40d92bc539bcb72955c3c43c6b8090e63
QBTZ,CBOE_ETF,ETF,TIDAL TRUST II DEFI DA QBTS ETF,American,cboe_cone|cboe_ctwo|cboe_exo|cboe_opt,true,QBTZ|QBTZ1|QBTZ2,DEFIANCE DAILY TARGET 2X SHORT QBTS ETF|DEFIANCE DAILY TARGET 2X SHORT QBTS (1:3)|DEFIANCE DAILY TARGET 2X SHORT QBTS ETF (1:5 rev),PROVIDER_QUERY_RETURNED_OPTION_ROOTS,QBTZ|QBTZ2,326,2026-10-01T19:01:48.605Z,33fc1140d1fa6529e88a020180e93ca358598e5c2d49d387ae1374cc3920f1dc
QCLN,CBOE_ETF,ETF,FIRST TR EXCHANGE-TRADED FD NAS CLNEDG GREEN,American,cboe_cone|cboe_ctwo|cboe_exo|cboe_opt,false,QCLN,FIRST TRUST NASDAQ CLEAN EDGE GREEN,PROVIDER_QUERY_RETURNED_OPTION_ROOTS,QCLN,178,2026-10-01T19:01:49.009Z,6c850033bd2657aa2c3d6aa2864f4c9ec8f1eaea499af32293a51af9ccaf567b
QCML,CBOE_ETF,ETF,GRANITESHARES ETF TR 2X LONG QCOM ETF,American,cboe_cone|cboe_ctwo|cboe_exo|cboe_opt,true,QCML,GRANITESHARES 2X LONG QCOM DAILY ETF,PROVIDER_QUERY_RETURNED_OPTION_ROOTS,QCML,316,2026-10-01T19:01:49.537Z,790fb914c1371118b56f23e869b224b088a6757f7010f7ee543b2a10811f996e
QDEF,CBOE_ETF,ETF,FLEXSHARES TR NRTRN TR QLTY DV,American,cboe_cone|cboe_ctwo|cboe_exo|cboe_opt,true,QDEF,Northern Trust Quality Dividend Defensive ETF,PROVIDER_QUERY_RETURNED_OPTION_ROOTS,QDEF,156,2026-10-01T19:01:51.097Z,a809984f09cfd29de6425be382d754305fa728ee7020c1fcc287a0cf88226c84
QDIV,CBOE_ETF,ETF,GLOBAL X FDS S&P 500 QLT ETF,American,cboe_cone|cboe_ctwo|cboe_exo|cboe_opt,true,QDIV,GLOBAL X S&P 500 QUALITY DIVIDEND ETF,PROVIDER_QUERY_RETURNED_OPTION_ROOTS,QDIV,168,2026-10-01T19:01:52.717Z,5c25272d5329512c7fb36fcd94618496589995dd4336071a5be19296981a6c1c
QDPL,CBOE_ETF,ETF,PACER FDS TR METAURUS CAP 400,American,cboe_cone|cboe_ctwo|cboe_exo|cboe_opt,true,QDPL,PACER METAURUS US LARGE CAP DIVIDEND MULTI 400 ETF,PROVIDER_QUERY_RETURNED_OPTION_ROOTS,QDPL,152,2026-10-01T19:01:53.160Z,b967c63ac0c2bc484393cee6ac57c1cd537444df91e6f1b09462dc6467396043
QDTE,CBOE_ETF,ETF,Roundhill Nasdaq-100 0DTE Covered Call ETF Strategy ETF,American,cboe_cone|cboe_ctwo|cboe_exo|cboe_opt,true,QDTE,Roundhill Nasdaq-100 0DTE Cvrd Call ETF StrtgyETF,PROVIDER_QUERY_RETURNED_OPTION_ROOTS,QDTE,168,2026-10-01T19:01:53.569Z,065637b7ffd5559d9dc6b4dbeaa009de2ef9899f883e8cae00a8464b001e31e5
QETH,CBOE_ETF,ETF,Invesco Galaxy Ethereum ETF,American,cboe_cone|cboe_ctwo|cboe_exo|cboe_opt,true,QETH,INVESCO GALAXY ETHEREUM ETF,PROVIDER_QUERY_RETURNED_OPTION_ROOTS,QETH,158,2026-10-01T19:01:57.169Z,5b3e698c3c59e4c9dfc9b303e356e638b1a414647c598c4915d681b96d1fc13f
QGRO,CBOE_ETF,ETF,AMERICAN CENTY ETF TR US QUALITY GROW,American,cboe_cone|cboe_ctwo|cboe_exo|cboe_opt,true,QGRO,AMERICAN CENTURY STOXX U.S. QUALITY GROWTH ETF,PROVIDER_QUERY_RETURNED_OPTION_ROOTS,QGRO,196,2026-10-01T19:01:58.857Z,91dca3827992665b03237bcb015d27c7e398d6649a55e65db0c429c336612d65
QGRW,CBOE_ETF,ETF,WISDOMTREE TR US QUALITY GROW,American,cboe_cone|cboe_ctwo|cboe_exo|cboe_opt,false,QGRW,WISDOMTREE U.S. QUALITY GROWTH FUND,PROVIDER_QUERY_RETURNED_OPTION_ROOTS,QGRW,202,2026-10-01T19:01:59.335Z,02688c618210d1383a68963e47d4bdd557e300bf0a427de21bccd72e5606db62
QID,CBOE_ETF,ETF,PROSHARES TR ULTRASHORT QQQ,American,cboe_cone|cboe_ctwo|cboe_exo|cboe_opt,false,QID,ProShares UltraShort QQQ,PROVIDER_QUERY_RETURNED_OPTION_ROOTS,QID,334,2026-10-01T19:01:59.868Z,db0cc015561939463d0630ec130d346212c9bc802134e8a58f0db26dc5622eda
QLD,CBOE_ETF,ETF,PROSHARES TR PSHS ULTRA QQQ,American,cboe_cone|cboe_ctwo|cboe_exo|cboe_opt,false,QLD,ProShares Ultra QQQ,PROVIDER_QUERY_RETURNED_OPTION_ROOTS,QLD,690,2026-10-01T19:02:00.579Z,1abd1b2aefbb6e9f0ba96366b1aa8ecf485f82a2ca1d0e1e16e33bf48176c78a
QMOM,CBOE_ETF,ETF,EA SERIES TRUST US QUAN MOMENTUM,American,cboe_cone|cboe_ctwo|cboe_exo|cboe_opt,true,QMOM,MOMENTUMSHARES US QUANTITATIVE MOMEMENTUM ETF,PROVIDER_QUERY_RETURNED_OPTION_ROOTS,QMOM,208,2026-10-01T19:02:02.449Z,bc880725cc86bbe882c923533f577a14f2239c69e77609fe9abd603673c76761
QNTU,CBOE_ETF,ETF,Tradr 2X Long QNT Daily ETF,American,cboe_cone|cboe_ctwo|cboe_exo|cboe_opt,true,QNTU,TRADR 2X LONG QNT DAILY ETF,PROVIDER_QUERY_RETURNED_OPTION_ROOTS,QNTU,158,2026-10-01T19:02:05.084Z,6b369f264936aa4a8449aa58bb0a672f467a738c5df96aaa1afab93fb64a2677
QNXT,CBOE_ETF,ETF,ISHARES TR NASDAQ-100 EX,American,cboe_cone|cboe_ctwo|cboe_exo|cboe_opt,true,QNXT,ISHARES NASDAQ-100 EX TOP 30 ETF,PROVIDER_QUERY_RETURNED_OPTION_ROOTS,QNXT,168,2026-10-01T19:02:05.561Z,4fb8e197e9624097108285eb2504becf0a04a2f3027630d956d2609b8d88c240
QPUX,CBOE_ETF,ETF,TIDAL TRUST II DEFI 2X QUAN ETF,American,cboe_cone|cboe_ctwo|cboe_exo|cboe_opt,true,QPUX|QPUX1,DEFIANCE 2X DAILY LONG PURE QUANTUM ETF|DEFIANCE 2X DAILY LONG PURE QUANTUM (1:3),PROVIDER_QUERY_RETURNED_OPTION_ROOTS,QPUX|QPUX1,298,2026-10-01T19:02:06.085Z,22175e980bf770e403f45900d0e6ad0036c661d6051674ce44dbebadcf75e677
QPX,CBOE_ETF,ETF,ADVISORSHARES TR Q DYNAMIC GROWTH,American,cboe_cone|cboe_ctwo|cboe_exo|cboe_opt,true,QPX,ADVISORSHARES Q DYNAMIC GROWTH ETF,PROVIDER_QUERY_RETURNED_OPTION_ROOTS,QPX,154,2026-10-01T19:02:06.592Z,a85a6aead54b81ca6984841e6e891a112d5909bb89efbb21383be6141d3ffe70
QQEW,CBOE_ETF,ETF,FIRST TR EXCHANGE-TRADED FD NASDAQ-100 SEL,American,cboe_cone,true,QQEW,First Trust Nasdaq-100 Select Equal Weight ETF,PROVIDER_QUERY_RETURNED_OPTION_ROOTS,QQEW,336,2026-10-01T19:02:07.118Z,5ba16da555bf064b4a5ef27808ea9dca8239c46f5711a05ae617a5c2c05dd66b
QQQ,CBOE_ETF,ETF,INVESCO QQQ TR UNIT SER 1,American,cboe_cone|cboe_ctwo|cboe_exo|cboe_opt,false,QQQ,Invesco QQQ Trust Series 1,PROVIDER_QUERY_RETURNED_OPTION_ROOTS,QQQ,11268,2026-10-01T19:02:08.171Z,a315ea9ecdbd0555891872b254057cebfdc8852bfca78ed4c49c8003b1f3883f
QQQA,CBOE_ETF,ETF,PROSHARES TR NASDAQ100 DORSEY,American,cboe_cone|cboe_ctwo|cboe_exo|cboe_opt,true,QQQA,PROSHARES NASDAQ-100 DORSEY WRIGHT MOMENTUM ETF,PROVIDER_QUERY_RETURNED_OPTION_ROOTS,QQQA,194,2026-10-01T19:02:08.629Z,d5c85861617c2217411329a78063e2b24ffe4f9c1cde1b6fa9dd41dbfe9d73e4
QQQE,CBOE_ETF,ETF,DIREXION SHARES ETF TRUST NASDAQ 100 EQ WT,American,cboe_cone|cboe_ctwo|cboe_exo|cboe_opt,false,QQQE,Direxion NASDAQ-100 Equal Weighted Index Shares,PROVIDER_QUERY_RETURNED_OPTION_ROOTS,QQQE,300,2026-10-01T19:02:09.677Z,1dcc586df878883da0046bc73cfeca8227087f0b665123f409682639d9c9fbcf
QQQH,CBOE_ETF,ETF,NEOS ETF TRUST NASDAQ 100 HDGD,American,cboe_cone|cboe_ctwo|cboe_exo|cboe_opt,true,QQQH,NEOS Nasdaq-100 Hedged Equity Income ETF,PROVIDER_QUERY_RETURNED_OPTION_ROOTS,QQQH,152,2026-10-01T19:02:10.077Z,b2fe5a513458ba16619a90779e3d3d28067b9ac0b928a9fc9f2c1e7da2c5c627
QQQI,CBOE_ETF,ETF,NEOS ETF TRUST NASDAQ 100 HIGH,American,cboe_cone|cboe_ctwo|cboe_exo|cboe_opt,true,QQQI,NEOS NASDAQ 100 HIGH INCOME ETF,PROVIDER_QUERY_RETURNED_OPTION_ROOTS,QQQI,296,2026-10-01T19:02:10.560Z,9b2e9d2de9d88985dd018ef69b718286ce04b87137ef8888ad9b103d89bd9d0d
QQQJ,CBOE_ETF,ETF,INVESCO EXCHANGE-TRADED FD TR NASDAQNXTGEN100,American,cboe_cone|cboe_ctwo|cboe_exo|cboe_opt,true,QQQJ,INVESCO NASDAQ NEXT GEN 100 ETF,PROVIDER_QUERY_RETURNED_OPTION_ROOTS,QQQJ,170,2026-10-01T19:02:11.066Z,1360da9f4b4e62ef6b93cfdb51ae97b0f67a522ec37b74ad484852710ce974e8
QQQM,CBOE_ETF,ETF,INVESCO EXCHANGE-TRADED FD TR NASDAQ 100 ETF,American,cboe_cone|cboe_ctwo|cboe_exo|cboe_opt,true,QQQM,INVESCO NASDAQ 100 ETF,PROVIDER_QUERY_RETURNED_OPTION_ROOTS,QQQM,1292,2026-10-01T19:02:11.581Z,59dc7b875be472641ff95f69f5c5e052b17b4781a5f1b28da97ef35b461114b3
QQQP,CBOE_ETF,ETF,INVESTMENT MANAGERS SER TR II TRAD 2X 100 QUAR,American,cboe_cone|cboe_ctwo|cboe_exo|cboe_opt,true,QQQP,Tradr 2X Long Innovation 100 Quarterly ETF,PROVIDER_QUERY_RETURNED_OPTION_ROOTS,QQQP,490,2026-10-01T19:02:12.096Z,a8f0eace2b9e43e23f281e96e2dabb2e5a94075f61b95ab041bf81dde22d355e
QQQY,CBOE_ETF,ETF,TIDAL TRUST II DEFIANCE NASDAQ,American,cboe_cone|cboe_ctwo|cboe_exo|cboe_opt,true,QQQY,Tidal Trust II Defiance Nasdaq 100 Weekly Dist ETF,PROVIDER_QUERY_RETURNED_OPTION_ROOTS,QQQY,168,2026-10-01T19:02:13.072Z,088f8a446636947f12ff29ff47034503bb7fcf23287f948a164227db06f22f01
QRMI,CBOE_ETF,ETF,GLOBAL X FDS NASDAQ 100 RIS,American,cboe_cone|cboe_ctwo|cboe_exo|cboe_opt,true,QRMI,GLOBAL X NASDAQ 100 RISK MANAGED INCOME ETF,PROVIDER_QUERY_RETURNED_OPTION_ROOTS,QRMI,152,2026-10-01T19:02:14.578Z,6974d28f9b2f714e8a8d52bbbb24ab13d9135eed2b7a055f34fcda73bdf790e9
QTEC,CBOE_ETF,ETF,FIRST TR EXCHANGE-TRADED FD SHS,American,cboe_cone|cboe_ctwo|cboe_exo|cboe_opt,false,QTEC,First Trust NASDAQ-100 Technology Index Fund,PROVIDER_QUERY_RETURNED_OPTION_ROOTS,QTEC,448,2026-10-01T19:02:17.172Z,80d1f704c18a364d76e6c904307bc21fc198991f460180dfb8a4be1f86226c87
QTOP,CBOE_ETF,ETF,ISHARES TR NASDAQ TOP 30,American,cboe_cone|cboe_ctwo|cboe_exo|cboe_opt,true,QTOP,ISHARES NASDAQ TOP 30 STOCKS ETF,PROVIDER_QUERY_RETURNED_OPTION_ROOTS,QTOP,174,2026-10-01T19:02:17.597Z,69c9a689862e1d941a1490e479584eccbdf111142fc7bca44928f38c2323eb15
QTUM,CBOE_ETF,ETF,ETF SER SOLUTIONS DEFIA QUANT ETF,American,cboe_cone|cboe_ctwo|cboe_exo|cboe_opt,true,QTUM,DEFIANCE QUANTUM ETF,PROVIDER_QUERY_RETURNED_OPTION_ROOTS,QTUM,540,2026-10-01T19:02:19.536Z,8e3d40afa4c7d13cb36859a14df0b149c4f2c8d502b8fbffa5decb9a95c2fd07
QUAL,CBOE_ETF,ETF,iShares MSCI USA Quality Factor ETF,American,cboe_cone|cboe_ctwo|cboe_exo|cboe_opt,true,QUAL,iShares MSCI USA Quality Factor ETF,PROVIDER_QUERY_RETURNED_OPTION_ROOTS,QUAL,248,2026-10-01T19:02:20.690Z,e0763556e6f6a2e87525f3963b6bf1d2a0f21d884d01b86ea325d697b7eeaaf6
QUBX,CBOE_ETF,ETF,Tradr 2X Long QUBT Daily ETF,American,cboe_cone|cboe_ctwo|cboe_exo|cboe_opt,true,QUBX|QUBX1,TRADR 2X LONG QUBT DAILY ETF|TRADR 2X LONG QUBT DAILY ETF(1:4),PROVIDER_QUERY_RETURNED_OPTION_ROOTS,QUBX|QUBX1,278,2026-10-01T19:02:21.733Z,cec01c3731c67ee84845811c2a5ea5efa734356a62e313d5ef489c3908a5c045
QUS,CBOE_ETF,ETF,SPDR SERIES TRUST ST STR MSCI USAQ,American,cboe_cone|cboe_ctwo|cboe_exo|cboe_opt,true,QUS,State Street SPDR MSCI USA StrategicFactors ETF,PROVIDER_QUERY_RETURNED_OPTION_ROOTS,QUS,216,2026-10-01T19:02:23.137Z,9e4ab4dc23f393a5cc57dc05ed46cb82622d3fd97f9d3e94498b12e7d6776150
QVMT,CBOE_ETF,ETF,INVESCO EXCHANGE-TRADED FD TR S&P 500 CONC ETF,American,cboe_cone|cboe_ctwo|cboe_exo|cboe_opt,true,QVMT,Invesco S&P 500 Concentrated QVM ETF,PROVIDER_QUERY_RETURNED_OPTION_ROOTS,QVMT,156,2026-10-01T19:02:23.658Z,c2381455336a7f8839bf9f4c686bb949cbe8a57677391c881a5cf45097ff7178
QYLD,CBOE_ETF,ETF,GLOBAL X FDS NASDAQ 100 COVER,American,cboe_cone|cboe_ctwo|cboe_exo|cboe_opt,true,QYLD,GLOBAL X NASDAQ 100 COVERED CALL ETF,PROVIDER_QUERY_RETURNED_OPTION_ROOTS,QYLD,168,2026-10-01T19:02:25.138Z,8c30a238b4634984d0ba9f07f7e8a8aafd4bc22f65c4e0bd25d59e9400b8ae28
QYLG,CBOE_ETF,ETF,GLOBAL X FDS NASDQ 100 CVRDGW,American,cboe_cone|cboe_ctwo|cboe_exo|cboe_opt,true,QYLG,GLOBAL X NASDAQ 100 COVERED CALL & GROWTH ETF,PROVIDER_QUERY_RETURNED_OPTION_ROOTS,QYLG,170,2026-10-01T19:02:25.402Z,dbd497097f67dcf1a244f5999605195e2238bf001449d0ae341a3875fb2062a0
RAAX,CBOE_ETF,ETF,VANECK ETF TRUST REAL ASSETS ETF,American,cboe_cone|cboe_ctwo|cboe_exo|cboe_opt,true,RAAX,VanEck Real Assets ETF,PROVIDER_QUERY_RETURNED_OPTION_ROOTS,RAAX,152,2026-10-01T19:02:27.223Z,d391e92e1bbc2f1c1daeb0443030bbc6f9f1920642d2e02c132997f03f90b977
RAM,CBOE_ETF,ETF,Roundhill T-REX 2X Long DRAM Daily Target ETF,American,cboe_cone|cboe_ctwo|cboe_exo|cboe_opt,true,RAM,ROUNDHILL T-REX 2X LONG DRAM DAILY TARGET ETF,PROVIDER_QUERY_RETURNED_OPTION_ROOTS,RAM,342,2026-10-01T19:02:29.742Z,5c44cabbb852df94adaec625196b4b59b50d965dd008afb21cfce17429f3f22c
RAMZ,CBOE_ETF,ETF,T-REX 2X Inverse DRAM Daily Target ETF,American,cboe_cone|cboe_ctwo|cboe_exo|cboe_opt,true,RAMZ,T-REX 2X INVERSE DRAM DAILY TARGET ETF,PROVIDER_QUERY_RETURNED_OPTION_ROOTS,RAMZ,228,2026-10-01T19:02:31.239Z,31d06d7d816fb205a2c942d74c9de8cb89b814e723323d8ac13e0e05574cd563
RBLU,CBOE_ETF,ETF,T-REX 2X Long RBLX Daily Target ETF,American,cboe_cone|cboe_ctwo|cboe_exo|cboe_opt,true,RBLU,T-REX 2X LONG RBLX DAILY TARGET ETF,PROVIDER_QUERY_RETURNED_OPTION_ROOTS,RBLU,120,2026-10-01T19:02:36.753Z,d4c782ad21f16b4ce43f29232cfde760cec84616da96df3c2f3a7d766280a284
RBLY,CBOE_ETF,ETF,TIDAL TRUST II YIELD RBLX ETF,American,cboe_cone|cboe_ctwo|cboe_exo|cboe_opt,true,RBLY,RBLX OPTION INCOME STRATEGY ETF,PROVIDER_QUERY_RETURNED_OPTION_ROOTS,RBLY,156,2026-10-01T19:02:37.794Z,4b70908cdb0e90f0ffec69ca6fc0629eb8e92a1ded8fb3beeb30d6b2c2f3e73e
RDTE,CBOE_ETF,ETF,Roundhill Russell 2000 0DTE Covered Call Strategy ETF,American,cboe_cone|cboe_ctwo|cboe_exo|cboe_opt,false,RDTE,Roundhill Russell 2000 0DTE Covered Call StrtgyETF,PROVIDER_QUERY_RETURNED_OPTION_ROOTS,RDTE,152,2026-10-01T19:02:47.765Z,eb65a524380a53c8bf77756e7efbf13e9fc9080f0c058192580637cb47018dbe
RDTL,CBOE_ETF,ETF,GRANITESHARES ETF TR 2X LONG RDDT DA,American,cboe_cone|cboe_ctwo|cboe_exo|cboe_opt,true,RDTL,GRANITESHARES 2X LONG RDDT DAILY ETF,PROVIDER_QUERY_RETURNED_OPTION_ROOTS,RDTL,240,2026-10-01T19:02:48.270Z,9795ce345e85056ded50176f18f41ccbf1a78a1bad7c5e8247a9405c2585d9f1
RDVI,CBOE_ETF,ETF,FT Vest Rising Dividend Achievers Target Income ETF,American,cboe_cone|cboe_ctwo|cboe_exo|cboe_opt,false,RDVI,FT Vest Rising Dividend Achievers Target IncomeETF,PROVIDER_QUERY_RETURNED_OPTION_ROOTS,RDVI,152,2026-10-01T19:02:48.775Z,61c90caebf21aae321523a9b0eb7d92053b6ea9be7481ac9952fdf6f740e8d2f
RDWU,CBOE_ETF,ETF,T-REX 2X Long RDW Daily Target ETF,American,cboe_cone|cboe_ctwo|cboe_exo|cboe_opt,true,RDWU,T-REX 2 LONG RDW DAILY TARGET ETF,PROVIDER_QUERY_RETURNED_OPTION_ROOTS,RDWU,170,2026-10-01T19:02:51.288Z,64e19aab853b0a78164229f4660947ac43fabf6573e62f223a75a4313ec5c588
REET,CBOE_ETF,ETF,ISHARES TR GLOBAL REIT ETF,American,cboe_cone|cboe_ctwo|cboe_exo|cboe_opt,false,REET,ISHARES GLOBAL REIT,PROVIDER_QUERY_RETURNED_OPTION_ROOTS,REET,152,2026-10-01T19:02:54.298Z,5de1f29251b5080736e69ffd140ec27782d06bdb390cc127ecefe8e4766edfab
REGL,CBOE_ETF,ETF,ProShares S&P MidCap 400 Dividend Aristocrats ETF,American,cboe_cone|cboe_ctwo|cboe_exo|cboe_opt,true,REGL,Proshares S&P Midcap 400 Dividend Aristocrats ETF,PROVIDER_QUERY_RETURNED_OPTION_ROOTS,REGL,166,2026-10-01T19:02:56.866Z,a8d94ea770ea3fd005705e5d91e604d4274aaa569ce7d36bedde4d7e08a27d29
REK,CBOE_ETF,ETF,PROSHARES TR SHRT RL EST FD,American,cboe_cone|cboe_ctwo|cboe_exo|cboe_opt,false,REK,ProShares Short Real Estate,PROVIDER_QUERY_RETURNED_OPTION_ROOTS,REK,152,2026-10-01T19:02:58.439Z,b1c7650a5e0cdd248f24a3d3fb81ad53f2745df3c8a0d8b47acccc3bbb2c25b7
REM,CBOE_ETF,ETF,iShares Mortgage Real Estate ETF,American,cboe_cone|cboe_ctwo|cboe_exo|cboe_opt,true,REM,iShares Mortgage Real Estate ETF,PROVIDER_QUERY_RETURNED_OPTION_ROOTS,REM,166,2026-10-01T19:03:00.806Z,8389f918718c1dfea934a9dd77b391a485d719cabe743e1968d781cd81442c7f
REMX,CBOE_ETF,ETF,VANECK ETF TRUST RARE EAR STR ETF,American,cboe_cone|cboe_ctwo|cboe_exo|cboe_opt,true,REMX,VanEck Rare Earth and Strategic Metals ETF,PROVIDER_QUERY_RETURNED_OPTION_ROOTS,REMX,356,2026-10-01T19:03:01.346Z,88b57282c589f8b4cbd8b18111f68c76a596852f3f38f8726110aee609fffc16
RETL,CBOE_ETF,ETF,DIREXION SHARES ETF TRUST DAIL RETA BU ETF,American,cboe_cone|cboe_ctwo|cboe_exo|cboe_opt,false,RETL,Direxion Daily Retail Bull 3X Shares,PROVIDER_QUERY_RETURNED_OPTION_ROOTS,RETL,146,2026-10-01T19:03:03.321Z,ce71018b35a3eeaf1ae7b41525154ae14cd156ec84f605c97d89946b9afaae23
REW,CBOE_ETF,ETF,PROSHARES TR ULTRA TECHN,American,cboe_cone|cboe_ctwo|cboe_exo|cboe_opt,false,REW|REW2,ProShares UltraShort Technology|ProShares UltraShort Technology(1:2),PROVIDER_QUERY_RETURNED_OPTION_ROOTS,REW|REW2,194,2026-10-01T19:03:03.817Z,28c256ddf28c22a563032ab35b38e1ea576c97d419e80b759a12a604053c6f03
REZ,CBOE_ETF,ETF,ISHARES TR RESIDENTIAL MULT,American,cboe_cone,false,REZ,iShares Residential and Multisector Real Estate ET,PROVIDER_QUERY_RETURNED_OPTION_ROOTS,REZ,162,2026-10-01T19:03:05.839Z,87546426325c61f8c00c8c52d335445e81ffa3d581bfe4f0f0f76341870d0142
RFV,CBOE_ETF,ETF,INVESCO EXCHANGE TRADED FD TR S&P MDCP400 VL,American,cboe_cone|cboe_ctwo|cboe_exo|cboe_opt,true,RFV,INVESCO S&P MIDCAP 400 PURE VALUE ETF,PROVIDER_QUERY_RETURNED_OPTION_ROOTS,RFV,196,2026-10-01T19:03:08.401Z,82600146efe16610099a4f2bbd273cd39bec744f073db6651cd00279ab810f1f
RGTU,CBOE_ETF,ETF,Tradr 2X Long RGTI Daily ETF,American,cboe_cone|cboe_ctwo|cboe_exo|cboe_opt,true,RGTU|RGTU1,TRADR 2X LONG RGTI DAILY ETF|TRADR 2X LONG RGTI DAILY ETF (1:3),PROVIDER_QUERY_RETURNED_OPTION_ROOTS,RGTU,238,2026-10-01T19:03:13.333Z,2f06976d7ba707119fda4b99be78fef19f66e374aee6aae639ad1821d4d7ecfd
RGTX,CBOE_ETF,ETF,TIDAL TRUST II DEFI DA RGTI ETF,American,cboe_cone|cboe_ctwo|cboe_exo|cboe_opt,false,RGTX|RGTX1,DEFIANCE DAILY 2X LONG RGTI|DEFIANCE DAILY 2X LONG RGTI (1:4),PROVIDER_QUERY_RETURNED_OPTION_ROOTS,RGTX,250,2026-10-01T19:03:13.914Z,9ceec72c972cf2bd926d4ae1b30b84387f04aa3ed9f6deab8b6724ea6ed659cc
RGTZ,CBOE_ETF,ETF,TIDAL TRUST II DEFIANCE DAILY T,American,cboe_cone|cboe_ctwo|cboe_exo|cboe_opt,true,RGTZ|RGTZ1,DEFIANCE DAILY TARGET 2X SHORT RGTI ETF|DEFIANCE DAILY TARGET 2X SHORT RGTI ETF (1:5 rev),PROVIDER_QUERY_RETURNED_OPTION_ROOTS,RGTZ|RGTZ1,460,2026-10-01T19:03:14.340Z,9bf70d14bd922ee682dabe3692c8d4656dd42d447b3e9fa0f0f4fc40e1f5ad04
RIET,CBOE_ETF,ETF,ETF SER SOLUTIONS HOYA CAPT HI DIV,American,cboe_cone|cboe_ctwo|cboe_exo|cboe_opt,true,RIET,HOYA CAPITAL HIGH DIVIDEND YIELD ETF,PROVIDER_QUERY_RETURNED_OPTION_ROOTS,RIET,150,2026-10-01T19:03:16.847Z,392f535c46a93cbbc4170c1bf1f02591ba8e33e256aac8930e2693fdb245f5d9
RING,CBOE_ETF,ETF,ISHARES INC MSCI GBL GOLD MN,American,cboe_cone,true,RING,iShares MSCI Global Gold Miners ETF,PROVIDER_QUERY_RETURNED_OPTION_ROOTS,RING,390,2026-10-01T19:03:19.413Z,eac88ba99c696955d44d12603873b29b9df7a9d836e3e45b6a689d1c7dd7359a
RIOX,CBOE_ETF,ETF,TIDAL TRUST II DEFI DA TA RIOT,American,cboe_cone|cboe_ctwo|cboe_exo|cboe_opt,true,RIOX,DEFIANCE DAILY TARGET 2X LONG RIOT ETF,PROVIDER_QUERY_RETURNED_OPTION_ROOTS,RIOX,366,2026-10-01T19:03:20.860Z,db6a11e833855028a1cf19f51ff44dfddbc9275b77cba57b24b2829370ecbad9
RKLX,CBOE_ETF,ETF,TIDAL TRUST II DEFIANCE DAILY,American,cboe_cone|cboe_ctwo|cboe_exo|cboe_opt,true,RKLX,DEFIANCE DAILY TARGET 2X LONG RKLB ETF,PROVIDER_QUERY_RETURNED_OPTION_ROOTS,RKLX,1084,2026-10-01T19:03:23.376Z,ba368211f3ed8b8e0e4a514b797c83e325ead3b14978c217303af4ef23c04533
RLY,CBOE_ETF,ETF,SSGA ACTIVE ETF TR ST STR REAL ETF,American,cboe_cone|cboe_ctwo|cboe_exo|cboe_opt,true,RLY,State Street Multi-Asset Real Return ETF,PROVIDER_QUERY_RETURNED_OPTION_ROOTS,RLY,152,2026-10-01T19:03:29.594Z,79c7cd17ba430fe19f8be41669d86d39c734dfb47a93203283151ec410dbcf17
RMBX,CBOE_ETF,ETF,Tradr 2X Long RMBS Daily ETF,American,cboe_cone|cboe_ctwo|cboe_exo|cboe_opt,true,RMBX,TRADR 2X LONG RMBS DAILY ETF,PROVIDER_QUERY_RETURNED_OPTION_ROOTS,RMBX,162,2026-10-01T19:03:31.478Z,d692ba03dff672ce0e1b4073a22833cbdf9e3c4e98f8ed97e688be7be04576e7
ROBN,CBOE_ETF,ETF,T-Rex 2X Long HOOD Daily Target ETF,American,cboe_cone|cboe_ctwo|cboe_exo|cboe_opt,false,ROBN,T-REX 2X LONG HOOD DAILY TARGET,PROVIDER_QUERY_RETURNED_OPTION_ROOTS,ROBN,836,2026-10-01T19:03:38.815Z,ba830030f8efd3d273ddb31658e2e01aadc6665ea98b1f41ab908522594941a4
ROBO,CBOE_ETF,ETF,EXCHANGE TRADED CONCEPTS TRUST ROBO GLB ETF,American,cboe_cone|cboe_ctwo|cboe_exo|cboe_opt,false,ROBO,ROBO GLOBAL ROBOTICS AND AUT,PROVIDER_QUERY_RETURNED_OPTION_ROOTS,ROBO,272,2026-10-01T19:03:38.904Z,e9df05742d4146736f6dc76ebb244581a41c94c54964811315042cc5bba956b5
ROBT,CBOE_ETF,ETF,FIRST TR EXCHANGE TRADED FD VI NASDQ ARTFCIAL,American,cboe_cone|cboe_ctwo|cboe_exo|cboe_opt,true,ROBT,FIRST TRUST NASDAQ ARTIFICIAL INTELLIGENCE & ETF,PROVIDER_QUERY_RETURNED_OPTION_ROOTS,ROBT,164,2026-10-01T19:03:39.428Z,64feff2c270b0a4f3b4946ca2f22397f6f87f908d2ef51d9190a5f955e018e11
RODM,CBOE_ETF,ETF,LATTICE STRATEGIES TR HARTFORD MLT ETF,American,cboe_cone|cboe_ctwo|cboe_exo|cboe_opt,false,RODM,HARTFORD MULTIFACTOR DEVELOPED MARKETS,PROVIDER_QUERY_RETURNED_OPTION_ROOTS,RODM,152,2026-10-01T19:03:40.487Z,991639b442b8a10c4a08531708a2480594deb91911253d98a0281023d7586b4c
ROE,CBOE_ETF,ETF,EA SERIES TRUST AST EQU KIN ETF,American,cboe_cone|cboe_ctwo|cboe_exo|cboe_opt,true,ROE,ASTORIA US EQUAL WEIGHT QUALITY KINGS ETF,PROVIDER_QUERY_RETURNED_OPTION_ROOTS,ROE,168,2026-10-01T19:03:41.010Z,bfd6d4821cb2fcaf2bf4c417d77850a810fd5c8a75d52649daa05296d2cd974b
ROM,CBOE_ETF,ETF,PROSHARES TR PSHS ULTRA TECH,American,cboe_cone|cboe_ctwo|cboe_exo|cboe_opt,false,ROM,ProShares Ultra Technology,PROVIDER_QUERY_RETURNED_OPTION_ROOTS,ROM,438,2026-10-01T19:03:44.590Z,08f1b3bb5a0802a06be4d000dfd32ed1888efd6589f79221f5c1ae5c16e75305
RPAR,CBOE_ETF,ETF,TIDAL TRUST I RPAR RISK PARI,American,cboe_cone|cboe_ctwo|cboe_exo|cboe_opt,false,RPAR,RPAR RISK PARITY,PROVIDER_QUERY_RETURNED_OPTION_ROOTS,RPAR,152,2026-10-01T19:03:46.509Z,a297667abe56684f35e37ef30a200a9d903f90533742b272126e078799948e92
RPV,CBOE_ETF,ETF,INVESCO EXCHANGE TRADED FD TR S&P500 PUR VAL,American,cboe_cone,true,RPV,Invesco S&P 500 Pure Value ETF,PROVIDER_QUERY_RETURNED_OPTION_ROOTS,RPV,194,2026-10-01T19:03:50.529Z,8a803a32ec19234ce1158aed7ccad33d80fbae5f065c18099a26d995dd8e886d
RSP,CBOE_ETF,ETF,INVESCO EXCHANGE TRADED FD TR S&P500 EQL WGT,American,cboe_cone|cboe_ctwo|cboe_exo|cboe_opt,true,RSP,Invesco S&P 500 Equal Weight ETF,PROVIDER_QUERY_RETURNED_OPTION_ROOTS,RSP,1550,2026-10-01T19:03:55.593Z,5edf1dba8ae3b0ac95521c93c9a5fc7b24d8cf866f10e020395f1010d4931d5a
RSPD,CBOE_ETF,ETF,INVESCO EXCHANGE TRADED FD TR S&P500 EQL DIS,American,cboe_cone|cboe_ctwo|cboe_exo|cboe_opt,true,RSPD,Invesco S&P 500 Equal Weight Consumer Disc ETF,PROVIDER_QUERY_RETURNED_OPTION_ROOTS,RSPD,152,2026-10-01T19:03:56.545Z,0f6271b4267436362863a398abba53006de616cdb891f34a8c1eaf6d668442c5
RSPF,CBOE_ETF,ETF,INVESCO EXCHANGE TRADED FD TR S&P500 EQL FIN,American,cboe_cone|cboe_ctwo|cboe_exo|cboe_opt,true,RSPF,Invesco S&P 500 Equal Weight Financials ETF,PROVIDER_QUERY_RETURNED_OPTION_ROOTS,RSPF,162,2026-10-01T19:03:57.043Z,86fa2286d5e364f2338f7b28ee5abdc01ea26b6f8ff89a64a3f8021735004885
RSPG,CBOE_ETF,ETF,INVESCO EXCHANGE TRADED FD TR S&P500 EQL ENR,American,cboe_cone|cboe_ctwo|cboe_exo|cboe_opt,true,RSPG,Invesco S&P 500 Equal Weight Energy ETF,PROVIDER_QUERY_RETURNED_OPTION_ROOTS,RSPG,232,2026-10-01T19:03:57.559Z,5bac2f44ce0dac5fc404f786a621beb526b8ddd7740c35e1a9496c9b6f40fcad
RSPH,CBOE_ETF,ETF,INVESCO EXCHANGE TRADED FD TR S&P500 EQL HLT,American,cboe_cone,true,RSPH,Invesco S&P 500 Equal Weight Health Care ETF,PROVIDER_QUERY_RETURNED_OPTION_ROOTS,RSPH,156,2026-10-01T19:03:58.046Z,f25fb8631896a9fda7c3cdc3e69406ec8b3d269aa6edfbbb08fafffea06e8ea8
RSPM,CBOE_ETF,ETF,INVESCO EXCHANGE TRADED FD TR S&P500 EQL MAT,American,cboe_cone|cboe_ctwo|cboe_exo|cboe_opt,true,RSPM,Invesco S&P 500 Equal Weight Materials ETF,PROVIDER_QUERY_RETURNED_OPTION_ROOTS,RSPM,152,2026-10-01T19:03:58.741Z,bb80497e467d7556fa1ea08e16997c428b51682648ede6c8f962ccbae16411f0
RSPN,CBOE_ETF,ETF,INVESCO EXCHANGE TRADED FD TR S&P500 EQL IND,American,cboe_cone|cboe_ctwo|cboe_exo|cboe_opt,true,RSPN,Invesco S&P 500 Equal Weight Industrials ETF,PROVIDER_QUERY_RETURNED_OPTION_ROOTS,RSPN,152,2026-10-01T19:03:59.045Z,df4470971c8b7c9f7804648cb80068aa3d2c67fa233c0fb1166d844d99682bdd
RSPR,CBOE_ETF,ETF,INVESCO EXCHANGE TRADED FD TR S&P500 EQL REL,American,cboe_cone|cboe_ctwo|cboe_exo|cboe_opt,true,RSPR,Invesco S&P 500 Equal Weight Real Estate ETF,PROVIDER_QUERY_RETURNED_OPTION_ROOTS,RSPR,152,2026-10-01T19:03:59.550Z,c6a1150e9606b03db6617a77dcba7573a6a14a892c93b1b5ab7470375a379bc6
RSPT,CBOE_ETF,ETF,INVESCO EXCHANGE TRADED FD TR S&P500 EQL TEC,American,cboe_cone|cboe_ctwo|cboe_exo|cboe_opt,true,RSPT,Invesco S&P 500 Equal Weight Technology ETF,PROVIDER_QUERY_RETURNED_OPTION_ROOTS,RSPT,176,2026-10-01T19:04:00.561Z,314f375c37897e11f2df44b6811d9fdee3555c51bc81c59aebdf91163c351292
RSSB,CBOE_ETF,ETF,Return Stacked Global Stocks & Bonds ETF,American,cboe_cone|cboe_ctwo|cboe_exo|cboe_opt,true,RSSB,RETURN STACKED GLOBAL STOCKS & BONDS ETF,PROVIDER_QUERY_RETURNED_OPTION_ROOTS,RSSB,152,2026-10-01T19:04:01.568Z,b7f0bd6daca09d41fec2ca7975a91ae23836dbdf7fab7638d25482fb816762e8
RSST,CBOE_ETF,ETF,Return Stacked U.S. Stocks & Managed Futures ETF,American,cboe_cone|cboe_ctwo|cboe_exo|cboe_opt,true,RSST,RETURN STACKED GLOBAL STOCKS & MANAGED FUTURES ETF,PROVIDER_QUERY_RETURNED_OPTION_ROOTS,RSST,160,2026-10-01T19:04:02.576Z,e6d6b5ec686b327653027edab48ccfb4ced1715f1d4d4aadaa149227e27fe84b
RTH,CBOE_ETF,ETF,VANECK ETF TRUST RETAIL ETF,American,cboe_cone|cboe_ctwo|cboe_exo|cboe_opt,true,RTH,VanEck Retail ETF,PROVIDER_QUERY_RETURNED_OPTION_ROOTS,RTH,200,2026-10-01T19:04:03.565Z,a66bfa4f42b24b87d64024454fe6b83c2c06d46e77f46aaff2047587ea1dcab5
RWJ,CBOE_ETF,ETF,INVESCO EXCHANGE-TRADED FD TR S&P SMALLCAP 600,American,cboe_cone,true,RWJ,Invesco S&P SmallCap 600 Revenue ETF,PROVIDER_QUERY_RETURNED_OPTION_ROOTS,RWJ,164,2026-10-01T19:04:12.103Z,bdf557a6000e488d6ce2b1326af7391c22f7351bf5c08fe9eea7c4f4809a9e30
RWK,CBOE_ETF,ETF,INVESCO EXCHANGE-TRADED FD TR S&P MDCP 400 REV,American,cboe_cone,true,RWK,Invesco S&P MidCap 400 Revenue ETF,PROVIDER_QUERY_RETURNED_OPTION_ROOTS,RWK,210,2026-10-01T19:04:12.590Z,393795ea9616fad6f25cdf72da6dbac549d7a74f38df947b9139ceeb2fa0ae42
RWL,CBOE_ETF,ETF,INVESCO EXCHANGE-TRADED FD TR S&P 500 REVENUE,American,cboe_cone,true,RWL,Invesco S&P 500 Revenue ETF,PROVIDER_QUERY_RETURNED_OPTION_ROOTS,RWL,198,2026-10-01T19:04:13.117Z,51fd4a18297ad6708a9d77ab91d7666d0eba60edb181aac38244fce2320a01b4
RWM,CBOE_ETF,ETF,PROSHARES TR SHRT RUSSELL2000,American,cboe_cone|cboe_exo|cboe_opt,false,RWM,ProShares Short Russell 2000,PROVIDER_QUERY_RETURNED_OPTION_ROOTS,RWM,172,2026-10-01T19:04:13.595Z,d0409d6b70035c50678b3ab857101bbcf24e8bd073ed16f0bbf1d80adeb03aef
RWR,CBOE_ETF,ETF,SPDR SERIES TRUST ST STR DOW REIT,American,cboe_cone|cboe_ctwo|cboe_exo|cboe_opt,true,RWR,State Street SPDR Dow Jones REIT ETF,PROVIDER_QUERY_RETURNED_OPTION_ROOTS,RWR,222,2026-10-01T19:04:14.178Z,33c9e6aed048b6a17a1b77df9dd3a46e3cb877d5bda645c4b416813191865d00
RWX,CBOE_ETF,ETF,SPDR INDEX SHS FDS ST DOW INTL ETF,American,cboe_cone,true,RWX,State Street SPDR Dow Jones Intern Real Estate ETF,PROVIDER_QUERY_RETURNED_OPTION_ROOTS,RWX,152,2026-10-01T19:04:15.112Z,a48afbed90d08b78820f0af0ebf84c6e922f898f1f4e7facb563f0de0fc6d397
RXD,CBOE_ETF,ETF,PROSHARES TR ULTSHT HLTHCRE,American,cboe_cone|cboe_ctwo|cboe_exo|cboe_opt,false,RXD|RXD1,PROSHARES ULTRASHORT HEALTH CARE|PROSHARES ULTRASHORT HEALTH CARE(1:2),PROVIDER_QUERY_RETURNED_OPTION_ROOTS,RXD|RXD1,208,2026-10-01T19:04:15.595Z,dd14870bf3e3d13cd9066957068bf5800f7a172e3905e59f03bfffc1d5ef2fb7
RXL,CBOE_ETF,ETF,PROSHARES TR PSHS ULT HLTHCRE,American,cboe_cone|cboe_exo|cboe_opt,false,RXL,ProShares Ultra Health Care,PROVIDER_QUERY_RETURNED_OPTION_ROOTS,RXL,194,2026-10-01T19:04:16.627Z,2ca68bc016e51781228d406cd6c5585cc513453315d3c4affa416941dff5fbdc
RYLD,CBOE_ETF,ETF,GLOBAL X FDS RUSSELL 2000,American,cboe_cone|cboe_ctwo|cboe_exo|cboe_opt,false,RYLD,GLOBAL X FDS RUSSELL 2000,PROVIDER_QUERY_RETURNED_OPTION_ROOTS,RYLD,168,2026-10-01T19:04:21.105Z,fc06e1ab45d2c2a99c5bb545904b429880b16be4754407df3890efa6051f331a
RYLG,CBOE_ETF,ETF,GLOBAL X FDS RUSSE GROWT ETF,American,cboe_cone|cboe_ctwo|cboe_exo|cboe_opt,true,RYLG,GLOBAL X RUSSELL 2000 COVERED CALL & GROWTH ETF,PROVIDER_QUERY_RETURNED_OPTION_ROOTS,RYLG,152,2026-10-01T19:04:21.603Z,0c48d258a47f25b544068f97616c8a1ac85eb5076bebf9b95be29a1e51cc6faf
RZG,CBOE_ETF,ETF,INVESCO EXCHANGE TRADED FD TR S&P SML600 GWT,American,cboe_cone|cboe_ctwo|cboe_exo|cboe_opt,true,RZG,INVESCO S&P SMALLCAP 600 PURE GROWTH ETF,PROVIDER_QUERY_RETURNED_OPTION_ROOTS,RZG,174,2026-10-01T19:04:23.614Z,af00b6d7a7e80c4848300b8c86156afda216dd8f9dba0223c73e58b818a266fd
RZV,CBOE_ETF,ETF,INVESCO EXCHANGE TRADED FD TR S&P SML600 VAL,American,cboe_cone|cboe_ctwo|cboe_exo|cboe_opt,true,RZV,INVESCO S&P SMALLCAP 600 PURE VALUE ETF,PROVIDER_QUERY_RETURNED_OPTION_ROOTS,RZV,266,2026-10-01T19:04:25.116Z,38ab8ecca2fccc82be218ff09b73dd3c4179833c4874b39b62a012843202f08c
SAA,CBOE_ETF,ETF,PROSHARES TR PSHS ULT SCAP600,American,cboe_cone,false,SAA,ProShares Ultra SmallCap 600,PROVIDER_QUERY_RETURNED_OPTION_ROOTS,SAA,166,2026-10-01T19:04:26.620Z,635e94deb56f90bec06861df8f4c53cf3996cff7020b0386790ecacb80ac175d
SARK,CBOE_ETF,ETF,INVESTMENT MANAGERS SER TR II TRADR 1X SHORT,American,cboe_cone|cboe_ctwo|cboe_exo|cboe_opt,true,SARK,Invstmt Mngrs Srs Trst II Trdr 1X Shrt Inv Dly ETF,PROVIDER_QUERY_RETURNED_OPTION_ROOTS,SARK,176,2026-10-01T19:04:35.640Z,d4d9967ffad52cea24f4fc939a2a9105317fe6a2c00bb11a8b935e2360f3c013
SATO,CBOE_ETF,ETF,Invesco Alerian Galaxy Crypto Economy ETF,American,cboe_cone|cboe_ctwo|cboe_exo|cboe_opt,true,SATO,INVESCO ALERIAN GALAXY CRYPTO ECONOMY ETF,PROVIDER_QUERY_RETURNED_OPTION_ROOTS,SATO,152,2026-10-01T19:04:37.647Z,bd96182d06472c61b0002e85e916a7b848acbcf86bd961a016386a93da9c20fe
SBB,CBOE_ETF,ETF,PROSHARES TR SHRT SMALLCAP60,American,cboe_cone|cboe_ctwo|cboe_exo|cboe_opt,false,SBB|SBB1,PROSHARES SHORT SMALLCAP600|PROSHARES SHORT SMALLCAP600(1:2),PROVIDER_QUERY_RETURNED_OPTION_ROOTS,SBB|SBB1,190,2026-10-01T19:04:39.168Z,412300a24fa23b0e92b199799fd8c5b3ad143fc09fe0c3d252196561bc5896a2
SBIO,CBOE_ETF,ETF,ALPS ETF TR MED BREAKTHGH,American,cboe_cone|cboe_ctwo|cboe_exo|cboe_opt,true,SBIO,ALPS Medical Breakthroughs ETF,PROVIDER_QUERY_RETURNED_OPTION_ROOTS,SBIO,222,2026-10-01T19:04:42.160Z,93541f74c09a90c8673bfc0501312341494c22c59c4f108ac2929deb99a203ab
SBIT,CBOE_ETF,ETF,PROSHARES TR ULTRA BITCO ETF,American,cboe_cone|cboe_ctwo|cboe_exo|cboe_opt,true,SBIT,PROSHARES ULTRASHORT BITCOIN ETF,PROVIDER_QUERY_RETURNED_OPTION_ROOTS,SBIT,274,2026-10-01T19:04:42.663Z,a4e06b0357e74519543d5e14a3264756d8105807e35b09ab93af92917d7af29e
SBTU,CBOE_ETF,ETF,T-REX 2X Long SBET Daily Target ETF,American,cboe_cone|cboe_ctwo|cboe_exo|cboe_opt,true,SBTU|SBTU1,T-REX 2X LONG SBET DAILY TARGET ETF|T-REX 2X LONG SBET DAILY TARGET ETF(1:10),PROVIDER_QUERY_RETURNED_OPTION_ROOTS,SBTU|SBTU1,246,2026-10-01T19:04:45.667Z,ffbec6c5fa65edae7ea1ece53ebfb68e0a6e58a61c3a8049a9d13a872a351dd4
SCHA,CBOE_ETF,ETF,SCHWAB STRATEGIC TR US SML CAP ETF,American,cboe_cone,true,SCHA,Schwab US Small-Cap ETF,PROVIDER_QUERY_RETURNED_OPTION_ROOTS,SCHA,156,2026-10-01T19:04:47.670Z,00c00eecb275a52e287565cf694534de1544073a343bef1f18eecb2e63b914f9
SCHB,CBOE_ETF,ETF,SCHWAB STRATEGIC TR US BRD MKT ETF,American,cboe_cone|cboe_ctwo|cboe_exo|cboe_opt,true,SCHB,Schwab US Broad Market ETF,PROVIDER_QUERY_RETURNED_OPTION_ROOTS,SCHB,152,2026-10-01T19:04:48.177Z,d4f247ff5b9f815c200c59295cf412ee998eeb156aa27a19f8d9110b3f44d58f
SCHC,CBOE_ETF,ETF,SCHWAB STRATEGIC TR INTL SCEQT ETF,American,cboe_cone,true,SCHC,Schwab International Small-Cap Equity ETF,PROVIDER_QUERY_RETURNED_OPTION_ROOTS,SCHC,152,2026-10-01T19:04:48.700Z,90f2934ad14279c9e8763cd44effab91c02740e1c706ea454df6d43464dd237a
SCHD,CBOE_ETF,ETF,SCHWAB STRATEGIC TR US DIVIDEND EQ,American,cboe_cone|cboe_ctwo|cboe_exo|cboe_opt,true,SCHD,Schwab US Dividend Equity ETF,PROVIDER_QUERY_RETURNED_OPTION_ROOTS,SCHD,666,2026-10-01T19:04:49.177Z,796db71fd55b96aefdea674a7761e8c5743cf3b2a11074289a16a2153b13a177
SCHE,CBOE_ETF,ETF,SCHWAB STRATEGIC TR EMRG MKTEQ ETF,American,cboe_cone,true,SCHE,Schwab Emerging Markets Equity ETF,PROVIDER_QUERY_RETURNED_OPTION_ROOTS,SCHE,152,2026-10-01T19:04:49.670Z,5580f48d3964e61d50eec227cbe731a7eb73345f3c4937b29f4e88bbd6118b88
SCHF,CBOE_ETF,ETF,SCHWAB STRATEGIC TR INTL EQTY ETF,American,cboe_cone|cboe_ctwo|cboe_exo|cboe_opt,true,SCHF,Schwab International Equity ETF,PROVIDER_QUERY_RETURNED_OPTION_ROOTS,SCHF,152,2026-10-01T19:04:50.178Z,aac9f4b86b0fa9a6db7c399d120f5fde170723517f48ecd13fbda61b6a242895
SCHG,CBOE_ETF,ETF,SCHWAB STRATEGIC TR US LCAP GR ETF,American,cboe_cone|cboe_ctwo|cboe_exo|cboe_opt,true,SCHG,Schwab U.S. Large-Cap Growth ETF,PROVIDER_QUERY_RETURNED_OPTION_ROOTS,SCHG,168,2026-10-01T19:04:50.740Z,ed3ab6c1c3fbab6b8d1ad188d42b590478d0d670b6eba79bcbe1f05c41649c45
SCHH,CBOE_ETF,ETF,SCHWAB STRATEGIC TR US REIT ETF,American,cboe_cone,true,SCHH,Schwab U.S. REIT ETF,PROVIDER_QUERY_RETURNED_OPTION_ROOTS,SCHH,152,2026-10-01T19:04:51.224Z,d18925a4ef0e2f850f56f837da70036d28e63e99278233d0b286a6f9dc52999c
SCHI,CBOE_ETF,ETF,SCHWAB STRATEGIC TR 5 10YR CORP BD,American,cboe_cone|cboe_ctwo|cboe_exo|cboe_opt,true,SCHI,SCHWAB 5-10 YEAR CORPORATE BOND ETF,PROVIDER_QUERY_RETURNED_OPTION_ROOTS,SCHI,168,2026-10-01T19:04:51.752Z,79d5d4cc0418a67b94db9d5181f05ba6d0d6555fb2d4eb51000e590e2d84eb0b
SCHK,CBOE_ETF,ETF,SCHWAB STRATEGIC TR 1000 INDEX ETF,American,cboe_cone|cboe_ctwo|cboe_exo|cboe_opt,true,SCHK,SCHWAB 1000 INDEX ETF,PROVIDER_QUERY_RETURNED_OPTION_ROOTS,SCHK,152,2026-10-01T19:04:52.748Z,489fae6e5f509990d5b725b61f062760e3c27c446deba317a87b1b152a62a47e
SCHM,CBOE_ETF,ETF,SCHWAB STRATEGIC TR US MID-CAP ETF,American,cboe_cone,true,SCHM,Schwab U.S. Mid-Cap ETF,PROVIDER_QUERY_RETURNED_OPTION_ROOTS,SCHM,152,2026-10-01T19:04:53.686Z,3400fee6e52ea1d88bc69fcbf6f59477354b4717ab72fd72594e922e7c1f04ca
SCHO,CBOE_ETF,ETF,SCHWAB STRATEGIC TR SHT TM US TRES,American,cboe_cone|cboe_ctwo|cboe_exo|cboe_opt,true,SCHO,SCHWAB SHORT-TERM US TREASURY ETF,PROVIDER_QUERY_RETURNED_OPTION_ROOTS,SCHO,152,2026-10-01T19:04:54.207Z,b346075fd366d57911a6fd923ae9a1a5c2e9366352c711b524f885bff37abf5a
SCHP,CBOE_ETF,ETF,SCHWAB STRATEGIC TR US TIPS ETF,American,cboe_cone,true,SCHP,Schwab U.S. TIPs ETF,PROVIDER_QUERY_RETURNED_OPTION_ROOTS,SCHP,152,2026-10-01T19:04:54.684Z,63cfd01e44567c16b61adc5f8e63d1b291d328e2c428067bfb33b90565119678
SCHR,CBOE_ETF,ETF,SCHWAB STRATEGIC TR INT-TRM U.S TRES,American,cboe_cone|cboe_ctwo|cboe_exo|cboe_opt,true,SCHR,SCHWAB INTERMEDIATE-TERM US TREASURY ETF,PROVIDER_QUERY_RETURNED_OPTION_ROOTS,SCHR,152,2026-10-01T19:04:55.185Z,092e41be6f4eb166747974f2032c88878a9e0b7249b26ffe5bd271661d266243
SCHV,CBOE_ETF,ETF,SCHWAB STRATEGIC TR US LCAP VA ETF,American,cboe_cone|cboe_ctwo|cboe_exo|cboe_opt,true,SCHV,Schwab U.S. Large-Cap Value ETF,PROVIDER_QUERY_RETURNED_OPTION_ROOTS,SCHV,152,2026-10-01T19:04:55.686Z,35bdb46ce0734dba5b8fa1d1ce532c2c7fdc03b7b79b09a56d336da6b3211265
SCHX,CBOE_ETF,ETF,SCHWAB STRATEGIC TR US LRG CAP ETF,American,cboe_cone|cboe_ctwo|cboe_exo|cboe_opt,true,SCHX,Schwab US Large-Cap ETF,PROVIDER_QUERY_RETURNED_OPTION_ROOTS,SCHX,160,2026-10-01T19:04:56.690Z,88f6f8dbc60cfaa111c1210d0462c7368c195aef3324bcd2783db14a243e4a48
SCHZ,CBOE_ETF,ETF,SCHWAB STRATEGIC TR US AGGREGATE B,American,cboe_cone|cboe_ctwo|cboe_exo|cboe_opt,true,SCHZ,SCHWAB US AGGREGATE BOND ETF,PROVIDER_QUERY_RETURNED_OPTION_ROOTS,SCHZ,152,2026-10-01T19:04:57.705Z,9c14b1aff4c7eea34410c20ea2103fc4427d18105af551441d87c6b2da80ef60
SCJ,CBOE_ETF,ETF,ISHARES INC MSCI JAPN SMCETF,American,cboe_cone,true,SCJ,ishares MSCI Japan Small-Cap ETF,PROVIDER_QUERY_RETURNED_OPTION_ROOTS,SCJ,192,2026-10-01T19:04:58.703Z,05b0308e6495955149a33617764d97c87216a62b995758504240e0bbc81a3481
SCO,CBOE_ETF,ETF,PROSHARES TR II ULSHT BLOOMB OIL,American,cboe_cone|cboe_ctwo|cboe_exo|cboe_opt,false,SCO|SCO1,ProShares UltraShort Bloomberg Crude Oil|ProShares UltraShort Bloomberg Crude Oil(1:4),PROVIDER_QUERY_RETURNED_OPTION_ROOTS,SCO|SCO1,886,2026-10-01T19:05:00.356Z,c83e3d79cba4beadc678000e094ad6996f869d78719f31bc42681254794d12b7
SCZ,CBOE_ETF,ETF,ISHARES TR EAFE SML CP ETF,American,cboe_cone,true,SCZ,iShares MSCI EAFE Small-Cap ETF,PROVIDER_QUERY_RETURNED_OPTION_ROOTS,SCZ,188,2026-10-01T19:05:02.281Z,0751106166d2b87fb9ff496b1c240c13ebe1f549a13cb465716d98ba589b6fbd
SDCI,CBOE_ETF,ETF,USCF ETF TR SUMMERHAVEN K1,American,cboe_cone|cboe_ctwo|cboe_exo|cboe_opt,false,SDCI,USCF SUMMERHAVEN DYNAMIC COMMODITY STRAT NO K-1 FD,PROVIDER_QUERY_RETURNED_OPTION_ROOTS,SDCI,152,2026-10-01T19:05:03.318Z,971a1d6edfd0726d533f16f5920a7b7babd60fc98358aec2800afb3d325f039e
SDD,CBOE_ETF,ETF,PROSHARES TR ULTSHT SMLCP600,American,cboe_cone|cboe_ctwo|cboe_exo|cboe_opt,false,SDD,PROSHARES ULTRASHORT SMALLCAP600,PROVIDER_QUERY_RETURNED_OPTION_ROOTS,SDD,148,2026-10-01T19:05:03.755Z,51fcef105ecce370eda46fbc6628ca06ff2a38a61b40fc6f2a5c9835bee2698d
SDEM,CBOE_ETF,ETF,GLOBAL X FDS MSCI SUPR EM ETF,American,cboe_cone|cboe_ctwo|cboe_exo|cboe_opt,true,SDEM,GLOBAL X MSCI SUPERDIVIDEND EMERGING MARKETS ETF,PROVIDER_QUERY_RETURNED_OPTION_ROOTS,SDEM,152,2026-10-01T19:05:04.284Z,d9e9137de486e6abb9c0d91c4ef67cbc4e03279c2808df749b6080d88defd32b
SDIV,CBOE_ETF,ETF,GLOBAL X FDS SUPERDIVIDEND,American,cboe_cone,true,SDIV,Global X SuperDividend ETF,PROVIDER_QUERY_RETURNED_OPTION_ROOTS,SDIV,168,2026-10-01T19:05:05.332Z,a66e9f7927df921250541af7c6a9bd2110437aa01de8e24d827994b524ae9e51
SDOG,CBOE_ETF,ETF,ALPS ETF TR SECTR DIV DOGS,American,cboe_cone|cboe_ctwo|cboe_exo|cboe_opt,true,SDOG,ALPS SECTOR DIVIDEND DOGS ETF,PROVIDER_QUERY_RETURNED_OPTION_ROOTS,SDOG,158,2026-10-01T19:05:05.892Z,0ac6899bd4ac2e24c6c8d432c47d91ab5015b9bdc0e9cffac12cd185c27605c0
SDOW,CBOE_ETF,ETF,PROSHARES TR ULTRAPRO SRT DOW,American,cboe_cone|cboe_ctwo|cboe_exo|cboe_opt,false,SDOW|SDOW1,ProShares UltraPro Short Dow30|ProShares UltraPro Short Dow30 (1:4 R Split),PROVIDER_QUERY_RETURNED_OPTION_ROOTS,SDOW|SDOW1,436,2026-10-01T19:05:06.940Z,b92fdf495aca345d7defe5edea8b47475d32a6ba620f83ff6efceb3fbf567e49
SDP,CBOE_ETF,ETF,PROSHARES TR ULTRA UTIL NEW,American,cboe_cone|cboe_ctwo|cboe_exo|cboe_opt,false,SDP|SDP1,PROSHARES ULTRASHORT UTILITIES|PROSHARES ULTRASHORT UTILITIES(1:2),PROVIDER_QUERY_RETURNED_OPTION_ROOTS,SDP|SDP1,196,2026-10-01T19:05:07.049Z,f1ec824f87245c8738957d61fcd0b4fe9e1ec14912336dbf81f09eb3a38c10d0
SDS,CBOE_ETF,ETF,PROSHARES TR ULTRASHRT S&P500,American,cboe_cone|cboe_ctwo|cboe_exo|cboe_opt,false,SDS|SDS1,ProShares UltraShort S&P 500|ProShares UltraShort S&P 500 (1:5 Reverse Split),PROVIDER_QUERY_RETURNED_OPTION_ROOTS,SDS|SDS1,560,2026-10-01T19:05:08.126Z,281a5e59d92e5b48f652c7d874d18a84e879eb39886a927b536b32b42755b098
SDVY,CBOE_ETF,ETF,FIRST TR EXCHANGE TRADED FD VI SMID RISNG ETF,American,cboe_cone|cboe_ctwo|cboe_exo|cboe_opt,true,SDVY,FIRST TRUST SMID CAP RISING DIVIDEND ACHIEVERS ETF,PROVIDER_QUERY_RETURNED_OPTION_ROOTS,SDVY,152,2026-10-01T19:05:08.536Z,5ec041a83a365e7cb538ef10b58347e3da01d98b3113a91a32ea4ad00c3c9863
SDY,CBOE_ETF,ETF,SPDR SERIES TRUST ST STR SP DIV,American,cboe_cone|cboe_ctwo|cboe_exo|cboe_opt,true,SDY,State Street SPDR S&P Dividend ETF,PROVIDER_QUERY_RETURNED_OPTION_ROOTS,SDY,244,2026-10-01T19:05:09.068Z,256c96225b40e8b327738f854f950f25ab7e38cf8212cb121769fd54b3ee6eef
SEA,CBOE_ETF,ETF,ETF SER SOLUTIONS U S GL SE SK ETF,American,cboe_cone|cboe_ctwo|cboe_exo|cboe_opt,true,SEA,U.S. GLOBAL SEA TO SKY CARGO ETF,PROVIDER_QUERY_RETURNED_OPTION_ROOTS,SEA,152,2026-10-01T19:05:10.149Z,f57a601bb3ed1a65c2f42e8d887957d3b7c1c01c38edf370d6d3db8abe286ae5
SECT,CBOE_ETF,ETF,Main Sector Rotation ETF,American,cboe_cone|cboe_ctwo|cboe_exo|cboe_opt,false,SECT,NORTHERN LTS MAIN SECTOR,PROVIDER_QUERY_RETURNED_OPTION_ROOTS,SECT,156,2026-10-01T19:05:10.624Z,71aaf6842a5dbb579e500112e488f2c4914e3c2b9c6314c43950df669cdc3281
SETH,CBOE_ETF,ETF,PROSHARES TR SHORT ETHER ETF,American,cboe_cone|cboe_ctwo|cboe_exo|cboe_opt,true,SETH,ProShares Short Ether ETF,PROVIDER_QUERY_RETURNED_OPTION_ROOTS,SETH,222,2026-10-01T19:05:18.492Z,e5609c31750523061648de342cee88ac3b7d38058aa8c0555fefa81e5b5bfa3b
SGDM,CBOE_ETF,ETF,SPROTT ETF TRUST GOLD MINERS ETF,American,cboe_cone|cboe_ctwo|cboe_exo|cboe_opt,true,SGDM,SPROTT GOLD MINERS ETF,PROVIDER_QUERY_RETURNED_OPTION_ROOTS,SGDM,314,2026-10-01T19:05:27.050Z,2e948d24153b991ff2baf44549e8bf2fe1eb2a847ebf6be2c24a478e72a0e3f0
SGOL,CBOE_ETF,ETF,ETFS GOLD TR PHYSCL GOLD SHS,American,cboe_cone|cboe_ctwo|cboe_exo|cboe_opt,true,SGOL,abrdn Physical Gold Shares ETF,PROVIDER_QUERY_RETURNED_OPTION_ROOTS,SGOL,180,2026-10-01T19:05:30.696Z,b523cfa61626d7a518e882e10f63a08ee8999874c8e4ca882c0ac3a2ce4c2099
SGOV,CBOE_ETF,ETF,ISHARES TR 0-3 MTH TREASURY,American,cboe_cone|cboe_ctwo|cboe_exo|cboe_opt,true,SGOV,ISHARES 0-3 MONTH TREASURY BOND ETF,PROVIDER_QUERY_RETURNED_OPTION_ROOTS,SGOV,530,2026-10-01T19:05:31.020Z,553df1cdba308f6d121cba5449f761e4bbcfbc2451e46191ed115282ed3e3301
SH,CBOE_ETF,ETF,PROSHARES TR SHOR S&P 500 NEW,American,cboe_cone|cboe_ctwo|cboe_exo|cboe_opt,false,SH|SH1,ProShares Short S&P 500|ProShares Short S&P 500 (1:4 Reverse Split),PROVIDER_QUERY_RETURNED_OPTION_ROOTS,SH|SH1,342,2026-10-01T19:05:32.486Z,37905105a1d7be3aa07daed6fc7db49fe5844cc0d9933843de312af4285879f2
SHLD,CBOE_ETF,ETF,GLOBAL X FDS DEFENSE TECH ETF,American,cboe_cone|cboe_ctwo|cboe_exo|cboe_opt,true,SHLD,GLOBAL X DEFENSE TECH ETF,PROVIDER_QUERY_RETURNED_OPTION_ROOTS,SHLD,324,2026-10-01T19:05:38.006Z,492a9c51086c9fdd84fa7c43bd2c5fcc0ad7cc5ecbc40035aa38ec316f69ac1d
SHM,CBOE_ETF,ETF,SPDR SERIES TRUST ST NUVE TERM ETF,American,cboe_cone|cboe_ctwo|cboe_exo|cboe_opt,true,SHM,St Strt SPDR Nuveen ICE Shrt Trm Municipal Bnd ETF,PROVIDER_QUERY_RETURNED_OPTION_ROOTS,SHM,152,2026-10-01T19:05:39.005Z,9b95048fa77b41d98da9e602d10000799a5a6dc8cee2bd47a26949d3f9d56415
SHV,CBOE_ETF,ETF,ISHARES TR TRUST ISHARE 0-1,American,cboe_cone|cboe_ctwo|cboe_exo|cboe_opt,true,SHV,iShares Trust iShares 0-1 Year Treasury Bond ETF,PROVIDER_QUERY_RETURNED_OPTION_ROOTS,SHV,152,2026-10-01T19:05:42.082Z,f61c2d93de5dfaf0042142588de90c8a855d7458570b2e28deab640129f29980
SHY,CBOE_ETF,ETF,ISHARES TR 1 3 YR TREAS BD,American,cboe_cone|cboe_ctwo|cboe_exo|cboe_opt,true,SHY,iShares 1-3 Year Treasury Bond ETF,PROVIDER_QUERY_RETURNED_OPTION_ROOTS,SHY,420,2026-10-01T19:05:43.083Z,a81369512c720458f7383c7c1fe7e8136fd62226e3043633ee60fb1779c4eac6
SHYG,CBOE_ETF,ETF,ISHARES TR 0-5YR HI YL CP,American,cboe_cone|cboe_ctwo|cboe_exo|cboe_opt,true,SHYG,iShares 0-5 Year High Yield Corporate Bond ETF,PROVIDER_QUERY_RETURNED_OPTION_ROOTS,SHYG,152,2026-10-01T19:05:43.514Z,5082bf2b1527769044b4a0fd3d7bde00174ab8d2486ad438dab9fb0cda5ee758
SIJ,CBOE_ETF,ETF,PROSHARES TR ULTRASHORT INDL,American,cboe_cone|cboe_ctwo|cboe_exo|cboe_opt,false,SIJ|SIJ1,PROSHARES ULTRASHORT INDUSTRIALS|PROSHARES ULTRASHORT INDUSTRIALS(1:2),PROVIDER_QUERY_RETURNED_OPTION_ROOTS,SIJ|SIJ1,190,2026-10-01T19:05:49.437Z,71bfcdc8c76081d3e9d0c312ca8ab351abe8c248ccccbecf4a5cb34d88e6266e
SIL,CBOE_ETF,ETF,GLOBAL X FDS GLOBAL X SILVER,American,cboe_cone|cboe_ctwo|cboe_exo|cboe_opt,true,SIL,Global X Silver Miners ETF,PROVIDER_QUERY_RETURNED_OPTION_ROOTS,SIL,798,2026-10-01T19:05:50.092Z,480c6bf9c1a4f80093b5d653794639647d72b6206a8f49e5bbfd545a19dcfed3
SILJ,CBOE_ETF,ETF,AMPLIFY ETF TR JR SILV MINE ETF,American,cboe_cone|cboe_ctwo|cboe_exo|cboe_opt,true,SILJ,Amplify Junior Silver Miners ETF,PROVIDER_QUERY_RETURNED_OPTION_ROOTS,SILJ,868,2026-10-01T19:05:50.483Z,3f264b2de3df95004ac3482c3b7573723808ddb1b46ffee1cae0de8172bd3713
SITX,CBOE_ETF,ETF,Tradr 2X Long SITM Daily ETF,American,cboe_cone|cboe_ctwo|cboe_exo|cboe_opt,true,SITX,TRADR 2X LONG SITM DAILY ETF,PROVIDER_QUERY_RETURNED_OPTION_ROOTS,SITX,200,2026-10-01T19:05:54.469Z,b2935d6f550a215c8c51ec9b2b6106ae11a90b63d1685d49d600c810b6c62b98
SIVR,CBOE_ETF,ETF,ABRDN SILVER ETF TRUST PHYSCL SILVR SHS,American,cboe_cone|cboe_ctwo|cboe_exo|cboe_opt,true,SIVR,abrdn Physical Silver Shares ETF,PROVIDER_QUERY_RETURNED_OPTION_ROOTS,SIVR,1610,2026-10-01T19:05:54.977Z,357225f6d169199f79dcc1a2f7ea19b88eba6b8c7a4250cce9dd0892e01c28f7
SIZE,CBOE_ETF,ETF,ISHARES TR MSCI USA SZE FT,American,cboe_cone|cboe_ctwo|cboe_exo|cboe_opt,true,SIZE,iShares MSCI USA Size Factor ETF,PROVIDER_QUERY_RETURNED_OPTION_ROOTS,SIZE,240,2026-10-01T19:06:00.981Z,769e5ad5174f0c53d71027782df1885da1d5d9a5a70491ebc4b395272a4c010b
SJB,CBOE_ETF,ETF,PROSHARES TR SHRT HGH YIELD,American,cboe_cone,false,SJB,ProShares Short High Yield,PROVIDER_QUERY_RETURNED_OPTION_ROOTS,SJB,168,2026-10-01T19:06:01.496Z,ee8a379c6ddf75ca509651676b1a5f3a73b5bf6056149e780f82dc71ea15c268
SJNK,CBOE_ETF,ETF,SPDR SERIES TRUST ST TERM HIGH ETF,American,cboe_cone,true,SJNK,St Strt SPDR Blmbrg Short Term High Yield Bond ETF,PROVIDER_QUERY_RETURNED_OPTION_ROOTS,SJNK,168,2026-10-01T19:06:02.547Z,0c1bd2956712a413ad5f21ba58ff528e1d9727fe3c496f7b9c9232158b3efa45
SK,CBOE_ETF,ETF,Corgi SK hynix 2x Daily ETF,American,cboe_cone|cboe_ctwo|cboe_exo|cboe_opt,true,SK,CORGI SK HYNIX 2X DAILY ETF,PROVIDER_QUERY_RETURNED_OPTION_ROOTS,SK,300,2026-10-01T19:06:03.533Z,ec2ec64f8da6baa99a7054712346bd53fbf03c70de21c69dc8df499ccf756f79
SKDD,CBOE_ETF,ETF,GRANITESHARES ETF TR 2X SRT SK HYNIX,American,cboe_cone|cboe_ctwo|cboe_exo|cboe_opt,true,SKDD,GRANITESHARES ETF TR 2X SRT SK HYNIX,PROVIDER_QUERY_RETURNED_OPTION_ROOTS,SKDD,202,2026-10-01T19:06:04.055Z,6144fcd63f97fe111d6fbfa31e7e9963dd20706370e625c0638e12d77a1cb0e1
SKF,CBOE_ETF,ETF,PROSHARES TR ULTRASHORT FINA,American,cboe_cone|cboe_ctwo|cboe_exo|cboe_opt,false,SKF,ProShares UltraShort Financials,PROVIDER_QUERY_RETURNED_OPTION_ROOTS,SKF,188,2026-10-01T19:06:05.108Z,4017bb375ab21f903abd025ea1d244a8b675e03ffee707a650a6b2eb8717d41e
SKHA,CBOE_ETF,ETF,Tradr 2X Long SK hynix Daily ETF,American,cboe_cone|cboe_ctwo|cboe_exo|cboe_opt,true,SKHA,TRADR 2X LONG SK HYNIX DAILY ETF,PROVIDER_QUERY_RETURNED_OPTION_ROOTS,SKHA,238,2026-10-01T19:06:05.457Z,b654082f516ac02a0c30d4a786660dd75a8bc575469c0031834ec0b69fe4b4cd
SKHL,CBOE_ETF,ETF,DIREXION SHARES ETF TRUST DAILY SK HYNIX,American,cboe_cone|cboe_ctwo|cboe_exo|cboe_opt,true,SKHL,DIREXION DAILY SK HYNIX BULL 2X ETF,PROVIDER_QUERY_RETURNED_OPTION_ROOTS,SKHL,188,2026-10-01T19:06:05.960Z,4826aafd8849c6fabe7f896427cdac95ec02c21cc56862f558b1e8db93b3c3fe
SKHN,CBOE_ETF,ETF,Tradr 2X Short SK hynix Daily ETF,American,cboe_cone|cboe_ctwo|cboe_exo|cboe_opt,true,SKHN,TRADR 2X SHORT SK HYNIX DAILY ETF,PROVIDER_QUERY_RETURNED_OPTION_ROOTS,SKHN,232,2026-10-01T19:06:06.503Z,2c45c83f0b4dc3947f59f312d25581947662e512bee8878f66035e1a26ecf27b
SKHU,CBOE_ETF,ETF,PROSHARES TR ULTRA SK HYNIX,American,cboe_cone|cboe_ctwo|cboe_exo|cboe_opt,false,SKHU,PROSHARES ULTRA SK HYNIX,PROVIDER_QUERY_RETURNED_OPTION_ROOTS,SKHU,248,2026-10-01T19:06:06.962Z,03452caf45b6eb1d328c20d9ae2a5769ea9cdb2aecdd8682453633e17b1ab55d
SKHX,CBOE_ETF,ETF,Leverage Shares 2X Long SK Hynix Daily ETF,American,cboe_cone|cboe_ctwo|cboe_exo|cboe_opt,true,SKHX,LEVERAGE SHARES 2X LONG SK HYNIX DAILY ETF,PROVIDER_QUERY_RETURNED_OPTION_ROOTS,SKHX,258,2026-10-01T19:06:07.510Z,85aba685416716639fea8d335274990a5dc21651be2620027ba5184a106fd5c8
SKHZ,CBOE_ETF,ETF,Leverage Shares 1X Short SK Hynix Daily ETF,American,cboe_cone|cboe_ctwo|cboe_exo|cboe_opt,true,SKHZ,LEVERAGE SHARES 1X SHORT SK HYNIX DAILY ETF,PROVIDER_QUERY_RETURNED_OPTION_ROOTS,SKHZ,186,2026-10-01T19:06:08.461Z,b2fa289a85cecab3f2a06d3db810ad587a59d1d6a1d523025ad156af52919027
SKRE,CBOE_ETF,ETF,ETF OPPORTUNITIES TRUST TUTT CAP BKS ETF,American,cboe_cone|cboe_ctwo|cboe_exo|cboe_opt,false,SKRE,OPPORTUNITIES TRUST TUTTLE CAP DAILY,PROVIDER_QUERY_RETURNED_OPTION_ROOTS,SKRE,104,2026-10-01T19:06:09.962Z,7d6d289eb87d23e1b91ad0ce2f314caa753140a6d1f326e4692a7dbf0327683c
SKUU,CBOE_ETF,ETF,GRANITESHARES ETF TR 2X LNG SK HYNIX,American,cboe_cone|cboe_ctwo|cboe_exo|cboe_opt,true,SKUU,GRANITESHARES ETF TR 2X LNG SK HYNIX,PROVIDER_QUERY_RETURNED_OPTION_ROOTS,SKUU,322,2026-10-01T19:06:10.990Z,bdb960d4b210a904e3f5f100962655da4d5ac00acb7edcd018e9387cb043fadf
SKYU,CBOE_ETF,ETF,PROSHARES TR ULTR NASDAQCMPTG,American,cboe_cone|cboe_ctwo|cboe_exo|cboe_opt,true,SKYU,PROSHARES ULTRA NASDAQ CLOUD COMPUTING ETF,PROVIDER_QUERY_RETURNED_OPTION_ROOTS,SKYU,232,2026-10-01T19:06:14.015Z,3661a46413b2fbf05abe6d5df4d5359c7067883e2f776d6a065b048c9f92dfa5
SKYY,CBOE_ETF,ETF,FIRST TR EXCHANGE-TRADED FD II CLOUD COMPUTING,American,cboe_cone|cboe_ctwo|cboe_exo|cboe_opt,true,SKYY,First Trust Cloud Computing ETF,PROVIDER_QUERY_RETURNED_OPTION_ROOTS,SKYY,378,2026-10-01T19:06:15.070Z,7c5ce9bca6f0449e624d79e98fac024a95e0126d0b55ac7eee99c773947ae9ba
SLON,CBOE_ETF,ETF,PROSHARES TR ULTRA SOLANA ETF,American,cboe_cone|cboe_ctwo|cboe_exo|cboe_opt,true,SLON|SLON1,PROSHARES ULTRA SOLANA ETF|PROSHARES ULTRA SOLANA ETF(1:5),PROVIDER_QUERY_RETURNED_OPTION_ROOTS,SLON|SLON1,350,2026-10-01T19:06:22.038Z,10f694c5c4cffebfb46648a9b3947aae9b0e3a3cd68f4d40d2d370ed3045b63a
SLV,CBOE_ETF,ETF,ISHARES SILVER TR ISHARES,American,cboe_cone|cboe_ctwo|cboe_exo|cboe_opt,false,SLV,iShares Silver Trust,PROVIDER_QUERY_RETURNED_OPTION_ROOTS,SLV,4628,2026-10-01T19:06:25.095Z,a9f36bb704f29e7d69d593eaf0cbcc1ccd0c4633f7b7ad60464918ae093d421d
SLVP,CBOE_ETF,ETF,iShares MSCI Global Silver and Metals Miners ETF,American,cboe_cone|cboe_ctwo|cboe_exo|cboe_opt,true,SLVP,ISHARES MSCI GLOBAL SILVER MINERS ETF,PROVIDER_QUERY_RETURNED_OPTION_ROOTS,SLVP,204,2026-10-01T19:06:26.079Z,e41b09297562f2f26aee14b7e22963ed09be32b07d48442ea7ec05fa11dadf87
SLVR,CBOE_ETF,ETF,SPROTT FDS TR SILVER MINERS,American,cboe_cone|cboe_ctwo|cboe_exo|cboe_opt,true,SLVR,SPROTT SILVER MINERS & PHYSICAL SILVER ETF,PROVIDER_QUERY_RETURNED_OPTION_ROOTS,SLVR,316,2026-10-01T19:06:26.601Z,7c19128ee49e5c3dc4dab32d642a2b8c9778f757f0107078cd134b36406832e7
SLX,CBOE_ETF,ETF,VANECK ETF TRUST STEEL ETF,American,cboe_cone,true,SLX,VanEck Steel ETF,PROVIDER_QUERY_RETURNED_OPTION_ROOTS,SLX,256,2026-10-01T19:06:27.005Z,7f350fce116df6dd8faca14851c7d5ea1c92717b8bd72781354a0d02cf3535b6
SLYG,CBOE_ETF,ETF,SPDR SERIES TRUST ST STR SP600GRWO,American,cboe_cone|cboe_ctwo|cboe_exo|cboe_opt,true,SLYG,State Street SPDR S&P 600 Small Cap Growth ETF,PROVIDER_QUERY_RETURNED_OPTION_ROOTS,SLYG,188,2026-10-01T19:06:27.507Z,76833d347ecaab63dd088b85367baa492aeefa081f99b41cc711f265a2595389
SLYV,CBOE_ETF,ETF,SPDR SERIES TRUST ST STR SP600SM C,American,cboe_cone|cboe_ctwo|cboe_exo|cboe_opt,true,SLYV,State Street SPDR S&P 600 Small Cap Value ETF,PROVIDER_QUERY_RETURNED_OPTION_ROOTS,SLYV,174,2026-10-01T19:06:28.033Z,ca490818ef10e845b947e8c2cf87e24fb00020f93d4363d74fa5d715a48b2599
SMB,CBOE_ETF,ETF,VanEck Short Muni ETF,American,cboe_cone|cboe_ctwo|cboe_exo|cboe_opt,true,SMB,VANECK SHORT MUNI ETF,PROVIDER_QUERY_RETURNED_OPTION_ROOTS,SMB,152,2026-10-01T19:06:29.514Z,d302f8ed4ea9e066a6f00bbc7b5f99ae5840208119def28094b0fcc5b9a5160d
SMCL,CBOE_ETF,ETF,GRANITESHARES ETF TR 2X LO SMCI DA ET,American,cboe_cone|cboe_ctwo|cboe_exo|cboe_opt,true,SMCL|SMCL1,GRANITESHARES ETF TRUST GRANITESHARES 2X LONG SMC|GRANITESHRS ETF TRST GRANITESHRS 2X LONG SMC(1:20),PROVIDER_QUERY_RETURNED_OPTION_ROOTS,SMCL|SMCL1,300,2026-10-01T19:06:32.566Z,e2e80268f6b182350ee0780a9e96575f4a35dae432d8e44d406fbb9ab80b6df9
SMCX,CBOE_ETF,ETF,TIDAL TRUST II DEFI DA SMCI ETF,American,cboe_cone|cboe_ctwo|cboe_exo|cboe_opt,true,SMCX|SMCX1,DEFIANCE DAILY TARGET 2X LONG SMCI ETF|DEFIANCE DAILY TARGET 2X LONG SMCI (1:2),PROVIDER_QUERY_RETURNED_OPTION_ROOTS,SMCX|SMCX1,770,2026-10-01T19:06:33.031Z,e86f0e61d2a8ea49bfbc9fec689c9ffc399c33ff44de5520a404de4a46e7c479
SMCY,CBOE_ETF,ETF,TIDAL TRUST II YIELDMAX SMCI,American,cboe_cone|cboe_ctwo|cboe_exo|cboe_opt,true,SMCY,YIELDMAX SMCI OPTION INCOME STRATEGY ETF,PROVIDER_QUERY_RETURNED_OPTION_ROOTS,SMCY,96,2026-10-01T19:06:33.517Z,161a6fa45e74e1bff61448cfd1149effb5ab7915b47d774efaf75cac79b6ed39
SMDD,CBOE_ETF,ETF,PROSHARES TR ULTPRO SHT,American,cboe_cone|cboe_ctwo|cboe_exo|cboe_opt,false,SMDD,PROSHARES ULTRAPRO SHORT MIDCAP400,PROVIDER_QUERY_RETURNED_OPTION_ROOTS,SMDD,138,2026-10-01T19:06:34.032Z,d26c65df1c6dd34b03b7cf5775476037dea6919a32cfd7ff970ea1beb409a2b5
SMDV,CBOE_ETF,ETF,ProShares S&P SmallCap 600 Dividend Aristocrats ETF,American,cboe_cone|cboe_ctwo|cboe_exo|cboe_opt,false,SMDV,ProShares S&P SmallCap 600 Dividend AristocratsETF,PROVIDER_QUERY_RETURNED_OPTION_ROOTS,SMDV,162,2026-10-01T19:06:34.522Z,a5e21e24c4ec8e689f04d8225a421c009cbd8a28074e538b0171be04d428f424
SMH,CBOE_ETF,ETF,VANECK ETF TRUST SEMICONDUCTR ETF,American,cboe_cone|cboe_ctwo|cboe_exo|cboe_opt,true,SMH,VanEck Semiconductor ETF,PROVIDER_QUERY_RETURNED_OPTION_ROOTS,SMH,7456,2026-10-01T19:06:36.122Z,3d6bf25ed44fe7c668f7dfded07ca7e5c1de37cc5685cdee89740590ae6ab7af
SMHC,CBOE_ETF,ETF,VANECK ETF TRUST CHINA SEMICNDCTR,American,cboe_cone|cboe_ctwo|cboe_exo|cboe_opt,true,SMHC,VANECK CHINA SEMICONDUCTOR ETF,PROVIDER_QUERY_RETURNED_OPTION_ROOTS,SMHC,272,2026-10-01T19:06:36.566Z,1bb6070536aef4099b1bcccb249e96135edbb80d7a2a23e4226b25917a8c9fbf
SMLF,CBOE_ETF,ETF,ISHARES TR US SML CAP EQT,American,cboe_cone|cboe_ctwo|cboe_exo|cboe_opt,true,SMLF,ISHARES U.S. SMALLCAP EQUITY FACTOR ETF,PROVIDER_QUERY_RETURNED_OPTION_ROOTS,SMLF,160,2026-10-01T19:06:38.532Z,45097539998711dd7d81e1695ad5ed4b9c50828661e7816c101f62f4000ee80e
SMLL,CBOE_ETF,ETF,HARBOR ETF TRUST ACTI SMA CAP ETF,American,cboe_cone|cboe_ctwo|cboe_exo|cboe_opt,true,SMLL,HARBOR ACTIVE SMALL CAP ETF,PROVIDER_QUERY_RETURNED_OPTION_ROOTS,SMLL,168,2026-10-01T19:06:39.033Z,a21b36fe18c57ead76828a288d7a15e5830bc9d66640b17f873e1e17978bf926
SMN,CBOE_ETF,ETF,PROSHARES TR ULTRASHORT MTRLS,American,cboe_cone|cboe_exo|cboe_opt,false,SMN|SMN1,ProShares UltraShort Materials|ProShares UltraShort Materials(1:2),PROVIDER_QUERY_RETURNED_OPTION_ROOTS,SMN|SMN1,200,2026-10-01T19:06:41.036Z,ea65ece28f3ef7ee22dcdcbd7cdb5675a199cfa6b92eb10b09193f1eca52c717
SMOG,CBOE_ETF,ETF,VANECK ETF TRUST LOW CARBN ENERGY,American,cboe_cone,true,SMOG,VanEck Low Carbon Energy ETF,PROVIDER_QUERY_RETURNED_OPTION_ROOTS,SMOG,296,2026-10-01T19:06:41.540Z,4ee6877fdaca6a768d9d07a125eba32abb391d40a288f6e7cf3a7f0dfd9db7e5
SMOT,CBOE_ETF,ETF,VanEck Morningstar SMID Moat ETF,American,cboe_cone|cboe_ctwo|cboe_exo|cboe_opt,true,SMOT,VANECK MORNINGSTAR SMID MOAT ETF,PROVIDER_QUERY_RETURNED_OPTION_ROOTS,SMOT,152,2026-10-01T19:06:42.075Z,2fb506157d69d1803eaecf79d629370da5022236249777786318b6cbe1d77ab6
SMST,CBOE_ETF,ETF,TIDAL TRUST II DEFI DA TA 2025,American,cboe_cone|cboe_ctwo|cboe_exo|cboe_opt,false,SMST,Tidal Trust II Defiance Daily Target 2x Short MSTR,PROVIDER_QUERY_RETURNED_OPTION_ROOTS,SMST,622,2026-10-01T19:06:45.057Z,63b076b41c04a4e3bda241f411bfbf6932f2e4217e2303c7a2e4535cff67a795
SMU,CBOE_ETF,ETF,Tradr 2X Long SMR Daily ETF,American,cboe_cone|cboe_ctwo|cboe_exo|cboe_opt,true,SMU|SMU1|SMU2,TRADR 2X LONG SMR DAILY ETF|TRADR 2X LONG SMR DAILY ETF(1:4)|TRADR 2X LONG SMR DAILY ETF (1:3),PROVIDER_QUERY_RETURNED_OPTION_ROOTS,SMU|SMU1,274,2026-10-01T19:06:46.084Z,2908c7b82de831480a2e7ac65639c08ef8d5a16f7b4860166b868e042fb0a904
SMUP,CBOE_ETF,ETF,T-REX 2X Long SMR Daily Target ETF,American,cboe_cone|cboe_ctwo|cboe_exo|cboe_opt,true,SMUP,T-REX 2X LONG SMR DAILY TARGET ETF,PROVIDER_QUERY_RETURNED_OPTION_ROOTS,SMUP,100,2026-10-01T19:06:46.583Z,aaaca44752a607274f7d47e1b218061e2f8df9304c2820cb8658d13bb4e05cce
SMZ,CBOE_ETF,ETF,Tradr 2X Short SMR Daily ETF,American,cboe_cone|cboe_ctwo|cboe_exo|cboe_opt,true,SMZ,TRADR 2X SHORT SMR DAILY ETF,PROVIDER_QUERY_RETURNED_OPTION_ROOTS,SMZ,280,2026-10-01T19:06:47.927Z,86b63ee1c0b4d74b40b047f2a1a12224b658d6461517fd31e550d6814bb46252
SNDG,CBOE_ETF,ETF,Leverage Shares 2X Long SNDK Daily ETF,American,cboe_cone|cboe_ctwo|cboe_exo|cboe_opt,true,SNDG,LEVERAGE SHARES 2X LONG SNDK DAILY ETF,PROVIDER_QUERY_RETURNED_OPTION_ROOTS,SNDG,282,2026-10-01T19:06:52.520Z,de0178e64d15aa33026886c56fc19be824cd8dd709652c83a3850031bee72c01
SNDQ,CBOE_ETF,ETF,Tradr 2X Short SNDK Daily ETF,American,cboe_cone|cboe_ctwo|cboe_exo|cboe_opt,true,SNDQ|SNDQ1,TRADR 2X SHORT SNDK DAILY ETF|TRADR 2X SHORT SNDK DAILY ETF(1:10),PROVIDER_QUERY_RETURNED_OPTION_ROOTS,SNDQ|SNDQ1,762,2026-10-01T19:06:54.049Z,04fa98d27f40c49010be8a0f57682b1f33ca94323bec09cba64b776e8b7be785
SNDU,CBOE_ETF,ETF,T-REX 2X Long SNDK Daily Target ETF,American,cboe_cone|cboe_ctwo|cboe_exo|cboe_opt,true,SNDU,T-REX 2X LONG SNDK DAILY TARGET ETF,PROVIDER_QUERY_RETURNED_OPTION_ROOTS,SNDU,468,2026-10-01T19:06:55.030Z,60036f2a4b012d42c25340c86830b6704e02a0979d86c0bbd1f5119177722f24
SNK,CBOE_ETF,ETF,GraniteShares 2x Short SpaceX Daily ETF,American,cboe_cone|cboe_ctwo|cboe_exo|cboe_opt,true,SNK,GRANITE SHARES 2X SHORT SPACEX DAILY ETF,PROVIDER_QUERY_RETURNED_OPTION_ROOTS,SNK,299,2026-10-01T19:06:56.589Z,b98a6050b09d6ef6d8abff4eec868853ec99f13264113a7948f5c238a66902cb
SNOU,CBOE_ETF,ETF,T-REX 2X Long SNOW Daily Target ETF,American,cboe_cone|cboe_ctwo|cboe_exo|cboe_opt,true,SNOU,T-REX 2X LONG SNOW DAILY TARGET ETF,PROVIDER_QUERY_RETURNED_OPTION_ROOTS,SNOU,272,2026-10-01T19:06:57.595Z,f3cb24309d59e8631830e11a3a8efd8851c5274dab2d649e9e5402cfde457d80
SNPE,CBOE_ETF,ETF,DBX ETF TR XTRACKRS S&P 500,American,cboe_cone|cboe_ctwo|cboe_exo|cboe_opt,true,SNPE,Xtrackers S&P 500 Scored & Screened ETF,PROVIDER_QUERY_RETURNED_OPTION_ROOTS,SNPE,162,2026-10-01T19:06:59.113Z,443ca1c92cd042440709c8246b3138631ad9953358646a4bbcfdd822df5a6787
SNXX,CBOE_ETF,ETF,Tradr 2X Long SNDK Daily ETF,American,cboe_cone|cboe_ctwo|cboe_exo|cboe_opt,true,SNXX,TRADR 2X LONG SNDK DAILY ETF,PROVIDER_QUERY_RETURNED_OPTION_ROOTS,SNXX,1316,2026-10-01T19:07:01.038Z,cbdd7a75fde7e9decba371ab511c6cc82a05d3eb095a658f4010848ebe60ff45
SOCL,CBOE_ETF,ETF,GLOBAL X FDS SOCIAL MED ETF,American,cboe_cone|cboe_ctwo,true,SOCL,Global X Funds Global X Social Media ETF,PROVIDER_QUERY_RETURNED_OPTION_ROOTS,SOCL,180,2026-10-01T19:07:03.545Z,b1afb4cb853f18c6086232310d9dbfe1267d2ca6a85ab9bb2a470b1bf5973834
SOEZ,CBOE_ETF,ETF,FRANKLIN SOLANA TR EXCHANGE TRD FD,American,cboe_cone|cboe_ctwo|cboe_exo|cboe_opt,true,SOEZ,FRANKLIN SOLANA ETF,PROVIDER_QUERY_RETURNED_OPTION_ROOTS,SOEZ,172,2026-10-01T19:07:04.087Z,f0433ee39e86013489a14cbb74c4170e354107c0f2fe59b429dbd1e61aab4e06
SOFX,CBOE_ETF,ETF,TIDAL TRUST II DEFIANCE DAILY,American,cboe_cone|cboe_ctwo|cboe_exo|cboe_opt,true,SOFX,DEFIANCE DAILY TARGET 2X LONG SOFI ETF,PROVIDER_QUERY_RETURNED_OPTION_ROOTS,SOFX,166,2026-10-01T19:07:05.061Z,c3cec46ac06364a7ce9bc5eabee289006707fd6b917926739001eccfdca66ac9
SOLC,CBOE_ETF,ETF,CANARY MARINADE SOLANA ETF SHS OF BEN,American,cboe_cone|cboe_ctwo|cboe_exo|cboe_opt,true,SOLC,CANARY MARINADE SOLANA ETF,PROVIDER_QUERY_RETURNED_OPTION_ROOTS,SOLC,182,2026-10-01T19:07:06.654Z,dfdf918946d3891144a02df34cbe0a10ccba33a05328ccee618e9d55a7144605
SOLT,CBOE_ETF,ETF,VOLATILITY SHS TR 2X SOLANA ETF,American,cboe_cone|cboe_ctwo|cboe_exo|cboe_opt,true,SOLT|SOLT1,VOLATILITY SHARES TRUST 2X SOLANA ETF|VOLATILITY SHARES TRUST 2X SOLANA ETF (1:20),PROVIDER_QUERY_RETURNED_OPTION_ROOTS,SOLT|SOLT1,960,2026-10-01T19:07:07.616Z,f99202f0d52cec892faddebed633f61ee348de97f14b93cb78fd8f6eddde5abf
SOLZ,CBOE_ETF,ETF,VOLATILITY SHS TR SOLANA ETF,American,cboe_cone|cboe_ctwo|cboe_exo|cboe_opt,true,SOLZ,VOLATILITY SHARES TRUST SOLANA ETF,PROVIDER_QUERY_RETURNED_OPTION_ROOTS,SOLZ,292,2026-10-01T19:07:08.696Z,abc4f7f7f8a54c1b109f7996371f98140ea409fdcb62afcbd6218dbc9c6afd76
SOXL,CBOE_ETF,ETF,DIREXION SHARES ETF TRUST DAI SEM BUL ETF,American,cboe_cone|cboe_ctwo|cboe_exo|cboe_opt,true,SOXL,Direxion Daily Semiconductor Bull 3X Shares ETF,PROVIDER_QUERY_RETURNED_OPTION_ROOTS,SOXL,3578,2026-10-01T19:07:11.578Z,2273e32b4eaa247da6f522cb2b7ead97b9f250895defc6b191c49672391f87de
SOXQ,CBOE_ETF,ETF,INVESCO EXCHANGE-TRADED FD TR INVESCO PHLX SM,American,cboe_cone|cboe_ctwo|cboe_exo|cboe_opt,true,SOXQ,INVESCO PHLX SEMICONDUCTOR ETF,PROVIDER_QUERY_RETURNED_OPTION_ROOTS,SOXQ,334,2026-10-01T19:07:12.071Z,d1df82181ac6fd2a6124e498e0027eae73ba79c423ca4ba263e19211d0b1fda2
SOXS,CBOE_ETF,ETF,DIREXION SHARES ETF TRUST DAI SEM 3X ETF,American,cboe_cone|cboe_ctwo|cboe_exo|cboe_opt,true,SOXS|SOXS1|SOXS2,Direxion Daily Semiconductor Bear 3X Shares ETF|Direxion Daily Semiconductor Bear 3X Shares (1:20)|Direxion Daily Semiconductor Bear 3X Shares(1:10),PROVIDER_QUERY_RETURNED_OPTION_ROOTS,SOXS|SOXS1|SOXS2,2148,2026-10-01T19:07:12.582Z,ec75b51ac295f5f0fcd08202866b952b1fdde832f0a44d8905b334c7f5733a0f
SOXX,CBOE_ETF,ETF,ISHARES TR ISHARES SEMICDTR,American,cboe_cone|cboe_ctwo|cboe_exo|cboe_opt,true,SOXX,iShares Semiconductor ETF,PROVIDER_QUERY_RETURNED_OPTION_ROOTS,SOXX,5426,2026-10-01T19:07:13.103Z,8d6eb1c5e64b16728e90e2f9c6915f8eeff0462aa4936ed7434e0dd2254606a0
SOXY,CBOE_ETF,ETF,TIDAL TRUST II YIELDMAX TARGET,American,cboe_cone|cboe_ctwo|cboe_exo|cboe_opt,true,SOXY,YIELDMAX TARGET 12 SEMICONDUCTOR OPTION INCOME ETF,PROVIDER_QUERY_RETURNED_OPTION_ROOTS,SOXY,266,2026-10-01T19:07:13.598Z,b40c0ed7c37d5a13239cf5a966d11c3ff940deaa619b0834354267264e31c566
SOYB,CBOE_ETF,ETF,TEUCRIUM COMMODITY TR SOYBEAN FD,American,cboe_cone|cboe_ctwo|cboe_exo|cboe_opt,false,SOYB,Teucrium Soybean Fund,PROVIDER_QUERY_RETURNED_OPTION_ROOTS,SOYB,258,2026-10-01T19:07:14.217Z,b908de3c5dd26c02779b2d1a3744b4fae005401f66d344db7e60aea05940be92
SPAB,CBOE_ETF,ETF,SPDR SERIES TRUST ST STR AGGRE ETF,American,cboe_cone|cboe_ctwo|cboe_exo|cboe_opt,true,SPAB,State Street SPDR Portfolio Aggregate Bond ETF,PROVIDER_QUERY_RETURNED_OPTION_ROOTS,SPAB,152,2026-10-01T19:07:14.589Z,66a4a8e07eb452e62d78df67152e42f0e55117c1aa3e6277d27a88ace4f7297c
SPAL,CBOE_ETF,ETF,GraniteShares 2x Long SpaceX Daily ETF,American,cboe_cone|cboe_ctwo|cboe_exo|cboe_opt,true,SPAL,GRANITE SHARES 2X LONG SPACEX DAILY ETF,PROVIDER_QUERY_RETURNED_OPTION_ROOTS,SPAL,242,2026-10-01T19:07:15.584Z,0630b760365515d60abf6aa8273367565fe6719c21b567719d9f67279f1f260c
SPAX,CBOE_ETF,ETF,ETF OPPORTUNITIES TRUST T REX 2X LN SPCX,American,cboe_cone|cboe_ctwo|cboe_exo|cboe_opt,true,SPAX,T-REX 2X Long SPCX Daily Target ETF,PROVIDER_QUERY_RETURNED_OPTION_ROOTS,SPAX,242,2026-10-01T19:07:16.097Z,5a86dde95dc4a7a04ed2640cda108c3cca392f82f504176b6899c5e4af427fee
SPBO,CBOE_ETF,ETF,SPDR SERIES TRUST ST STR CORPO ETF,American,cboe_cone|cboe_ctwo|cboe_exo|cboe_opt,true,SPBO,State Street SPDR Portfolio Corporate Bond ETF,PROVIDER_QUERY_RETURNED_OPTION_ROOTS,SPBO,152,2026-10-01T19:07:17.652Z,ef62bceec203fc370e4dc2b0f66e856bf7ce1f906e14840d8ddf4b3b2d1338e8
SPCF,CBOE_ETF,ETF,PROSHARES TR ULTRA SPACEX,American,cboe_cone|cboe_ctwo|cboe_exo|cboe_opt,false,SPCF,PROSHARES ULTRA SPACEX,PROVIDER_QUERY_RETURNED_OPTION_ROOTS,SPCF,332,2026-10-01T19:07:18.603Z,dcb4b78b07aed3e464d26800ceb355fc4a16166a5f1dafd86212b393eb47a5e7
SPCG,CBOE_ETF,ETF,Tradr 2X Short SpaceX Daily ETF,American,cboe_cone|cboe_ctwo|cboe_exo|cboe_opt,true,SPCG,TRADR 2X SHORT SPACEX DAILY ETF,PROVIDER_QUERY_RETURNED_OPTION_ROOTS,SPCG,282,2026-10-01T19:07:19.119Z,4db89d9eed0c9e201da9a2f9799bcde366f39697e4179821ffaf277b8e094e0c
SPCH,CBOE_ETF,ETF,Leverage Shares 2X Long SPCX Daily ETF,American,cboe_cone|cboe_ctwo|cboe_exo|cboe_opt,false,SPCH,LEVERAGE SHARES 2X LONG SPCX DAILY,PROVIDER_QUERY_RETURNED_OPTION_ROOTS,SPCH,682,2026-10-01T19:07:19.762Z,24853b99ee70993bea0f8a468f5922a13c15b93eaf43d8e7c44c9ac25401f871
SPCI,CBOE_ETF,ETF,Tuttle Capital Space Industry Income Blast ETF,American,cboe_cone|cboe_ctwo|cboe_exo|cboe_opt,true,SPCI,TUTTLE CAPITAL SPACE INDUSTRY INCOME BLAST ETF,PROVIDER_QUERY_RETURNED_OPTION_ROOTS,SPCI,192,2026-10-01T19:07:20.165Z,bba99182d5103d23dcf227678183ac735a1ce2248921fc2c1620b7ce0f3578dd
SPCK,CBOE_ETF,ETF,COLLABORATIVE INVESTMNT SER TR SPA NEW ISS ETF,American,cboe_cone|cboe_ctwo|cboe_exo|cboe_opt,true,SPCK,The SPAC and New Issue ETF,PROVIDER_QUERY_RETURNED_OPTION_ROOTS,SPCK,168,2026-10-01T19:07:20.630Z,a82696a8bd74983bec6e8610e9a8471f46dafb04dbf3f3d9dee62e9b1fb8c64a
SPCL,CBOE_ETF,ETF,Defiance Daily 2X Space ETF,American,cboe_cone|cboe_ctwo|cboe_exo|cboe_opt,true,SPCL,DEFIANCE DAILY 2X SPACE ETF,PROVIDER_QUERY_RETURNED_OPTION_ROOTS,SPCL,302,2026-10-01T19:07:21.162Z,3e8cc451e788d3544badf15232e67897b400011716155f7dad43eb2063ce4d17
SPCM,CBOE_ETF,ETF,Tradr 2X Long SpaceX Daily ETF,American,cboe_cone|cboe_ctwo|cboe_exo|cboe_opt,true,SPCM,TRADR 2X LONG SPACEX DAILY ETF,PROVIDER_QUERY_RETURNED_OPTION_ROOTS,SPCM,294,2026-10-01T19:07:21.686Z,29ae56fc2ae6e69799037068514e082bf6bdd5c68128511baad0b3f7a70727fb
SPCQ,CBOE_ETF,ETF,Defiance Daily Target 2X Short SPCX ETF,American,cboe_cone|cboe_ctwo|cboe_exo|cboe_opt,true,SPCQ,Defiance Daily Target 2X Short SPCX ETF,PROVIDER_QUERY_RETURNED_OPTION_ROOTS,SPCQ,254,2026-10-01T19:07:22.100Z,ede86515eb1ce0c6654b453baf352284a3630afa816d1ad786e49e7cc1696080
SPCU,CBOE_ETF,ETF,Defiance Daily Target 2X Long SPCX ETF,American,cboe_cone|cboe_ctwo|cboe_exo|cboe_opt,true,SPCU,Defiance Daily Target 2X Long SPCX ETF,PROVIDER_QUERY_RETURNED_OPTION_ROOTS,SPCU,426,2026-10-01T19:07:22.621Z,2e96192b6bd6c51388ff09a4efe822864be2c8762ab4c6b3438c3b2a07cc0ff7
SPDN,CBOE_ETF,ETF,DIREXION SHARES ETF TRUST DAILY 500 1X ETF,American,cboe_cone|cboe_ctwo|cboe_exo|cboe_opt,false,SPDN,Direxion Daily S&P 500 Bear 1X Shares,PROVIDER_QUERY_RETURNED_OPTION_ROOTS,SPDN,140,2026-10-01T19:07:24.115Z,77dc85c39d94f8a267f026920691694425de0fea6b160ad078c41470b287fdc8
SPDW,CBOE_ETF,ETF,SPDR INDEX SHS FDS ST STR PO EX ETF,American,cboe_cone|cboe_ctwo|cboe_exo|cboe_opt,true,SPDW,State St SPDR Portfolio Developed World ex-US ETF,PROVIDER_QUERY_RETURNED_OPTION_ROOTS,SPDW,152,2026-10-01T19:07:24.604Z,e3cc0b985a234d173f6a3de5ae614daa6c80d05a9caf596745e9501fde642090
SPEM,CBOE_ETF,ETF,SPDR INDEX SHS FDS ST PORT MARK ETF,American,cboe_cone|cboe_ctwo|cboe_exo|cboe_opt,true,SPEM,State Street SPDR Portfolio Emerging Markets ETF,PROVIDER_QUERY_RETURNED_OPTION_ROOTS,SPEM,152,2026-10-01T19:07:25.247Z,e4a6183773416b13465191d6a525be6aa0cfb403a7467c06e4529f394f8de7be
SPGM,CBOE_ETF,ETF,SPDR INDEX SHS FDS ST STR MSCI GLB,American,cboe_cone|cboe_ctwo|cboe_exo|cboe_opt,true,SPGM,State St SPDR Portfolio MSCI Global Stock Mrkt ETF,PROVIDER_QUERY_RETURNED_OPTION_ROOTS,SPGM,158,2026-10-01T19:07:29.127Z,aaa498067fcb694d22bb4772e882ae12b957e84641c1418192ba4e9b9fd2016a
SPGP,CBOE_ETF,ETF,INVESCO EXCHANGE TRADED FD TR S&P 500 GARP ETF,American,cboe_cone|cboe_ctwo|cboe_exo|cboe_opt,true,SPGP,INVESCO S&P 500 GARP ETF,PROVIDER_QUERY_RETURNED_OPTION_ROOTS,SPGP,174,2026-10-01T19:07:29.623Z,786aa3718b0ec253dfa0d03b6cfa42993d764ceeaab15606234afe3e47315fbd
SPHB,CBOE_ETF,ETF,INVESCO EXCHANGE-TRADED FD TR S&P 500 HB ETF,American,cboe_cone|cboe_ctwo|cboe_exo|cboe_opt,true,SPHB,Invesco S&P 500 High Beta ETF,PROVIDER_QUERY_RETURNED_OPTION_ROOTS,SPHB,314,2026-10-01T19:07:30.654Z,6f0d08c3e9a22944100dc48a1e037531774e6fe2afe11fd8d2a9976911b3166c
SPHD,CBOE_ETF,ETF,INVESCO EXCHANGE-TRADED FD TR S&P500 HDL VOL,American,cboe_cone|cboe_ctwo|cboe_exo|cboe_opt,true,SPHD,Invesco S&P 500 High Dividend Low Volatility ETF,PROVIDER_QUERY_RETURNED_OPTION_ROOTS,SPHD,152,2026-10-01T19:07:31.181Z,8cdd20804274bb5c2d154b751f3eadac453267d9d9fb7e7cdef64b46ec7519e9
SPHQ,CBOE_ETF,ETF,INVESCO EXCHANGE TRADED FD TR S&P500 QUALITY,American,cboe_cone,true,SPHQ,Invesco S&P 500 Quality ETF,PROVIDER_QUERY_RETURNED_OPTION_ROOTS,SPHQ,164,2026-10-01T19:07:31.700Z,5cc28729fe0a8e6878ac2a3041dd31338739b33058efa5e857fa1d73b5e8d285
SPHY,CBOE_ETF,ETF,SPDR SERIES TRUST ST PORT HIGH ETF,American,cboe_cone|cboe_ctwo|cboe_exo|cboe_opt,true,SPHY,State Street SPDR Portfolio High Yield Bond ETF,PROVIDER_QUERY_RETURNED_OPTION_ROOTS,SPHY,152,2026-10-01T19:07:32.696Z,f2ad48db3ac6e8962df36d3cae61deeaed30e27afa5b7f5cfe8694b65eb5d9cc
SPIB,CBOE_ETF,ETF,SPDR SERIES TRUST ST INTER BD ETF,American,cboe_cone|cboe_ctwo|cboe_exo|cboe_opt,true,SPIB,St Strt SPDR Prtfolio Intermediate Trm Crp Bnd ETF,PROVIDER_QUERY_RETURNED_OPTION_ROOTS,SPIB,152,2026-10-01T19:07:33.227Z,9a0bcce32c650030d2392ced96bb0a5f832f6241df9eeb7034198e7b1f66d6be
SPIP,CBOE_ETF,ETF,SPDR SERIES TRUST ST STR TIPS ETF,American,cboe_cone|cboe_ctwo|cboe_exo|cboe_opt,true,SPIP,State Street SPDR Portfolio TIPS ETF,PROVIDER_QUERY_RETURNED_OPTION_ROOTS,SPIP,152,2026-10-01T19:07:33.629Z,da2fd251d946ae2e91aaf9a7abb36317d54d2e53d81489dd981e7a06757ad6e4
SPLB,CBOE_ETF,ETF,SPDR SERIES TRUST ST LONG BD ETF,American,cboe_cone|cboe_ctwo|cboe_exo|cboe_opt,true,SPLB,St Strt SPDR Portfolio Long Term Corporate Bnd ETF,PROVIDER_QUERY_RETURNED_OPTION_ROOTS,SPLB,152,2026-10-01T19:07:34.654Z,d1ff45a64815a4f5ad6d6a23cdf7f5847a6847d6fc66924a5af399f429a4d2a5
SPLV,CBOE_ETF,ETF,INVESCO EXCHANGE-TRADED FD TR S&P500 LOW VOL,American,cboe_cone|cboe_ctwo|cboe_exo|cboe_opt,true,SPLV,Invesco S&P 500 Low Volatility ETF,PROVIDER_QUERY_RETURNED_OPTION_ROOTS,SPLV,210,2026-10-01T19:07:35.150Z,add8be76047e2dfc59ae6c52904f8748f4266cf0ba4e392d0a68f742a6d7dd4a
SPMB,CBOE_ETF,ETF,SPDR SERIES TRUST ST STR BACKE ETF,American,cboe_cone|cboe_ctwo|cboe_exo|cboe_opt,true,SPMB,State St SPDR Portfolio Mortgage Backed Bond ETF,PROVIDER_QUERY_RETURNED_OPTION_ROOTS,SPMB,152,2026-10-01T19:07:35.637Z,f4b66dc912340fac5941b6637268691478c385b93c45a13ffb508082235049b6
SPMD,CBOE_ETF,ETF,SPDR SERIES TRUST ST STR P400MID,American,cboe_cone|cboe_ctwo|cboe_exo|cboe_opt,true,SPMD,State Street SPDR Portfolio S&P 400 Mid Cap ETF,PROVIDER_QUERY_RETURNED_OPTION_ROOTS,SPMD,158,2026-10-01T19:07:36.145Z,5fb81f1ce3ce83518090f3cfabf71e1238c8e174a9315fb87acc8063a506902d
SPMO,CBOE_ETF,ETF,INVESCO EXCHANGE-TRADED FD TR S&P 500 MOMNTM,American,cboe_cone|cboe_ctwo|cboe_exo|cboe_opt,true,SPMO,INVESCO S&P 500 MOMENTUM ETF,PROVIDER_QUERY_RETURNED_OPTION_ROOTS,SPMO,724,2026-10-01T19:07:36.653Z,2d3b086f75cda5052f0d11a8d40baf1ab9cfc24fb64803d96e01751c8c13743d
SPOG,CBOE_ETF,ETF,THEMES ETF TR LEVERAGE SHS 2X,American,cboe_cone|cboe_ctwo|cboe_exo|cboe_opt,true,SPOG,THEMES ETF LEVERAGE SHARES 2X LONG SPOT DAILY ETF,PROVIDER_QUERY_RETURNED_OPTION_ROOTS,SPOG,136,2026-10-01T19:07:37.645Z,929b7086dfcd41010f3b048cab13d2ff4aa8e345f7221da7bffea2db5fa250cd
SPRX,CBOE_ETF,ETF,LISTED FDS TR SPEAR ALPHA ETF,American,cboe_cone|cboe_ctwo|cboe_exo|cboe_opt,true,SPRX,SPEAR ALPHA ETF,PROVIDER_QUERY_RETURNED_OPTION_ROOTS,SPRX,182,2026-10-01T19:07:40.147Z,34b8328b0f1f46e7dca79c42689cefa0c9d34ad60e6d4866e315e5f4c1ab3303
SPSB,CBOE_ETF,ETF,SPDR SERIES TRUST ST SHOR CORP ETF,American,cboe_cone|cboe_ctwo|cboe_exo|cboe_opt,true,SPSB,St Strt SPDR Portfolio Shrt Term Corporate Bnd ETF,PROVIDER_QUERY_RETURNED_OPTION_ROOTS,SPSB,152,2026-10-01T19:07:41.167Z,7051ab3f6767583dc515c18ef3f6fee74aa994ffa0b0c0d81c400b59d14436cd
SPSM,CBOE_ETF,ETF,SPDR SERIES TRUST ST STR SP600 SML,American,cboe_cone|cboe_ctwo|cboe_exo|cboe_opt,true,SPSM,State Street SPDR Portfolio S&P 600 Small Cap ETF,PROVIDER_QUERY_RETURNED_OPTION_ROOTS,SPSM,182,2026-10-01T19:07:42.197Z,bc0e6aecc12a83e3cbd8f7edcbbf5ad0df773a707fe66cf52b077a46fd0bb406
SPTI,CBOE_ETF,ETF,SPDR SERIES TRUST ST INTER ETF,American,cboe_cone|cboe_ctwo|cboe_exo|cboe_opt,true,SPTI,St Strt SPDR Prtfolio Intrmediate Trm Treasury ETF,PROVIDER_QUERY_RETURNED_OPTION_ROOTS,SPTI,152,2026-10-01T19:07:43.243Z,7dee5fe91b7e458a855c67a2fb7b89507b6d673f5afefcb34ea8363194d46c28
SPTL,CBOE_ETF,ETF,SPDR SERIES TRUST ST LON TREAS ETF,American,cboe_cone|cboe_ctwo|cboe_exo|cboe_opt,true,SPTL,State Street SPDR Portfolio Long Term Treasury ETF,PROVIDER_QUERY_RETURNED_OPTION_ROOTS,SPTL,168,2026-10-01T19:07:43.715Z,52f5a729ebaf070d8f76c812f4a02cef9896c67ad4608a78c2cb03e10a5333d5
SPTM,CBOE_ETF,ETF,SPDR SERIES TRUST ST STR PR SP1500,American,cboe_cone|cboe_ctwo|cboe_exo|cboe_opt,true,SPTM,St Strt SPDR Prtfolio S&P 1500 Cmpste Stck Mrk ETF,PROVIDER_QUERY_RETURNED_OPTION_ROOTS,SPTM,158,2026-10-01T19:07:44.239Z,9dbd6777f4705a795db489fe219a417dae481124cff67c68d0a476579c7b28e3
SPTS,CBOE_ETF,ETF,SPDR SERIES TRUST ST SHO TREAS ETF,American,cboe_cone|cboe_ctwo|cboe_exo|cboe_opt,true,SPTS,State St SPDR Portfolio Short Term Treasury ETF,PROVIDER_QUERY_RETURNED_OPTION_ROOTS,SPTS,152,2026-10-01T19:07:44.764Z,e4b24376754b7810142641675c8f66ba2350b4d229d0e5fddcacdc055f71c768
SPUU,CBOE_ETF,ETF,DIREXION SHARES ETF TRUST DAILY 500 2X ETF,American,cboe_cone|cboe_ctwo|cboe_exo|cboe_opt,false,SPUU,DIREXION DAILY S&P 500 BULL 2X SHARES,PROVIDER_QUERY_RETURNED_OPTION_ROOTS,SPUU,346,2026-10-01T19:07:45.169Z,334a15bfd4336a86574f2f3c836408f01a3ece89391f89a33b13f4b2de5872b6
SPXL,CBOE_ETF,ETF,DIREXION SHARES ETF TRUST DA 500 BU 3X ETF,American,cboe_cone|cboe_ctwo|cboe_exo|cboe_opt,false,SPXL,Direxion Daily S&P 500 Bull 3X Shares,PROVIDER_QUERY_RETURNED_OPTION_ROOTS,SPXL,2006,2026-10-01T19:07:48.260Z,719ceef30db25a7f2b4d61077fe7a16d636ed8ec25ce4304edc46b4cd2163e1c
SPXN,CBOE_ETF,ETF,PROSHARES TR SP500 EX FINLS,American,cboe_cone|cboe_ctwo|cboe_exo|cboe_opt,true,SPXN,PROSHARES S&P 500 EX-FINANCIALS ETF,PROVIDER_QUERY_RETURNED_OPTION_ROOTS,SPXN,160,2026-10-01T19:07:48.672Z,0f9e6c16c988f2c231685050deecfc2d9806b6c8510b4fff97c62901ec4d95d5
SPXS,CBOE_ETF,ETF,DIREXION SHARES ETF TRUST DA 500 BE 3X ETF,American,cboe_cone|cboe_ctwo|cboe_exo|cboe_opt,false,SPXS|SPXS1,Direxion Daily S&P 500 Bear 3X Shares|Direxion Daily S&P 500 Bear 3X Shares(1:10),PROVIDER_QUERY_RETURNED_OPTION_ROOTS,SPXS|SPXS1,716,2026-10-01T19:07:49.173Z,6c92d4567fefb3399ec5590a59306a05d70d2997521611e33016b32d2a944450
SPXT,CBOE_ETF,ETF,PROSHARES TR SP500 EX TECH,American,cboe_cone|cboe_ctwo|cboe_exo|cboe_opt,true,SPXT,PROSHARES S&P 500 EX-TECHNOLOGY ETF,PROVIDER_QUERY_RETURNED_OPTION_ROOTS,SPXT,164,2026-10-01T19:07:49.670Z,eb184795baf004163a89f9556eaa16d702360e0190a6f31250acbb24891822e2
SPXU,CBOE_ETF,ETF,PROSHARES TR ULTR SHO S&P 500,American,cboe_cone|cboe_ctwo|cboe_exo|cboe_opt,false,SPXU|SPXU2,Prosh Ultrapro Short S&P 500|Prosh Ultrapro Short S&P 500 (1:4 Reverse Split),PROVIDER_QUERY_RETURNED_OPTION_ROOTS,SPXU|SPXU2,755,2026-10-01T19:07:50.164Z,d098ceaa21d15c683ab09331b2779e396eb7add60f48a24dad80c4b9f3ea55b6
SPY,CBOE_ETF,ETF,STATE STR SPDR S&P 500 ETF TR TR UNIT,American,cboe_cone|cboe_ctwo|cboe_exo|cboe_opt,true,SPY,State Street SPDR S&P 500 ETF Trust,PROVIDER_QUERY_RETURNED_OPTION_ROOTS,SPY,13098,2026-10-01T19:07:51.217Z,ace23ae8a26339a5c7cf6580568f0d404bed4510699abd83c85bd134fe0c8924
SPYD,CBOE_ETF,ETF,SPDR SERIES TRUST ST STR SP500DIV,American,cboe_cone|cboe_ctwo|cboe_exo|cboe_opt,true,SPYD,State St SPDR Portfolio S&P 500 High Dividend ETF,PROVIDER_QUERY_RETURNED_OPTION_ROOTS,SPYD,172,2026-10-01T19:07:51.673Z,5f207bcd9e701b98ed38fa3eff8b38a8dfdca6df63db2bfa92207190290af4ee
SPYG,CBOE_ETF,ETF,SPDR SERIES TRUST ST STR P500GRW,American,cboe_cone|cboe_ctwo|cboe_exo|cboe_opt,true,SPYG,State Street SPDR Portfolio S&P 500 Growth ETF,PROVIDER_QUERY_RETURNED_OPTION_ROOTS,SPYG,286,2026-10-01T19:07:52.205Z,a89941ee6bfea218e2eb14487c0b79e3e70e0d7049f74d450e23f9998ec6122d
SPYH,CBOE_ETF,ETF,NEOS S&P 500 Hedged Equity Income ETF,American,cboe_cone|cboe_ctwo|cboe_exo|cboe_opt,true,SPYH,NEOS S&P 500 HEDGED EQUITY INCOME ETF,PROVIDER_QUERY_RETURNED_OPTION_ROOTS,SPYH,152,2026-10-01T19:07:52.683Z,18237d08fe4c50982fb041aa695f53b77f9d3086aa815a64a5e0bab21b4deb6f
SPYI,CBOE_ETF,ETF,NEOS S&P 500 High Income ETF,American,cboe_cone|cboe_ctwo|cboe_exo|cboe_opt,true,SPYI,NEOS S&P 500 HIGH INCOME ETF,PROVIDER_QUERY_RETURNED_OPTION_ROOTS,SPYI,312,2026-10-01T19:07:53.236Z,c193b9b6fcdf1b02623849d75eb024cf74e9f1563ba98a85d0d4f081d8014866
SPYM,CBOE_ETF,ETF,SPDR SERIES TRUST ST STR P500ETF,American,cboe_cone|cboe_ctwo|cboe_exo|cboe_opt,true,SPYM,State Street SPDR Portfolio S&P 500 ETF,PROVIDER_QUERY_RETURNED_OPTION_ROOTS,SPYM,446,2026-10-01T19:07:53.724Z,223b8ad67e35cf704318c0887cb10197382b2adfb84aa09bee6ecfb2e863f4e4
SPYQ,CBOE_ETF,ETF,INVESTMENT MANAGERS SER TR II TRAD 2X LONG SPY,American,cboe_cone|cboe_ctwo|cboe_exo|cboe_opt,true,SPYQ,TRADR 2X LONG SPY QUARTERLY ETF,PROVIDER_QUERY_RETURNED_OPTION_ROOTS,SPYQ,346,2026-10-01T19:07:54.256Z,343c2de411fd42f54db7ac109154f9d413791719b51a3eab7101362f0b97d381
SPYT,CBOE_ETF,ETF,TIDAL TRUST II DEF 500 INC ETF,American,cboe_cone|cboe_ctwo|cboe_exo|cboe_opt,true,SPYT,DEFIANCE S&P 500 TARGET INCOME ETF,PROVIDER_QUERY_RETURNED_OPTION_ROOTS,SPYT,168,2026-10-01T19:07:54.721Z,5977dd518c07f4416fa2a0db3e3d3ee4148ad72f3fbfdd1abe959c5a298e14e0
SPYV,CBOE_ETF,ETF,SPDR SERIES TRUST ST STR P500VAL,American,cboe_cone|cboe_ctwo|cboe_exo|cboe_opt,true,SPYV,State Street SPDR Portfolio S&P 500 Value ETF,PROVIDER_QUERY_RETURNED_OPTION_ROOTS,SPYV,172,2026-10-01T19:07:55.253Z,e5a93f1060e23b6f91b2dcf9514c9ec51c15051f6dc7945130c4190832850c3a
SPYX,CBOE_ETF,ETF,SPDR SERIES TRUST ST STR SP500FF,American,cboe_cone|cboe_ctwo|cboe_exo|cboe_opt,true,SPYX,St Strt SPDR S&P 500 Fossil Fuel Reserves Free ETF,PROVIDER_QUERY_RETURNED_OPTION_ROOTS,SPYX,156,2026-10-01T19:07:55.775Z,210095799e6a5baf9265349ef8287850aa3439571313d653cbf0af18337d50d8
SQQQ,CBOE_ETF,ETF,PROSHARES TR ULTRAPRO SHORT,American,cboe_cone|cboe_ctwo|cboe_exo|cboe_opt,false,SQQQ|SQQQ1|SQQQ2,ProShares Ultra Pro Short QQQ|ProShares Ultra Pro Short QQQ (1:5 Reverse Split)|ProShares Ultra Pro Short QQQ (1:5 Rev),PROVIDER_QUERY_RETURNED_OPTION_ROOTS,SQQQ|SQQQ1|SQQQ2,1454,2026-10-01T19:07:57.186Z,17b2979e420f198abcb3014577531a63da1e26b3bdcbddbcec898bdd7e48dc6d
SRLN,CBOE_ETF,ETF,SSGA ACTIVE ETF TR ST STR BL LN ETF,American,cboe_cone|cboe_ctwo|cboe_exo|cboe_opt,true,SRLN,State Street Blackstone Senior Loan ETF,PROVIDER_QUERY_RETURNED_OPTION_ROOTS,SRLN,172,2026-10-01T19:08:01.721Z,e33b14a8ba05bfe59f1774be43471b97101413554886e2713521fe974fc8bcf1
SRS,CBOE_ETF,ETF,PROSHARES TR ULTRASHORT REAL,American,cboe_cone|cboe_ctwo|cboe_exo|cboe_opt,false,SRS,ProShares UltraShort Real Estate,PROVIDER_QUERY_RETURNED_OPTION_ROOTS,SRS,266,2026-10-01T19:08:03.202Z,5ffa05522f1be1b1e8c1ab0015b5bb171ff2b9ac7f33090d21df0b8ad0870aef
SRTY,CBOE_ETF,ETF,PROSHARES TR ULTRAPRO SHRT RU,American,cboe_cone|cboe_ctwo|cboe_exo|cboe_opt,false,SRTY,ProShares UltraPro Short Russell2000,PROVIDER_QUERY_RETURNED_OPTION_ROOTS,SRTY,182,2026-10-01T19:08:04.755Z,f1be51dc8f4d3ff93ab41bcae09ff4e2269f9ac4aa09ead2a748934d0729a43d
SRVR,CBOE_ETF,ETF,PACER FDS TR DATA AND INFRAST,American,cboe_cone|cboe_ctwo|cboe_exo|cboe_opt,true,SRVR,Pacer Data & Infrastructure Real Estate ETF,PROVIDER_QUERY_RETURNED_OPTION_ROOTS,SRVR,152,2026-10-01T19:08:05.266Z,bf52fee739309a662368dfa9dd41250b29a543bedf78b53c51288e1ba136292d
SSG,CBOE_ETF,ETF,PROSHARES TR ULTRA SEMIC NEW,American,cboe_cone|cboe_ctwo|cboe_exo|cboe_opt,false,SSG,PROSHARES ULTRASHORT SEMICONDUCTORS,PROVIDER_QUERY_RETURNED_OPTION_ROOTS,SSG,186,2026-10-01T19:08:07.313Z,59f62bff955bb93e44ead8526361b611804cbf26ecb12983ead1847102108c47
SSK,CBOE_ETF,ETF,REX-Osprey SOL + Staking ETF,American,cboe_cone|cboe_ctwo|cboe_exo|cboe_opt,true,SSK,REX-OSPREY SOL STAKING ETF,PROVIDER_QUERY_RETURNED_OPTION_ROOTS,SSK,152,2026-10-01T19:08:07.730Z,4a80656facf9983ba466a37621277e8e78be520e1a5709d20f4bd25b45fef323
SSO,CBOE_ETF,ETF,PROSHARES TR PSHS ULT S&P 500,American,cboe_cone|cboe_ctwo|cboe_exo|cboe_opt,false,SSO,ProShares Ultra S&P 500,PROVIDER_QUERY_RETURNED_OPTION_ROOTS,SSO,968,2026-10-01T19:08:09.222Z,9685c9681f5de3a1f17c77bfe1353a056084ac00ba31af7f10e0ae518999621a
SSPC,CBOE_ETF,ETF,Leverage Shares 2X Short SPCX Daily ETF,American,cboe_cone|cboe_ctwo|cboe_exo|cboe_opt,true,SSPC,LEVERAGE SHARES 2X SHORT SPCX DAILY ETF,PROVIDER_QUERY_RETURNED_OPTION_ROOTS,SSPC,316,2026-10-01T19:08:11.019Z,7549110b136ca5a7b2b8bf21f04931459a79cc343440dcac0e3b93264cbd0ccc
STIP,CBOE_ETF,ETF,ISHARES TR 0-5 YR TIPS ETF,American,cboe_cone|cboe_ctwo|cboe_exo|cboe_opt,true,STIP,ISHARES 0-5 YEAR TIPS BOND ETF,PROVIDER_QUERY_RETURNED_OPTION_ROOTS,STIP,152,2026-10-01T19:08:21.135Z,27b7aabd93344aee3ad22b810eab5efbddaef85b339ca24dedcfb1950a0a0c89
STPZ,CBOE_ETF,ETF,PIMCO ETF TR 1-5 US TIP IDX,American,cboe_cone|cboe_ctwo|cboe_exo|cboe_opt,true,STPZ,PIMCO 1-5 YEAR US TIPS INDEX ETF,PROVIDER_QUERY_RETURNED_OPTION_ROOTS,STPZ,152,2026-10-01T19:08:26.713Z,4037f88cbcc97f37a3023fa42ea324b8c845987ed5aff4bd47161efed676881d
STXE,CBOE_ETF,ETF,EA SERIES TRUST STRIVE EMERGING,American,cboe_cone|cboe_ctwo|cboe_exo|cboe_opt,true,STXE,STRIVE EMERGING MARKETS EX-CHINA ETF,PROVIDER_QUERY_RETURNED_OPTION_ROOTS,STXE,178,2026-10-01T19:08:33.660Z,d8f19e2053f5337b76d80ba2f9057dfad657b0c91dd99304c398b2762358d941
STXF,CBOE_ETF,ETF,EA SERIES TRUST STRIVE 500 ETF,American,cboe_cone|cboe_ctwo|cboe_exo|cboe_opt,true,STXF,Strive 500 ETF,PROVIDER_QUERY_RETURNED_OPTION_ROOTS,STXF,168,2026-10-01T19:08:34.192Z,ad77b88e35633cfd45e88303ae2ccfb22b27ed1487f5843bf64cc4c212689770
STXL,CBOE_ETF,ETF,Defiance Daily Target 2x Long STX ETF,American,cboe_cone|cboe_ctwo|cboe_exo|cboe_opt,true,STXL,DEFIANCE DAILY TARGET 2X LONG STX ETF,PROVIDER_QUERY_RETURNED_OPTION_ROOTS,STXL,246,2026-10-01T19:08:34.670Z,a52f72f7f61a23e64effde851dba1a3a1e63155734c4a51dffc3a24e788c6885
STXU,CBOE_ETF,ETF,Leverage Shares 2X Long STX Daily ETF,American,cboe_cone|cboe_ctwo|cboe_exo|cboe_opt,true,STXU,LEVERAGE SHARES 2X LONG STX DAILY ETF,PROVIDER_QUERY_RETURNED_OPTION_ROOTS,STXU,174,2026-10-01T19:08:35.680Z,8a52e6917b957b0bae7964016cdb49f3f48fee6a247530b8ce090bb0d4cec42a
STXX,CBOE_ETF,ETF,Tradr 2X Long STX Daily ETF,American,cboe_cone|cboe_ctwo|cboe_exo|cboe_opt,true,STXX,TRADR 2X SHORT STX DAILY ETF,PROVIDER_QUERY_RETURNED_OPTION_ROOTS,STXX,280,2026-10-01T19:08:36.204Z,9e10c66726d9d170deba32a465cb7d8e2d1d14d76a5f189716f760c9f9a899df
STYL,CBOE_ETF,ETF,Corgi Lifestyle Brands ETF,American,cboe_cone|cboe_ctwo|cboe_exo|cboe_opt,true,STYL,CORGI LIFESTYLE BRANDS ETF,PROVIDER_QUERY_RETURNED_OPTION_ROOTS,STYL,146,2026-10-01T19:08:36.727Z,b6e34922a09fd3ef4941f702c37a2b32b7bbf32a69e26576d3f0821647e4665e
SUPL,CBOE_ETF,ETF,PROSHARES TR SUPPLY CHAIN LOG,American,cboe_cone|cboe_ctwo|cboe_exo|cboe_opt,true,SUPL,PROSHARES SUPPLY CHAIN LOGISTICS ETF,PROVIDER_QUERY_RETURNED_OPTION_ROOTS,SUPL,152,2026-10-01T19:08:41.176Z,4beea2b0f537467b92a6dcbc81cd319f1fc0039b434a26914686d43f1cc4b473
SUSA,CBOE_ETF,ETF,ISHARES TR ESG OPTIMIZED,American,cboe_cone|cboe_ctwo|cboe_exo|cboe_opt,true,SUSA,iShares ESG Optimized MSCI USA ETF,PROVIDER_QUERY_RETURNED_OPTION_ROOTS,SUSA,198,2026-10-01T19:08:43.192Z,a97b1fe135eb9206ad53feea2010e38b7ef5bdad5b7c755a9977546eff3f0724
SUSB,CBOE_ETF,ETF,ISHARES TR ESG AWRE 1 5 YR,American,cboe_cone|cboe_ctwo|cboe_exo|cboe_opt,true,SUSB,ISHARES ESG AWARE 1-5 YEAR USD CORPORATE BOND ETF,PROVIDER_QUERY_RETURNED_OPTION_ROOTS,SUSB,152,2026-10-01T19:08:43.683Z,4302f4ce0d1f922396fe5ab39fe0b845797c5457026ea487cfbeba9faee895f5
SVAL,CBOE_ETF,ETF,iShares US Small Cap Value Factor ETF,American,cboe_cone|cboe_ctwo|cboe_exo|cboe_opt,true,SVAL,ISHARES US SMALL CAP VALUE FACTOR ETF,PROVIDER_QUERY_RETURNED_OPTION_ROOTS,SVAL,158,2026-10-01T19:08:45.184Z,32fb5e76bb7ff1ec0fe87c6c7dfd6ccabf0f3cfaaefae84d39fcb4aa671c77f2
SVIX,CBOE_ETF,ETF,-1x Short VIX Futures ETF,American,cboe_cone|cboe_ctwo|cboe_exo|cboe_opt,true,SVIX,-1X SHORT VIX FUTURES ETF,PROVIDER_QUERY_RETURNED_OPTION_ROOTS,SVIX,1244,2026-10-01T19:08:46.724Z,91b4576b27480a8f175b11823d0494d382221316c45482b35f113759e03e805f
SVOL,CBOE_ETF,ETF,SIMPLIFY EXCHANGE TRADED FUNDS VOLATILITY PREM,American,cboe_cone|cboe_ctwo|cboe_exo|cboe_opt,true,SVOL,SIMPLITY ETF VOL PREM,PROVIDER_QUERY_RETURNED_OPTION_ROOTS,SVOL,168,2026-10-01T19:08:47.740Z,6181be4884848be0fd7655a83000b7c51eea03530193379857b1c612c9e34e5e
SVXY,CBOE_ETF,ETF,ProShares Short VIX Short-Term Futures ETF,American,cboe_cone|cboe_ctwo|cboe_exo|cboe_opt,false,SVXY,ProShares Short VIX Short-Term Futures,PROVIDER_QUERY_RETURNED_OPTION_ROOTS,SVXY,782,2026-10-01T19:08:49.390Z,01a26d8ebf98417e51cb7c4805577383810e9743f795ec340e284eaa5f02ef9e
SWAN,CBOE_ETF,ETF,AMPLIFY ETF TR BLACKSWAN GRWT,American,cboe_cone|cboe_ctwo|cboe_exo|cboe_opt,true,SWAN,AMPLIFY BLACKSWAN GROWTH & TREASURY CORE ETF,PROVIDER_QUERY_RETURNED_OPTION_ROOTS,SWAN,170,2026-10-01T19:08:50.197Z,c6ee69fc803166c265c3f275610030500f24faf0249a74600a2020e5c584f461
SYLD,CBOE_ETF,ETF,Cambria Shareholder Yield ETF,American,cboe_cone|cboe_ctwo|cboe_exo|cboe_opt,true,SYLD,CAMBRIA SHAREHOLDER YIELD ETF,PROVIDER_QUERY_RETURNED_OPTION_ROOTS,SYLD,184,2026-10-01T19:08:56.716Z,5f134f8e80150711d9352469e069460f5ed6f5cec839607662946e14cb15c7cf
SZK,CBOE_ETF,ETF,PROSHARES TR ULTRASHORT CONSM,American,cboe_cone|cboe_ctwo|cboe_exo|cboe_opt,false,SZK|SZK1,ProShares UltraShort Consumer Staples|ProShares UltraShort Consumer Staples(1:2),PROVIDER_QUERY_RETURNED_OPTION_ROOTS,SZK|SZK1,204,2026-10-01T19:08:59.821Z,4a561a079e59c7c27fe55ef22d1b8fd69e741201fc418453025d9f4bde6a8e87
TAGS,CBOE_ETF,ETF,TEUCRIUM COMMODITY TR AGRICULTURE FD,American,cboe_cone|cboe_ctwo|cboe_exo|cboe_opt,false,TAGS,TEUCRIUM AGRICULTURAL FUND,PROVIDER_QUERY_RETURNED_OPTION_ROOTS,TAGS,152,2026-10-01T19:09:01.729Z,12d47b4f1e14ea5e0fa3ff912f2410643fae797f1ec50655af21bf274b8ba2ab
TAIL,CBOE_ETF,ETF,Cambria Tail Risk ETF,American,cboe_cone|cboe_ctwo|cboe_exo|cboe_opt,false,TAIL,CAMBRIA TAIL RISK,PROVIDER_QUERY_RETURNED_OPTION_ROOTS,TAIL,152,2026-10-01T19:09:02.239Z,d141c961073b937720d9e5405e6150a98d377fc95e18ea21fcb5e9d9a7df7f52
TAN,CBOE_ETF,ETF,INVESCO EXCHANGE-TRADED FD TR SOLAR ETF,American,cboe_cone|cboe_ctwo|cboe_exo|cboe_opt,true,TAN,Invesco Solar ETF,PROVIDER_QUERY_RETURNED_OPTION_ROOTS,TAN,588,2026-10-01T19:09:04.248Z,5ca42b9739202aaa0e55ecbf4278fd45f68ac9a9dd08af1d9436d0cca07b3eb9
TARK,CBOE_ETF,ETF,INVESTMENT MANAGERS SER TR II TRAD 2X INNO ETF,American,cboe_cone|cboe_ctwo|cboe_exo|cboe_opt,true,TARK,Investment Mngrs Series Trust II Tradr 2X Long ETF,PROVIDER_QUERY_RETURNED_OPTION_ROOTS,TARK,240,2026-10-01T19:09:05.761Z,4e3099ef76cd1c0adc99f202ad71a9e789e56b6bd7a805dd5d612b2e57330520
TBF,CBOE_ETF,ETF,PROSHARES TR SHRT 20+YR TRE,American,cboe_cone|cboe_ctwo|cboe_exo|cboe_opt,true,TBF,ProShares Short 20+ Year Treasury ETF,PROVIDER_QUERY_RETURNED_OPTION_ROOTS,TBF,168,2026-10-01T19:09:08.786Z,0dca9fd12d7de1fed2553ab57ae932cb0debf5ddd666f33ce74d17368ff8a366
TBT,CBOE_ETF,ETF,PROSHARES TR PSHS ULTSH 20YRS,American,cboe_cone|cboe_ctwo|cboe_exo|cboe_opt,false,TBT,Proshares Ultrashort 20+ Year Treasury,PROVIDER_QUERY_RETURNED_OPTION_ROOTS,TBT,410,2026-10-01T19:09:11.797Z,cf99988b9ad3e1649ee8793c9dcc34faa1d3afbed7ba5ec495a5203ba64d96cd
TDIV,CBOE_ETF,ETF,FIRST TR EXCHANGE TRADED FD VI NASD TECH DIV,American,cboe_cone,false,TDIV,First Trust NASDAQ Technology Dividend Fund,PROVIDER_QUERY_RETURNED_OPTION_ROOTS,TDIV,250,2026-10-01T19:09:19.270Z,9f0b7dfeb36e779606e7c4cc511c337e161d74de75ba29be1378e377592e0810
TDTT,CBOE_ETF,ETF,FLEXSHARES TR NRTRN TR IBOXX 3,American,cboe_cone|cboe_ctwo|cboe_exo|cboe_opt,false,TDTT,Northern Trust iBoxx 3Year Target Duration TIPSETF,PROVIDER_QUERY_RETURNED_OPTION_ROOTS,TDTT,152,2026-10-01T19:09:21.291Z,f46bb763bd8a1574df21a15b3a7b8baf869f84638e93da4c57a53e635654288c
TDV,CBOE_ETF,ETF,ProShares S&P Global Technology Dividend Aristocrats ETF,American,cboe_cone|cboe_ctwo|cboe_exo|cboe_opt,true,TDV,PROSHARES S&P TECHNOLOGY DIVIDEND ARISTOCRATS ETF,PROVIDER_QUERY_RETURNED_OPTION_ROOTS,TDV,184,2026-10-01T19:09:22.341Z,057262fe40203c3e783a12b9a3094f83d4ad6fc663e3e791175a4e93b9376d5c
TECL,CBOE_ETF,ETF,DIREXION SHARES ETF TRUST DA TE BU 3X ETF,American,cboe_cone|cboe_ctwo|cboe_exo|cboe_opt,false,TECL,Direxion Daily Technology Bull 3X Shares,PROVIDER_QUERY_RETURNED_OPTION_ROOTS,TECL,1892,2026-10-01T19:09:26.819Z,7f39279040ad131ae4674de4130fd72ba13c138632f7512110970e01f1b9222e
TECS,CBOE_ETF,ETF,DIREXION SHARES ETF TRUST DA TE BE 3X ETF,American,cboe_cone|cboe_ctwo|cboe_exo|cboe_opt,false,TECS|TECS1,Direxion Daily Technology Bear 3X Shares|Direxion Daily Technology Bear 3X Shares(1:10),PROVIDER_QUERY_RETURNED_OPTION_ROOTS,TECS|TECS1,1508,2026-10-01T19:09:27.326Z,9d2b13d4801767167435bbe975a3c220d505ffd3ff35a8978518441dc0f2af53
TEMT,CBOE_ETF,ETF,Tradr 2X Long TEM Daily ETF,American,cboe_cone|cboe_ctwo|cboe_exo|cboe_opt,true,TEMT|TEMT2,TRADR 2X LONG TEM DAILY ETF|TRADR 2X LONG TEM DAILY ETF (1:3),PROVIDER_QUERY_RETURNED_OPTION_ROOTS,TEMT,296,2026-10-01T19:09:30.285Z,6e96f134d2188e55e738e96eace05b4e232da5beba5533df5c92674c4c1e983a
TERG,CBOE_ETF,ETF,THEMES ETF TR LEVERAGE SHS 2X,American,cboe_cone|cboe_ctwo|cboe_exo|cboe_opt,true,TERG,THEMES TRST LEVERAGE SHARES 2X LONG TER DAILY ETF,PROVIDER_QUERY_RETURNED_OPTION_ROOTS,TERG,264,2026-10-01T19:09:33.355Z,8478b2b87d317bba3a83b2af60d86fc42e32c37de485aa77590ed07959a4be30
TESL,CBOE_ETF,ETF,SIMPLIFY EXCHANGE TRADED FUNDS VOLT TSLA RE ETF,American,cboe_cone|cboe_ctwo|cboe_exo|cboe_opt,true,TESL,Simplify Volt TSLA Revolution ETF,PROVIDER_QUERY_RETURNED_OPTION_ROOTS,TESL,154,2026-10-01T19:09:33.882Z,161ab9433ddc3510faff6ff994e2491e611acde6bac64ac8c31b6d1e579c7b58
TETH,CBOE_ETF,ETF,21Shares Ethereum Staking ETF,American,cboe_cone|cboe_ctwo|cboe_exo|cboe_opt,true,TETH,21Shares Ethereum Staking ETF,PROVIDER_QUERY_RETURNED_OPTION_ROOTS,TETH,152,2026-10-01T19:09:34.354Z,98e2f4c6a4f3a1d45be8dd067cd4881d2bce83dfa64b46a743b3db1eb1745403
TEUP,CBOE_ETF,ETF,T-REX 2X Long TE Daily Target ETF,American,cboe_cone|cboe_ctwo|cboe_exo|cboe_opt,true,TEUP|TEUP1,T-REX 2X LONG TE DAILY TARGET ETF|T-REX 2X LONG TE DAILY TARGET ETF(1:10),PROVIDER_QUERY_RETURNED_OPTION_ROOTS,TEUP|TEUP1,398,2026-10-01T19:09:34.870Z,774d5bc2acb5a368d2aed797ad4aedd47105edde47d3f16901cf8be1e2d0e3ac
TFLO,CBOE_ETF,ETF,ISHARES TR TRS FLT RT BD,American,cboe_cone|cboe_ctwo|cboe_exo|cboe_opt,true,TFLO,ISHARES TREASURY FLOATING RATE BOND ETF,PROVIDER_QUERY_RETURNED_OPTION_ROOTS,TFLO,152,2026-10-01T19:09:38.305Z,86b9a5bd36e2276847be7af9eda7a74f8df99ffcea98fe9654218fa61a724c99
THD,CBOE_ETF,ETF,ISHARES INC MSCI THAILND ETF,American,cboe_cone|cboe_ctwo|cboe_exo|cboe_opt,true,THD,iShares MSCI Thailand ETF,PROVIDER_QUERY_RETURNED_OPTION_ROOTS,THD,212,2026-10-01T19:09:45.415Z,e22ee55faee04c6d437d1970136dc78d068d4b46ee4c4b5e313e4dd3a5e69d49
THNQ,CBOE_ETF,ETF,EXCHANGE TRADED CONCEPTS TRUST ROBO GLB ARTIF,American,cboe_cone|cboe_ctwo|cboe_exo|cboe_opt,true,THNQ,ROBO GLOBAL ARTIFICIAL INTELLIGENCE ETF,PROVIDER_QUERY_RETURNED_OPTION_ROOTS,THNQ,232,2026-10-01T19:09:47.331Z,77efcb1bab35c2f224120d3b2b77abd785ffa2dbf8098d4a260f0a2bd0073f1b
THRO,CBOE_ETF,ETF,BLACKROCK ETF TRUST ISHA US THEM ETF,American,cboe_cone|cboe_ctwo|cboe_exo|cboe_opt,true,THRO,ISHARES U.S. THEMATIC ROTATION ACTIVE ETF,PROVIDER_QUERY_RETURNED_OPTION_ROOTS,THRO,168,2026-10-01T19:09:49.332Z,df01ac3d26804ae9113662c2e0d91fcf3d25d94dbdeb3c70212e9e3704b13333
TILL,CBOE_ETF,ETF,LISTED FDS TR TEUCRIUM AGRI ST,American,cboe_cone|cboe_ctwo|cboe_exo|cboe_opt,true,TILL,TEUCRIUM AGRICULTURAL STRATEGY NO K-1 ETF,PROVIDER_QUERY_RETURNED_OPTION_ROOTS,TILL,152,2026-10-01T19:09:53.341Z,6a9349b0595c5fc69169aa77345fa6227c4b51ccef8980a7e92898d574d07bc8
TIME,CBOE_ETF,ETF,TIDAL TRUST II CLOC US CORE ETF,American,cboe_cone|cboe_ctwo|cboe_exo|cboe_opt,true,TIME,Clockwise U.S. Core Equity ETF,PROVIDER_QUERY_RETURNED_OPTION_ROOTS,TIME,152,2026-10-01T19:09:54.347Z,d499b396cea25bd7686784348525bd469521db99b08981fdb4e787735e0ef8cf
TIP,CBOE_ETF,ETF,ISHARES TR TIPS BD ETF,American,cboe_cone|cboe_ctwo|cboe_exo|cboe_opt,true,TIP,iShares TIPS Bond ETF,PROVIDER_QUERY_RETURNED_OPTION_ROOTS,TIP,322,2026-10-01T19:09:55.905Z,b95a8d18832ede1335df4b3d2085ba477acfdb48abb33573d1f3228d328f8f59
TIPX,CBOE_ETF,ETF,SPDR SERIES TRUST STATE STRET SPDR,American,cboe_cone|cboe_ctwo|cboe_exo|cboe_opt,true,TIPX,State Street SPDR Bloomberg 1-10 Year TIPS ETF,PROVIDER_QUERY_RETURNED_OPTION_ROOTS,TIPX,152,2026-10-01T19:09:56.896Z,9b43e0647644ffce7f9d6f6e73290592690212b9a28500446ec5396e8ce33e1e
TLH,CBOE_ETF,ETF,ISHARES TR 10-20 YR TRS ETF,American,cboe_cone|cboe_ctwo|cboe_exo|cboe_opt,true,TLH,iShares 10-20 Year Treasury Bond ETF,PROVIDER_QUERY_RETURNED_OPTION_ROOTS,TLH,176,2026-10-01T19:10:00.859Z,8f41ec5e08d425aea0a469018ad49b8e11c6cd1d186121221ad2af844ddeeea9
TLT,CBOE_ETF,ETF,ISHARES TR 20 YR TR BD ETF,American,cboe_cone|cboe_ctwo|cboe_exo|cboe_opt,true,TLT,iShares 20+ Year Treasury Bond ETF,PROVIDER_QUERY_RETURNED_OPTION_ROOTS,TLT,2732,2026-10-01T19:10:04.477Z,4e0d6cb6a2a2452b2b2010efbb5b98f19e9c418584ef6cad133f280ff510d582
TLTI,CBOE_ETF,ETF,NEOS Enhanced Income 20+ Year Treasury Bond ETF,American,cboe_cone|cboe_ctwo|cboe_exo|cboe_opt,false,TLTI,NEOS ENHANCED INCOME 20 YR TREAS BD,PROVIDER_QUERY_RETURNED_OPTION_ROOTS,TLTI,152,2026-10-01T19:10:04.865Z,c14c4dfbcef625576c350438f1fe1724cc9c5c1d44dc6f4be075d501a4aaca75
TMAT,CBOE_ETF,ETF,Main Thematic Innovation ETF,American,cboe_cone|cboe_ctwo|cboe_exo|cboe_opt,false,TMAT,NORTHERM LTS IV MAIN THEMATC,PROVIDER_QUERY_RETURNED_OPTION_ROOTS,TMAT,152,2026-10-01T19:10:06.913Z,38f93ce507adcd58189d1b1901d7ad31dad585c77c40beaad47fc299fd6839a9
TMF,CBOE_ETF,ETF,DIREXION SHARES ETF TRUST DLY 20 YR TRESUR,American,cboe_cone|cboe_ctwo|cboe_exo|cboe_opt,false,TMF,Direxion Daily 20 Year Treasury Bull 3X Shares,PROVIDER_QUERY_RETURNED_OPTION_ROOTS,TMF,846,2026-10-01T19:10:09.376Z,bd4777dbf0d041a83a46c181e4552d060b8f6bf90cf35f44ada5201ee0acea20
TMV,CBOE_ETF,ETF,DIREXION SHARES ETF TRUST DAILY 20 YR TREA,American,cboe_cone|cboe_ctwo|cboe_exo|cboe_opt,false,TMV,Direxion Daily 20 Year Treasury Bear 3X Shares,PROVIDER_QUERY_RETURNED_OPTION_ROOTS,TMV,314,2026-10-01T19:10:12.884Z,9ab32a9a819ba421137804fdbb9cf3bb34dbf01cd10cfacaecc3f1b0b683a879
TNA,CBOE_ETF,ETF,DIREXION SHARES ETF TRUST DAILY SMALL CAP,American,cboe_cone|cboe_ctwo|cboe_exo|cboe_opt,false,TNA,Direxion Daily Small Cap Bull 3X Shares,PROVIDER_QUERY_RETURNED_OPTION_ROOTS,TNA,1372,2026-10-01T19:10:13.382Z,d012dd5651da3a88e14785792f969d7a8ed667cc5c2148840a24a352c1492eec
TOPT,CBOE_ETF,ETF,ISHARES TR TOP 20 U S ETF,American,cboe_cone|cboe_ctwo|cboe_exo|cboe_opt,true,TOPT,ISHARES TOP 20 U.S. STOCKS ETF,PROVIDER_QUERY_RETURNED_OPTION_ROOTS,TOPT,168,2026-10-01T19:10:19.967Z,2489c5e2b2c37a4b3c763b2a79c40488863c80f02b8d15c2882b80457b5f9a46
TOPW,CBOE_ETF,ETF,Roundhill Top WeeklyPay ETF,American,cboe_cone|cboe_ctwo|cboe_exo|cboe_opt,true,TOPW,Roundhill Top WeeklyPay ETF,PROVIDER_QUERY_RETURNED_OPTION_ROOTS,TOPW,174,2026-10-01T19:10:20.494Z,ff8ec1a5593f9d7c29e6f09626c73e999f190db069c94ee8f8e8273d614f3f5f
TOTL,CBOE_ETF,ETF,SSGA ACTIVE ETF TR ST STR TOTAL ETF,American,cboe_cone|cboe_ctwo|cboe_exo|cboe_opt,true,TOTL,State Street DoubleLine Total Return Tactical ETF,PROVIDER_QUERY_RETURNED_OPTION_ROOTS,TOTL,152,2026-10-01T19:10:21.916Z,beebf1e76340c2b435367e60dc26d2356905160691ea4c59562ce0568515f570
TPAY,CBOE_ETF,ETF,Roundhill S&P 500 Target 10 Managed Distribution ETF,American,cboe_cone|cboe_ctwo|cboe_exo|cboe_opt,false,TPAY,S&P 500 TARGET 10 MANAGED DISTRIBUTION,PROVIDER_QUERY_RETURNED_OPTION_ROOTS,TPAY,152,2026-10-01T19:10:23.935Z,eb916a2e6b822b0b640a052f9ad4b09c3bff3a9d33b0b828afca4b9fe892c457
TPOR,CBOE_ETF,ETF,DIREXION SHARES ETF TRUST DAILY TRANSN ETF,American,cboe_cone|cboe_ctwo|cboe_exo|cboe_opt,false,TPOR,DIREXION DAILY TRANSPORTATION BULL 3X SHARES,PROVIDER_QUERY_RETURNED_OPTION_ROOTS,TPOR,192,2026-10-01T19:10:26.477Z,38062f8e47d3690ad17a89b68b79095ec62b2c719c0c1b1d3bb6ebea4993b3ef
TPYP,CBOE_ETF,ETF,TORTOISE CAPITAL SERIES TRUST NORTH AMRCN PIPE,American,cboe_cone|cboe_ctwo|cboe_exo|cboe_opt,true,TPYP,Tortoise North American Pipeline ETF,PROVIDER_QUERY_RETURNED_OPTION_ROOTS,TPYP,152,2026-10-01T19:10:27.938Z,068e7e7830e4b7981725334b834268e2820d1dabdebfdfa6720eab29bfcad4ff
TQQQ,CBOE_ETF,ETF,PROSHARES TR ULTRAPRO QQQ,American,cboe_cone|cboe_ctwo|cboe_exo|cboe_opt,false,TQQQ,ProShares Ultra Pro QQQ,PROVIDER_QUERY_RETURNED_OPTION_ROOTS,TQQQ,1684,2026-10-01T19:10:28.425Z,dec8a66c62e384635795c8d1f84727f82e249a6bf15047e6a6752cd860283234
TQQY,CBOE_ETF,ETF,GRANITESHARES ETF TR YIELD BOOST QQQ,American,cboe_cone|cboe_ctwo|cboe_exo|cboe_opt,true,TQQY,GRANITESHARES YIELDBOOST QQQ ETF,PROVIDER_QUERY_RETURNED_OPTION_ROOTS,TQQY,168,2026-10-01T19:10:28.938Z,87d82d77cb54f9a3097047d9475fa019377aa6cc42d436c4bcde99301da1212c
TSDD,CBOE_ETF,ETF,GRANITESHARES ETF TR 2X SHOR TSLA NEW,American,cboe_cone|cboe_ctwo|cboe_exo|cboe_opt,true,TSDD,GraniteShares ETF Trust 2x Short TSLA Daily ETF,PROVIDER_QUERY_RETURNED_OPTION_ROOTS,TSDD,166,2026-10-01T19:10:48.471Z,e5efdb4a146a5a0b2eaca4bc8041cfd0cc18581c3f5acd3a0cf167b06ea0bc64
TSL,CBOE_ETF,ETF,GRANITESHARES ETF TR 1.25X LNG TESLA,American,cboe_cone|cboe_ctwo|cboe_exo|cboe_opt,true,TSL,GRANITESHARES 1.25X LONG TSLA DAILY ETF,PROVIDER_QUERY_RETURNED_OPTION_ROOTS,TSL,170,2026-10-01T19:10:50.484Z,c201795e56802680e930748b61846ed590fc9616c303898d3add40999c081896
TSLG,CBOE_ETF,ETF,THEMES ETF TR LEVERAGE SHARES,American,cboe_cone|cboe_ctwo|cboe_exo|cboe_opt,true,TSLG,LEVERAGE SHARES 2X LONG TSLA DAILY ETF,PROVIDER_QUERY_RETURNED_OPTION_ROOTS,TSLG,90,2026-10-01T19:10:51.508Z,937f009007ee82e8db3c7fda34427996b3b5510a3ed8a5f9c0a9fb45dd52a1e0
TSLL,CBOE_ETF,ETF,DIREXION SHARES ETF TRUST DLY TSLA BULL 2X,American,cboe_cone|cboe_ctwo|cboe_exo|cboe_opt,true,TSLL|TSLL1,Direxion Shares ETF Daily TSLA Bull 2X|Direxion Shares ETF Daily TSLA Bull 2X (Cash Dist),PROVIDER_QUERY_RETURNED_OPTION_ROOTS,TSLL|TSLL1,928,2026-10-01T19:10:52.002Z,7e501e4ea5b7a82a698e8f2e19f4ea1e10afab5ecd08a095e329a360ec0f52c2
TSLQ,CBOE_ETF,ETF,INVESTMENT MANAGERS SER TR II TRADR 2X SHORT,American,cboe_cone|cboe_ctwo|cboe_exo|cboe_opt,false,TSLQ|TSLQ1,Investment Mngr Series Trust II Tradr 2XShort TSLA|Investment Mngr Series Trust II Tradr 2XShort(1:3),PROVIDER_QUERY_RETURNED_OPTION_ROOTS,TSLQ|TSLQ1,508,2026-10-01T19:10:53.092Z,2103474974847a51a878de8314eb83d17f4df7a92123b3299c6e92529e63df9e
TSLR,CBOE_ETF,ETF,GRANITESHARES ETF TR 2X LONG TSLA ETF,American,cboe_cone|cboe_ctwo|cboe_exo|cboe_opt,true,TSLR,GraniteShares ETF Trust 2x Long TSLA Daily ETF,PROVIDER_QUERY_RETURNED_OPTION_ROOTS,TSLR,216,2026-10-01T19:10:53.627Z,58c6c5d3da6b967c0c713b0da696c5091b67348a5080308c3817aeb6d52a0357
TSLS,CBOE_ETF,ETF,DIREXION SHARES ETF TRUST DLY TSLA BEAR 1X,American,cboe_cone|cboe_ctwo|cboe_exo|cboe_opt,false,TSLS|TSLS1,DIREXDIREXION DAILY TSLA BEAR 1X SHARES|DIREXDIREXION DAILY TSLA BEAR 1X SHARES (1:10),PROVIDER_QUERY_RETURNED_OPTION_ROOTS,TSLS|TSLS1,352,2026-10-01T19:10:54.054Z,7015865461be47742eb7159c23e7f13a42cabb97fade86ae8b6f6ff1437c83cd
TSLT,CBOE_ETF,ETF,T-Rex 2X Long Tesla Daily Target ETF,American,cboe_cone|cboe_ctwo|cboe_exo|cboe_opt,true,TSLT,ETF OPPORTUNITIES TRUSTT REX 2X LONG,PROVIDER_QUERY_RETURNED_OPTION_ROOTS,TSLT,378,2026-10-01T19:10:54.578Z,eb4dcbe262a9027ead2fce8b8dd9676a77df9908e6b5afb6c0555d5f6e45995f
TSLW,CBOE_ETF,ETF,Roundhill TSLA WeeklyPay ETF,American,cboe_cone|cboe_ctwo|cboe_exo|cboe_opt,true,TSLW,Roundhill TSLA WeeklyPay ETF,PROVIDER_QUERY_RETURNED_OPTION_ROOTS,TSLW,204,2026-10-01T19:10:54.988Z,f66ed2bdf3cf207e8bbbe12a2458a317bfefd60e5be7a2e37b84e77a70748bde
TSLY,CBOE_ETF,ETF,TIDAL TRUST II YIELD TSLA ETF,American,cboe_cone|cboe_ctwo|cboe_exo|cboe_opt,true,TSLY|TSLY1,YIELDMAX TSLA OPTION INCOME STRATEGY ETF|YIELDMAX TSLA OPTION INCOME STRATEGY ETF(1:5),PROVIDER_QUERY_RETURNED_OPTION_ROOTS,TSLY|TSLY1,436,2026-10-01T19:10:56.003Z,76ba3ec4bb3f299af15747de6ccb93e778f81e5802bea01ae0979adad42d89ef
TSLZ,CBOE_ETF,ETF,T-Rex 2X Inverse Tesla Daily Target ETF,American,cboe_cone|cboe_ctwo|cboe_exo|cboe_opt,true,TSLZ,ETF OPPORTUNITIES TRUSTT-REX 2X INVERSE,PROVIDER_QUERY_RETURNED_OPTION_ROOTS,TSLZ,208,2026-10-01T19:10:56.556Z,5d4f81b056975f2ef966d38cfebe702d135447e37afddf1b26b7f04c15ac4a67
TSMG,CBOE_ETF,ETF,THEMES ETF TR LEVERAGE SHARES,American,cboe_cone|cboe_ctwo|cboe_exo|cboe_opt,true,TSMG,THEMES ETF TRUST LEVERAGE SHARES 2X LONG TSM DAI,PROVIDER_QUERY_RETURNED_OPTION_ROOTS,TSMG,200,2026-10-01T19:10:57.507Z,d0019a076efdbc70b03e2fbbdab0e7052314aa4d4e8dbfd23aae78f3fdb2c9a1
TSMU,CBOE_ETF,ETF,GRANITESHARES ETF TR 2X LO TSM DA ETF,American,cboe_cone|cboe_ctwo|cboe_exo|cboe_opt,true,TSMU,GRANITESHARES 2X LONG TSM DAILY ETF,PROVIDER_QUERY_RETURNED_OPTION_ROOTS,TSMU,276,2026-10-01T19:10:58.021Z,90a5f52c7a46e9f5674a31f94abccad6dddb5bca7155f886121872364b326e2a
TSMY,CBOE_ETF,ETF,TIDAL TRUST II YIEL TSM OPT ETF,American,cboe_cone|cboe_ctwo|cboe_exo|cboe_opt,true,TSMY,YIELDMAX TSM OPTION INCOME STRATEGY ETF,PROVIDER_QUERY_RETURNED_OPTION_ROOTS,TSMY,152,2026-10-01T19:10:58.502Z,49c9a20b4de986f441be1768fb29f8476655e441dee4c0fb9d4564a2448a0346
TSYW,CBOE_ETF,ETF,Roundhill Treasury Bond WeeklyPay ETF,American,cboe_cone|cboe_ctwo|cboe_exo|cboe_opt,true,TSYW,ROUNDHILL TREASURY BOND WEEKLYPAY ETF,PROVIDER_QUERY_RETURNED_OPTION_ROOTS,TSYW,156,2026-10-01T19:11:01.020Z,59acb6eaebfadc80cc6332b496bc6cea2fc2ab0a9e2fa6741019a19fbf04babd
TSYY,CBOE_ETF,ETF,GRANITESHARES ETF TR YIELDBOOST TSLA,American,cboe_cone|cboe_ctwo|cboe_exo|cboe_opt,true,TSYY|TSYY1,GRANITESHARES YIELDBOOST TSLA ETF|GRANITESHARES YIELDBOOST TSLA ETF(1:8),PROVIDER_QUERY_RETURNED_OPTION_ROOTS,TSYY|TSYY1,162,2026-10-01T19:11:01.573Z,901a5208c39060c71964506acb2c8c910adca60ec3fcbd4a2a51b87c9492ca62
TTDU,CBOE_ETF,ETF,T-REX 2X Long TTD Daily Target ETF,American,cboe_cone|cboe_ctwo|cboe_exo|cboe_opt,true,TTDU|TTDU1,T-REX 2X LONG TTD DAILY TARGET ETF|T-REX 2X LONG TTD DAILY TARGET ETF(1:10),PROVIDER_QUERY_RETURNED_OPTION_ROOTS,TTDU|TTDU1,222,2026-10-01T19:11:04.599Z,1be0b12378a4a6602f3a9895d67183b27c03dc04aeb118b3cf368c327b4a4239
TTMX,CBOE_ETF,ETF,Tradr 2X Long TTMI Daily ETF,American,cboe_cone|cboe_ctwo|cboe_exo|cboe_opt,false,TTMX,TRADR 2X LONG TTMI DAILY ET,PROVIDER_QUERY_RETURNED_OPTION_ROOTS,TTMX,152,2026-10-01T19:11:08.031Z,bb7c4aca8b493b4b91861eb0df2127cc7a78751a6d81d4b91ce1ddd110b9d9a6
TTT,CBOE_ETF,ETF,PROSHARES TR ULSH 20YRTRE NEW,American,cboe_cone|cboe_ctwo|cboe_exo|cboe_opt,false,TTT,ProShares UltraPro Short 20+ Year Treasury,PROVIDER_QUERY_RETURNED_OPTION_ROOTS,TTT,238,2026-10-01T19:11:08.536Z,fe0d89934f972d4a8b553138db961215753875fa72305a93836883b2c033a9a6
TUA,CBOE_ETF,ETF,SIMPLIFY EXCHANGE TRADED FUNDS SHORT TERM TREA,American,cboe_cone|cboe_ctwo|cboe_exo|cboe_opt,true,TUA,SIMPLIFY SHORT TERM TREASURY FUTURES STRATEGY ETF,PROVIDER_QUERY_RETURNED_OPTION_ROOTS,TUA,164,2026-10-01T19:11:10.033Z,da8624797b6ee440a485f22d0c2b9eb74dd9b987c5dd7c49b7f2d074df8f21ba
TUR,CBOE_ETF,ETF,ISHARES INC MSCI TURKEY ETF,American,cboe_cone|cboe_ctwo|cboe_exo|cboe_opt,true,TUR,iShares MSCI Turkey ETF,PROVIDER_QUERY_RETURNED_OPTION_ROOTS,TUR,188,2026-10-01T19:11:10.526Z,b83bfd54c30c57d98f872c7c71ffab7dcc20f4ad4cf00a260c5b4c241b9ebc49
TWM,CBOE_ETF,ETF,PROSHARES TR ULTR RU 2000 NEW,American,cboe_cone|cboe_exo|cboe_opt,false,TWM,Proshares UltrShort Russell 2000,PROVIDER_QUERY_RETURNED_OPTION_ROOTS,TWM,178,2026-10-01T19:11:15.612Z,70320e5f4af555e79bbd06acbb3375ec422b4a505a5918e86f3e9b0c90cd0ba3
TXS,CBOE_ETF,ETF,TEXAS CAPITAL FUNDS TRUST CAP TE EQ IN ETF,American,cboe_cone|cboe_ctwo|cboe_exo|cboe_opt,true,TXS,TEXAS CAPITAL TEXAS EQUITY INDEX ETF,PROVIDER_QUERY_RETURNED_OPTION_ROOTS,TXS,152,2026-10-01T19:11:20.557Z,4cd443d174fb2aa840b97cc814b917d51961d554ca4cffde20999a3c0ce34221
TYD,CBOE_ETF,ETF,DIREXION SHARES ETF TRUST DAI 710 BUL ETF,American,cboe_cone|cboe_ctwo|cboe_exo|cboe_opt,false,TYD,Direxion Daily 7 to 10 Year Treasury Bull 3X Shrs,PROVIDER_QUERY_RETURNED_OPTION_ROOTS,TYD,168,2026-10-01T19:11:22.557Z,7663d5f4efa9f39498fc143ee3a49ed4a832b0fb1aa5e1c2d1da512a14d74e03
TYLG,CBOE_ETF,ETF,GLOBAL X FDS INFORMATION TEC,American,cboe_cone|cboe_ctwo|cboe_exo|cboe_opt,false,TYLG,GLOBAL X INFORMATION TECHNOLOGY COVERED CALL,PROVIDER_QUERY_RETURNED_OPTION_ROOTS,TYLG,156,2026-10-01T19:11:23.560Z,b6bb65ef17833113d17e62cc0f31c14a0219e409f1eef130655acf43c13076fd
TYO,CBOE_ETF,ETF,DIREXION SHARES ETF TRUST DAI 710 BEA ETF,American,cboe_cone,false,TYO,Direxion Daily 7 to 10 Year Treasury Bear 3X Shrs,PROVIDER_QUERY_RETURNED_OPTION_ROOTS,TYO,152,2026-10-01T19:11:24.118Z,64bc822a58a8eedb0cc8c97570b3d36678a07ec40dbd5c7bbe74ccfd9caaaef9
TZA,CBOE_ETF,ETF,DIREXION SHARES ETF TRUST DAILY SMALL CAP,American,cboe_cone|cboe_ctwo|cboe_exo|cboe_opt,false,TZA|TZA1,Direxion Daily Small Cap Bear 3X Shares|Direxion Daily Small Cap Bear 3X Shares(1:10),PROVIDER_QUERY_RETURNED_OPTION_ROOTS,TZA|TZA1,484,2026-10-01T19:11:25.335Z,b2d459e4e7e451a3cd9d06b2e3e977e1727fe6eaa9cc6aff67e87da36fea4e42
UBEW,CBOE_ETF,ETF,Roundhill UBER WeeklyPay ETF,American,cboe_cone|cboe_ctwo|cboe_exo|cboe_opt,false,UBEW,ROUNDHILL UBER WEEKLYPAY,PROVIDER_QUERY_RETURNED_OPTION_ROOTS,UBEW,160,2026-10-01T19:11:30.074Z,7396647afe7d63bfff2b06520aeeb73f4765544d7ff8fefc8494c2a86a62baf5
UBOT,CBOE_ETF,ETF,DIREXION SHARES ETF TRUST DAIL ROBO AR ETF,American,cboe_cone|cboe_ctwo|cboe_exo|cboe_opt,false,UBOT,"DIREXION DAILY ROBOTICS, ARTIFICIAL INTELLIGENCE",PROVIDER_QUERY_RETURNED_OPTION_ROOTS,UBOT,160,2026-10-01T19:11:30.592Z,ab417bc0c4c8fee124a927bd02f6bfbdc9a992e968282851ab533f7c5fa64bbf
UBRL,CBOE_ETF,ETF,GRANITESHARES ETF TR 2X LONG UBER,American,cboe_cone|cboe_ctwo|cboe_exo|cboe_opt,true,UBRL,GRANITESHARES 2X LONG UBER DAILY ETF,PROVIDER_QUERY_RETURNED_OPTION_ROOTS,UBRL,182,2026-10-01T19:11:31.593Z,7fc8571931e160cf8c177cec3b6d5afa2ba97418bbdfcb7789d44a12155748a7
UBT,CBOE_ETF,ETF,PROSHARES TR ULTRA 20YR TRE,American,cboe_cone|cboe_ctwo|cboe_exo|cboe_opt,false,UBT,ProShares Ultra 20+ Year Treasury,PROVIDER_QUERY_RETURNED_OPTION_ROOTS,UBT,152,2026-10-01T19:11:33.086Z,87d0f4c5b82a66106a3957ad9a22067a076ace8006a6d4d964f9f49899a5bd4e
UCO,CBOE_ETF,ETF,PROSHARES TR II ULTA BLMBG 2017,American,cboe_cone|cboe_ctwo|cboe_exo|cboe_opt,false,UCO,ProShares Ultra Bloomberg Crude Oil,PROVIDER_QUERY_RETURNED_OPTION_ROOTS,UCO,978,2026-10-01T19:11:34.608Z,7f1032892ab27aac4b0c68925a5038d8e68ee5f63b696c0a2ffec3ac5ce028b2
UCYB,CBOE_ETF,ETF,PROSHARES TR ULTRA CYBRSCURTY,American,cboe_cone|cboe_ctwo|cboe_exo|cboe_opt,true,UCYB,PROSHARES ULTRA NASDAQ CYBERSECURITY ETF,PROVIDER_QUERY_RETURNED_OPTION_ROOTS,UCYB,346,2026-10-01T19:11:36.088Z,33fb7324fbb2f959a33e25a275e192b52b8baa4733c60619f1607ea39293a473
UDN,CBOE_ETF,ETF,INVESCO DB US DLR INDEX TR BEARISH FD,American,cboe_cone|cboe_exo|cboe_opt,false,UDN,Invesco DB US Dollar Index Bearish Fund,PROVIDER_QUERY_RETURNED_OPTION_ROOTS,UDN,176,2026-10-01T19:11:36.586Z,567b2bd99dd86bad1824af1b7415ed3ed80cdf9d2b428defcabfe9bf7713f079
UDOW,CBOE_ETF,ETF,PROSHARES TR ULTRPRO DOW30,American,cboe_cone|cboe_ctwo|cboe_exo|cboe_opt,false,UDOW,ProShares UltraPro Dow30,PROVIDER_QUERY_RETURNED_OPTION_ROOTS,UDOW,430,2026-10-01T19:11:37.201Z,2444b6dbc278d5b2aa7d18c7b27cc6c927a2c3e876b68e2b9d77bd3a5589dd1f
UFO,CBOE_ETF,ETF,PROCURE ETF TRUST II SPACE ETF,American,cboe_cone|cboe_ctwo|cboe_exo|cboe_opt,true,UFO,PROCURE SPACE ETF,PROVIDER_QUERY_RETURNED_OPTION_ROOTS,UFO,324,2026-10-01T19:11:40.594Z,eb8575f56fbfa4e1019c9c0b3c4f26a2fe582e84a57f06cf63f727ed2bc1881b
UGA,CBOE_ETF,ETF,UNITED STS GASOLINE FD LP UNITS,American,cboe_cone|cboe_ctwo|cboe_exo|cboe_opt,false,UGA,"United States Gasoline Fund, LP",PROVIDER_QUERY_RETURNED_OPTION_ROOTS,UGA,908,2026-10-01T19:11:42.620Z,5b083fea0fe7729187774e4b1afdc6bfb9d93cbbd0d4980b294d9ba80d53b039
UGE,CBOE_ETF,ETF,PROSHARES TR ULTRA CONSU STAP,American,cboe_cone|cboe_ctwo|cboe_exo|cboe_opt,false,UGE,ProShares Ultra Consumer Staples,PROVIDER_QUERY_RETURNED_OPTION_ROOTS,UGE,168,2026-10-01T19:11:43.105Z,30abb62a5a1bb0218706c14e233556f6a32c5273712d3ddff6550e387ab0a8d8
UGL,CBOE_ETF,ETF,PROSHARES TR II ULTRA GOLD,American,cboe_cone|cboe_ctwo|cboe_exo|cboe_opt,false,UGL,ProShares Ultra Gold,PROVIDER_QUERY_RETURNED_OPTION_ROOTS,UGL,654,2026-10-01T19:11:44.127Z,3c8ff593f2b554c5ab7580f66bba21afe23f268cb638cbc20289cd4cf7df1d33
ULTY,CBOE_ETF,ETF,TIDAL TRUST II YIELD ULTRA ETF,American,cboe_cone|cboe_ctwo|cboe_exo|cboe_opt,true,ULTY|ULTY1,YIELDMAX ULTRA OPTION INCOME STRATEGY ETF|YIELDMAX ULTRA OPTION INCOME STRATEGY ETF(1:10),PROVIDER_QUERY_RETURNED_OPTION_ROOTS,ULTY|ULTY1,306,2026-10-01T19:11:50.683Z,b9527700f143053263b0eb705481c85cbcaabd241999898b0ea9eaf2922bb95e
UNG,CBOE_ETF,ETF,UNITED STS NAT GAS FD LP UNIT PAR,American,cboe_cone|cboe_ctwo|cboe_exo|cboe_opt,false,UNG,United States Natural Gas Fund,PROVIDER_QUERY_RETURNED_OPTION_ROOTS,UNG,738,2026-10-01T19:11:55.128Z,8373c4e4b10284f469c6c61661404835479d3aec4a2e44e461e027c9c1874751
UNHG,CBOE_ETF,ETF,THEMES ETF TR LEVERAGE SHS 2X,American,cboe_cone|cboe_ctwo|cboe_exo|cboe_opt,true,UNHG,THEMES ETF TRST LVRGE SHRES 2X LONG UNH DAILY ETF,PROVIDER_QUERY_RETURNED_OPTION_ROOTS,UNHG,198,2026-10-01T19:11:56.134Z,adc31122446a48060e84927577b06340279267c7f28c601fef7e2d592d22d59d
UNHW,CBOE_ETF,ETF,Roundhill UNH WeeklyPay ETF,American,cboe_cone|cboe_ctwo|cboe_exo|cboe_opt,true,UNHW,ROUNDHILL UNH WEEKLYPAY ETF,PROVIDER_QUERY_RETURNED_OPTION_ROOTS,UNHW,178,2026-10-01T19:11:56.636Z,b9accfa0119c4fa5318e7be8a2da345ae88b4b3a173adac8e5d467416cd531e2
UNL,CBOE_ETF,ETF,UNITED STS 12 MONTH NAT GAS FD UNIT BEN INT,American,cboe_cone|cboe_ctwo|cboe_exo|cboe_opt,true,UNL,United States 12 Month Natural Gas Fund LP ETF,PROVIDER_QUERY_RETURNED_OPTION_ROOTS,UNL,94,2026-10-01T19:11:57.673Z,99d6c880430d55ebf1bf247c76e69365376c3555d2926bdf70076ced21fd42ee
UNX,CBOE_ETF,ETF,Tradr 2X Long U Daily ETF,American,cboe_cone|cboe_ctwo|cboe_exo|cboe_opt,true,UNX|UNX1,TRADR 2X LONG U DAILY ETF|TRADR 2X LONG U DAILY ETF (1:10),PROVIDER_QUERY_RETURNED_OPTION_ROOTS,UNX,360,2026-10-01T19:11:59.648Z,79fe5f257696073f4ae10637405641acb8a0ee140bc665e01cede2a970846292
UPAR,CBOE_ETF,ETF,TIDAL TRUST I UPAR ULTRA RISK,American,cboe_cone|cboe_ctwo|cboe_exo|cboe_opt,true,UPAR,UPAR ULTRA RISK PARITY ETF,PROVIDER_QUERY_RETURNED_OPTION_ROOTS,UPAR,152,2026-10-01T19:12:01.685Z,268a862d878c63fe091d2067aa2108417ecbcedb9e5155f14b425623bcff5569
UPRO,CBOE_ETF,ETF,PROSHARES TR ULTRPRO S&P500,American,cboe_cone|cboe_ctwo|cboe_exo|cboe_opt,false,UPRO,ProShares Ultrapro S&P 500,PROVIDER_QUERY_RETURNED_OPTION_ROOTS,UPRO,1474,2026-10-01T19:12:04.858Z,c8f6886a62ff30238c960f093e929b997fe5a915e8b0edbe4d3c48e41813ee6b
UPSX,CBOE_ETF,ETF,Tradr 2X Long UPST Daily ETF,American,cboe_cone|cboe_ctwo|cboe_exo|cboe_opt,false,UPSX,TRADR 2X LONG UPST DAILY,PROVIDER_QUERY_RETURNED_OPTION_ROOTS,UPSX,200,2026-10-01T19:12:06.174Z,f29a850cdf8d59842cb2c07eed8f74f534a89a9dab38f4534133392952ccae1f
UPW,CBOE_ETF,ETF,PROSHARES TR PSHS ULTRA UTIL,American,cboe_cone|cboe_ctwo|cboe_exo|cboe_opt,false,UPW,PROSHARES ULTRA UTILITIES,PROVIDER_QUERY_RETURNED_OPTION_ROOTS,UPW,170,2026-10-01T19:12:07.185Z,eb7c71858271b59a702dfbbc06aeeb637981d47106191194ccd6bde159910c7b
URA,CBOE_ETF,ETF,GLOBAL X FDS GLOBAL X URANIUM,American,cboe_cone|cboe_ctwo|cboe_exo|cboe_opt,true,URA,Global X Uranium ETF,PROVIDER_QUERY_RETURNED_OPTION_ROOTS,URA,1062,2026-10-01T19:12:09.149Z,f48a4749b33f885ea2ad5110e3ea11c7d16e03863f2696dcf199e310ffcededc
URE,CBOE_ETF,ETF,PROSHARES TR ULT R/EST NEW,American,cboe_cone|cboe_ctwo|cboe_exo|cboe_opt,false,URE,ProShares UltraShort Real Estate,PROVIDER_QUERY_RETURNED_OPTION_ROOTS,URE,232,2026-10-01T19:12:10.158Z,22ab685c202f45f8bdb2d3867fbf29098c4e81b258ec0c2d7da974479d133802
URNJ,CBOE_ETF,ETF,SPROTT FDS TR JUNIOR URANIUM,American,cboe_cone|cboe_ctwo|cboe_exo|cboe_opt,true,URNJ,SPROTT JUNIOR URANIUM MINERS ETF,PROVIDER_QUERY_RETURNED_OPTION_ROOTS,URNJ,180,2026-10-01T19:12:11.720Z,1952efc71659f33d73097a5a9d8b310603fd939f33fc652480ad056e4be21a6b
URNM,CBOE_ETF,ETF,SPROTT FDS TR URANI MINER ETF,American,cboe_cone|cboe_ctwo|cboe_exo|cboe_opt,true,URNM,Sprott Uranium Miners ETF,PROVIDER_QUERY_RETURNED_OPTION_ROOTS,URNM,458,2026-10-01T19:12:12.257Z,e75d8673bda1a2fe3ea0886f99d98d5c6b946413c0e0a1c91008d41014bc8877
URTH,CBOE_ETF,ETF,ISHARES INC MSCI WORLD ETF,American,cboe_cone|cboe_ctwo|cboe_exo|cboe_opt,true,URTH,iShares MSCI World ETF,PROVIDER_QUERY_RETURNED_OPTION_ROOTS,URTH,220,2026-10-01T19:12:13.257Z,2f409dbd66c53dc37ce503d99ac96ff77bc4a5b02460c8d094be955735029b6e
URTY,CBOE_ETF,ETF,PROSHARES TR ULTR RUSSL2000,American,cboe_cone|cboe_ctwo|cboe_exo|cboe_opt,false,URTY,ProShares UltraPro Russell2000,PROVIDER_QUERY_RETURNED_OPTION_ROOTS,URTY,302,2026-10-01T19:12:13.741Z,81138c237c0d3d29d1bbf3885f16f1a36e18a3ea871390584308229caa89e549
USAX,CBOE_ETF,ETF,Tradr 2X Long USAR Daily ETF,American,cboe_cone|cboe_ctwo|cboe_exo|cboe_opt,true,USAX,TRDR 2X LONG USAR DAILY ETF,PROVIDER_QUERY_RETURNED_OPTION_ROOTS,USAX,202,2026-10-01T19:12:17.093Z,5c4c7aff5ccf4528daf10c609811eb3d10b07008c8cfdc41220580a872fc92f1
USCI,CBOE_ETF,ETF,UNITED STS COMMODITY INDEX FD COMM IDX FND,American,cboe_cone|cboe_ctwo|cboe_exo|cboe_opt,false,USCI,UNITED STATES COMMODITY INDEX FUND,PROVIDER_QUERY_RETURNED_OPTION_ROOTS,USCI,272,2026-10-01T19:12:18.101Z,f2f90a7fb8c8ecf11887cfb2269aed648dd525cee0bbccd67a7252bc59e73080
USD,CBOE_ETF,ETF,PROSHARES TR PSHS ULT SEMICDT,American,cboe_cone|cboe_exo|cboe_opt,false,USD,ProShares Ultra Semiconductors,PROVIDER_QUERY_RETURNED_OPTION_ROOTS,USD,400,2026-10-01T19:12:18.600Z,1a9aa93683ebb22f2f44cb4e6da89dd6c51a41f02c0d5214dba55a024e0f9de0
USDU,CBOE_ETF,ETF,WISDOMTREE TR BLMBG US BULL,American,cboe_cone,false,USDU,WisdomTree Bloomberg U.S. Dollar Bullish Fund,PROVIDER_QUERY_RETURNED_OPTION_ROOTS,USDU,152,2026-10-01T19:12:19.092Z,16e435806f40865f04467c9083d46d5caeeb99721c3e98a2ed8a65fef63e6aa6
USFR,CBOE_ETF,ETF,WISDOMTREE TR FLOATNG RAT TREA,American,cboe_cone|cboe_ctwo|cboe_exo|cboe_opt,false,USFR,WISDOMTREE FLOATING RATE TREASURY FUND,PROVIDER_QUERY_RETURNED_OPTION_ROOTS,USFR,152,2026-10-01T19:12:20.093Z,3b9ca490954ceca83e2071a4f5f14cf7c2c54c59613a3f09920e16e5b535210a
USG,CBOE_ETF,ETF,USCF ETF TR GOLD STRATEGY,American,cboe_cone|cboe_ctwo|cboe_exo|cboe_opt,false,USG,USCF Gold Strategy Plus Income Fund,PROVIDER_QUERY_RETURNED_OPTION_ROOTS,USG,172,2026-10-01T19:12:21.159Z,ec5c98d85795ba800176da0518f15c98eab834eb2317e4ecbadcb8cb8251b0e4
USHY,CBOE_ETF,ETF,iShares Broad USD High Yield Corporate Bond ETF,American,cboe_cone|cboe_ctwo|cboe_exo|cboe_opt,true,USHY,iShares Broad USD High Yield Corporate Bond ETF,PROVIDER_QUERY_RETURNED_OPTION_ROOTS,USHY,200,2026-10-01T19:12:21.752Z,8f83922f5137e39a98954b944f5d40e3391e88df5d3b1a64566d6303d292c7c8
USIG,CBOE_ETF,ETF,ISHARES TR USD INV GRDE ETF,American,cboe_cone,true,USIG,iShares Broad USD Investment Grade Corp Bond ETF,PROVIDER_QUERY_RETURNED_OPTION_ROOTS,USIG,152,2026-10-01T19:12:22.264Z,6bf630f2272cbdbcc60febe9f416c9cd6de6b158a673e87366a68114f39c7ffc
USL,CBOE_ETF,ETF,UNITED STS 12 MONTH OIL FD LP UNIT BEN INT,American,cboe_cone|cboe_ctwo|cboe_exo|cboe_opt,false,USL,United States 12 Month Oil Fund,PROVIDER_QUERY_RETURNED_OPTION_ROOTS,USL,238,2026-10-01T19:12:23.300Z,7a3bf3538719c59826de475233ce10e1ebb612f802ace5c55c7e650a1668ea79
USMC,CBOE_ETF,ETF,PRINCIPAL EXCHANGE TRADED FDS US MEGA CP ETF,American,cboe_cone|cboe_ctwo|cboe_exo|cboe_opt,true,USMC,Principal Exch-Traded Funds Prin U.S. Mega-Cap ETF,PROVIDER_QUERY_RETURNED_OPTION_ROOTS,USMC,156,2026-10-01T19:12:24.823Z,20651a4cebe83e90c762c3969ead97297118375905f02df713c8d4866c7b7d5a
USMV,CBOE_ETF,ETF,iShares MSCI USA Min Vol Factor ETF,American,cboe_cone|cboe_exo|cboe_opt,true,USMV,iShares MSCI USA Min Vol Factor ETF,PROVIDER_QUERY_RETURNED_OPTION_ROOTS,USMV,194,2026-10-01T19:12:25.339Z,60b05825538a60200b74810e78e5d3c2239138be60f55283d895392179f6086a
USO,CBOE_ETF,ETF,UNITED STS OIL FD LP UNITS,American,cboe_cone|cboe_ctwo|cboe_exo|cboe_opt,false,USO,United States Oil Fund,PROVIDER_QUERY_RETURNED_OPTION_ROOTS,USO,5570,2026-10-01T19:12:26.365Z,5f7934565d4c7f7325c0c8941f5119923cf47a30223b024b87c9329b36a94d0d
USOY,CBOE_ETF,ETF,TIDAL TRUST II DEFI OIL ENH ETF,American,cboe_cone|cboe_ctwo|cboe_exo|cboe_opt,true,USOY,DEFIANCE OIL ENHANCED OPTIONS INCOME ETF,PROVIDER_QUERY_RETURNED_OPTION_ROOTS,USOY,124,2026-10-01T19:12:26.755Z,cfe8f5a4c79086db887e71b7c4443b8f7cf038c4bac0e68be45ca3aea6699d57
USRT,CBOE_ETF,ETF,ISHARES TR CRE U S REIT ETF,American,cboe_cone|cboe_ctwo|cboe_exo|cboe_opt,true,USRT,ISHARES CORE U.S. REIT ETF,PROVIDER_QUERY_RETURNED_OPTION_ROOTS,USRT,158,2026-10-01T19:12:28.678Z,b211100575eef4c6d5ebda1d93c75d1167753f24030ebef240f04b8610269d5f
UST,CBOE_ETF,ETF,PROSHARES TR ULTR 7-10 TREA,American,cboe_cone|cboe_ctwo|cboe_exo|cboe_opt,false,UST,ProShares Ultra 7-10 Year Treasury,PROVIDER_QUERY_RETURNED_OPTION_ROOTS,UST,152,2026-10-01T19:12:29.170Z,9dd7ba8637e178f0b49cf8b388065b42cf6a7f33ebd9dd05d5448bc01b0c442e
UTES,CBOE_ETF,ETF,ETFIS SER TR I VIRTUS REAVES UT,American,cboe_cone|cboe_ctwo|cboe_exo|cboe_opt,true,UTES,VIRTUS REAVES UTILITIES ETF,PROVIDER_QUERY_RETURNED_OPTION_ROOTS,UTES,204,2026-10-01T19:12:30.694Z,5d8aadc5e96caa0f77e5ebb67743ffc913b1236019bcbc381ec4ed892cfbf367
UTHY,CBOE_ETF,ETF,RBB FD INC US TREAS 30YR BD,American,cboe_cone|cboe_ctwo|cboe_exo|cboe_opt,true,UTHY,"THE RBB FUND, INC. US TREASURY 30 YEAR BOND ETF",PROVIDER_QUERY_RETURNED_OPTION_ROOTS,UTHY,168,2026-10-01T19:12:31.671Z,3315a7a93033e8c446458157dbde6010d5e9fc993d91494cadf6cae8925fae64
UTSL,CBOE_ETF,ETF,DIREXION SHARES ETF TRUST DAILY UTILITIES,American,cboe_cone|cboe_ctwo|cboe_exo|cboe_opt,false,UTSL,DIREXION DAILY UTILITIES BULL 3X SHARES,PROVIDER_QUERY_RETURNED_OPTION_ROOTS,UTSL,304,2026-10-01T19:12:33.203Z,7c7922b636aacfbef7302e252f62dd0d144c41372191960fd73f203c5e0906e1
UTWY,CBOE_ETF,ETF,RBB FD INC US TREAS 20YR BD,American,cboe_cone|cboe_ctwo|cboe_exo|cboe_opt,true,UTWY,"THE RBB FUND, INC. US TREASURY 20 YEAR BOND ETF",PROVIDER_QUERY_RETURNED_OPTION_ROOTS,UTWY,168,2026-10-01T19:12:34.262Z,e1cd8e3ba22538f2008d1a1ad2ca56566b09e7c6ba6d131ef31d46b563f51e18
UUP,CBOE_ETF,ETF,INVESCO DB US DLR INDEX TR BULLISH FD,American,cboe_cone|cboe_ctwo|cboe_exo|cboe_opt,false,UUP,Invesco DB US Dollar Index Bullish Fund,PROVIDER_QUERY_RETURNED_OPTION_ROOTS,UUP,308,2026-10-01T19:12:35.767Z,5b4cb4e1c83d2130c27446f2043dcaa7ae7ff28f9e1778b0f645d2420908feec
UVIX,CBOE_ETF,ETF,2x Long VIX Futures ETF ,American,cboe_cone|cboe_ctwo|cboe_exo|cboe_opt,true,UVIX|UVIX1|UVIX3,2X LONG VIX FUTURES ETF|2X LONG VIX FUTURES ETF(1:20)|2X LONG VIX FUTURES ETF (1:10 Reverse Split),PROVIDER_QUERY_RETURNED_OPTION_ROOTS,UVIX|UVIX1|UVIX3,1400,2026-10-01T19:12:37.864Z,f2091af95686beec9c3474008d227e7f14372b5cc5e192f2ae5faaeb4d37c763
UVXY,CBOE_ETF,ETF,ProShares Ultra VIX Short-Term Futures ETF,American,cboe_cone|cboe_ctwo|cboe_exo|cboe_opt,false,UVXY|UVXY1,ProShares Ultra VIX Short-Term Futures|ProShares Ultra VIX Short-Term Futures (1:5 Rev),PROVIDER_QUERY_RETURNED_OPTION_ROOTS,UVXY|UVXY1,1560,2026-10-01T19:12:39.189Z,fc0b3503a6055a63158ab040e51bb9c528bd924351a35389732c08d1d3977478
UWM,CBOE_ETF,ETF,PROSHARES TR PSHS ULTRUSS2000,American,cboe_cone|cboe_exo|cboe_opt,false,UWM,ProShares Ultra Russell2000,PROVIDER_QUERY_RETURNED_OPTION_ROOTS,UWM,234,2026-10-01T19:12:39.688Z,da3fabcb7633925a470009c8150f25022482bd42269cf0e53828144b30889602
UX,CBOE_ETF,ETF,Roundhill Uranium ETF,American,cboe_cone|cboe_ctwo|cboe_exo|cboe_opt,true,UX,ROUNDHILL URANIUM ETF,PROVIDER_QUERY_RETURNED_OPTION_ROOTS,UX,152,2026-10-01T19:12:40.697Z,cf14a5939c9cf0059dd93b696537aadf114ec7f15704914d93e180393a7a8376
UXRP,CBOE_ETF,ETF,PROSHARES TR ULTRA XRP ETF,American,cboe_cone|cboe_ctwo|cboe_exo|cboe_opt,true,UXRP|UXRP1,PROSHARES ULTRA XRP ETF|PROSHARES ULTRA XRP ETF(1:5),PROVIDER_QUERY_RETURNED_OPTION_ROOTS,UXRP|UXRP1,230,2026-10-01T19:12:41.697Z,297bba32cdca7bde83c828f321cb52bca104c120075a5e8d574100fd95e0ef88
UYG,CBOE_ETF,ETF,PROSHARES TR ULTRA FNCLS NEW,American,cboe_cone|cboe_ctwo|cboe_exo|cboe_opt,false,UYG,ProShares Ultra Financials,PROVIDER_QUERY_RETURNED_OPTION_ROOTS,UYG,262,2026-10-01T19:12:42.207Z,7f5cb41cff5cee6dd85db6a6804692214864eeec56ddcdc9aeed16bb9b4924a3
UYM,CBOE_ETF,ETF,PROSHARES TR ULTRA MATERIALS,American,cboe_cone|cboe_ctwo|cboe_exo|cboe_opt,false,UYM,ProShares Ultra Materials,PROVIDER_QUERY_RETURNED_OPTION_ROOTS,UYM,184,2026-10-01T19:12:42.697Z,0962d0a4824b169b09c8156e13f6d72235152ac98da41ca60c1e12205de97b5b
VAW,CBOE_ETF,ETF,VANGUARD WORLD FD MATERIALS ETF,American,cboe_cone|cboe_ctwo|cboe_exo|cboe_opt,true,VAW,Vanguard Materials ETF,PROVIDER_QUERY_RETURNED_OPTION_ROOTS,VAW,320,2026-10-01T19:12:46.779Z,7d8d5106666bc72a8c0a85a28f12d8627f8b8d8f1d9cbdfe946a5a387b2f1820
VB,CBOE_ETF,ETF,VANGUARD INDEX FDS MRNGSTR SML CAP,American,cboe_cone|cboe_ctwo|cboe_exo|cboe_opt,true,VB,Vanguard Morningstar Small-Cap ETF,PROVIDER_QUERY_RETURNED_OPTION_ROOTS,VB,252,2026-10-01T19:12:47.301Z,9efd4403df1811281b463d372598eda337ac987065f9caa38e39815b9763b591
VBK,CBOE_ETF,ETF,VANGUARD INDEX FDS MRNGSTR SM CP GR,American,cboe_cone|cboe_exo|cboe_opt,true,VBK,Vanguard Morningstar Small-Cap Growth ETF,PROVIDER_QUERY_RETURNED_OPTION_ROOTS,VBK,294,2026-10-01T19:12:47.707Z,08dd8a0c741d748f3f0081a6eef7ca99822261f99481cc20ab2f37fe1f8855c6
VBR,CBOE_ETF,ETF,VANGUARD INDEX FDS MRNGSTR SML CP V,American,cboe_cone,true,VBR,Vanguard Morningstar Small-Cap Value ETF,PROVIDER_QUERY_RETURNED_OPTION_ROOTS,VBR,216,2026-10-01T19:12:48.711Z,321658981257a1786ce384f85a8027a35707cc0e2c918fc3b693d38f09acf733
VCEB,CBOE_ETF,ETF,Vanguard ESG U.S. Corporate Bond ETF,American,cboe_cone|cboe_ctwo|cboe_exo|cboe_opt,false,VCEB,VANGUARD ESG US CORPORATE BOND,PROVIDER_QUERY_RETURNED_OPTION_ROOTS,VCEB,152,2026-10-01T19:12:49.708Z,d3a06413a89abf0f84b13468f124690f273c73991575d1e352ef02ee2682ca5a
VCIT,CBOE_ETF,ETF,VANGUARD SCOTTSDALE FDS INT-TERM CORP,American,cboe_cone|cboe_ctwo|cboe_exo|cboe_opt,true,VCIT,Vanguard Intermediate-Term Corporate Bond ETF,PROVIDER_QUERY_RETURNED_OPTION_ROOTS,VCIT,200,2026-10-01T19:12:50.740Z,4417c880d4df05fd99697f443a7dc302f176431014f30cd77b5bd9edfcb49281
VCLT,CBOE_ETF,ETF,VANGUARD SCOTTSDALE FDS LG-TERM COR BD,American,cboe_cone,true,VCLT,Vanguard Long-Term Corporate Bond ETF,PROVIDER_QUERY_RETURNED_OPTION_ROOTS,VCLT,172,2026-10-01T19:12:51.213Z,dc840fe11dab91ad3739fdcdb757cba07eb08ff3b9be2be7e1a242d64908570d
VCR,CBOE_ETF,ETF,VANGUARD WORLD FD CONSUM DIS ETF,American,cboe_cone,true,VCR,Vanguard Consumer Discretionary ETF,PROVIDER_QUERY_RETURNED_OPTION_ROOTS,VCR,364,2026-10-01T19:12:51.719Z,d4ffecb1571946e06446959097f059939d2da0055a18db3c133d1d3b47efb664
VCSH,CBOE_ETF,ETF,VANGUARD SCOTTSDALE FDS SHRT TRM CORP BD,American,cboe_cone|cboe_ctwo|cboe_exo|cboe_opt,true,VCSH,VANGUARD SHORT-TERM CORPORATE BOND ETF,PROVIDER_QUERY_RETURNED_OPTION_ROOTS,VCSH,152,2026-10-01T19:12:52.220Z,73bb0e3b4c1723ca14739fbd4443dc4756b265f26345ecfa1e9207db896b2ad0
VDC,CBOE_ETF,ETF,VANGUARD WORLD FD CONSUM STP ETF,American,cboe_cone,true,VDC,Vanguard Consumer Staples ETF,PROVIDER_QUERY_RETURNED_OPTION_ROOTS,VDC,222,2026-10-01T19:12:54.226Z,0bc58ae238ea1c6c5f262b32184b7b1ce9acab296d8a61ee9bba66b938e0f845
VDE,CBOE_ETF,ETF,VANGUARD WORLD FD ENERGY ETF,American,cboe_cone|cboe_ctwo|cboe_exo|cboe_opt,true,VDE,Vanguard Energy ETF,PROVIDER_QUERY_RETURNED_OPTION_ROOTS,VDE,366,2026-10-01T19:12:54.822Z,395e37e1cfa830d27052a873a34a5812fd882b44e767e4c6c19eb4b0b461b27b
VEA,CBOE_ETF,ETF,VANGUARD TAX-MANAGED FDS VAN FTSE DEV MKT,American,cboe_cone|cboe_ctwo|cboe_exo|cboe_opt,true,VEA,Vanguard FTSE Developed Markets ETF,PROVIDER_QUERY_RETURNED_OPTION_ROOTS,VEA,260,2026-10-01T19:12:55.219Z,15519808bcc734f29c8f06b386120701e7feabfc1020dd61bd151fc678ad7145
VEGI,CBOE_ETF,ETF,ISHARES INC MSCI AGR PRO ETF,American,cboe_cone|cboe_ctwo|cboe_exo|cboe_opt,true,VEGI,iShares MSCI Agriculture Producers ETF,PROVIDER_QUERY_RETURNED_OPTION_ROOTS,VEGI,152,2026-10-01T19:12:56.798Z,f8deef356bdebf3f253c0bacb49ddfe320c8140f55d128c6f588b198580347c2
VERS,CBOE_ETF,ETF,PROSHARES TR METAVERSE ETF,American,cboe_cone|cboe_ctwo|cboe_exo|cboe_opt,true,VERS,PROSHARES METAVERSE ETF,PROVIDER_QUERY_RETURNED_OPTION_ROOTS,VERS,226,2026-10-01T19:13:00.934Z,0817b6241d5da3c685cbcd0eae02df277c8461896f56a927cdabfaf09f900862
VEU,CBOE_ETF,ETF,VANGUARD INTL EQUITY INDEX FDS ALLWRLD EX US,American,cboe_cone,true,VEU,Vanguard FTSE All-World ex US ETF,PROVIDER_QUERY_RETURNED_OPTION_ROOTS,VEU,176,2026-10-01T19:13:02.819Z,b30c5503066d5dd4aea6fa371ba8a519a3414157d9babfe1ee5d0d92e6dc046d
VFH,CBOE_ETF,ETF,VANGUARD WORLD FD FINANCIALS ETF,American,cboe_cone,true,VFH,Vanguard Financials ETF,PROVIDER_QUERY_RETURNED_OPTION_ROOTS,VFH,256,2026-10-01T19:13:04.239Z,292206c3bf37ede801ad496c5df672fa0cd2cda51ed2798b13fbb66b36fd5879
VFMF,CBOE_ETF,ETF,Vanguard U.S. Multifactor ETF,American,cboe_cone|cboe_ctwo|cboe_exo|cboe_opt,true,VFMF,VANGUARD U.S. MULTIFACTOR ETF,PROVIDER_QUERY_RETURNED_OPTION_ROOTS,VFMF,310,2026-10-01T19:13:05.284Z,ec3673ace4b8a63b375c87a44658a5d0944d859e78c0572a45ed117401be191a
VFMO,CBOE_ETF,ETF,Vanguard U.S. Momentum Factor ETF,American,cboe_cone|cboe_ctwo|cboe_exo|cboe_opt,true,VFMO,VANGUARD U.S. MOMENTUM FACTOR ETF,PROVIDER_QUERY_RETURNED_OPTION_ROOTS,VFMO,286,2026-10-01T19:13:05.870Z,f56f9337aa330b5316228bd1a850c63106df1d7de4b69165d02ffb871d8cffc8
VFQY,CBOE_ETF,ETF,Vanguard U.S. Quality Factor ETF,American,cboe_cone|cboe_ctwo|cboe_exo|cboe_opt,true,VFQY,VANGUARD U.S. QUALITY FACTOR ETF,PROVIDER_QUERY_RETURNED_OPTION_ROOTS,VFQY,266,2026-10-01T19:13:06.763Z,ca9ae49cbf8e9591d2336d315a101cafccf5e341d23bef612ea4cb6c40274acc
VGIT,CBOE_ETF,ETF,VANGUARD SCOTTSDALE FDS INTER TERM TREAS,American,cboe_cone|cboe_ctwo|cboe_exo|cboe_opt,true,VGIT,VANGUARD INTERMEDIATE-TERM TREASURY ETF,PROVIDER_QUERY_RETURNED_OPTION_ROOTS,VGIT,152,2026-10-01T19:13:08.869Z,f46dba588059c1588f8ff11cd1c2736a2b4e4c152fee503d61238ac20a43295b
VGK,CBOE_ETF,ETF,VANGUARD INTL EQUITY INDEX FDS FTSE EUROPE ETF,American,cboe_cone|cboe_ctwo|cboe_exo|cboe_opt,true,VGK,Vanguard FTSE Europe ETF,PROVIDER_QUERY_RETURNED_OPTION_ROOTS,VGK,196,2026-10-01T19:13:09.324Z,97ae2bf026586f3723922b9d2689e90471abc15615e98bca6f0e7dae4d0a091f
VGLT,CBOE_ETF,ETF,VANGUARD SCOTTSDALE FDS LONG TERM TREAS,American,cboe_cone|cboe_ctwo|cboe_exo|cboe_opt,true,VGLT,VANGUARD LONG-TERM TREASURY ETF,PROVIDER_QUERY_RETURNED_OPTION_ROOTS,VGLT,200,2026-10-01T19:13:09.850Z,ac4a2f93302c07a3334a6b07a5e5866dd0290af12ad0cf7b116d4eb8b729fdf9
VGSH,CBOE_ETF,ETF,VANGUARD SCOTTSDALE FDS SHORT TERM TREAS,American,cboe_cone|cboe_ctwo|cboe_exo|cboe_opt,true,VGSH,VANGUARD SHORT-TERM TREASURY ETF,PROVIDER_QUERY_RETURNED_OPTION_ROOTS,VGSH,152,2026-10-01T19:13:10.785Z,3f3715b3c8e929a4182d81371f133dd395f76ac5a9b6ce8352d5893f11d0164c
VGT,CBOE_ETF,ETF,VANGUARD WORLD FD INF TECH ETF,American,cboe_cone|cboe_ctwo|cboe_exo|cboe_opt,true,VGT,Vanguard Information Technology ETF,PROVIDER_QUERY_RETURNED_OPTION_ROOTS,VGT,2180,2026-10-01T19:13:11.299Z,28d46b2291fcf08d9a8c61f23727c9f270be0c955d3f8b1fc692a6f07612af67
VHT,CBOE_ETF,ETF,VANGUARD WORLD FD HEALTH CAR ETF,American,cboe_cone|cboe_ctwo|cboe_exo|cboe_opt,true,VHT,Vanguard Health Care ETF,PROVIDER_QUERY_RETURNED_OPTION_ROOTS,VHT,242,2026-10-01T19:13:12.272Z,144b95a84e225109b6aa1fecd9f18ed6b789efbf28e8ae010c21ace1d673e6d7
VIG,CBOE_ETF,ETF,VANGUARD SPECIALIZED FUNDS DIV APP ETF,American,cboe_cone|cboe_ctwo|cboe_exo|cboe_opt,true,VIG,Vanguard Dividend Appreciation ETF,PROVIDER_QUERY_RETURNED_OPTION_ROOTS,VIG,336,2026-10-01T19:13:15.286Z,1b04b9b6543b0ffe9eed19f04fa5c61a4f171541297bbda4a817d16ab4bf4787
VIGI,CBOE_ETF,ETF,VANGUARD WHITEHALL FDS INTL DVD ETF,American,cboe_cone|cboe_ctwo|cboe_exo|cboe_opt,true,VIGI,VANGUARD INTERNATIONAL DIVIDEND APPRECIATION ETF,PROVIDER_QUERY_RETURNED_OPTION_ROOTS,VIGI,164,2026-10-01T19:13:15.886Z,ac7cb2b53460307105c07b1d4d48a817d82a4df81135da90e2cc658db41898f4
VIS,CBOE_ETF,ETF,VANGUARD WORLD FD INDUSTRIAL ETF,American,cboe_cone,true,VIS,Vanguard Industrials ETF,PROVIDER_QUERY_RETURNED_OPTION_ROOTS,VIS,370,2026-10-01T19:13:19.916Z,52a09b917deadd9925a4607d45e6be06163f2f4d29e1e10c8d7d2da7dfb884cd
VIXM,CBOE_ETF,ETF,ProShares VIX Mid-Term Futures ETF,American,cboe_cone|cboe_ctwo|cboe_exo|cboe_opt,true,VIXM,ProShares VIX Mid-Term Futures ETF,PROVIDER_QUERY_RETURNED_OPTION_ROOTS,VIXM,412,2026-10-01T19:13:23.343Z,266d15717bcbff63b52d6ca06507a3aa4070647526f8f9317487d144f193ae84
VIXY,CBOE_ETF,ETF,ProShares VIX Short-Term Futures ETF,American,cboe_cone|cboe_ctwo|cboe_exo|cboe_opt,true,VIXY|VIXY2,ProShares VIX Short-Term Futures ETF|ProShares VIX Short-Term Futures ETF (1:4 R Split),PROVIDER_QUERY_RETURNED_OPTION_ROOTS,VIXY|VIXY2,624,2026-10-01T19:13:23.797Z,0cf37d39cae004d4d84f50ddf00f7f47deef396b1f73800a97f777ad96772111
VLUE,CBOE_ETF,ETF,iShares MSCI USA Value Factor ETF,American,cboe_cone|cboe_ctwo|cboe_exo|cboe_opt,true,VLUE,iShares MSCI USA Value Factor ETF,PROVIDER_QUERY_RETURNED_OPTION_ROOTS,VLUE,366,2026-10-01T19:13:27.312Z,5fa61bf3cd2cf683885be7509bbfcbe2ee2047fdfacf4f12e526ee0d0cfd4f16
VMBS,CBOE_ETF,ETF,VANGUARD SCOTTSDALE FDS MTG-BKD SECS ETF,American,cboe_cone|cboe_ctwo|cboe_exo|cboe_opt,true,VMBS,VANGUARD MORTGAGE-BACKED SECURITIES ETF,PROVIDER_QUERY_RETURNED_OPTION_ROOTS,VMBS,152,2026-10-01T19:13:28.308Z,d0a5733dfb7ac29a5273e08bffc52967838a2c8c13034ec1522395a66656d30f
VNM,CBOE_ETF,ETF,VanEck Vietnam ETF,American,cboe_cone|cboe_ctwo|cboe_exo|cboe_opt,true,VNM,VAN ECK VIETNAM ETF,PROVIDER_QUERY_RETURNED_OPTION_ROOTS,VNM,180,2026-10-01T19:13:32.826Z,e6847c47a528cde34fad1897cb9b468e337763fd825fa844771523f70ae75ee0
VNQ,CBOE_ETF,ETF,VANGUARD INDEX FDS REAL ESTATE ETF,American,cboe_cone|cboe_ctwo|cboe_exo|cboe_opt,true,VNQ,Vanguard Real Estate ETF,PROVIDER_QUERY_RETURNED_OPTION_ROOTS,VNQ,464,2026-10-01T19:13:34.357Z,86b62cffd55b5f0bea60eb2040188c47a5e5abaaa921e0717e13b17ccd2eb1d6
VNQI,CBOE_ETF,ETF,VANGUARD INTL EQUITY INDEX FDS GLB EX US ETF,American,cboe_cone,true,VNQI,Vanguard Global ex-U.S. Real Estate ETF,PROVIDER_QUERY_RETURNED_OPTION_ROOTS,VNQI,156,2026-10-01T19:13:34.858Z,f05a402c70b9359f9f6899713650dc9e604452f4ac08885ec387428dc3f72f1f
VO,CBOE_ETF,ETF,VANGUARD INDEX FDS MRNGSTR MID CAP,American,cboe_cone|cboe_exo|cboe_opt,true,VO,Vanguard Morningstar Mid-Cap ETF,PROVIDER_QUERY_RETURNED_OPTION_ROOTS,VO,216,2026-10-01T19:13:36.329Z,33b9ae68e4aae78c1a70c85e31fe15359494cbda4312d48ac64a3811d9b7a7c5
VOE,CBOE_ETF,ETF,VANGUARD INDEX FDS MRNGSTR MD CP VA,American,cboe_cone|cboe_exo|cboe_opt,true,VOE,Vanguard Morningstar Mid-Cap Value ETF,PROVIDER_QUERY_RETURNED_OPTION_ROOTS,VOE,250,2026-10-01T19:13:37.849Z,7d339f2ea7d5b15036d83d73a0689cb9ab5af4d46ee2f9ea79f1b56404322b12
VONE,CBOE_ETF,ETF,VANGUARD SCOTTSDALE FDS VNG RUS1000IDX,American,cboe_cone|cboe_ctwo|cboe_exo|cboe_opt,true,VONE,VANGUARD RUSSELL 1000 ETF,PROVIDER_QUERY_RETURNED_OPTION_ROOTS,VONE,368,2026-10-01T19:13:38.839Z,b93103c0ccf2acb76a6a97d6dadb87764a609e13a258885ccb8acf22cf6a0032
VOO,CBOE_ETF,ETF,VANGUARD INDEX FDS S&P 500 ETF SHS,American,cboe_cone|cboe_ctwo|cboe_exo|cboe_opt,true,VOO,Vanguard S&P 500 ETF,PROVIDER_QUERY_RETURNED_OPTION_ROOTS,VOO,3212,2026-10-01T19:13:40.346Z,a3658b68bc8870a14834c715ce7b54419f4010df2f00043fca1a70ef5acd56bf
VOOG,CBOE_ETF,ETF,VANGUARD ADMIRAL FDS INC 500 GRTH IDX F,American,cboe_cone|cboe_ctwo|cboe_exo|cboe_opt,true,VOOG,VANGUARD S&P 500 GROWTH ETF,PROVIDER_QUERY_RETURNED_OPTION_ROOTS,VOOG,254,2026-10-01T19:13:40.845Z,ff89b5f87263069194e8d15ef4e07459ce403ae84f85a2eb744693df10073069
VOOV,CBOE_ETF,ETF,VANGUARD ADMIRAL FDS INC 500 VAL IDX FD,American,cboe_cone|cboe_ctwo|cboe_exo|cboe_opt,true,VOOV,VANGUARD S&P 500 VALUE ETF,PROVIDER_QUERY_RETURNED_OPTION_ROOTS,VOOV,152,2026-10-01T19:13:41.371Z,366d4b4de3f53090cebe1006913817a08390c05cc1c3671e2a73d8a40256392f
VOT,CBOE_ETF,ETF,VANGUARD INDEX FDS MRNGSTR MD CP GR,American,cboe_cone|cboe_ctwo|cboe_exo|cboe_opt,true,VOT,Vanguard Morningstar Mid-Cap Growth ETF,PROVIDER_QUERY_RETURNED_OPTION_ROOTS,VOT,238,2026-10-01T19:13:42.418Z,44546a1bae2eecf17051959f0c416db640b0c194314fbf201f2810ce5f95f1d6
VOX,CBOE_ETF,ETF,VANGUARD WORLD FD COMM SRVC ETF,American,cboe_cone,true,VOX,Vanguard Communication Services ETF,PROVIDER_QUERY_RETURNED_OPTION_ROOTS,VOX,294,2026-10-01T19:13:42.886Z,967ed7d9dbd79f7641f16734658fff4fa23c1ab846b8098225b214443ca6ab86
VPL,CBOE_ETF,ETF,VANGUARD INTL EQUITY INDEX FDS FTSE PACIFIC ETF,American,cboe_cone,true,VPL,Vanguard FTSE Pacific ETF,PROVIDER_QUERY_RETURNED_OPTION_ROOTS,VPL,256,2026-10-01T19:13:45.349Z,8ba51e20cdca76c48300be16e15107873f8982607b59c33c9fa4bd26fb3a12ab
VPLS,CBOE_ETF,ETF,VANGUARD MALVERN FDS CORE-PLUS BD ETF,American,cboe_cone|cboe_ctwo|cboe_exo|cboe_opt,true,VPLS,VANGUARD CORE-PLUS BOND ETF,PROVIDER_QUERY_RETURNED_OPTION_ROOTS,VPLS,168,2026-10-01T19:13:45.842Z,71488b770952de44c2289a12600a30b328bf01976ffafb494e12538862acb843
VPU,CBOE_ETF,ETF,VANGUARD WORLD FD UTILITIES ETF,American,cboe_cone,true,VPU,Vanguard Utilities Index Fund ETF,PROVIDER_QUERY_RETURNED_OPTION_ROOTS,VPU,272,2026-10-01T19:13:46.359Z,976d077eb4ace73c4d66035cc259d4dc668310ccd434624305f54db1eb41ade0
VRP,CBOE_ETF,ETF,INVESCO EXCHANGE-TRADED FD TR VAR RATE PFD,American,cboe_cone,true,VRP,Invesco Variable Rate Preferred ETF,PROVIDER_QUERY_RETURNED_OPTION_ROOTS,VRP,152,2026-10-01T19:13:50.119Z,585dcec2d9c59b754486bce57836f403e96bad55eced8e04152674a3ba46646a
VRTL,CBOE_ETF,ETF,GRANITESHARES ETF TR 2X LONG VRT DAI,American,cboe_cone|cboe_ctwo|cboe_exo|cboe_opt,true,VRTL,GRANITESHARES 2X LONG VRT DAILY ETF,PROVIDER_QUERY_RETURNED_OPTION_ROOTS,VRTL,322,2026-10-01T19:13:52.378Z,2578478d28088c1f2134173bad413c0d76cab388a493d0dae380d583dd5c803b
VSDA,CBOE_ETF,ETF,VICTORY PORTFOLIOS II VICSHS DV AC ETF,American,cboe_cone|cboe_ctwo|cboe_exo|cboe_opt,true,VSDA,VICTORYSHARES DIVIDEND ACCELERATOR ETF,PROVIDER_QUERY_RETURNED_OPTION_ROOTS,VSDA,154,2026-10-01T19:13:53.950Z,8349b6aa8057294a961f3f49b996c579b0fd34215b79db3975793ac2600f0a9e
VSGX,CBOE_ETF,ETF,Vanguard ESG International Stock ETF,American,cboe_cone|cboe_ctwo|cboe_exo|cboe_opt,true,VSGX,VANGUARD ESG INTERNATIONAL STOCK ETF,PROVIDER_QUERY_RETURNED_OPTION_ROOTS,VSGX,162,2026-10-01T19:13:54.941Z,ba4ad067fd95573d9c7cd28a9a89bd3ad055b1d0f13055ea95d9f31ba24e9547
VSOL,CBOE_ETF,ETF,VANECK SOLANA TR COM SHS BEN INT,American,cboe_cone|cboe_ctwo|cboe_exo|cboe_opt,true,VSOL,VANECK SOLANA ETF,PROVIDER_QUERY_RETURNED_OPTION_ROOTS,VSOL,192,2026-10-01T19:13:56.381Z,96103b59b27a868fb77fef87bdf04d1fc9fdb95dfb6e9274f60d3e3c009c3c0c
VSS,CBOE_ETF,ETF,VANGUARD INTL EQUITY INDEX FDS FTSE SMCAP ETF,American,cboe_cone,true,VSS,Vanguard FTSE All World ex-US Small-Cap ETF,PROVIDER_QUERY_RETURNED_OPTION_ROOTS,VSS,312,2026-10-01T19:13:56.877Z,96167e26d96c05ae9919cd13c09f951d278dbd633a921f288cea3200f3a368ea
VT,CBOE_ETF,ETF,VANGUARD INTL EQUITY INDEX FDS TT WRLD ST ETF,American,cboe_cone|cboe_ctwo|cboe_exo|cboe_opt,true,VT,Vanguard Total World Stock Index Fund ETF,PROVIDER_QUERY_RETURNED_OPTION_ROOTS,VT,324,2026-10-01T19:13:59.429Z,6a3c8b441267b3751592732faf7b3f835ad15fe41c28debc70c6c12e641e3577
VTC,CBOE_ETF,ETF,VANGUARD SCOTTSDALE FDS TOTAL CORP BND,American,cboe_cone|cboe_ctwo|cboe_exo|cboe_opt,true,VTC,VANGUARD TOTAL CORPORATE BOND ETF,PROVIDER_QUERY_RETURNED_OPTION_ROOTS,VTC,152,2026-10-01T19:13:59.877Z,0918545d4a597780670f3fafeed6e4d65d107bb6d0bdadf73c085c888d4ccf54
VTEB,CBOE_ETF,ETF,VANGUARD MUN BD FDS TAX EXEMPT BD,American,cboe_cone|cboe_ctwo|cboe_exo|cboe_opt,true,VTEB,VANGUARD TAX-EXEMPT BOND ETF,PROVIDER_QUERY_RETURNED_OPTION_ROOTS,VTEB,152,2026-10-01T19:14:00.400Z,43d0921b4ed59b60bf161b1657faab28e716adc3f9ff8d86f25c8761a1fe65ad
VTEC,CBOE_ETF,ETF,Vanguard California Tax-Exempt Bond ETF,American,cboe_cone|cboe_ctwo|cboe_exo|cboe_opt,false,VTEC,VANGUARD CALIFORNIA TAX-EXEMPT,PROVIDER_QUERY_RETURNED_OPTION_ROOTS,VTEC,152,2026-10-01T19:14:00.903Z,36a5c4485dd0b7447bfe8e266854690434bdd31c87ad4c6664b579b7f55a053c
VTEI,CBOE_ETF,ETF,Vanguard Intermediate-Term Tax-Exempt Bond ETF,American,cboe_cone|cboe_ctwo|cboe_exo|cboe_opt,false,VTEI,VANGUARD INTERMEDIATE TAX-EXEMPT,PROVIDER_QUERY_RETURNED_OPTION_ROOTS,VTEI,152,2026-10-01T19:14:01.383Z,a950588967d5871f4339ad61af452bfffd1bdfd8e3a7d77b0077236fe1051e86
VTES,CBOE_ETF,ETF,VANGUARD WELLINGTON FD SHORT TRM TAX EX,American,cboe_cone|cboe_ctwo|cboe_exo|cboe_opt,false,VTES,VANGUARD SHORT-TERM TAX-EXEMPT,PROVIDER_QUERY_RETURNED_OPTION_ROOTS,VTES,152,2026-10-01T19:14:01.889Z,f74ce257b6427025f37abbd0ba5ee507952674cb30a180818f6cb74cfb2e3f11
VTI,CBOE_ETF,ETF,VANGUARD INDEX FDS MRNGSTR TTL STK,American,cboe_cone|cboe_ctwo|cboe_exo|cboe_opt,true,VTI,Vanguard Morningstar Total Stock Market ETF,PROVIDER_QUERY_RETURNED_OPTION_ROOTS,VTI,1108,2026-10-01T19:14:03.477Z,9bb4470b09bfe4634775c6413576c2c1574b5bedfb6beabb2ae0ecb333d70240
VTIP,CBOE_ETF,ETF,VANGUARD MALVERN FDS STRM INFPROIDX,American,cboe_cone|cboe_ctwo|cboe_exo|cboe_opt,false,VTIP,VANGUARD SHORT-TERM INFLATION-PROTECTED SECURITIES,PROVIDER_QUERY_RETURNED_OPTION_ROOTS,VTIP,152,2026-10-01T19:14:03.916Z,41eda0a68d9292b626dc1a8c85fe6e0438f2794862188fae678c8aabc01481a0
VTV,CBOE_ETF,ETF,VANGUARD INDEX FDS MRNGSTR VAL ETF,American,cboe_cone|cboe_exo|cboe_opt,true,VTV,Vanguard Morningstar Value ETF,PROVIDER_QUERY_RETURNED_OPTION_ROOTS,VTV,282,2026-10-01T19:14:07.054Z,1b12d1f159de577417a273689d6c9335afca3488db93f373a17828103218354a
VTWG,CBOE_ETF,ETF,VANGUARD SCOTTSDALE FDS VNG RUS2000GRW,American,cboe_cone|cboe_ctwo|cboe_exo|cboe_opt,false,VTWG,VANGUARD RUSSELL 2000 GROWTH FUND,PROVIDER_QUERY_RETURNED_OPTION_ROOTS,VTWG,286,2026-10-01T19:14:07.601Z,6a037b0a136024cd6f9f20820c31a1111014c2cf1a39afbc93998960792fac77
VTWO,CBOE_ETF,ETF,VANGUARD SCOTTSDALE FDS VNG RUS2000IDX,American,cboe_cone|cboe_ctwo|cboe_exo|cboe_opt,true,VTWO,Vanguard Russell 2000 ETF,PROVIDER_QUERY_RETURNED_OPTION_ROOTS,VTWO,246,2026-10-01T19:14:08.050Z,a3e9342f76b39fe969b81e95c3c56c66a020de9b7600717ba33a5b1049464011
VUG,CBOE_ETF,ETF,VANGUARD INDEX FDS MRNGSTR GRWT ETF,American,cboe_cone|cboe_ctwo|cboe_exo|cboe_opt,true,VUG,Vanguard Morningstar Growth ETF,PROVIDER_QUERY_RETURNED_OPTION_ROOTS,VUG,440,2026-10-01T19:14:08.590Z,80f5c5ae131126217337dcdb71472819c9a18c58584849fe86d5515f8d18659b
VUSB,CBOE_ETF,ETF,Vanguard Ultra-Short Bond ETF,American,cboe_cone|cboe_ctwo|cboe_exo|cboe_opt,true,VUSB,VANGUARD ULTRA SHORT BOND ETF,PROVIDER_QUERY_RETURNED_OPTION_ROOTS,VUSB,152,2026-10-01T19:14:09.004Z,147b3f828766675cbd253957d1e6ac606e691977ba71131bd21631cd7a2af0ff
VV,CBOE_ETF,ETF,VANGUARD INDEX FDS MRNGSTR LRG CAP,American,cboe_cone|cboe_ctwo|cboe_exo|cboe_opt,true,VV,Vanguard Morningstar Large-Cap ETF,PROVIDER_QUERY_RETURNED_OPTION_ROOTS,VV,306,2026-10-01T19:14:10.007Z,1b4ed1bba9ee865d1ce037147d2f7a1befad0fe1b447872c2729c9ec1773434e
VWO,CBOE_ETF,ETF,VANGUARD INTL EQUITY INDEX FDS FTSE EMR MKT ETF,American,cboe_cone|cboe_ctwo|cboe_exo|cboe_opt,true,VWO,Vanguard FTSE Emerging Markets ETF,PROVIDER_QUERY_RETURNED_OPTION_ROOTS,VWO,444,2026-10-01T19:14:12.005Z,7f055c4d81cf2929f23054bf8d99e3a8f32ce12815f9ab9f8f25aed456de96c9
VWOB,CBOE_ETF,ETF,VANGUARD WHITEHALL FDS EM MK GOV BD ETF,American,cboe_cone|cboe_ctwo|cboe_exo|cboe_opt,true,VWOB,VANGUARD EMERGING MARKETS GOVERNMENT BOND ETF,PROVIDER_QUERY_RETURNED_OPTION_ROOTS,VWOB,152,2026-10-01T19:14:12.511Z,d03336fabca98b0eaeab991767605856077917ef595718c9ef9a3011bbbf5994
VXF,CBOE_ETF,ETF,VANGUARD INDEX FDS EXTEND MKT ETF,American,cboe_cone,true,VXF,Vanguard Extended Market Index Fund ETF,PROVIDER_QUERY_RETURNED_OPTION_ROOTS,VXF,208,2026-10-01T19:14:13.018Z,46cc91cf6f20d235437c2b30aa952867e64061f3011fe9e00dfea9c61dc09bdc
VXUS,CBOE_ETF,ETF,VANGUARD STAR FDS VG TL INTL STK F,American,cboe_cone|cboe_ctwo|cboe_exo|cboe_opt,true,VXUS,Vanguard Total International Stock ETF,PROVIDER_QUERY_RETURNED_OPTION_ROOTS,VXUS,490,2026-10-01T19:14:13.525Z,7928496d6556de086c0f630e9fe59edc0ab39bb699ecc3af8bb4741d939c50ff
VXX,CBOE_ETF,ETF,iPath Series B S&P 500 VIX Short-Term Futures ETN,American,cboe_cone|cboe_ctwo|cboe_exo|cboe_opt,false,VXX,iPath Series B S&P 500 VIX Short-Term Futures,PROVIDER_QUERY_RETURNED_OPTION_ROOTS,VXX,1108,2026-10-01T19:14:14.174Z,f8fb85c10b3d53e5e34c44bbe2a4c833e2d89ed19eace1e9feabefb099294c73
VXZ,CBOE_ETF,ETF,iPath Series B S&P 500 VIX Mid-Term Futures ETN,American,cboe_cone|cboe_ctwo|cboe_exo|cboe_opt,false,VXZ,iPath Series B S&P 500 VIX Mid-Term Futures,PROVIDER_QUERY_RETURNED_OPTION_ROOTS,VXZ,630,2026-10-01T19:14:14.563Z,b93df0f23c2ea1ddc0c40cda3e326912f4f9a4d59f17775eae1e08bdd7b1fdfc
VYM,CBOE_ETF,ETF,VANGUARD WHITEHALL FDS HIGH DIV YLD,American,cboe_cone|cboe_ctwo|cboe_exo|cboe_opt,true,VYM,Vanguard High Dividend Yield ETF,PROVIDER_QUERY_RETURNED_OPTION_ROOTS,VYM,308,2026-10-01T19:14:15.525Z,f07836b96c06ca64aea74449293e280eb571c8d37dd3c2d17db56392a35f1ba9
VYMI,CBOE_ETF,ETF,VANGUARD WHITEHALL FDS INTL HIGH ETF,American,cboe_cone|cboe_ctwo|cboe_exo|cboe_opt,true,VYMI,VANGUARD INTERNATIONAL HIGH DIVIDEND YIELD ETF,PROVIDER_QUERY_RETURNED_OPTION_ROOTS,VYMI,174,2026-10-01T19:14:16.013Z,5fc88c647fe026d96f8c0f5e7ee3612c365d2efe362560f928f9daf1a785b619
WANT,CBOE_ETF,ETF,DIREXION SHARES ETF TRUST DAIL CONS DI ETF,American,cboe_cone|cboe_ctwo|cboe_exo|cboe_opt,false,WANT,DIREXION DAILY CONSUMER DISCRETIONARY BULL 3X,PROVIDER_QUERY_RETURNED_OPTION_ROOTS,WANT,196,2026-10-01T19:14:20.537Z,c07f4edbc92500d4d88a701aae6df95168af9e081a65527d848054fd0985a494
WATS,CBOE_ETF,ETF,Corgi Battery Energy Storage Systems ETF,American,cboe_cone|cboe_ctwo|cboe_exo|cboe_opt,true,WATS,CORGI BATTERY ENERGY STORAGE SYSTEMS ETF,PROVIDER_QUERY_RETURNED_OPTION_ROOTS,WATS,206,2026-10-01T19:14:22.032Z,d1f90a6cd8b4e109bf0f2f00631d1440ee95e254aef003217910790081502481
WCLD,CBOE_ETF,ETF,WISDOMTREE TR CLOUD COMPUTNG,American,cboe_cone|cboe_ctwo|cboe_exo|cboe_opt,false,WCLD,WISDOMTREE CLOUD COMPUTING FUND,PROVIDER_QUERY_RETURNED_OPTION_ROOTS,WCLD,190,2026-10-01T19:14:26.543Z,f202c81550eb9b97b2cab6b8a93341d67e901c84edfe56dcff6845ac86bfe575
WDCX,CBOE_ETF,ETF,Tradr 2X Long WDC Daily ETF,American,cboe_cone|cboe_ctwo|cboe_exo|cboe_opt,true,WDCX,TRADR 2X LONG WDC DAILY ETF,PROVIDER_QUERY_RETURNED_OPTION_ROOTS,WDCX,482,2026-10-01T19:14:29.085Z,aee414c0feeaf3c919a90712ffc25b54be90a184c5366288ef225fedafa96afb
WDTE,CBOE_ETF,ETF,TIDAL TRUST II DEF 500 WEE ETF,American,cboe_cone|cboe_ctwo|cboe_exo|cboe_opt,true,WDTE,Defiance S&P 500 Weekly Distribution ETF,PROVIDER_QUERY_RETURNED_OPTION_ROOTS,WDTE,188,2026-10-01T19:14:31.645Z,9571d975ffa4e6753b7f98b6fc23409d0e062576454c349da3da7caf19a1565f
WEAT,CBOE_ETF,ETF,TEUCRIUM COMMODITY TR WHEAT FD,American,cboe_cone|cboe_ctwo|cboe_exo|cboe_opt,false,WEAT|WEAT1,Tecrium Wheat Fund|Tecrium Wheat Fund(1:5),PROVIDER_QUERY_RETURNED_OPTION_ROOTS,WEAT|WEAT1,388,2026-10-01T19:14:32.057Z,39543d0167406d2ebce63d58bc72981f7b2e44168c5461377f31da6bd2d77ca2
WEBL,CBOE_ETF,ETF,DIREXION SHARES ETF TRUST DAILY DOW JONES,American,cboe_cone|cboe_ctwo|cboe_exo|cboe_opt,false,WEBL,DIREXION DAILY DOW JONES INTERNET BULL 3X SHARES,PROVIDER_QUERY_RETURNED_OPTION_ROOTS,WEBL,180,2026-10-01T19:14:33.097Z,e29ffbefde90c3471950bd206495e2fa82c4c565d1b6994141088a30f01e3c2a
WEED,CBOE_ETF,ETF,Roundhill Cannabis ETF,American,cboe_cone|cboe_ctwo|cboe_exo|cboe_opt,true,WEED,ROUNDHILL CANNABIS ETF,PROVIDER_QUERY_RETURNED_OPTION_ROOTS,WEED,198,2026-10-01T19:14:34.560Z,bc03ea219d758c54d9e166f454d410d0063fe405ceed302c813e94085449c4f1
WGMI,CBOE_ETF,ETF,COINSHARES ETF TR BITCOIN MING DIG,American,cboe_cone|cboe_ctwo|cboe_exo|cboe_opt,true,WGMI,CoinShares Bitcoin Mining and Digital Power ETF,PROVIDER_QUERY_RETURNED_OPTION_ROOTS,WGMI,572,2026-10-01T19:14:39.580Z,940e35bb8fa0fc76016d52dbbd62af6edcc7e218c261ff0851382ee95132e745
WIP,CBOE_ETF,ETF,SPDR SERIES TRUST ST STR FTSE ETF,American,cboe_cone|cboe_ctwo|cboe_exo|cboe_opt,true,WIP,State St SPDR FTSE Int Gvt Inf-Protected Bond ETF,PROVIDER_QUERY_RETURNED_OPTION_ROOTS,WIP,152,2026-10-01T19:14:45.994Z,119b4011bf8e2a830a243c81e11a33fe544fd2f332467095543b2aecfd99845a
WMTI,CBOE_ETF,ETF,REX WMT Growth & Income ETF,American,cboe_cone|cboe_ctwo|cboe_exo|cboe_opt,true,WMTI,REX WMT GROWTH & INCOME ETF,PROVIDER_QUERY_RETURNED_OPTION_ROOTS,WMTI,156,2026-10-01T19:14:55.858Z,f39840217dedeac86563802fe3170bf8839176a56e9cb9aa5c4531e1537d24e7
WNDR,CBOE_ETF,ETF,Corgi Travel & Leisure ETF,American,cboe_cone|cboe_ctwo|cboe_exo|cboe_opt,true,WNDR,CORGI TRAVEL AND LEISURE ETF,PROVIDER_QUERY_RETURNED_OPTION_ROOTS,WNDR,144,2026-10-01T19:14:56.908Z,32643da8affdc35fe1aa0b14f9ea1f8ac6fa3fb24c41530b79adddd7c4decb1a
WNTR,CBOE_ETF,ETF,TIDAL TRUST II YI MS SH IN ETF,American,cboe_cone|cboe_ctwo|cboe_exo|cboe_opt,false,WNTR,TIDAL TRUST II YIELDMAX MSTR SH,PROVIDER_QUERY_RETURNED_OPTION_ROOTS,WNTR,202,2026-10-01T19:14:57.918Z,b27410cb4617b700e0cba20e8336fec8f363ae1c21a6791677f4fa5f4e933edd
WOOD,CBOE_ETF,ETF,ISHARES TR GL TIMB FORE ETF,American,cboe_cone|cboe_ctwo|cboe_exo|cboe_opt,true,WOOD,iShares Global Timber & Forestry ETF,PROVIDER_QUERY_RETURNED_OPTION_ROOTS,WOOD,204,2026-10-01T19:14:58.913Z,bbacdaabcebd4afe7ba58ef2fffeedfeda6cf42cf48cf6fe37f036816834abf1
WQTM,CBOE_ETF,ETF,WisdomTree Quantum Computing Fund,American,cboe_cone|cboe_ctwo|cboe_exo|cboe_opt,false,WQTM,WISDOMTREE QUANTUM COMPUTING FUND,PROVIDER_QUERY_RETURNED_OPTION_ROOTS,WQTM,108,2026-10-01T19:15:02.424Z,de941cb001e9c071d8683a235c7dbfcdd82a99d887bfabaa7e2e2a2f0332821c
WR,CBOE_ETF,ETF,Corgi U.S. War Machine ETF,American,cboe_cone|cboe_ctwo|cboe_exo|cboe_opt,true,WR,CORGI U.S. WAR MACHINE ETF,PROVIDER_QUERY_RETURNED_OPTION_ROOTS,WR,144,2026-10-01T19:15:02.882Z,1b20c252f07ba81ba272f3a65a2b85294557f4823c92b996ece6827aa00cbbb1
WTAI,CBOE_ETF,ETF,WisdomTree Artificial Intelligence and Innovation Fund,American,cboe_cone|cboe_ctwo|cboe_exo|cboe_opt,false,WTAI,WISDOMTREE ARTIFICIAL INTELLIGENCE AND INNOVATION,PROVIDER_QUERY_RETURNED_OPTION_ROOTS,WTAI,204,2026-10-01T19:15:10.446Z,ceb9bc503c5799c3e6692c690576f466d369f88844de7ff2fa84782c43e0a867
WTV,CBOE_ETF,ETF,WISDOMTREE TR US VALUE FD,American,cboe_cone|cboe_ctwo|cboe_exo|cboe_opt,false,WTV,WISDOMTREE US VALUE FUND OF BENEF INTEREST,PROVIDER_QUERY_RETURNED_OPTION_ROOTS,WTV,188,2026-10-01T19:15:15.412Z,3b4fd15d81d5d19cc60d5bbe2ef41cefc77309c3b508c1dacda43387a944f97b
WULX,CBOE_ETF,ETF,Tradr 2X Long WULF Daily ETF,American,cboe_cone|cboe_ctwo|cboe_exo|cboe_opt,false,WULX,TRADR 2X LONG WULF DAILY,PROVIDER_QUERY_RETURNED_OPTION_ROOTS,WULX,262,2026-10-01T19:15:17.415Z,16e5ab5fe76bf2ba9e2f5d471bd7415cd63254bd04ea983b913be3b5627efe6d
XA,CBOE_ETF,ETF,Corgi AI Cybersecurity ETF,American,cboe_cone|cboe_ctwo|cboe_exo|cboe_opt,true,XA,CORGI AI CYBERSECURITY ETF,PROVIDER_QUERY_RETURNED_OPTION_ROOTS,XA,180,2026-10-01T19:15:22.925Z,f0b3dcb7133d94fa9a502b2d91aa70b342c545ff1e1c347512910167afb08f63
XAIX,CBOE_ETF,ETF,DBX ETF TR XTRA ART INT ETF,American,cboe_cone|cboe_ctwo|cboe_exo|cboe_opt,true,XAIX,DBX ETF TRUST XTRACKERS AI AND BIG DATA ETF,PROVIDER_QUERY_RETURNED_OPTION_ROOTS,XAIX,202,2026-10-01T19:15:23.425Z,bf7ca1c51114d37ee5ddf055e630c22ce3a4968df83b7467161fefa7ba0c2dda
XAR,CBOE_ETF,ETF,SPDR SERIES TRUST ST STR SP AERO,American,cboe_cone|cboe_ctwo|cboe_exo|cboe_opt,true,XAR,State Street SPDR S&P Aerospace & Defense ETF,PROVIDER_QUERY_RETURNED_OPTION_ROOTS,XAR,366,2026-10-01T19:15:23.947Z,7e438bea139a2085f3dbb889f5c668a9ed41aeb4432b3a03cdf1b0ef85ccd50a
XBI,CBOE_ETF,ETF,SPDR SERIES TRUST ST STR SP BIOT,American,cboe_cone|cboe_ctwo|cboe_exo|cboe_opt,true,XBI,State Street SPDR S&P Biotech ETF,PROVIDER_QUERY_RETURNED_OPTION_ROOTS,XBI,2206,2026-10-01T19:15:24.964Z,3e02e4934ed4f30a75ad792aea0cd0105f2bf3bfdde572bc7fc2a8e4597c9d69
XBIL,CBOE_ETF,ETF,RBB FD INC US TRSRY 6 MNTH,American,cboe_cone|cboe_ctwo|cboe_exo|cboe_opt,true,XBIL,"THE RBB FUND, INC. US TREASURY 6 MONTH BILL ETF",PROVIDER_QUERY_RETURNED_OPTION_ROOTS,XBIL,168,2026-10-01T19:15:25.660Z,22eb46147e23b06d3e9030030006612f7bb4e419c2048c5dae24257ba72251d6
XBOX,CBOE_ETF,ETF,Roundhill Box Spread ETF,American,cboe_cone|cboe_ctwo|cboe_exo|cboe_opt,true,XBOX,ROUNDHILL ULTRASHORT DURATION NO DIVIDEND TARG ETF,PROVIDER_QUERY_RETURNED_OPTION_ROOTS,XBOX,148,2026-10-01T19:15:26.433Z,943777e064cd7af10b9fb5e5183d41376e83334a01fd89b2c08863bfb88f10dd
XCEM,CBOE_ETF,ETF,COLUMBIA ETF TR II EM CORE EX ETF,American,cboe_cone|cboe_ctwo|cboe_exo|cboe_opt,true,XCEM,COLUMBIA EM CORE EX-CHINA ETF,PROVIDER_QUERY_RETURNED_OPTION_ROOTS,XCEM,182,2026-10-01T19:15:27.994Z,a3507c8021de8c0d8ee141f9640d0f4500dd2f3ffc738ca52611e7940aca85bb
XDIV,CBOE_ETF,ETF,Roundhill S&P 500 Accumulating ETF,American,cboe_cone|cboe_ctwo|cboe_exo|cboe_opt,true,XDIV,ROUNDHILL S&P 500 NO DIVIDEND TARGET ETF,PROVIDER_QUERY_RETURNED_OPTION_ROOTS,XDIV,152,2026-10-01T19:15:30.960Z,a0f73c1379890724e56aefeb8c43858795696d8c8dc72b7998c5a0e7cc2c7c2c
XDTE,CBOE_ETF,ETF,Roundhill S&P 500 0DTE Covered Call Strategy ETF,American,cboe_cone|cboe_ctwo|cboe_exo|cboe_opt,true,XDTE,ROUNDHILL S&P 500 0DTE COVERED CALL STRATEGY ETF,PROVIDER_QUERY_RETURNED_OPTION_ROOTS,XDTE,168,2026-10-01T19:15:32.525Z,5f9ae9dd125590e67805806f641a8d9c36f847f9d4a812fc10326873c32c7f5d
XES,CBOE_ETF,ETF,SPDR SERIES TRUST SP O&G EQP SERV,American,cboe_cone|cboe_ctwo|cboe_exo|cboe_opt,false,XES,St Strt SPDR S&P Oil & Gas Equipment & ServicesETF,PROVIDER_QUERY_RETURNED_OPTION_ROOTS,XES,286,2026-10-01T19:15:35.956Z,cd2a2d4ff8b4da1d7ccfdc09940250b72dcfe68767f71cd6d6de3c6fa6a9753e
XHB,CBOE_ETF,ETF,SPDR SERIES TRUST ST STR SP HOME,American,cboe_cone|cboe_ctwo|cboe_exo|cboe_opt,true,XHB,State Street SPDR S&P Homebuilders ETF,PROVIDER_QUERY_RETURNED_OPTION_ROOTS,XHB,1360,2026-10-01T19:15:37.494Z,8017fea790c95acc89dac2ce6cc2bb0536666f8193cd1d1bd0361f58ab8ad8fa
XHE,CBOE_ETF,ETF,SPDR SERIES TRUST ST STR SP HCEQ,American,cboe_cone|cboe_ctwo|cboe_exo|cboe_opt,true,XHE,State Street SPDR S&P Health Care Equipment ETF,PROVIDER_QUERY_RETURNED_OPTION_ROOTS,XHE,200,2026-10-01T19:15:38.010Z,a6e146be14f1308582f96c4bdcfbea2e57587917d0a77280b3414cd55de0d1bc
XLB,CBOE_ETF,ETF,SELECT SECTOR SPDR TR ST STR MATER ETF,American,cboe_cone|cboe_ctwo|cboe_exo|cboe_opt,true,XLB,State Street Materials Select Sector SPDR ETF,PROVIDER_QUERY_RETURNED_OPTION_ROOTS,XLB,1024,2026-10-01T19:15:40.567Z,951f6a8ff55b5fb7224608d63d616f32ab3c3ec262799fbd51a6643db7f5f385
XLC,CBOE_ETF,ETF,SELECT SECTOR SPDR TR ST STR SVC ETF,American,cboe_cone|cboe_ctwo|cboe_exo|cboe_opt,true,XLC,State Strt Communication Srvcs Slct Sctr SPDR ETF,PROVIDER_QUERY_RETURNED_OPTION_ROOTS,XLC,1140,2026-10-01T19:15:40.987Z,726625146eae37e2e1ffcdc7fa921b271978979def7e9e7a1c0c934fa3126f86
XLE,CBOE_ETF,ETF,SELECT SECTOR SPDR TR ST STR ENERG ETF,American,cboe_cone|cboe_ctwo|cboe_exo|cboe_opt,true,XLE,State Street Energy Select Sector SPDR ETF,PROVIDER_QUERY_RETURNED_OPTION_ROOTS,XLE,1954,2026-10-01T19:15:41.481Z,a5ed834cf451f5f9e2d707dcbd2e25a8abd7ee83b58601590b4a9333927e2dcd
XLF,CBOE_ETF,ETF,SELECT SECTOR SPDR TR ST STR FINL ETF,American,cboe_cone|cboe_ctwo|cboe_exo|cboe_opt,true,XLF,State Street Financial Select Sector SPDR ETF,PROVIDER_QUERY_RETURNED_OPTION_ROOTS,XLF,2406,2026-10-01T19:15:41.980Z,c11d4b105196b14c011c0ce97ef5a3fcb10fd579214e7d64d8de62715f8367a3
XLG,CBOE_ETF,ETF,INVESCO EXCHANGE TRADED FD TR S&P 500 TOP 50,American,cboe_cone|cboe_ctwo|cboe_exo|cboe_opt,true,XLG,INVESCO S&P 500 TOP 50 ETF,PROVIDER_QUERY_RETURNED_OPTION_ROOTS,XLG,178,2026-10-01T19:15:42.489Z,1af94ea30991814dda4b6cbb9ff78f2677c4687b9e32ac576c84b4d61c76206d
XLI,CBOE_ETF,ETF,SELECT SECTOR SPDR TR ST STR INDL ETF,American,cboe_cone|cboe_ctwo|cboe_exo|cboe_opt,true,XLI,State Street Industrial Select Sector SPDR ETF,PROVIDER_QUERY_RETURNED_OPTION_ROOTS,XLI,2058,2026-10-01T19:15:43.057Z,ac27ab6ef6feb5f95add5cf8c9b6a899a858ac41fcdbbe05cddc3ab5a1a925de
XLK,CBOE_ETF,ETF,SELECT SECTOR SPDR TR ST STR TECHN ETF,American,cboe_cone|cboe_ctwo|cboe_exo|cboe_opt,true,XLK,State Street Technology Select Sector SPDR ETF,PROVIDER_QUERY_RETURNED_OPTION_ROOTS,XLK,2466,2026-10-01T19:15:43.544Z,b6b2536871a0768a55af5c4df4af9c755cba4ae46fac088308875b4ae044c1ba
XLP,CBOE_ETF,ETF,SELECT SECTOR SPDR TR ST STR STAPL ETF,American,cboe_cone|cboe_ctwo|cboe_exo|cboe_opt,true,XLP,State Strt Consumer Staples Select Sector SPDR ETF,PROVIDER_QUERY_RETURNED_OPTION_ROOTS,XLP,1164,2026-10-01T19:15:44.063Z,46af464d5f6928314fbf2061c030903339bb6aa217760a161797b985f3d609f7
XLRE,CBOE_ETF,ETF,SELECT SECTOR SPDR TR ST STR REAL ETF,American,cboe_cone|cboe_ctwo|cboe_exo|cboe_opt,true,XLRE,State Street Real Estate Select Sector SPDR ETF,PROVIDER_QUERY_RETURNED_OPTION_ROOTS,XLRE,220,2026-10-01T19:15:44.530Z,3e144468ef80cf29e531df672c61857be0107cff3e894b2b7614f59e73090d0b
XLSR,CBOE_ETF,ETF,SSGA ACTIVE TR STATE STREET US,American,cboe_cone|cboe_ctwo|cboe_exo|cboe_opt,true,XLSR,State Street US Sector Rotation ETF,PROVIDER_QUERY_RETURNED_OPTION_ROOTS,XLSR,156,2026-10-01T19:15:45.055Z,9c01a50ec5bfc4ee451ccf3dfd0c59b1f2656af3754dec40b5f5547aee312609
XLU,CBOE_ETF,ETF,SELECT SECTOR SPDR TR ST STR UTIL ETF,American,cboe_cone|cboe_ctwo|cboe_exo|cboe_opt,true,XLU,State Street Utilities Select Sector SPDR ETF,PROVIDER_QUERY_RETURNED_OPTION_ROOTS,XLU,1114,2026-10-01T19:15:45.479Z,f7e59cd539bacfe3f4772ec02f35b3c3a880ad2c32ba4ecf9953caa056253ab9
XLV,CBOE_ETF,ETF,SELECT SECTOR SPDR TR ST STR CARE ETF,American,cboe_cone|cboe_ctwo|cboe_exo|cboe_opt,true,XLV,State Street Health Care Select Sector SPDR ETF,PROVIDER_QUERY_RETURNED_OPTION_ROOTS,XLV,1640,2026-10-01T19:15:45.991Z,5026dfcafad274a43677d7fb28fe46b1b9525ece7076f79ffb31e09157de2c84
XLY,CBOE_ETF,ETF,SELECT SECTOR SPDR TR ST STR DISCR ETF,American,cboe_cone|cboe_ctwo|cboe_exo|cboe_opt,true,XLY,State Strt Cnsmr Discretionary Slct Sctr SPDR ETF,PROVIDER_QUERY_RETURNED_OPTION_ROOTS,XLY,1444,2026-10-01T19:15:46.483Z,a938f6fdb031b4ab954abc2254fe927298ee89870fccdf7a54a997637c79a009
XMAG,CBOE_ETF,ETF,TIDAL TRUST II DEFIANCE LARGE,American,cboe_cone|cboe_ctwo|cboe_exo|cboe_opt,true,XMAG,DEFIANCE LARGE CAP EX-MAG 7 ETF,PROVIDER_QUERY_RETURNED_OPTION_ROOTS,XMAG,168,2026-10-01T19:15:47.000Z,7f5917410f0421f4f41b4e9a88a73dd8728fb34f812a662b2c662ca112a7d371
XME,CBOE_ETF,ETF,SPDR SERIES TRUST ST STR SP METAL,American,cboe_cone|cboe_ctwo|cboe_exo|cboe_opt,true,XME,State Street SPDR S&P Metals & Mining ETF,PROVIDER_QUERY_RETURNED_OPTION_ROOTS,XME,1178,2026-10-01T19:15:48.310Z,83e607ea6689587da9ed9f32e2f6c483769a82d51fc98902f7d8e807d3c94cce
XMHQ,CBOE_ETF,ETF,INVESCO EXCHANGE TRADED FD TR S&P MDCP QUALITY,American,cboe_cone|cboe_ctwo|cboe_exo|cboe_opt,true,XMHQ,INVESCO S&P MIDCAP QUALITY ETF,PROVIDER_QUERY_RETURNED_OPTION_ROOTS,XMHQ,220,2026-10-01T19:15:49.291Z,c2fd6a53678f8699dd3b9b5f1ad60250f0c74b72b5ae2c39e6ba90495d4a0cde
XMLV,CBOE_ETF,ETF,INVESCO EXCHANGE-TRADED FD TR S&P MIDCP LOW,American,cboe_cone|cboe_ctwo|cboe_exo|cboe_opt,true,XMLV,INVESSCO S&P MIDCAP LOW VOLTILITY ETF,PROVIDER_QUERY_RETURNED_OPTION_ROOTS,XMLV,152,2026-10-01T19:15:49.383Z,e83c644f8e2dbb17adc76b0f477a95302a63096b193b841f152a4effd18460b2
XMMO,CBOE_ETF,ETF,INVESCO EXCHANGE TRADED FD TR S&P MDCP MOMNTUM,American,cboe_cone|cboe_ctwo|cboe_exo|cboe_opt,true,XMMO,INVESCO S&P MIDCAP MOMENTUM ETF,PROVIDER_QUERY_RETURNED_OPTION_ROOTS,XMMO,286,2026-10-01T19:15:49.883Z,adcaccb991f32326ec4f18deff200996d05b2cb903b380a3ca2fed8a1004cc60
XMVM,CBOE_ETF,ETF,INVESCO EXCHANGE TRADED FD TR S&P MDCP VLU MNT,American,cboe_cone|cboe_ctwo|cboe_exo|cboe_opt,true,XMVM,INVESCO S&P MIDCAP VALUE WITH MOMENTUM ETF,PROVIDER_QUERY_RETURNED_OPTION_ROOTS,XMVM,156,2026-10-01T19:15:50.899Z,e24555fdc4b038c5fd5b2ecac3000616c3a01f1e7b99e0269f39bb301d69642e
XNDX,CBOE_ETF,ETF,Tradr 2X Long XNDU Daily ETF,American,cboe_cone|cboe_ctwo|cboe_exo|cboe_opt,true,XNDX,TRADR 2X LONG XNDU DAILY ETF,PROVIDER_QUERY_RETURNED_OPTION_ROOTS,XNDX,164,2026-10-01T19:15:52.974Z,4c8bea0ab8d466a9ad225471a3c783432db70490d24d35bc9dff0ff3f4a42d40
XOP,CBOE_ETF,ETF,SPDR SERIES TRUST SP O&G EXPL PRO,American,cboe_cone|cboe_ctwo|cboe_exo|cboe_opt,false,XOP,St Strt SPDR S&P Oil&Gas Exploration&ProductionETF,PROVIDER_QUERY_RETURNED_OPTION_ROOTS,XOP,2272,2026-10-01T19:15:55.573Z,ea8c69c9cacb5b0ec101a7deb363cca3f9a201a652b0c378858ba9d8393f8826
XOVR,CBOE_ETF,ETF,ENTREPRENEURSHARES SERIES TRUS ERSH PRI PUB ETF,American,cboe_cone|cboe_ctwo|cboe_exo|cboe_opt,true,XOVR,ERSHARES PRIVATE-PUBLIC CROSSOVER ETF,PROVIDER_QUERY_RETURNED_OPTION_ROOTS,XOVR,488,2026-10-01T19:15:55.923Z,66c6d738d33304a81b74574a77d3465f35355eae44a1331b430592884a23f00b
XPH,CBOE_ETF,ETF,SPDR SERIES TRUST ST STR SP PHARMA,American,cboe_cone|cboe_ctwo|cboe_exo|cboe_opt,true,XPH,State Street SPDR S&P Pharmaceuticals ETF,PROVIDER_QUERY_RETURNED_OPTION_ROOTS,XPH,204,2026-10-01T19:15:58.920Z,af547181a4a5a2b26897e0836a2f9be246bc38ade3c12d1d31fa9d7646b5d388
XPP,CBOE_ETF,ETF,PROSHARES TR ULT FTSE CHIN 50,American,cboe_cone|cboe_exo|cboe_opt,false,XPP,ProShares Ultra FTSE China 50,PROVIDER_QUERY_RETURNED_OPTION_ROOTS,XPP,164,2026-10-01T19:16:00.913Z,28bc860d6d1b732aaaa4812b7b6767995015b4bbea7f4bd1c35135fe9495b09f
XRMI,CBOE_ETF,ETF,GLOBAL X FDS S&P 500 RISK,American,cboe_cone|cboe_ctwo|cboe_exo|cboe_opt,true,XRMI,GLOBAL X S&P 500 RISK MANAGED INCOME ETF,PROVIDER_QUERY_RETURNED_OPTION_ROOTS,XRMI,152,2026-10-01T19:16:02.418Z,d8a386b9e3a6ddf14903377107e2de4a8127a99acb1be1fedb3c6ac35aa8db19
XRP,CBOE_ETF,ETF,BITWISE XRP ETF BENEFICIAL INT,American,cboe_cone|cboe_ctwo|cboe_exo|cboe_opt,true,XRP,BITWISE XRP ETF,PROVIDER_QUERY_RETURNED_OPTION_ROOTS,XRP,212,2026-10-01T19:16:03.467Z,fa7e4974c151d2c5b6c050c0ac4a9b9a8f700aa99d985f2502e37e9c0f0638d7
XRPC,CBOE_ETF,ETF,CANARY XRP ETF SHS,American,cboe_cone|cboe_ctwo|cboe_exo|cboe_opt,true,XRPC,CANARY XRP ETF,PROVIDER_QUERY_RETURNED_OPTION_ROOTS,XRPC,220,2026-10-01T19:16:04.025Z,992064c9f1e4fac056c7d5371f7185ba70669e11e5a7fd0a16573536e85d5ba2
XRPI,CBOE_ETF,ETF,VOLATILITY SHS TR XRP ETF,American,cboe_cone|cboe_ctwo|cboe_exo|cboe_opt,true,XRPI,VOLATILITY SHS TR XRP ETF,PROVIDER_QUERY_RETURNED_OPTION_ROOTS,XRPI,106,2026-10-01T19:16:04.455Z,a9a38714d124f2b6fc1499ff8964ca9b23fb9efc683fc75b55be47a531a15cdd
XRPR,CBOE_ETF,ETF,REX-Osprey XRP ETF,American,cboe_cone|cboe_ctwo|cboe_exo|cboe_opt,true,XRPR,VOLATILITY SHARES TRXRP ETF,PROVIDER_QUERY_RETURNED_OPTION_ROOTS,XRPR,146,2026-10-01T19:16:05.501Z,b68c0a5ed910ddc6de4aef957d274dcf0585dd4a4a8abc8b5e5b3da2ef0df097
XRPT,CBOE_ETF,ETF,VOLATILITY SHS TR 2X XRP ETF,American,cboe_cone|cboe_ctwo|cboe_exo|cboe_opt,true,XRPT|XRPT1,VOLATILITY SHARES TRUST 2X XRP ETF|VOLATILITY SHARES TRUST 2X XRP ETF (1:20),PROVIDER_QUERY_RETURNED_OPTION_ROOTS,XRPT,270,2026-10-01T19:16:05.921Z,af10a489a5fec185dcbd8c6c07e5a325915c5a9af4cb604abf00cd3115c49d5d
XRPZ,CBOE_ETF,ETF,FRANKLIN XRP TRUST FRANKLIN XRP ETF,American,cboe_cone|cboe_ctwo|cboe_exo|cboe_opt,true,XRPZ,FRANKLIN XRP ETF,PROVIDER_QUERY_RETURNED_OPTION_ROOTS,XRPZ,212,2026-10-01T19:16:06.430Z,18200eaed5b215fdefe451eae766b4f9294bbe82daf95a66671d1217f08420db
XRT,CBOE_ETF,ETF,SPDR SERIES TRUST ST STR SP RETAIL,American,cboe_cone|cboe_ctwo|cboe_exo|cboe_opt,true,XRT,State Street SPDR S&P Retail ETF,PROVIDER_QUERY_RETURNED_OPTION_ROOTS,XRT,1070,2026-10-01T19:16:07.077Z,355ad0ec523b004127a2ece09e0de95e8fe01403c4386602f1acf7c97a638c4a
XSD,CBOE_ETF,ETF,SPDR SERIES TRUST ST STR SP SEMI,American,cboe_cone|cboe_ctwo|cboe_exo|cboe_opt,true,XSD,State Street SPDR S&P Semiconductor ETF,PROVIDER_QUERY_RETURNED_OPTION_ROOTS,XSD,1226,2026-10-01T19:16:07.948Z,ca2b773c4b8c42f33b9c148b515d7514391c34108ee37d63ed9dde223b036be1
XSHD,CBOE_ETF,ETF,Invesco S&P SmallCap High Dividend Low Volatility ETF,American,cboe_cone|cboe_ctwo|cboe_exo|cboe_opt,true,XSHD,INVESCO S&P SMALLCAP HIGH DIV LOW VOLATILITY ETF,PROVIDER_QUERY_RETURNED_OPTION_ROOTS,XSHD,152,2026-10-01T19:16:08.428Z,71215c923b69baa47e3fadc5bc093ec72a4f31ab2ce78405a1f22127ade2ab23
XSOE,CBOE_ETF,ETF,WISDOMTREE TR EM EX ST-OWNED,American,cboe_cone|cboe_ctwo|cboe_exo|cboe_opt,false,XSOE,WISDOMTREE EMERGING MARKETS EX-STATE-OWNED ENTER,PROVIDER_QUERY_RETURNED_OPTION_ROOTS,XSOE,156,2026-10-01T19:16:10.427Z,98806e7974a1129778e45f78082171cf8f959b41a1f3bbdf0b19554c510081e9
XSVM,CBOE_ETF,ETF,INVESCO EXCHANGE TRADED FD TR S&P SMCP VLU MNT,American,cboe_cone|cboe_ctwo|cboe_exo|cboe_opt,true,XSVM,INVESCO S&P SMALLCAP VALUE WITH MOMENTUM ETF,PROVIDER_QUERY_RETURNED_OPTION_ROOTS,XSVM,168,2026-10-01T19:16:11.928Z,fa7cae89a646b69a90871aed4c7dfee58bc670c08400e4be4aec16c68766db18
XSW,CBOE_ETF,ETF,SPDR SERIES TRUST ST STR SW SERV,American,cboe_cone|cboe_ctwo|cboe_exo|cboe_opt,true,XSW,State Street SPDR S&P Software & Services ETF,PROVIDER_QUERY_RETURNED_OPTION_ROOTS,XSW,382,2026-10-01T19:16:12.437Z,9e99db4201d818190e0f393096a66376ed8bc5515e93da43fc1dc16b76d11a9e
XT,CBOE_ETF,ETF,ISHARES TR FUTU EXPO TE ETF,American,cboe_cone|cboe_ctwo|cboe_exo|cboe_opt,true,XT,iShares Future Exponential Technologies ETF,PROVIDER_QUERY_RETURNED_OPTION_ROOTS,XT,200,2026-10-01T19:16:12.937Z,ba7ed37722245aacccc74a229a72dcbe8184e16a97f14435e78ff568ff9277c5
XTL,CBOE_ETF,ETF,SPDR SERIES TRUST ST STR SP TELCO,American,cboe_cone|cboe_ctwo|cboe_exo|cboe_opt,true,XTL,State Street SPDR S&P Telecom ETF,PROVIDER_QUERY_RETURNED_OPTION_ROOTS,XTL,370,2026-10-01T19:16:13.457Z,e92e9f8a2dd23f1dec32f804266a1598a92eaee43ceb21d1f78338faeb9edf60
XTN,CBOE_ETF,ETF,SPDR SERIES TRUST ST STR SP TRANS,American,cboe_cone|cboe_ctwo|cboe_exo|cboe_opt,true,XTN,State Street SPDR S&P Transportation ETF,PROVIDER_QUERY_RETURNED_OPTION_ROOTS,XTN,276,2026-10-01T19:16:13.951Z,e708deb216c9d6dbfeb7a2746d98b87394d78b5e725de61c73a24195b2d308be
XXRP,CBOE_ETF,ETF,LISTED FDS TR TEUCR 2X XRP ETF,American,cboe_cone|cboe_ctwo|cboe_exo|cboe_opt,true,XXRP|XXRP1,TEUCRIUM 2X LONG DAILY XRP ETF|TEUCRIUM 2X LONG DAILY XRP ETF(1:10),PROVIDER_QUERY_RETURNED_OPTION_ROOTS,XXRP|XXRP1,302,2026-10-01T19:16:15.991Z,525aa68c535ee61cf0d9d42dab16482bfeb252bedbbcdf0ee913e1045f1481e3
XYLD,CBOE_ETF,ETF,GLOBAL X FDS S&P 500 COVERED,American,cboe_cone|cboe_ctwo|cboe_exo|cboe_opt,true,XYLD,GLOBAL X S&P 500 COVERED CALL ETF,PROVIDER_QUERY_RETURNED_OPTION_ROOTS,XYLD,152,2026-10-01T19:16:17.039Z,d53ad4ae8af2ad9e6bcffd7238a61e1bc807dffb4024718dcc7303a0b94fed4a
XYLG,CBOE_ETF,ETF,GLOBAL X FDS S&P 500 COVERED,American,cboe_cone|cboe_ctwo|cboe_exo|cboe_opt,true,XYLG,GLOBAL X S&P 500 COVERED CALL & GROWTH ETF,PROVIDER_QUERY_RETURNED_OPTION_ROOTS,XYLG,152,2026-10-01T19:16:17.457Z,ce9e84091c1a55c1d1456f5438e9026f4a32e21b877f5aad4a82d46c3a8ca71c
XYZG,CBOE_ETF,ETF,THEMES ETF TR LEVERAGE SHS 2X,American,cboe_cone|cboe_ctwo|cboe_exo|cboe_opt,true,XYZG,LEVERAGE SHARES 2X LONG XYZ DAILY ETF,PROVIDER_QUERY_RETURNED_OPTION_ROOTS,XYZG,168,2026-10-01T19:16:18.465Z,f620632efd304ac5159122e421ff5593ec1438732d360ae34c7f99a0121f54db
YANG,CBOE_ETF,ETF,DIREXION SHARES ETF TRUST DAI FTS BEA ETF,American,cboe_cone|cboe_ctwo|cboe_exo|cboe_opt,false,YANG|YANG1,Direxion Daily FTSE China Bear 3X Shares|Direxion Daily FTSE China Bear 3X Shares(1:20),PROVIDER_QUERY_RETURNED_OPTION_ROOTS,YANG|YANG1,416,2026-10-01T19:16:20.457Z,405f15161af8530a7366e8e56636595336cf82edfc3900302f081eb87cd437e5
YBTC,CBOE_ETF,ETF,Roundhill Bitcoin Covered Call Strategy ETF,American,cboe_cone|cboe_ctwo|cboe_exo|cboe_opt,false,YBTC,ROUNDHILL BITCOIN COVERED CALL STRATEGY,PROVIDER_QUERY_RETURNED_OPTION_ROOTS,YBTC,152,2026-10-01T19:16:21.450Z,f916e97832f142309f768f7dbd0a4e0ebb90e0bfc56dfbc8a3687e92eb4ecc6c
YCL,CBOE_ETF,ETF,PROSHARES TR II ULTRA YEN NEW,American,cboe_cone|cboe_ctwo|cboe_exo|cboe_opt,false,YCL,ProShares Ultra Yen,PROVIDER_QUERY_RETURNED_OPTION_ROOTS,YCL,152,2026-10-01T19:16:21.957Z,1c96329f9ed9ade875b1d635b388e07db0e14aab6054dbe32cbe359bba2f56b0
YCS,CBOE_ETF,ETF,PROSHARES TR II ULTRASHORT YEN N,American,cboe_cone,false,YCS,ProShares UltraShort Yen,PROVIDER_QUERY_RETURNED_OPTION_ROOTS,YCS,184,2026-10-01T19:16:22.455Z,f8d0628807cd7f47f4608e7006d383c8f4f4919ebd5155b53fa17bb04760d207
YETH,CBOE_ETF,ETF,Roundhill Ether Covered Call Strategy ETF,American,cboe_cone|cboe_ctwo|cboe_exo|cboe_opt,false,YETH,ROUNDHILL ETHER COVERED CALL STRATEGY,PROVIDER_QUERY_RETURNED_OPTION_ROOTS,YETH,148,2026-10-01T19:16:23.457Z,7e073f770b17190c470e16fa86b69762c1be6ff6f41eb7d5fccf402a6a16de5a
YINN,CBOE_ETF,ETF,DIREXION SHARES ETF TRUST DA FT CH BU ETF,American,cboe_cone|cboe_ctwo|cboe_exo|cboe_opt,false,YINN,Direxion Daily FTSE China Bull 3X Shares,PROVIDER_QUERY_RETURNED_OPTION_ROOTS,YINN,842,2026-10-01T19:16:24.987Z,3090745076b4b3ab2d216c556e8bf45f5fe383bfc2148ef542fd513e1570d4e8
YLD,CBOE_ETF,ETF,PRINCIPAL EXCHANGE TRADED FDS ACTIVE HIGH YL,American,cboe_cone|cboe_ctwo|cboe_exo|cboe_opt,true,YLD,PRINCIPAL ACTIVE HIGH YIELD ETF,PROVIDER_QUERY_RETURNED_OPTION_ROOTS,YLD,152,2026-10-01T19:16:25.597Z,7fcf2c83d9c85ba4ce5f536e6dd09ce2bb41dd09b87587ba4e164bd5301911ed
YMAG,CBOE_ETF,ETF,TIDAL TRUST II YIEL MAGN 7 ETFS,American,cboe_cone|cboe_ctwo|cboe_exo|cboe_opt,false,YMAG,YIELDMAX MAGNIFICENT 7 FUND OF OPTION INCOME ETFS,PROVIDER_QUERY_RETURNED_OPTION_ROOTS,YMAG,168,2026-10-01T19:16:26.243Z,3ada80b62d1fa13e9f9629acabbbdad57ff11f76fb1f85a7783c266630ca8963
YMAX,CBOE_ETF,ETF,TIDAL TRUST II YIELD UNIVE ETFS,American,cboe_cone|cboe_ctwo|cboe_exo|cboe_opt,false,YMAX,YIELDMAX UNIVERSE FUND OF OPTION INCOME ETFS,PROVIDER_QUERY_RETURNED_OPTION_ROOTS,YMAX,126,2026-10-01T19:16:26.587Z,a23e78e3d37673e7232fc4b3a369c83e5fe003349f614e1d33e3bef62e5d473a
YOLO,CBOE_ETF,ETF,ADVISORSHARES TR PURE CANNABIS,American,cboe_cone|cboe_ctwo|cboe_exo|cboe_opt,true,YOLO,ADVISORSHARES PURE CANNABIS ETF,PROVIDER_QUERY_RETURNED_OPTION_ROOTS,YOLO,48,2026-10-01T19:16:27.570Z,1c426ad0dec6da2c187c35b4b77d1aa9f773a3d9ec8a9148939a92dd24d43054
YUNG,CBOE_ETF,ETF,Corgi Longevity Consumer ETF,American,cboe_cone|cboe_ctwo|cboe_exo|cboe_opt,true,YUNG,CORGI LONGEVITY CONSUMER ETF,PROVIDER_QUERY_RETURNED_OPTION_ROOTS,YUNG,144,2026-10-01T19:16:32.990Z,6b49942a004ac45d28667702609b128fca8f7f5e2fc2a67f6d3d661234d08846
YXI,CBOE_ETF,ETF,PROSHARES TR SHT FTSE CHIN 50,American,cboe_cone,false,YXI,ProShares Short FTSE China 50,PROVIDER_QUERY_RETURNED_OPTION_ROOTS,YXI,152,2026-10-01T19:16:33.475Z,d06c60657fc20d1a0be2260e9609b909ab36e30914098f32a874b7a6a94e8c60
ZCSH,CBOE_ETF,ETF,ZCASH ETF ETV,American,cboe_cone|cboe_ctwo|cboe_exo|cboe_opt,true,ZCSH,THE ZCASH ETF,PROVIDER_QUERY_RETURNED_OPTION_ROOTS,ZCSH,1136,2026-10-01T19:16:37.043Z,9ce14aac2b91294f3bc88ec6409d871717dcc509bd61ce8b94b26f1ad5c58515
ZROZ,CBOE_ETF,ETF,PIMCO ETF TR 25YR+ ZERO U S,American,cboe_cone|cboe_ctwo|cboe_exo|cboe_opt,false,ZROZ,PIMCO 25+ Year Zero Coupon U.S. Treasury Index Fun,PROVIDER_QUERY_RETURNED_OPTION_ROOTS,ZROZ,202,2026-10-01T19:16:45.007Z,54244599e330bc98771c9319ef9725e0bdc04efd5f83fe099e405e1da06fa48d
ZSL,CBOE_ETF,ETF,PROSHARES TR II ULTRA SHORT SILV,American,cboe_cone|cboe_ctwo|cboe_exo|cboe_opt,false,ZSL|ZSL1,ProShares UltraShort Silver|ProShares UltraShort Silver (1:10 Reverse Split),PROVIDER_QUERY_RETURNED_OPTION_ROOTS,ZSL|ZSL1,548,2026-10-01T19:16:46.043Z,d0abc5603ad7aa6dd186e199fe93b3a61c9cfc6c561f03ac03bf5c8b743fea4c
