occ_underlying,occ_class,product_evidence_tier,occ_product_type,occ_class_form,provider_class_state,exact_root_in_lookup,put_contract_strings,call_contract_strings,expiration_count,put_expiration_count,put_pair_expiration_count,earliest_expiration,latest_expiration,earliest_dte_at_capture,latest_dte_at_capture,lookup_raw_sha256
AAAU,AAAU,CBOE_ETF,EU,SAME_AS_UNDERLYING,EXACT_CLASS_ROOT_OBSERVED,true,92,92,4,4,4,2026-10-16,2027-03-19,15,169,1d7790549fca36355986c0921cd3380d23e456fe7791f869d6a6720807dfe3af
AAOG,AAOG,CBOE_ETF,EU,SAME_AS_UNDERLYING,EXACT_CLASS_ROOT_OBSERVED,true,42,42,4,4,4,2026-10-16,2027-03-19,15,169,4b8cfc9b3c6a3abd4bf91e68912d20b39f55bcd19c1a1db5f705e8a560373c01
AAOX,AAOX,CBOE_ETF,EU,SAME_AS_UNDERLYING,EXACT_CLASS_ROOT_OBSERVED,true,226,226,6,6,6,2026-10-16,2029-01-19,15,841,8f44b261a7b42b39a5fc22667133b98c2a683d5ac7a88221179892a56991f6f6
AAOZ,AAOZ,CBOE_ETF,EU,SAME_AS_UNDERLYING,EXACT_CLASS_ROOT_OBSERVED,true,140,140,4,4,4,2026-10-16,2027-03-19,15,169,b219fa8dd75d37dff044cea99ac374d98c1a91eaa86269961c611250381e38e0
AAPB,AAPB,CBOE_ETF,EU,SAME_AS_UNDERLYING,EXACT_CLASS_ROOT_OBSERVED,true,105,105,4,4,4,2026-10-16,2027-04-16,15,197,b7ef6286e36f65c864a1ea53f76377f1eca43997882a81baa6253c1199e8b019
AAPD,AAPD,CBOE_ETF,EU,SAME_AS_UNDERLYING,EXACT_CLASS_ROOT_OBSERVED,true,84,84,4,4,4,2026-10-16,2027-04-16,15,197,f6d314c4c4121e5ee145c0d1d58f5a098829ee68049801ec48cd877bb001b0a5
AAPU,AAPU,CBOE_ETF,EU,SAME_AS_UNDERLYING,EXACT_CLASS_ROOT_OBSERVED,true,178,178,6,6,6,2026-10-16,2029-01-19,15,841,877031fe38311fd649258f40ffaaa0fd622b9ab384f55cde4ac4f9f79339c28c
AAPW,AAPW,CBOE_ETF,EU,SAME_AS_UNDERLYING,EXACT_CLASS_ROOT_OBSERVED,true,78,78,4,4,4,2026-10-16,2027-03-19,15,169,b6c2a9833ced8235fa5850979cea0d18408d12998cf22e11b7fcbe6fc17bb4f5
AAPX,AAPX,CBOE_ETF,EU,SAME_AS_UNDERLYING,EXACT_CLASS_ROOT_OBSERVED,true,81,81,4,4,4,2026-10-16,2027-03-19,15,169,41a6ad83dd74468d6e0b6299842ad26f63d9bc1015fc3cba25dd78e7b0fb199a
AAPY,AAPY,OCC_ETF_NAME_CBOE_ABSENT,EU,SAME_AS_UNDERLYING,EXACT_CLASS_ROOT_OBSERVED,true,49,49,4,4,4,2026-10-16,2027-04-16,15,197,62fe402663f3ed92eb6615aeea8d8f65acdf90ec621305006f84bbc2e74b779a
AAXJ,AAXJ,CBOE_ETF,EU,SAME_AS_UNDERLYING,EXACT_CLASS_ROOT_OBSERVED,true,140,140,4,4,4,2026-10-16,2027-03-19,15,169,d79e9e57a0d8e23be09d4d1c5e9a19b66218b4314b22e85f8369f236207d3ede
ABFL,ABFL,CBOE_ETF,EU,SAME_AS_UNDERLYING,EXACT_CLASS_ROOT_OBSERVED,true,89,89,4,4,4,2026-10-16,2027-03-19,15,169,aa4a0926b7b69a755f6825f7c44da4890fa5a88dffaca038b79d871a1eb3bc36
ACES,ACES,CBOE_ETF,EU,SAME_AS_UNDERLYING,EXACT_CLASS_ROOT_OBSERVED,true,78,78,4,4,4,2026-10-16,2027-03-19,15,169,80b793e5a6ebcfe194e2bc5cb0f62b8de2d6568c6a52ace884ee03d3cf6213a3
ACIO,ACIO,CBOE_ETF,EU,SAME_AS_UNDERLYING,EXACT_CLASS_ROOT_OBSERVED,true,84,84,4,4,4,2026-10-16,2027-05-21,15,232,4179535af3559e15e3ec99ee456417441e14c4837c24096fadd810516b046f1f
ACWI,ACWI,CBOE_ETF,EU,SAME_AS_UNDERLYING,EXACT_CLASS_ROOT_OBSERVED,true,221,221,5,5,5,2026-10-16,2027-12-17,15,442,38fd38dbc17ad8f22bc41b1222577be0f6fc1ca1fdc29327accfcce07ecd9991
ACWV,ACWV,CBOE_ETF,EU,SAME_AS_UNDERLYING,EXACT_CLASS_ROOT_OBSERVED,true,102,102,4,4,4,2026-10-16,2027-04-16,15,197,c875b48db9834b5ca7bee48b1f7ede9683b84bcf86ec789e5e7e36b223a9acb9
ACWX,ACWX,CBOE_ETF,EU,SAME_AS_UNDERLYING,EXACT_CLASS_ROOT_OBSERVED,true,76,76,4,4,4,2026-10-16,2027-03-19,15,169,735faf932087c5af40602895b162c1588254ac30954b34dd9a52f0c0fc03c4ef
ADBG,ADBG,CBOE_ETF,EU,SAME_AS_UNDERLYING,EXACT_CLASS_ROOT_OBSERVED,true,41,41,4,4,4,2026-10-16,2027-05-21,15,232,93033a97ab54100fd8aa088319b0466b613c1e5170d2352a5a33096becc04030
AETH,AETH,CBOE_ETF,EU,SAME_AS_UNDERLYING,EXACT_CLASS_ROOT_OBSERVED,true,94,94,4,4,4,2026-10-16,2027-03-19,15,169,5af5bd43595c28836639c75eafb16d41df3fd394f1e73b2aeebde6a847d65b95
AFK,AFK,OCC_ETF_NAME_CBOE_ABSENT,EU,SAME_AS_UNDERLYING,EXACT_CLASS_ROOT_OBSERVED,true,84,84,4,4,4,2026-10-16,2027-03-19,15,169,1a70e84d2532d775071c2885f9818267926abe18a35223a58b6b22d182211868
AFRU,AFRU,CBOE_ETF,EU,SAME_AS_UNDERLYING,EXACT_CLASS_ROOT_OBSERVED,true,78,78,4,4,4,2026-10-16,2027-03-19,15,169,201be6ac863e6f814554aea8db45260f46eead8c170fcdfff0fc04315b87406d
AGG,AGG,CBOE_ETF,EU,SAME_AS_UNDERLYING,EXACT_CLASS_ROOT_OBSERVED,true,84,84,4,4,4,2026-10-16,2027-03-19,15,169,be24bce96759a736da5b201cebccd29496bf34bc43d419680f3c0504f4a0c8f1
AGGY,AGGY,CBOE_ETF,EU,SAME_AS_UNDERLYING,EXACT_CLASS_ROOT_OBSERVED,true,76,76,4,4,4,2026-10-16,2027-04-16,15,197,76beeb5a871a525bb17a0c1c1226bb57d026cc0495197478339b2f894d5d8323
AGIX,AGIX,OCC_ETF_NAME_CBOE_ABSENT,EU,SAME_AS_UNDERLYING,EXACT_CLASS_ROOT_OBSERVED,true,55,55,4,4,4,2026-10-16,2027-03-19,15,169,ca3db119a1a42cd4c5eb254920b9c962a5ada1c6f56bfb1ce1a5d5e0b66398fe
AGNG,AGNG,CBOE_ETF,EU,SAME_AS_UNDERLYING,EXACT_CLASS_ROOT_OBSERVED,true,76,76,4,4,4,2026-10-16,2027-04-16,15,197,3a54472017b1f09aea6dda72b1c11ef09b62b5560d7031667729132de6d85c37
AGQ,AGQ,CBOE_ETF,EU,SAME_AS_UNDERLYING,EXACT_CLASS_ROOT_OBSERVED,true,1449,1449,16,16,16,2026-10-02,2029-01-19,1,841,8688fd71778c5cf4b5c656f49d9bf4dccf66528ed70352159268110263a8c1c2
AGZ,AGZ,OCC_ETF_NAME_CBOE_ABSENT,EU,SAME_AS_UNDERLYING,EXACT_CLASS_ROOT_OBSERVED,true,47,47,4,4,4,2026-10-16,2027-05-21,15,232,7eac53089f2558625f801a9319afe07d11afd470860bfeeee497f594a4e7bbae
AIA,AIA,CBOE_ETF,EU,SAME_AS_UNDERLYING,EXACT_CLASS_ROOT_OBSERVED,true,187,187,4,4,4,2026-10-16,2027-05-21,15,232,36b33ba46aad2bdce0ff61daf66ff71ddad3eb0a62aab217d43bc9abd5ee6033
AIEQ,AIEQ,OCC_ETF_NAME_CBOE_ABSENT,EU,SAME_AS_UNDERLYING,EXACT_CLASS_ROOT_OBSERVED,true,92,92,4,4,4,2026-10-16,2027-04-16,15,197,61e4c78782b140aca0baf7f2d069e03923696b48e561d64dcc73d2cebe15b983
AIFD,AIFD,OCC_ETF_NAME_CBOE_ABSENT,EU,SAME_AS_UNDERLYING,EXACT_CLASS_ROOT_OBSERVED,true,56,56,4,4,4,2026-10-16,2027-03-19,15,169,084f144b8a30f1b6324a732625a59d1a9fc4d26ef03954873c9fc655899da4da
AIPI,AIPI,CBOE_ETF,EU,SAME_AS_UNDERLYING,EXACT_CLASS_ROOT_OBSERVED,true,87,87,4,4,4,2026-10-16,2027-03-19,15,169,3729d161e03ec3ff9bd5bd22702adf9fb4d9cbf36c4cf15ab4221d223625f2b2
AIPO,AIPO,CBOE_ETF,EU,SAME_AS_UNDERLYING,EXACT_CLASS_ROOT_OBSERVED,true,130,130,6,6,6,2026-10-16,2029-01-19,15,841,3104f65e0adc4a081f35f851d930d85c6f048b68e2b77d51dd13ea5096b2e11c
AIQ,AIQ,CBOE_ETF,EU,SAME_AS_UNDERLYING,EXACT_CLASS_ROOT_OBSERVED,true,132,132,5,5,5,2026-10-16,2027-05-21,15,232,f2c7be2c70356c96ca1206af086249c3eac3ca038eca6bbc3b19c8f203f0cfc8
AIRR,AIRR,CBOE_ETF,EU,SAME_AS_UNDERLYING,EXACT_CLASS_ROOT_OBSERVED,true,151,151,4,4,4,2026-10-16,2027-05-21,15,232,e5028f39f289bef0fa16c4f823df4a3ade213474fbe5987e4fdb3d892f91cb14
AIS,AIS,CBOE_ETF,EU,SAME_AS_UNDERLYING,EXACT_CLASS_ROOT_OBSERVED,true,139,139,4,4,4,2026-10-16,2027-05-21,15,232,86baeb4b8608d5d1cf968fa8b898577103dc09659a5ec94e312c12ecb6f7943a
AIVC,AIVC,CBOE_ETF,EU,SAME_AS_UNDERLYING,EXACT_CLASS_ROOT_OBSERVED,true,131,131,4,4,4,2026-10-16,2027-05-21,15,232,b1e77a01a8c7d6eba6ef7ade3b73467d52077a715bebcd6b2c9890bbf69ee492
AIVI,AIVI,CBOE_ETF,EU,SAME_AS_UNDERLYING,EXACT_CLASS_ROOT_OBSERVED,true,76,76,4,4,4,2026-10-16,2027-03-19,15,169,a56bfdfef5a535b0be53e94e7c973b896f93f1c0bceaaece800f4deb4cd4ad95
AIVL,AIVL,CBOE_ETF,EU,SAME_AS_UNDERLYING,EXACT_CLASS_ROOT_OBSERVED,true,99,99,4,4,4,2026-10-16,2027-05-21,15,232,b01757e17a2e248136ef282100b1ae2df697976f5592e686e7da4fc3dbf0c2f7
AIYY,AIYY,CBOE_ETF,EU,SAME_AS_UNDERLYING,EXACT_CLASS_ROOT_OBSERVED,true,74,74,4,4,4,2026-10-16,2027-04-16,15,197,9ec903097e80de1d8feb456145ffbac9ca3f2863af46b30c6923bb7c0e15ad38
ALBG,ALBG,OCC_ETF_NAME_CBOE_ABSENT,EU,SAME_AS_UNDERLYING,EXACT_CLASS_ROOT_OBSERVED,true,66,66,4,4,4,2026-10-16,2027-03-19,15,169,51708d120962a7769fa8e4cc78dec840c1d3187d26c05f594d7207d6c3078837
ALTL,ALTL,CBOE_ETF,EU,SAME_AS_UNDERLYING,EXACT_CLASS_ROOT_OBSERVED,true,77,77,4,4,4,2026-10-16,2027-05-21,15,232,1beaa260c204f818e4c8a7018e17537367e34f4c0377d8f35342b95dde454e15
ALTY,ALTY,OCC_ETF_NAME_CBOE_ABSENT,EU,SAME_AS_UNDERLYING,EXACT_CLASS_ROOT_OBSERVED,true,44,44,4,4,4,2026-10-16,2027-05-21,15,232,83bac095466d7508c200679f68d18b405b0b2168b5844fb3d329e7dd1a4fae40
AMAU,AMAU,CBOE_ETF,EU,SAME_AS_UNDERLYING,EXACT_CLASS_ROOT_OBSERVED,true,99,99,4,4,4,2026-10-16,2027-03-19,15,169,7287ef164fbf36156330de3c99505e0b56da327d1f8e93d32b2d56a45796369e
AMDD,AMDD,CBOE_ETF,EU,SAME_AS_UNDERLYING,EXACT_CLASS_ROOT_OBSERVED,true,77,77,4,4,4,2026-10-16,2027-05-21,15,232,9f1ef33fe44918df160a592a1eae5d98be0f91b43b4c7c2d355acb7e22787b8e
AMDD,AMDD1,CBOE_ETF,EU,NUMERIC_SUFFIX,EXACT_CLASS_ROOT_OBSERVED,true,25,25,2,2,2,2026-11-20,2027-02-19,50,141,9f1ef33fe44918df160a592a1eae5d98be0f91b43b4c7c2d355acb7e22787b8e
AMDG,AMDG,CBOE_ETF,EU,SAME_AS_UNDERLYING,EXACT_CLASS_ROOT_OBSERVED,true,250,250,4,4,4,2026-10-16,2027-03-19,15,169,a7e1be3c10f1682494f17191c4823791d3459a654c3e71282d6be33ff4d7a33a
AMDL,AMDL,CBOE_ETF,EU,SAME_AS_UNDERLYING,EXACT_CLASS_ROOT_OBSERVED,true,932,932,13,13,13,2026-10-02,2029-01-19,1,841,2c3dd586400738dc7ed9d210ac061cbe5ccdfa9b8f79fbb574643616855fe7b2
AMDW,AMDW,CBOE_ETF,EU,SAME_AS_UNDERLYING,EXACT_CLASS_ROOT_OBSERVED,true,156,156,4,4,4,2026-10-16,2027-04-16,15,197,455287c94c5188788802743d2e27ab561b120ad4ed1eebe89ab9d3a3f60fd882
AMDY,AMDY,CBOE_ETF,EU,SAME_AS_UNDERLYING,EXACT_CLASS_ROOT_OBSERVED,true,132,132,4,4,4,2026-10-16,2027-04-16,15,197,04f21ea2656a5d3e82e9523462cde3e7e70ffc251727f9bf0b7491c1aa29dd39
AMLP,AMLP,CBOE_ETF,EU,SAME_AS_UNDERLYING,EXACT_CLASS_ROOT_OBSERVED,true,100,100,4,4,4,2026-10-16,2027-04-16,15,197,275beca6e9e4d0e7b62cfc98424d8ef50b89ad2747c62baa9f8358ec1924cc5b
AMOM,AMOM,OCC_ETF_NAME_CBOE_ABSENT,EU,SAME_AS_UNDERLYING,EXACT_CLASS_ROOT_OBSERVED,true,119,119,4,4,4,2026-10-16,2027-03-19,15,169,310570206772013e403911a6a96b7c5131a7ad05c7352a888cc0efee797dbdac
AMYY,AMYY,OCC_ETF_NAME_CBOE_ABSENT,EU,SAME_AS_UNDERLYING,EXACT_CLASS_ROOT_OBSERVED,true,89,89,4,4,4,2026-10-16,2027-05-21,15,232,5e9141f2ff1c8363fdfcc2b07420507708931832c10144cd9830c875b4a86e48
AMZA,AMZA,CBOE_ETF,EU,SAME_AS_UNDERLYING,EXACT_CLASS_ROOT_OBSERVED,true,76,76,4,4,4,2026-10-16,2027-03-19,15,169,8352389cdbaa1dbf047bb6b70aa7b8c8b4b9c2e934322a4238fe4b8c0709783f
AMZD,AMZD,CBOE_ETF,EU,SAME_AS_UNDERLYING,EXACT_CLASS_ROOT_OBSERVED,true,72,72,4,4,4,2026-10-16,2027-04-16,15,197,4b6f49f3ece01587be9a2b83c23930e78cc97933e8cc8bc15f3080b69c6e6f84
AMZO,AMZO,CBOE_ETF,EU,SAME_AS_UNDERLYING,EXACT_CLASS_ROOT_OBSERVED,true,89,89,4,4,4,2026-10-16,2027-03-19,15,169,d3ce52233dabb0bbb77608f0c6f8a87cd7a775861fd9dc9e67f3f5e6bf11c545
AMZP,AMZP,CBOE_ETF,EU,SAME_AS_UNDERLYING,EXACT_CLASS_ROOT_OBSERVED,true,78,78,4,4,4,2026-10-16,2027-04-16,15,197,a24057cf1c80b7b2e9b5c9a1eae50791c97b1d8496ac803b2b4b8e00f910bedc
AMZU,AMZU,CBOE_ETF,EU,SAME_AS_UNDERLYING,EXACT_CLASS_ROOT_OBSERVED,true,225,225,6,6,6,2026-10-16,2029-01-19,15,841,b5c1b31b6b4a2d0d025ee81a14b5eec1894830770b58e161639ee3717a917e89
AMZW,AMZW,CBOE_ETF,EU,SAME_AS_UNDERLYING,EXACT_CLASS_ROOT_OBSERVED,true,79,79,4,4,4,2026-10-16,2027-03-19,15,169,5bd69e7a30e9c061eca90b34457194dc3ef78933c203c48a044f53420c03e45c
AMZY,AMZY,CBOE_ETF,EU,SAME_AS_UNDERLYING,EXACT_CLASS_ROOT_OBSERVED,true,85,85,4,4,4,2026-10-16,2027-04-16,15,197,6b947151cad1825823f2bc3d39616b32aa004ead7a90a243eea7fcf8f5e5aefa
AMZZ,AMZZ,CBOE_ETF,EU,SAME_AS_UNDERLYING,EXACT_CLASS_ROOT_OBSERVED,true,98,98,4,4,4,2026-10-16,2027-03-19,15,169,2a1ff065bacf158711094d71f35453f1b2b1aadb3bac73883d2789d3e4a15af4
ANGL,ANGL,CBOE_ETF,EU,SAME_AS_UNDERLYING,EXACT_CLASS_ROOT_OBSERVED,true,76,76,4,4,4,2026-10-16,2027-04-16,15,197,f77d8b176c0dbdbdd6bf24e5c25809b6519a0d1575804c327638cad5ba322f09
AOA,AOA,OCC_ETF_NAME_CBOE_ABSENT,EU,SAME_AS_UNDERLYING,EXACT_CLASS_ROOT_OBSERVED,true,100,100,4,4,4,2026-10-16,2027-03-19,15,169,b382337557aa8e838186f7b4e07a116fb70470bd1de428b976dc4174b92d7444
AOM,AOM,OCC_ETF_NAME_CBOE_ABSENT,EU,SAME_AS_UNDERLYING,EXACT_CLASS_ROOT_OBSERVED,true,84,84,4,4,4,2026-10-16,2027-03-19,15,169,77d25082a271bb6f923b797b1c3f098752efc5e2280c26455269bcfb914baffb
AOR,AOR,OCC_ETF_NAME_CBOE_ABSENT,EU,SAME_AS_UNDERLYING,EXACT_CLASS_ROOT_OBSERVED,true,100,100,4,4,4,2026-10-16,2027-03-19,15,169,77d07eb48c176254dca45255ad513cc03df9091b4898018eb008de6b9a129117
APHU,APHU,CBOE_ETF,EU,SAME_AS_UNDERLYING,EXACT_CLASS_ROOT_OBSERVED,true,80,80,4,4,4,2026-10-16,2027-03-19,15,169,781fae025325b45ec2185051f08b82d7e31c9cad324682766afc1b65442e4070
APLX,APLX,CBOE_ETF,EU,SAME_AS_UNDERLYING,EXACT_CLASS_ROOT_OBSERVED,true,110,110,4,4,4,2026-10-16,2027-03-19,15,169,f04a69449cfe64ae54c5754cb2f9c367dce71e1710e960f7b389adf881ff4994
APLY,APLY,OCC_ETF_NAME_CBOE_ABSENT,EU,SAME_AS_UNDERLYING,EXACT_CLASS_ROOT_OBSERVED,true,74,74,4,4,4,2026-10-16,2027-04-16,15,197,4d8fb8bf00287a0f6b68075a4b0526308826a7b979b1f0325d755e79cbaf8e03
APLZ,APLZ,CBOE_ETF,EU,SAME_AS_UNDERLYING,EXACT_CLASS_ROOT_OBSERVED,true,205,205,6,6,6,2026-10-16,2028-01-21,15,477,6426bd4a1510b4c91ff4dd8c9393b0a4c0c2c74aa6195d20c8583c7e101d3036
APLZ,APLZ1,CBOE_ETF,EU,NUMERIC_SUFFIX,EXACT_CLASS_ROOT_OBSERVED,true,92,92,3,3,3,2026-12-18,2028-01-21,78,477,6426bd4a1510b4c91ff4dd8c9393b0a4c0c2c74aa6195d20c8583c7e101d3036
APPX,APPX,CBOE_ETF,EU,SAME_AS_UNDERLYING,EXACT_CLASS_ROOT_OBSERVED,true,148,148,4,4,4,2026-10-16,2027-03-19,15,169,b6e6ec7bef335a88bd2e3bc18d1f2ef1b0316e296bd794d759bb7e83e562a98b
APPX,APPX1,CBOE_ETF,EU,NUMERIC_SUFFIX,UNDERLYING_QUERY_WITH_OPTIONS_CLASS_UNRESOLVED,false,0,0,0,0,0,,,,,b6e6ec7bef335a88bd2e3bc18d1f2ef1b0316e296bd794d759bb7e83e562a98b
AQWA,AQWA,CBOE_ETF,EU,SAME_AS_UNDERLYING,EXACT_CLASS_ROOT_OBSERVED,true,84,84,4,4,4,2026-10-16,2027-04-16,15,197,71dc1649fe916daf72d43f96e8abd7a79b6a16515bfa24707540d2b9d7bf66b7
ARCX,ARCX,CBOE_ETF,EU,SAME_AS_UNDERLYING,EXACT_CLASS_ROOT_OBSERVED,true,101,101,4,4,4,2026-10-16,2027-03-19,15,169,18d9c57b4be1117abef90784726d517bc076e4111983fcbcab7ff3751c1e2d2a
ARGT,ARGT,CBOE_ETF,EU,SAME_AS_UNDERLYING,EXACT_CLASS_ROOT_OBSERVED,true,220,220,6,6,6,2026-10-16,2027-12-17,15,442,c255ea6545982d6ce634f210688529aa03f117a70fa637b89c321a410d9b6764
ARKB,ARKB,CBOE_ETF,EU,SAME_AS_UNDERLYING,EXACT_CLASS_ROOT_OBSERVED,true,172,172,6,6,6,2026-10-16,2028-01-21,15,477,947703365a3ab04f2d0b3ee395e1377789766a67fa225020d8a3323ec55a5583
ARKF,ARKF,CBOE_ETF,EU,SAME_AS_UNDERLYING,EXACT_CLASS_ROOT_OBSERVED,true,95,95,4,4,4,2026-10-16,2027-04-16,15,197,1b8da7028c464a7f4a242805fff06693180be40ac41f915f2ea1de0f4c32ab0a
ARKG,ARKG,CBOE_ETF,EU,SAME_AS_UNDERLYING,EXACT_CLASS_ROOT_OBSERVED,true,521,521,13,13,13,2026-10-02,2029-01-19,1,841,3d127fe976a14221c1c90e84d79b6f8a7035ac92a08ee75f85f6a3051a42518e
ARKK,ARKK,CBOE_ETF,EU,SAME_AS_UNDERLYING,EXACT_CLASS_ROOT_OBSERVED,true,677,677,14,14,14,2026-10-02,2029-01-19,1,841,5731e84c5d191f97dbedb208a10b6cb21d6d7651f697095635af35f0ecacdda7
ARKQ,ARKQ,CBOE_ETF,EU,SAME_AS_UNDERLYING,EXACT_CLASS_ROOT_OBSERVED,true,150,150,4,4,4,2026-10-16,2027-03-19,15,169,6e3e76284b07cba8a0c2f1cb00a32ceb660927319ffa4e6d73d1734e05706339
ARKW,ARKW,CBOE_ETF,EU,SAME_AS_UNDERLYING,EXACT_CLASS_ROOT_OBSERVED,true,173,173,4,4,4,2026-10-16,2027-03-19,15,169,b9ed724952eab960465a3c4cc455235cbf5ba6d538b3ccbf483d89dd8ae2ef5a
ARKX,ARKX,CBOE_ETF,EU,SAME_AS_UNDERLYING,EXACT_CLASS_ROOT_OBSERVED,true,91,91,4,4,4,2026-10-16,2027-05-21,15,232,1ede78d6f4b4350bc7e4de79a5726be9c81ff2e503510fa170386bb0c70e0475
ARMG,ARMG,CBOE_ETF,EU,SAME_AS_UNDERLYING,EXACT_CLASS_ROOT_OBSERVED,true,174,174,4,4,4,2026-10-16,2027-03-19,15,169,66ad6cd0674df154b3c3fb8d2d992e279717dc2878b31f3ea16b17502d5b874b
ARMW,ARMW,CBOE_ETF,EU,SAME_AS_UNDERLYING,EXACT_CLASS_ROOT_OBSERVED,true,137,137,4,4,4,2026-10-16,2027-03-19,15,169,19071bc3c6ecd2c31a145f671f013187d246041759152915a782b48d3793f7e8
ARTY,ARTY,CBOE_ETF,EU,SAME_AS_UNDERLYING,EXACT_CLASS_ROOT_OBSERVED,true,122,122,4,4,4,2026-10-16,2027-03-19,15,169,69fe1b5a77efa4fc4683e0134622e152a9fcfe1786a8b292dec6646600846df9
ARVR,ARVR,OCC_ETF_NAME_CBOE_ABSENT,EU,SAME_AS_UNDERLYING,EXACT_CLASS_ROOT_OBSERVED,true,61,61,4,4,4,2026-10-16,2027-04-16,15,197,698800387f2cbcbcc229738eab65cb5bb3f938a2761ac54f954c3f07188cb702
ASEA,ASEA,CBOE_ETF,EU,SAME_AS_UNDERLYING,EXACT_CLASS_ROOT_OBSERVED,true,76,76,4,4,4,2026-10-16,2027-05-21,15,232,fc43c6a67645a9f28cfff9d731c6d8f4c51d955f5f9d4f96d98ad25d38e673ce
ASHR,ASHR,CBOE_ETF,EU,SAME_AS_UNDERLYING,EXACT_CLASS_ROOT_OBSERVED,true,393,393,14,14,14,2026-10-02,2029-01-19,1,841,7be7885aacea1fa3eb7ce897ce0996314877d3fbc636520d19d86858f72dca44
ASHS,ASHS,CBOE_ETF,EU,SAME_AS_UNDERLYING,EXACT_CLASS_ROOT_OBSERVED,true,83,83,4,4,4,2026-10-16,2027-03-19,15,169,3d7eb033a205fa226958efc30baf1e280beeeeb203dc687155ba808289be64e5
ASMG,ASMG,CBOE_ETF,EU,SAME_AS_UNDERLYING,EXACT_CLASS_ROOT_OBSERVED,true,116,116,4,4,4,2026-10-16,2027-05-21,15,232,22df4232daaebbe71d6df8c934396e0d15156d90bf4a776a9804cc012aaba3b9
ASSX,ASSX,CBOE_ETF,EU,SAME_AS_UNDERLYING,EXACT_CLASS_ROOT_OBSERVED,true,72,72,4,4,4,2026-10-16,2027-03-19,15,169,e172c77ecb77cb720ee6261cdeae926314d31cd655fab8da6aab7771991d40fa
ASTN,ASTN,OCC_ETF_NAME_CBOE_ABSENT,EU,SAME_AS_UNDERLYING,EXACT_CLASS_ROOT_OBSERVED,true,84,84,4,4,4,2026-10-16,2027-04-16,15,197,9112891b9d3bb1603755057156302933b8c7f77caecf67050e2838a930ba76b3
ASTN,ASTN1,OCC_ETF_NAME_CBOE_ABSENT,EU,NUMERIC_SUFFIX,EXACT_CLASS_ROOT_OBSERVED,true,41,41,3,3,3,2026-10-16,2027-04-16,15,197,9112891b9d3bb1603755057156302933b8c7f77caecf67050e2838a930ba76b3
ASTX,ASTX,CBOE_ETF,EU,SAME_AS_UNDERLYING,EXACT_CLASS_ROOT_OBSERVED,true,216,216,6,6,6,2026-10-16,2029-01-19,15,841,7a48046f22a67ac236ec6e54553d71d24077d9fdffa3eefaa999b73d9b89a65b
AUAU,AUAU,OCC_ETF_NAME_CBOE_ABSENT,EU,SAME_AS_UNDERLYING,EXACT_CLASS_ROOT_OBSERVED,true,105,105,4,4,4,2026-10-16,2027-03-19,15,169,249fc647e24611374498628ea6c52bb5130c3a5c5e2f94a11f037b4189ddd7ee
AV,AV,CBOE_ETF,EU,SAME_AS_UNDERLYING,EXACT_CLASS_ROOT_OBSERVED,true,72,72,4,4,4,2026-10-16,2027-03-19,15,169,175c72b1582b4107458bc1eb08c748dca8a83296c3d94aca04a482735624b8ab
AVDE,AVDE,CBOE_ETF,EU,SAME_AS_UNDERLYING,EXACT_CLASS_ROOT_OBSERVED,true,88,88,4,4,4,2026-10-16,2027-05-21,15,232,e1bc54bd359491e4bdf8815fcaa628a5e9210e20348c2cd51ffbbf8ae83559f8
AVDV,AVDV,CBOE_ETF,EU,SAME_AS_UNDERLYING,EXACT_CLASS_ROOT_OBSERVED,true,103,103,4,4,4,2026-10-16,2027-03-19,15,169,85943ca5e522629f0c3580c73d5ffdd1b7276f8ea26238efe922309433c43e45
AVEM,AVEM,CBOE_ETF,EU,SAME_AS_UNDERLYING,EXACT_CLASS_ROOT_OBSERVED,true,127,127,4,4,4,2026-10-16,2027-05-21,15,232,b295d6344d3ebfe9f051248f2ddcf9027cd7a8501b16fd56499359eba783a785
AVGE,AVGE,CBOE_ETF,EU,SAME_AS_UNDERLYING,EXACT_CLASS_ROOT_OBSERVED,true,102,102,4,4,4,2026-10-16,2027-05-21,15,232,747c49332f10be317ae7a31f14ea3a80c2d6273474b006c574aed758d9369d8c
AVGG,AVGG,CBOE_ETF,EU,SAME_AS_UNDERLYING,EXACT_CLASS_ROOT_OBSERVED,true,101,101,4,4,4,2026-10-16,2027-03-19,15,169,ed332e1afd87b232b690f6afbdba4dc60c3657c0c3ecb27ccf7359b434dc5f0d
AVGV,AVGV,CBOE_ETF,EU,SAME_AS_UNDERLYING,EXACT_CLASS_ROOT_OBSERVED,true,97,97,4,4,4,2026-10-16,2027-05-21,15,232,468b1c391eb6dc466be335db38177adfe43b52200e172470932cc06e73fe7187
AVGW,AVGW,CBOE_ETF,EU,SAME_AS_UNDERLYING,EXACT_CLASS_ROOT_OBSERVED,true,95,95,4,4,4,2026-10-16,2027-04-16,15,197,fca3f8692652b510d16ce59b2d18e7320dc37763f6b472dd143eb7ce5a05a673
AVGX,AVGX,CBOE_ETF,EU,SAME_AS_UNDERLYING,EXACT_CLASS_ROOT_OBSERVED,true,168,168,4,4,4,2026-10-16,2027-03-19,15,169,4ffba38bc6b3552df2c2b8862576ccd77d82e62085210bb5e29d9c47f6c71dee
AVIE,AVIE,OCC_ETF_NAME_CBOE_ABSENT,EU,SAME_AS_UNDERLYING,EXACT_CLASS_ROOT_OBSERVED,true,58,58,4,4,4,2026-10-16,2027-05-21,15,232,0510ef755dca21090f4d469494e9e5b0d64717d0937b3ec2e433c929152ad187
AVL,AVL,CBOE_ETF,EU,SAME_AS_UNDERLYING,EXACT_CLASS_ROOT_OBSERVED,true,134,134,4,4,4,2026-10-16,2027-05-21,15,232,d05df133c2517cb229071d83f904850453e18576f48ab5d4f6f8586982fd71b8
AVLC,AVLC,CBOE_ETF,EU,SAME_AS_UNDERLYING,EXACT_CLASS_ROOT_OBSERVED,true,84,84,4,4,4,2026-10-16,2027-05-21,15,232,3a6d171e09490eaeebc8bdd9cfb7809bd61e199f8ef53e4c6b1aec22897dbe43
AVLV,AVLV,OCC_ETF_NAME_CBOE_ABSENT,EU,SAME_AS_UNDERLYING,EXACT_CLASS_ROOT_OBSERVED,true,110,110,4,4,4,2026-10-16,2027-05-21,15,232,53ca9c21568884be201e66498fc7798775ea2d73145091a6a03dd01539d36248
AVMA,AVMA,OCC_ETF_NAME_CBOE_ABSENT,EU,SAME_AS_UNDERLYING,EXACT_CLASS_ROOT_OBSERVED,true,100,100,4,4,4,2026-10-16,2027-05-21,15,232,b0d2b18edd07cedcf51a93dc82587618c5d906affcb1ee0a4b8b4c4557edbc23
AVMC,AVMC,CBOE_ETF,EU,SAME_AS_UNDERLYING,EXACT_CLASS_ROOT_OBSERVED,true,80,80,4,4,4,2026-10-16,2027-05-21,15,232,6d05a8e9c2cc268f65af0f5792dcb3df728ff69522cff06c387dbe92ebce80fe
AVMV,AVMV,CBOE_ETF,EU,SAME_AS_UNDERLYING,EXACT_CLASS_ROOT_OBSERVED,true,81,81,4,4,4,2026-10-16,2027-05-21,15,232,dc2ec82ead2c1d8891ad73c4ef34b5461d2d505242fb418d3afe9fa643eb0e2f
AVNM,AVNM,OCC_ETF_NAME_CBOE_ABSENT,EU,SAME_AS_UNDERLYING,EXACT_CLASS_ROOT_OBSERVED,true,100,100,4,4,4,2026-10-16,2027-05-21,15,232,4fc8a7d59c7a2ed69def34bb8bcc7f5aedd8762dfec1557df340bc9967b78099
AVNV,AVNV,OCC_ETF_NAME_CBOE_ABSENT,EU,SAME_AS_UNDERLYING,EXACT_CLASS_ROOT_OBSERVED,true,100,100,4,4,4,2026-10-16,2027-05-21,15,232,2cf18024c960a66b5203f6e939c9804d0fcbade323fd4e4400929c6395384743
AVRE,AVRE,OCC_ETF_NAME_CBOE_ABSENT,EU,SAME_AS_UNDERLYING,EXACT_CLASS_ROOT_OBSERVED,true,84,84,4,4,4,2026-10-16,2027-05-21,15,232,296aa87002c553d262abe06954d4159a72ca02b7b7e16ca305e15e5ee1b1122f
AVSC,AVSC,CBOE_ETF,EU,SAME_AS_UNDERLYING,EXACT_CLASS_ROOT_OBSERVED,true,84,84,4,4,4,2026-10-16,2027-05-21,15,232,850170a475e85b41b199c57b33658ed089182655b3ca2c2e2f0e8eae9ae68027
AVSU,AVSU,CBOE_ETF,EU,SAME_AS_UNDERLYING,EXACT_CLASS_ROOT_OBSERVED,true,86,86,4,4,4,2026-10-16,2027-05-21,15,232,6629b847cbedbb45621f82d5203704ee6b85b9532785186fcf9a4fd920dab64e
AVUS,AVUS,CBOE_ETF,EU,SAME_AS_UNDERLYING,EXACT_CLASS_ROOT_OBSERVED,true,110,110,4,4,4,2026-10-16,2027-03-19,15,169,fbc565ae5ac77bbf146114e05db7a0cb9c61313b4533c5155396ad651100afc2
AVUV,AVUV,CBOE_ETF,EU,SAME_AS_UNDERLYING,EXACT_CLASS_ROOT_OBSERVED,true,114,114,4,4,4,2026-10-16,2027-03-19,15,169,0b2d855c02615a13c429c2e9206f9a967eb57bd787696f99f434977c8680cda8
AVXX,AVXX,OCC_ETF_NAME_CBOE_ABSENT,EU,SAME_AS_UNDERLYING,EXACT_CLASS_ROOT_OBSERVED,true,119,119,4,4,4,2026-10-16,2027-05-21,15,232,515533aa9c487b8a14d5de1a1446dbc7e3f7f617d6989a3e02ef05703587c3cc
AVXX,AVXX1,OCC_ETF_NAME_CBOE_ABSENT,EU,NUMERIC_SUFFIX,EXACT_CLASS_ROOT_OBSERVED,true,43,43,3,3,3,2026-10-16,2027-02-19,15,141,515533aa9c487b8a14d5de1a1446dbc7e3f7f617d6989a3e02ef05703587c3cc
AWAY,AWAY,CBOE_ETF,EU,SAME_AS_UNDERLYING,EXACT_CLASS_ROOT_OBSERVED,true,76,76,4,4,4,2026-10-16,2027-05-21,15,232,c8e2ded156eb3a78f1b187a6eab098c8b47096d9e7c326f4e754b53e19afafcc
AXTQ,AXTQ,CBOE_ETF,EU,SAME_AS_UNDERLYING,EXACT_CLASS_ROOT_OBSERVED,true,152,152,4,4,4,2026-10-16,2027-03-19,15,169,26ddfa822da00ebee879db2de39a26417a22ca509f6e33b4ee61fef6d25ed87e
AXTU,AXTU,CBOE_ETF,EU,SAME_AS_UNDERLYING,EXACT_CLASS_ROOT_OBSERVED,true,96,96,4,4,4,2026-10-16,2027-03-19,15,169,09c1014714e7966569e31409c0184e6e729aaf004445fefb9974fc29730096a9
AXTU,AXTU1,CBOE_ETF,EU,NUMERIC_SUFFIX,EXACT_CLASS_ROOT_OBSERVED,true,67,67,3,3,3,2026-10-16,2027-03-19,15,169,09c1014714e7966569e31409c0184e6e729aaf004445fefb9974fc29730096a9
AXTX,AXTX,CBOE_ETF,EU,SAME_AS_UNDERLYING,EXACT_CLASS_ROOT_OBSERVED,true,110,110,6,6,6,2026-10-16,2029-01-19,15,841,99fa1e886b66db882ff769a62b75be2bc45631f52c454c22d7a375a4ab0b7df8
AXTX,AXTX1,CBOE_ETF,EU,NUMERIC_SUFFIX,EXACT_CLASS_ROOT_OBSERVED,true,110,110,5,5,5,2026-10-16,2029-01-19,15,841,99fa1e886b66db882ff769a62b75be2bc45631f52c454c22d7a375a4ab0b7df8
AZYY,AZYY,OCC_ETF_NAME_CBOE_ABSENT,EU,SAME_AS_UNDERLYING,EXACT_CLASS_ROOT_OBSERVED,true,84,84,4,4,4,2026-10-16,2027-05-21,15,232,295f45eb5be1746c3dd9ac91fb5bfaf789070ad69bd7b083b3eb3a2f401770f9
BAB,BAB,OCC_ETF_NAME_CBOE_ABSENT,EU,SAME_AS_UNDERLYING,EXACT_CLASS_ROOT_OBSERVED,true,44,44,4,4,4,2026-10-16,2027-05-21,15,232,1dde5a8ffaa5d6c21124fb1f9da0920842efaad2a1bbb8f4ae1341c09b5092b5
BABO,BABO,OCC_ETF_NAME_CBOE_ABSENT,EU,SAME_AS_UNDERLYING,EXACT_CLASS_ROOT_OBSERVED,true,44,44,4,4,4,2026-10-16,2027-03-19,15,169,7863bfb6cfa750800b4cd6ddbd20b2d97dbb8d66aacf4e07e523dcdcd2319224
BABW,BABW,CBOE_ETF,EU,SAME_AS_UNDERLYING,EXACT_CLASS_ROOT_OBSERVED,true,81,81,4,4,4,2026-10-16,2027-03-19,15,169,aadc14a34f727d92ec6399ff7d88925b7240880a70f09c6e62ee6bdb732ea375
BABX,BABX,CBOE_ETF,EU,SAME_AS_UNDERLYING,EXACT_CLASS_ROOT_OBSERVED,true,97,97,4,4,4,2026-10-16,2027-03-19,15,169,6d63feb8cb45225f252b68fac64263db324ad156a7a5729e81b5707d176beb56
BAGY,BAGY,CBOE_ETF,EU,SAME_AS_UNDERLYING,EXACT_CLASS_ROOT_OBSERVED,true,79,79,4,4,4,2026-10-16,2027-03-19,15,169,1b7c56f89e3f6c393c3c9e654f52421c73dcbd328ffc7b2f478bbb002d4ed04d
BAI,BAI,CBOE_ETF,EU,SAME_AS_UNDERLYING,EXACT_CLASS_ROOT_OBSERVED,true,99,99,4,4,4,2026-10-16,2027-04-16,15,197,5b756c64d164ca9dfb122a8d9684a03778d91490210bfb89f2251ada3adbaecc
BAIG,BAIG,CBOE_ETF,EU,SAME_AS_UNDERLYING,EXACT_CLASS_ROOT_OBSERVED,true,101,101,4,4,4,2026-10-16,2027-03-19,15,169,0ea746a4a1a9817eaa0bbc821a341da142b186b270bc5588419b784cece98c4a
BAIG,BAIG1,CBOE_ETF,EU,NUMERIC_SUFFIX,EXACT_CLASS_ROOT_OBSERVED,true,7,7,1,1,1,2026-12-18,2026-12-18,78,78,0ea746a4a1a9817eaa0bbc821a341da142b186b270bc5588419b784cece98c4a
BALI,BALI,CBOE_ETF,EU,SAME_AS_UNDERLYING,EXACT_CLASS_ROOT_OBSERVED,true,76,76,4,4,4,2026-10-16,2027-04-16,15,197,7ab048871e55e7b869b42d0a3f68f93d5ac3dfc45f90c61be45207efcb764dbf
BALT,BALT,OCC_ETF_NAME_CBOE_ABSENT,EU,SAME_AS_UNDERLYING,EXACT_CLASS_ROOT_OBSERVED,true,44,44,4,4,4,2026-10-16,2027-05-21,15,232,7dca89b4ef05d02ce49ec744cb02bbff2b800fbf5b4c490b2efc7500c9c2840d
BATT,BATT,CBOE_ETF,EU,SAME_AS_UNDERLYING,EXACT_CLASS_ROOT_OBSERVED,true,76,76,4,4,4,2026-10-16,2027-05-21,15,232,8f7ba8e7a7c1925d494f62d9f4d5a42c2a567bfb851d62ca2e9440c09d6540ce
BAY,BAY,CBOE_ETF,EU,SAME_AS_UNDERLYING,EXACT_CLASS_ROOT_OBSERVED,true,73,73,4,4,4,2026-10-16,2027-03-19,15,169,ebb7713ccc3c6733215536bebe9ecd7fc11c6f62308be571519f55e1a51412c9
BBC,BBC,CBOE_ETF,EU,SAME_AS_UNDERLYING,EXACT_CLASS_ROOT_OBSERVED,true,108,108,4,4,4,2026-10-16,2027-04-16,15,197,6084567f74562a6133c76490f587fe2f3bad366e451bbda59a8b84c225cd2007
BBCA,BBCA,CBOE_ETF,EU,SAME_AS_UNDERLYING,EXACT_CLASS_ROOT_OBSERVED,true,79,79,4,4,4,2026-10-16,2027-03-19,15,169,a37a7b3d502c98dffd61a61fa0976bee5acd347ffc28589e0f060d33e543fd7d
BBEU,BBEU,CBOE_ETF,EU,SAME_AS_UNDERLYING,EXACT_CLASS_ROOT_OBSERVED,true,76,76,4,4,4,2026-10-16,2027-03-19,15,169,a1d74fc6581080658cc40d71beaa3749a2c97b547658a5d6a7476fe4cdb8cb82
BBH,BBH,CBOE_ETF,EU,SAME_AS_UNDERLYING,EXACT_CLASS_ROOT_OBSERVED,true,139,139,4,4,4,2026-10-16,2027-03-19,15,169,e178c226b60f73442dab22563e2afdfc03b8d36b3767966c1cc40779c272aa13
BBIN,BBIN,OCC_ETF_NAME_CBOE_ABSENT,EU,SAME_AS_UNDERLYING,EXACT_CLASS_ROOT_OBSERVED,true,56,56,4,4,4,2026-10-16,2027-04-16,15,197,354857976f14f733876ca10cd866a6e872d6f865404894db5ad14dabea079c99
BBJP,BBJP,OCC_ETF_NAME_CBOE_ABSENT,EU,SAME_AS_UNDERLYING,EXACT_CLASS_ROOT_OBSERVED,true,57,57,4,4,4,2026-10-16,2027-04-16,15,197,6de16f2b16e0e86fd5e635a52287abec0eda48dcaa250fda21b199deda2486de
BBMC,BBMC,OCC_ETF_NAME_CBOE_ABSENT,EU,SAME_AS_UNDERLYING,EXACT_CLASS_ROOT_OBSERVED,true,129,129,4,4,4,2026-10-16,2027-04-16,15,197,e812f4ad095d9c48e136281383bd889babab864841dd47c17448f8ffa6963f7a
BBP,BBP,OCC_ETF_NAME_CBOE_ABSENT,EU,SAME_AS_UNDERLYING,EXACT_CLASS_ROOT_OBSERVED,true,115,115,4,4,4,2026-10-16,2027-04-16,15,197,309b5e8ae8d71baf9300857ff4ff6d669e9839266b1f310e45743efda2b3c110
BBUS,BBUS,OCC_ETF_NAME_CBOE_ABSENT,EU,SAME_AS_UNDERLYING,EXACT_CLASS_ROOT_OBSERVED,true,128,128,4,4,4,2026-10-16,2027-05-21,15,232,b6be2a2cbfe6c0d7931b60c9f094e89c36966da87c29e720456309b63aa59516
BCCC,BCCC,OCC_ETF_NAME_CBOE_ABSENT,EU,SAME_AS_UNDERLYING,EXACT_CLASS_ROOT_OBSERVED,true,54,54,4,4,4,2026-10-16,2027-03-19,15,169,175208a14f465e61a6c0c1637b2198aae2f77d3994f0f22d279ba4230d1f2874
BCD,BCD,CBOE_ETF,EU,SAME_AS_UNDERLYING,EXACT_CLASS_ROOT_OBSERVED,true,76,76,4,4,4,2026-10-16,2027-03-19,15,169,3271d0f103aa2c6cfd583898e2cdb167856da891f935b5508377097c06b82329
BCI,BCI,CBOE_ETF,EU,SAME_AS_UNDERLYING,EXACT_CLASS_ROOT_OBSERVED,true,76,76,4,4,4,2026-10-16,2027-05-21,15,232,c20f7ec483254badaa9334a98dd5967bf838b66d06c334980d58c6b720cdd32e
BDRY,BDRY,CBOE_ETF,EU,SAME_AS_UNDERLYING,EXACT_CLASS_ROOT_OBSERVED,true,91,91,4,4,4,2026-10-16,2027-05-21,15,232,056c954341c703114d1725ff17abe9d67aef3698b6653ce97dd4ec9b295f2c82
BEDZ,BEDZ,OCC_ETF_NAME_CBOE_ABSENT,EU,SAME_AS_UNDERLYING,QUERY_EMPTY_CLASS_UNRESOLVED,false,0,0,0,0,0,,,,,1f658520ea6652ca12d7aa281f2bf6ffe81b3f3f096fdaa9ebcfa8bec364ed11
BEG,BEG,CBOE_ETF,EU,SAME_AS_UNDERLYING,EXACT_CLASS_ROOT_OBSERVED,true,215,215,4,4,4,2026-10-16,2027-03-19,15,169,bc7bd07f50d5b5a5d9b8853927e8030aafa8f28f34ff83d1b985d6e0b2da19a7
BETZ,BETZ,CBOE_ETF,EU,SAME_AS_UNDERLYING,EXACT_CLASS_ROOT_OBSERVED,true,76,76,4,4,4,2026-10-16,2027-04-16,15,197,1cb0ce5c6ffb53d7cea32469de9a00b18c3ca86f8ff7c3b8089a04ab5dd70add
BEX,BEX,CBOE_ETF,EU,SAME_AS_UNDERLYING,EXACT_CLASS_ROOT_OBSERVED,true,251,251,5,5,5,2026-10-16,2029-01-19,15,841,b21478b0636e7f46c4de8702fd5c75a2e332efeec5b58f10a609c19613d839bf
BEZ,BEZ,CBOE_ETF,EU,SAME_AS_UNDERLYING,EXACT_CLASS_ROOT_OBSERVED,true,97,97,4,4,4,2026-10-16,2027-03-19,15,169,4ccca58b65c8ad7db446821f06d0856bd1cba141daaead478cb57660ac6c9579
BEZ,BEZ1,CBOE_ETF,EU,NUMERIC_SUFFIX,EXACT_CLASS_ROOT_OBSERVED,true,11,11,1,1,1,2026-12-18,2026-12-18,78,78,4ccca58b65c8ad7db446821f06d0856bd1cba141daaead478cb57660ac6c9579
BFOR,BFOR,CBOE_ETF,EU,SAME_AS_UNDERLYING,EXACT_CLASS_ROOT_OBSERVED,true,92,92,4,4,4,2026-10-16,2027-05-21,15,232,1ae5a68e813c7f9bfaeb98ae6308936d4e3a34fb5a36efb69f26ae862716df0a
BHYP,BHYP,OCC_ETF_NAME_CBOE_ABSENT,EU,SAME_AS_UNDERLYING,EXACT_CLASS_ROOT_OBSERVED,true,128,128,4,4,4,2026-10-16,2027-04-16,15,197,2b162a4031adb34a261b4c89ea2ca60421b900313c2b7a73ffee9cc81ca62c8c
BIB,BIB,CBOE_ETF,EU,SAME_AS_UNDERLYING,EXACT_CLASS_ROOT_OBSERVED,true,170,170,4,4,4,2026-10-16,2027-05-21,15,232,9530b0042596058dcecd1e65199aabe865cbbe948ac4aa382e67a096f5b04c72
BIBL,BIBL,OCC_ETF_NAME_CBOE_ABSENT,EU,SAME_AS_UNDERLYING,EXACT_CLASS_ROOT_OBSERVED,true,53,53,4,4,4,2026-10-16,2027-04-16,15,197,b21d32497bdfa9998943842605b1de0172e30a2972252bd0272302cb9f02d29d
BIDG,BIDG,OCC_ETF_NAME_CBOE_ABSENT,EU,SAME_AS_UNDERLYING,EXACT_CLASS_ROOT_OBSERVED,true,75,75,4,4,4,2026-10-16,2027-03-19,15,169,c080156fdf2f7d6e81817a815a97682a9969b5d74dbb8be12c088c8874f97ce3
BIGY,BIGY,CBOE_ETF,EU,SAME_AS_UNDERLYING,EXACT_CLASS_ROOT_OBSERVED,true,84,84,4,4,4,2026-10-16,2027-03-19,15,169,5a147453f1297106be3a83f96dc15dc8a41f66d47267642ccb569ee204367a29
BIL,BIL,CBOE_ETF,EU,SAME_AS_UNDERLYING,EXACT_CLASS_ROOT_OBSERVED,true,140,140,5,5,5,2026-10-16,2027-09-17,15,351,a4410c55d4984cbd8f1bc33b4ad979213af01ec74bd4062c9efd3f32009d5c89
BILS,BILS,CBOE_ETF,EU,SAME_AS_UNDERLYING,EXACT_CLASS_ROOT_OBSERVED,true,76,76,4,4,4,2026-10-16,2027-04-16,15,197,3050f10745420278bedba0f23f6fad174e4aa544dc82ccbfdda35c4bb14d480f
BIS,BIS,CBOE_ETF,EU,SAME_AS_UNDERLYING,EXACT_CLASS_ROOT_OBSERVED,true,85,85,4,4,4,2026-10-16,2027-05-21,15,232,c6c001d924027e6e148764c5a015f989724633a0122d99e772d049785590357b
BIS,BIS1,CBOE_ETF,EU,NUMERIC_SUFFIX,EXACT_CLASS_ROOT_OBSERVED,true,18,18,1,1,1,2026-11-20,2026-11-20,50,50,c6c001d924027e6e148764c5a015f989724633a0122d99e772d049785590357b
BITB,BITB,CBOE_ETF,EU,SAME_AS_UNDERLYING,EXACT_CLASS_ROOT_OBSERVED,true,158,158,5,5,5,2026-10-16,2027-03-19,15,169,4e787768c23f06fbc90215407ccb5db67c1c7a2a33c901e0849171365c823412
BITI,BITI,CBOE_ETF,EU,SAME_AS_UNDERLYING,EXACT_CLASS_ROOT_OBSERVED,true,123,123,5,5,5,2026-10-16,2027-03-19,15,169,06a502f4ec29f2dcc559006d37e2b183c0b1d1cc511357cc57956eb8fdc061e0
BITI,BITI1,CBOE_ETF,EU,NUMERIC_SUFFIX,EXACT_CLASS_ROOT_OBSERVED,true,16,16,1,1,1,2027-01-15,2027-01-15,106,106,06a502f4ec29f2dcc559006d37e2b183c0b1d1cc511357cc57956eb8fdc061e0
BITO,BITO,CBOE_ETF,EU,SAME_AS_UNDERLYING,EXACT_CLASS_ROOT_OBSERVED,true,369,369,17,17,17,2026-10-02,2029-01-19,1,841,779630c0cd7eb2f2314728ef7c226f08db82dc39e417e4f26a0af5d552cd35c2
BITQ,BITQ,CBOE_ETF,EU,SAME_AS_UNDERLYING,EXACT_CLASS_ROOT_OBSERVED,true,95,95,4,4,4,2026-10-16,2027-04-16,15,197,cc0d162afd80af985537c44a7e0d8baa8c215ee656986ee03682e73ecd3d36bc
BITS,BITS,CBOE_ETF,EU,SAME_AS_UNDERLYING,EXACT_CLASS_ROOT_OBSERVED,true,125,125,4,4,4,2026-10-16,2027-04-16,15,197,a39f134216c432798104ff73aac6090865f15140ff4b4fd3aa832c6be610851b
BITU,BITU,CBOE_ETF,EU,SAME_AS_UNDERLYING,EXACT_CLASS_ROOT_OBSERVED,true,90,90,4,4,4,2026-10-16,2027-05-21,15,232,268480f166f514d9c52d24b09d259cfe60444d90d73bb6158ea059090dc48b2e
BITX,BITX,CBOE_ETF,EU,SAME_AS_UNDERLYING,EXACT_CLASS_ROOT_OBSERVED,true,578,578,13,13,13,2026-10-02,2029-01-19,1,841,c0c464b5d8fbd213df8c3a554fa6bcbaab1759971c245b6c1100768d5ef7c604
BITY,BITY,CBOE_ETF,EU,SAME_AS_UNDERLYING,EXACT_CLASS_ROOT_OBSERVED,true,79,79,4,4,4,2026-10-16,2027-03-19,15,169,a999d693e9954dcc83fe22e3c4bf0f8087d430f4565e40754f0a003399d35d59
BIV,BIV,CBOE_ETF,EU,SAME_AS_UNDERLYING,EXACT_CLASS_ROOT_OBSERVED,true,76,76,4,4,4,2026-10-16,2027-04-16,15,197,6debe13a7dea40d12fe9af0960b5138ac4a93e7eea8caf1036775be8d03e8e09
BIZD,BIZD,CBOE_ETF,EU,SAME_AS_UNDERLYING,EXACT_CLASS_ROOT_OBSERVED,true,102,102,5,5,5,2026-10-16,2027-05-21,15,232,6b54d2cdb7734cf68d1224f03db0af30ca40aaaf40a12e9b066adef310f9cae2
BKCH,BKCH,OCC_ETF_NAME_CBOE_ABSENT,EU,SAME_AS_UNDERLYING,EXACT_CLASS_ROOT_OBSERVED,true,118,118,4,4,4,2026-10-16,2027-04-16,15,197,aeac13a43d6d88c389de0696b52823a74ce9275f504317fde87b996517069b57
BKF,BKF,CBOE_ETF,EU,SAME_AS_UNDERLYING,EXACT_CLASS_ROOT_OBSERVED,true,87,87,4,4,4,2026-10-16,2027-03-19,15,169,35eaa9894bfa2d87deee81207e032cb680db188de4b975bca14d1cb19553e515
BKLC,BKLC,OCC_ETF_NAME_CBOE_ABSENT,EU,SAME_AS_UNDERLYING,EXACT_CLASS_ROOT_OBSERVED,true,104,104,4,4,4,2026-10-16,2027-04-16,15,197,243b45170d2b7ea76c967401c45a19eb29dbfe8f20ba68107583d4fd3cba54cf
BKLN,BKLN,CBOE_ETF,EU,SAME_AS_UNDERLYING,EXACT_CLASS_ROOT_OBSERVED,true,151,151,7,7,7,2026-10-02,2029-01-19,1,841,a76659c093ec9dd479368fdadac87326d4c1b07a6c5c5879db35a469dd2b6890
BLCK,BLCK,CBOE_ETF,EU,SAME_AS_UNDERLYING,EXACT_CLASS_ROOT_OBSERVED,true,73,73,4,4,4,2026-10-16,2027-03-19,15,169,f8fd1d5b498cbc1550f0e9b4aad6fc8038696ddc2d7e8bd643857211b5eba3a2
BLCN,BLCN,CBOE_ETF,EU,SAME_AS_UNDERLYING,EXACT_CLASS_ROOT_OBSERVED,true,40,40,2,2,2,2026-10-16,2027-01-15,15,106,b0050cf73ec1b22acfe7917dd38ce6d4a5e4b35b6314ac575b047cb3bf3d893f
BLCV,BLCV,OCC_ETF_NAME_CBOE_ABSENT,EU,SAME_AS_UNDERLYING,EXACT_CLASS_ROOT_OBSERVED,true,48,48,4,4,4,2026-10-16,2027-03-19,15,169,f91212d4ee1b8f2f45430fa5e461ed0dcd22f27b5c19ad0f3697562a779a5fa7
BLOK,BLOK,CBOE_ETF,EU,SAME_AS_UNDERLYING,EXACT_CLASS_ROOT_OBSERVED,true,136,136,4,4,4,2026-10-16,2027-05-21,15,232,076f7f34ccc8a2f384e4ba845d38bbce4dbd53761ff7fc01af5e3006796077ba
BLOX,BLOX,CBOE_ETF,EU,SAME_AS_UNDERLYING,EXACT_CLASS_ROOT_OBSERVED,true,64,64,4,4,4,2026-10-16,2027-05-21,15,232,14e1d66dfaa4f472c9a3631505cfcebb3b61014714545bd7d8423cca22fb5846
BLSG,BLSG,CBOE_ETF,EU,SAME_AS_UNDERLYING,EXACT_CLASS_ROOT_OBSERVED,true,38,38,4,4,4,2026-10-16,2027-05-21,15,232,f7ea860b15d8b818804a0628270e8832ba63314b11b11b25dc55bf285007474a
BLV,BLV,CBOE_ETF,EU,SAME_AS_UNDERLYING,EXACT_CLASS_ROOT_OBSERVED,true,76,76,4,4,4,2026-10-16,2027-03-19,15,169,b5326261b999fbde662533a1118e53d3432b45b23a9e8c019686c8562954f5aa
BMED,BMED,OCC_ETF_NAME_CBOE_ABSENT,EU,SAME_AS_UNDERLYING,EXACT_CLASS_ROOT_OBSERVED,true,74,74,4,4,4,2026-10-16,2027-04-16,15,197,af4c1b092f11858a0a757cfba741ecf6132346dabf496955f7d8b6e5e5383acc
BMNG,BMNG,CBOE_ETF,EU,SAME_AS_UNDERLYING,EXACT_CLASS_ROOT_OBSERVED,true,137,137,4,4,4,2026-10-16,2027-04-16,15,197,afe807a3ee013e9e6648580d697a9f6c827c8a20a2f463bc016a5791e6197529
BMNG,BMNG1,CBOE_ETF,EU,NUMERIC_SUFFIX,EXACT_CLASS_ROOT_OBSERVED,true,3,3,1,1,1,2026-10-16,2026-10-16,15,15,afe807a3ee013e9e6648580d697a9f6c827c8a20a2f463bc016a5791e6197529
BMNU,BMNU,CBOE_ETF,EU,SAME_AS_UNDERLYING,EXACT_CLASS_ROOT_OBSERVED,true,192,192,6,6,6,2026-10-16,2029-01-19,15,841,b9b65f09a477af239188cf1e8771b898690eed28a6a6413ad309985d1f472218
BMNU,BMNU1,CBOE_ETF,EU,NUMERIC_SUFFIX,EXACT_CLASS_ROOT_OBSERVED,true,5,5,1,1,1,2026-12-18,2026-12-18,78,78,b9b65f09a477af239188cf1e8771b898690eed28a6a6413ad309985d1f472218
BMNZ,BMNZ,OCC_ETF_NAME_CBOE_ABSENT,EU,SAME_AS_UNDERLYING,EXACT_CLASS_ROOT_OBSERVED,true,73,73,4,4,4,2026-10-16,2027-05-21,15,232,b47ebd531a0ef81da90a6adfd70f5deff424849dd8f0287c0b7a9431b76cae0b
BND,BND,CBOE_ETF,EU,SAME_AS_UNDERLYING,EXACT_CLASS_ROOT_OBSERVED,true,84,84,4,4,4,2026-10-16,2027-03-19,15,169,e4163aaacdd28141410a63702227217e175f4e55a694e320e24099bb61a5ac70
BNDD,BNDD,CBOE_ETF,EU,SAME_AS_UNDERLYING,EXACT_CLASS_ROOT_OBSERVED,true,92,92,4,4,4,2026-10-16,2027-04-16,15,197,95b731d5d8b38edb96064e69a49c269c3d3faf6b9fa675ba59ddabf73756d1fd
BNDW,BNDW,CBOE_ETF,EU,SAME_AS_UNDERLYING,EXACT_CLASS_ROOT_OBSERVED,true,76,76,4,4,4,2026-10-16,2027-03-19,15,169,0e16f8fcc593b626149f1abd49b5f8b8e59bf1068d50a154877ee4cb84691376
BNDX,BNDX,CBOE_ETF,EU,SAME_AS_UNDERLYING,EXACT_CLASS_ROOT_OBSERVED,true,76,76,4,4,4,2026-10-16,2027-03-19,15,169,389263489ba052339d3d52a6d798c77cacb209b1df6d18755463b3a5a2eb3568
BNGE,BNGE,OCC_ETF_NAME_CBOE_ABSENT,EU,SAME_AS_UNDERLYING,EXACT_CLASS_ROOT_OBSERVED,true,74,74,4,4,4,2026-10-16,2027-04-16,15,197,b9bbba882050774177745971ff8fca7bd78799b665ce36d8df27c79d1bd03681
BNO,BNO,CBOE_ETF,EU,SAME_AS_UNDERLYING,EXACT_CLASS_ROOT_OBSERVED,true,514,514,12,12,12,2026-10-02,2029-01-19,1,841,1f04b5f32488b85d7215a4b303949c9794f5735a5a1d632471fd1ea1919fabb5
BOAT,BOAT,OCC_ETF_NAME_CBOE_ABSENT,EU,SAME_AS_UNDERLYING,EXACT_CLASS_ROOT_OBSERVED,true,62,62,4,4,4,2026-10-16,2027-03-19,15,169,90c77a46135d06e9245307ed99ffbeda5b4f69c90c65fa07d9022b1afa9fc3b4
BOIL,BOIL,CBOE_ETF,EU,SAME_AS_UNDERLYING,EXACT_CLASS_ROOT_OBSERVED,true,408,408,13,13,13,2026-10-02,2029-01-19,1,841,d1fc0fb68d65847ac650d0f11bdd1280181fc3a688f702ea7bd585d0024d523d
BOIL,BOIL1,CBOE_ETF,EU,NUMERIC_SUFFIX,EXACT_CLASS_ROOT_OBSERVED,true,251,251,4,4,4,2026-12-18,2028-01-21,78,477,d1fc0fb68d65847ac650d0f11bdd1280181fc3a688f702ea7bd585d0024d523d
BOIL,BOIL2,CBOE_ETF,EU,NUMERIC_SUFFIX,EXACT_CLASS_ROOT_OBSERVED,true,24,24,1,1,1,2027-01-15,2027-01-15,106,106,d1fc0fb68d65847ac650d0f11bdd1280181fc3a688f702ea7bd585d0024d523d
BOND,BOND,CBOE_ETF,EU,SAME_AS_UNDERLYING,EXACT_CLASS_ROOT_OBSERVED,true,76,76,4,4,4,2026-10-16,2027-05-21,15,232,52dd9544d908755214f930057589a303f4a6b14d3eecacf9d3a9928f58de8920
BOTZ,BOTZ,CBOE_ETF,EU,SAME_AS_UNDERLYING,EXACT_CLASS_ROOT_OBSERVED,true,109,109,5,5,5,2026-10-16,2027-06-17,15,259,594d4386d416a1a25bc426bd914521c6848c331aad54665411891c203df5d85c
BOXX,BOXX,CBOE_ETF,EU,SAME_AS_UNDERLYING,EXACT_CLASS_ROOT_OBSERVED,true,87,87,4,4,4,2026-10-16,2027-03-19,15,169,06d3e524247a84435a243b482d9aedc88f5f45a133328c31d0045bf67da3846d
BPRO,BPRO,OCC_ETF_NAME_CBOE_ABSENT,EU,SAME_AS_UNDERLYING,EXACT_CLASS_ROOT_OBSERVED,true,84,84,4,4,4,2026-10-16,2027-03-19,15,169,77e0aefe9093d6f5717192f63ea79e3c8ecb1c30391b3d5c9d0960a89d9d6e0d
BREW,BREW,CBOE_ETF,EU,SAME_AS_UNDERLYING,EXACT_CLASS_ROOT_OBSERVED,true,72,72,4,4,4,2026-10-16,2027-03-19,15,169,af4f263b2cd2f7e3e66f2eebabb066a16287d00ce14650e80808d88a9a9f37f9
BRF,BRF,CBOE_ETF,EU,SAME_AS_UNDERLYING,EXACT_CLASS_ROOT_OBSERVED,true,84,84,4,4,4,2026-10-16,2027-04-16,15,197,f51f60d65e488c8a252b13faf1abe501fc5a2f3751aa06883357e07b911679a4
BRKW,BRKW,CBOE_ETF,EU,SAME_AS_UNDERLYING,EXACT_CLASS_ROOT_OBSERVED,true,76,76,4,4,4,2026-10-16,2027-03-19,15,169,7c49dbd2c9fdc5b4bbc7d6183295a439ee40cc390db9d18c812eb99e62eeb0f5
BRZU,BRZU,CBOE_ETF,EU,SAME_AS_UNDERLYING,EXACT_CLASS_ROOT_OBSERVED,true,165,165,4,4,4,2026-10-16,2027-03-19,15,169,c5d0ef358614cfd178137d43d1ac6c8b6d2b5865eee0206fc53dff0ba4b0de86
BSOL,BSOL,CBOE_ETF,EU,SAME_AS_UNDERLYING,EXACT_CLASS_ROOT_OBSERVED,true,150,150,6,6,6,2026-10-16,2029-01-19,15,841,6c462d3468f24aedb5a26fec02b234ae61d2bae061a0f288f5304d7732096173
BSV,BSV,CBOE_ETF,EU,SAME_AS_UNDERLYING,EXACT_CLASS_ROOT_OBSERVED,true,76,76,4,4,4,2026-10-16,2027-03-19,15,169,c4d760f21d9dd64caf2d141c8b2ff1c3ca5543c4bbece2cf63316711e47a8205
BSVO,BSVO,CBOE_ETF,EU,SAME_AS_UNDERLYING,EXACT_CLASS_ROOT_OBSERVED,true,76,76,4,4,4,2026-10-16,2027-03-19,15,169,d18c9b4c57625f5379525a9937e185e6124efff8b8d93ea4b6b06d4a1755cb96
BTC,BTC,CBOE_ETF,EU,SAME_AS_UNDERLYING,EXACT_CLASS_ROOT_OBSERVED,true,242,242,7,7,7,2026-10-16,2029-01-19,15,841,d94dff70d07f94d97853d676779690e717a8498456996ef4cb4ae36aaf430efe
BTCI,BTCI,CBOE_ETF,EU,SAME_AS_UNDERLYING,EXACT_CLASS_ROOT_OBSERVED,true,86,86,4,4,4,2026-10-16,2027-03-19,15,169,3e1b691f67ecf4dc1d6da30be9b0b9c58f47a1307edfaca5009f877980453388
BTCL,BTCL,CBOE_ETF,EU,SAME_AS_UNDERLYING,EXACT_CLASS_ROOT_OBSERVED,true,81,81,4,4,4,2026-10-16,2027-03-19,15,169,6613541e351b54f886c14b706e43c4b4a3ad3fec9a0cc7eb56cebdf7a22f56a7
BTCO,BTCO,CBOE_ETF,EU,SAME_AS_UNDERLYING,EXACT_CLASS_ROOT_OBSERVED,true,134,134,4,4,4,2026-10-16,2027-03-19,15,169,48e0c09782961b3f04570533b0d1acde51607c3e2bd31bed9bf8f0b7b96f6386
BTCW,BTCW,CBOE_ETF,EU,SAME_AS_UNDERLYING,EXACT_CLASS_ROOT_OBSERVED,true,133,133,4,4,4,2026-10-16,2027-03-19,15,169,09605facc5556a33818af7c9e54b180c4f4b3634edf4945ee36bbf4eb600ab4e
BTCZ,BTCZ,CBOE_ETF,EU,SAME_AS_UNDERLYING,EXACT_CLASS_ROOT_OBSERVED,true,51,51,5,5,5,2026-10-16,2027-03-19,15,169,ac32cc03f18a79627ea4427b9db1c8bf12da6eeabe02cce6b886c31ec0ffc7d4
BTF,BTF,CBOE_ETF,EU,SAME_AS_UNDERLYING,EXACT_CLASS_ROOT_OBSERVED,true,89,89,4,4,4,2026-10-16,2027-03-19,15,169,b9469bccaa19b49f371161b6b332bc1b708b6ce2cd4c6f68f2d674e8ce83c9ed
BTGD,BTGD,OCC_ETF_NAME_CBOE_ABSENT,EU,SAME_AS_UNDERLYING,EXACT_CLASS_ROOT_OBSERVED,true,92,92,4,4,4,2026-10-16,2027-05-21,15,232,9c9bae4f8d8cd14d6d5360022332fe51ae9a6337f8ee7c78450b4436aa86c020
BTRN,BTRN,OCC_ETF_NAME_CBOE_ABSENT,EU,SAME_AS_UNDERLYING,EXACT_CLASS_ROOT_OBSERVED,true,44,44,4,4,4,2026-10-16,2027-05-21,15,232,2a019cd72fd389d7f74a0fba4fc9fc5fad1379c170da82750dad7f5f52bf6e80
BUCK,BUCK,OCC_ETF_NAME_CBOE_ABSENT,EU,SAME_AS_UNDERLYING,EXACT_CLASS_ROOT_OBSERVED,true,44,44,4,4,4,2026-10-16,2027-04-16,15,197,543adde81aae1fbd4474080bc33b42675bd898abeb983108766786a2146a157d
BUG,BUG,CBOE_ETF,EU,SAME_AS_UNDERLYING,EXACT_CLASS_ROOT_OBSERVED,true,282,282,8,8,8,2026-10-16,2029-01-19,15,841,0119ab6f091f82bd71b52a9ad2c24bde224d219c03ada53c8ba92554ceb98b81
BUL,BUL,OCC_ETF_NAME_CBOE_ABSENT,EU,SAME_AS_UNDERLYING,EXACT_CLASS_ROOT_OBSERVED,true,100,100,4,4,4,2026-10-16,2027-03-19,15,169,3845baab82451ce1d768a4fe8b1dba9c6592a7c23c35a89d0a1e5cd94bf89e51
BULG,BULG,CBOE_ETF,EU,SAME_AS_UNDERLYING,EXACT_CLASS_ROOT_OBSERVED,true,135,135,4,4,4,2026-10-16,2027-03-19,15,169,3f87bfec5a6473c990a520c85df50b9e13cecc434d44ad966e1570d8bac60a2f
BULG,BULG1,CBOE_ETF,EU,NUMERIC_SUFFIX,EXACT_CLASS_ROOT_OBSERVED,true,4,4,1,1,1,2026-12-18,2026-12-18,78,78,3f87bfec5a6473c990a520c85df50b9e13cecc434d44ad966e1570d8bac60a2f
BUYZ,BUYZ,OCC_ETF_NAME_CBOE_ABSENT,EU,SAME_AS_UNDERLYING,EXACT_CLASS_ROOT_OBSERVED,true,48,48,4,4,4,2026-10-16,2027-04-16,15,197,c67c275038bc37434f0b5c1ec7b4e194786624fcd6d993d5c2eba23e5cac382a
BUZZ,BUZZ,CBOE_ETF,EU,SAME_AS_UNDERLYING,EXACT_CLASS_ROOT_OBSERVED,true,95,95,4,4,4,2026-10-16,2027-04-16,15,197,67a624ee2872076a9d53887a02b0a3f002d0e06a55708cf6c50dcabd83393107
BWET,BWET,CBOE_ETF,EU,SAME_AS_UNDERLYING,EXACT_CLASS_ROOT_OBSERVED,true,630,630,4,4,4,2026-10-16,2027-03-19,15,169,4cbf9dc4a390a56c95162886107e3ea6f021cccd2e3a016d86e864de30a3b7ec
BWX,BWX,CBOE_ETF,EU,SAME_AS_UNDERLYING,EXACT_CLASS_ROOT_OBSERVED,true,84,84,4,4,4,2026-10-16,2027-04-16,15,197,8ca2ba8fc8c303ee1b938e1c19c9a20f46941dc3f342bf6c90f91fe7694deb30
BZQ,BZQ,CBOE_ETF,EU,SAME_AS_UNDERLYING,EXACT_CLASS_ROOT_OBSERVED,true,80,80,4,4,4,2026-10-16,2027-05-21,15,232,930b0c6721c27292145c7d7fb1c5bf0bc163d487994da0cadc4084febf21079f
BZQ,BZQ2,CBOE_ETF,EU,NUMERIC_SUFFIX,EXACT_CLASS_ROOT_OBSERVED,true,23,23,1,1,1,2026-11-20,2026-11-20,50,50,930b0c6721c27292145c7d7fb1c5bf0bc163d487994da0cadc4084febf21079f
BZZ,BZZ,CBOE_ETF,EU,SAME_AS_UNDERLYING,EXACT_CLASS_ROOT_OBSERVED,true,72,72,4,4,4,2026-10-16,2027-03-19,15,169,5d939c70005ca78872073db21e87eb493fd7bbba28df1fea6d019de035178e18
CABZ,CABZ,CBOE_ETF,EU,SAME_AS_UNDERLYING,EXACT_CLASS_ROOT_OBSERVED,true,76,76,4,4,4,2026-10-16,2027-03-19,15,169,34283ee3b61076be40ecb2561ef4689cccfa19734120c3ff9b80821e09f46b20
CAFG,CAFG,OCC_ETF_NAME_CBOE_ABSENT,EU,SAME_AS_UNDERLYING,EXACT_CLASS_ROOT_OBSERVED,true,48,48,4,4,4,2026-10-16,2027-04-16,15,197,142329295532ef74856e3e93f433e06f7b162188aa0256e0ec86fd79566dc068
CAIE,CAIE,CBOE_ETF,EU,SAME_AS_UNDERLYING,EXACT_CLASS_ROOT_OBSERVED,true,84,84,4,4,4,2026-10-16,2027-03-19,15,169,97c7d4e711bcadf0f2e0f61a82cc57d0835552368512b50c08f3fb3d45438f83
CALF,CALF,CBOE_ETF,EU,SAME_AS_UNDERLYING,EXACT_CLASS_ROOT_OBSERVED,true,86,86,4,4,4,2026-10-16,2027-04-16,15,197,cd8ac289884be0fb629749bfb82e5da70d70e8eaa20cdbfcd64ec0f986123bfd
CANE,CANE,CBOE_ETF,EU,SAME_AS_UNDERLYING,EXACT_CLASS_ROOT_OBSERVED,true,117,117,6,6,6,2026-10-16,2029-01-19,15,841,6f23c1e5696003d30ffb3352e134ade1bfa272196dba6312cfac0081bcee1bc0
CARZ,CARZ,OCC_ETF_NAME_CBOE_ABSENT,EU,SAME_AS_UNDERLYING,EXACT_CLASS_ROOT_OBSERVED,true,123,123,4,4,4,2026-10-16,2027-03-19,15,169,91c3128d04a1b6b2e361e03ef7b8ca617071a66da451aa69ee790f381cffe3b2
CATG,CATG,CBOE_ETF,EU,SAME_AS_UNDERLYING,EXACT_CLASS_ROOT_OBSERVED,true,73,73,4,4,4,2026-10-16,2027-03-19,15,169,5139fbf4d4273bdcf0e4fd20af6af6405a78b1f4d8779806907982154eb21311
CATH,CATH,CBOE_ETF,EU,SAME_AS_UNDERLYING,EXACT_CLASS_ROOT_OBSERVED,true,79,79,4,4,4,2026-10-16,2027-03-19,15,169,6226d128cb19a2b10d176cb38d91905f84570685623cdc5da208f81cdc579a52
CBOT,CBOT,CBOE_ETF,EU,SAME_AS_UNDERLYING,EXACT_CLASS_ROOT_OBSERVED,true,72,72,4,4,4,2026-10-16,2027-03-19,15,169,07da945b89a081b5c91af7cbf8ceddce0e4c988174625dde98efb8a727112d33
CBRG,CBRG,CBOE_ETF,EU,SAME_AS_UNDERLYING,EXACT_CLASS_ROOT_OBSERVED,true,68,68,6,6,6,2026-10-16,2029-01-19,15,841,84bde2568fbe5be1550687fcee7f56f5d7402c57fa56d98e2ad8277f312cffe2
CBRX,CBRX,CBOE_ETF,EU,SAME_AS_UNDERLYING,EXACT_CLASS_ROOT_OBSERVED,true,85,85,4,4,4,2026-10-16,2027-03-19,15,169,16aa34c6f8114db17fb5f3ec3d5e4d44f103866a68f8bf5520e5aa834b3153e2
CBRZ,CBRZ,CBOE_ETF,EU,SAME_AS_UNDERLYING,EXACT_CLASS_ROOT_OBSERVED,true,102,102,4,4,4,2026-10-16,2027-03-19,15,169,b9b5baeeec2566bdaf07fac69b899712c736b60bd204ca954baf2233baa5178f
CCML,CCML,OCC_ETF_NAME_CBOE_ABSENT,EU,SAME_AS_UNDERLYING,EXACT_CLASS_ROOT_OBSERVED,true,87,87,4,4,4,2026-10-16,2027-03-19,15,169,7b82a58857ff82c14837b64befce3166febbf8587fc38cef58b37f35add02abc
CCOR,CCOR,OCC_ETF_NAME_CBOE_ABSENT,EU,SAME_AS_UNDERLYING,EXACT_CLASS_ROOT_OBSERVED,true,52,52,4,4,4,2026-10-16,2027-05-21,15,232,ab7215fd2d4f70ed789e5aa5301bbe4fcb44ec39dbe5b818c379d628f8f7d178
CCUP,CCUP,CBOE_ETF,EU,SAME_AS_UNDERLYING,EXACT_CLASS_ROOT_OBSERVED,true,90,90,4,4,4,2026-10-16,2027-03-19,15,169,30d2c97259990b1f91b640d50089fa2c4aeb3ded1876ec1838f84ff27a63f5d8
CCUP,CCUP1,CBOE_ETF,EU,NUMERIC_SUFFIX,EXACT_CLASS_ROOT_OBSERVED,true,19,19,3,3,3,2026-10-16,2027-03-19,15,169,30d2c97259990b1f91b640d50089fa2c4aeb3ded1876ec1838f84ff27a63f5d8
CDC,CDC,CBOE_ETF,EU,SAME_AS_UNDERLYING,EXACT_CLASS_ROOT_OBSERVED,true,87,87,4,4,4,2026-10-16,2027-04-16,15,197,1019c174fd19f2e47fb65c1888160c6a60d378fa55c16249db97d608ce818f66
CDL,CDL,OCC_ETF_NAME_CBOE_ABSENT,EU,SAME_AS_UNDERLYING,EXACT_CLASS_ROOT_OBSERVED,true,60,60,4,4,4,2026-10-16,2027-04-16,15,197,961aa17f50d061ccfd89731e04812ca589e083ab3a58b964442f1d58d0ddee8f
CEGX,CEGX,CBOE_ETF,EU,SAME_AS_UNDERLYING,EXACT_CLASS_ROOT_OBSERVED,true,77,77,4,4,4,2026-10-16,2027-03-19,15,169,1c00a7bcd19dda284e5781b73424d60b1777dce24189283ed3be7c1997b35324
CEMB,CEMB,CBOE_ETF,EU,SAME_AS_UNDERLYING,EXACT_CLASS_ROOT_OBSERVED,true,76,76,4,4,4,2026-10-16,2027-03-19,15,169,dceee4acf63de14bb67eb3494c37e091fea1e2155ff787896daddeedfe1602b5
CEPI,CEPI,CBOE_ETF,EU,SAME_AS_UNDERLYING,EXACT_CLASS_ROOT_OBSERVED,true,90,90,4,4,4,2026-10-16,2027-03-19,15,169,a90c54ce6e63766efced488cd5699de78ae2daf3cf34c6cc5e1b8b7aa4bd5877
CERY,CERY,CBOE_ETF,EU,SAME_AS_UNDERLYING,EXACT_CLASS_ROOT_OBSERVED,true,91,91,4,4,4,2026-10-16,2027-04-16,15,197,b91563c2155600761e367955245436ec614220f522394032206ef61e74466b4f
CEW,CEW,CBOE_ETF,EU,SAME_AS_UNDERLYING,EXACT_CLASS_ROOT_OBSERVED,true,76,76,4,4,4,2026-10-16,2027-04-16,15,197,ca9d68ad180eacd3338d07888e5a5376f71d200841f4f15f6fdff4ee01a71aaf
CFA,CFA,CBOE_ETF,EU,SAME_AS_UNDERLYING,EXACT_CLASS_ROOT_OBSERVED,true,78,78,4,4,4,2026-10-16,2027-03-19,15,169,cf61b28a56f9aacb69a271a779fdb9d84f7071d285b8457475905549ddec807a
CGDV,CGDV,CBOE_ETF,EU,SAME_AS_UNDERLYING,EXACT_CLASS_ROOT_OBSERVED,true,76,76,4,4,4,2026-10-16,2027-04-16,15,197,2f87e0289d86141537e693263b1e474b035c9ff81eacb176ceb6b159000d6006
CGGR,CGGR,CBOE_ETF,EU,SAME_AS_UNDERLYING,EXACT_CLASS_ROOT_OBSERVED,true,109,109,4,4,4,2026-10-16,2027-04-16,15,197,0c9e2d0000f628d5348a1414c6ac6d6ae82a27c8d5166e736a3a3ec48bee1076
CGUS,CGUS,CBOE_ETF,EU,SAME_AS_UNDERLYING,EXACT_CLASS_ROOT_OBSERVED,true,76,76,4,4,4,2026-10-16,2027-04-16,15,197,cbaf120e56b033be2f7fe9dac52d35725ca20857229ac2b58120c6b0d4e3965d
CGW,CGW,CBOE_ETF,EU,SAME_AS_UNDERLYING,EXACT_CLASS_ROOT_OBSERVED,true,76,76,4,4,4,2026-10-16,2027-03-19,15,169,01abc442492fc2685fa53caba5ee3de4de5648a2e8b09434eeb0094b852f26f9
CHAT,CHAT,CBOE_ETF,EU,SAME_AS_UNDERLYING,EXACT_CLASS_ROOT_OBSERVED,true,131,131,4,4,4,2026-10-16,2027-03-19,15,169,454ae9c18ca51e749f2e06800afe52a662ac2cda29f701f55ac556e1af1f0d49
CHAU,CHAU,CBOE_ETF,EU,SAME_AS_UNDERLYING,EXACT_CLASS_ROOT_OBSERVED,true,130,130,6,6,6,2026-10-16,2028-01-21,15,477,a11e913d8aa94674f7668f91d4d230f8cdde12cb355ac85bf25f033a8010577b
CHIQ,CHIQ,CBOE_ETF,EU,SAME_AS_UNDERLYING,EXACT_CLASS_ROOT_OBSERVED,true,83,83,4,4,4,2026-10-16,2027-03-19,15,169,1c3dc36be0cc37917a1f713ca8d98ef63a6c493e57f03696d3cd66ffc133dd11
CHPS,CHPS,OCC_ETF_NAME_CBOE_ABSENT,EU,SAME_AS_UNDERLYING,EXACT_CLASS_ROOT_OBSERVED,true,151,151,4,4,4,2026-10-16,2027-04-16,15,197,91b6addfdeebeb4152f4a53226d5787e80d6ab0011cc43abdf78336074ed4bcf
CHPY,CHPY,CBOE_ETF,EU,SAME_AS_UNDERLYING,EXACT_CLASS_ROOT_OBSERVED,true,110,110,4,4,4,2026-10-16,2027-04-16,15,197,4d6bd47734983e8523a792f614b73a6f5432074c157383b99c9bb03661a1e7f1
CIBR,CIBR,CBOE_ETF,EU,SAME_AS_UNDERLYING,EXACT_CLASS_ROOT_OBSERVED,true,199,199,7,7,7,2026-10-16,2027-12-17,15,442,e1ed499808bb65431fffa21d9e0ea693d5a7e807d30b515ce715c5b6a4a94d84
CIEG,CIEG,CBOE_ETF,EU,SAME_AS_UNDERLYING,EXACT_CLASS_ROOT_OBSERVED,true,56,56,4,4,4,2026-10-16,2027-03-19,15,169,fc70681b6ad67e7edc2f3dd23d77c0875446cf45e22995650d29c73d73a12a19
CIFG,CIFG,OCC_ETF_NAME_CBOE_ABSENT,EU,SAME_AS_UNDERLYING,EXACT_CLASS_ROOT_OBSERVED,true,70,70,4,4,4,2026-10-16,2027-04-16,15,197,e33aa4210b98a597630b0154a02c969485e5423b67d7516a2a788acf5796ecd8
CIFU,CIFU,CBOE_ETF,EU,SAME_AS_UNDERLYING,EXACT_CLASS_ROOT_OBSERVED,true,127,127,4,4,4,2026-10-16,2027-03-19,15,169,9e77f2e710758f8243e5322535262c9085ca2a4c1023dfa7d184684fc1963ce9
CLIP,CLIP,OCC_ETF_NAME_CBOE_ABSENT,EU,SAME_AS_UNDERLYING,EXACT_CLASS_ROOT_OBSERVED,true,120,120,4,4,4,2026-10-16,2027-03-19,15,169,55d194e5d2e210fee35c9878e93d1f515f2441dd9f7d2d022c7888e7aec7fa51
CLIX,CLIX,OCC_ETF_NAME_CBOE_ABSENT,EU,SAME_AS_UNDERLYING,EXACT_CLASS_ROOT_OBSERVED,true,100,100,4,4,4,2026-10-16,2027-03-19,15,169,c3ceb593d81a569adc80c8ef0b683c4a5b1a0293144be946b6f7cdef4ad4bb1d
CLOU,CLOU,CBOE_ETF,EU,SAME_AS_UNDERLYING,EXACT_CLASS_ROOT_OBSERVED,true,87,87,4,4,4,2026-10-16,2027-03-19,15,169,4c3370cf2b9c3dda98c0828d35e303454fa2e0c8a6fb0bf32463280b32a63dd7
CLSX,CLSX,CBOE_ETF,EU,SAME_AS_UNDERLYING,EXACT_CLASS_ROOT_OBSERVED,true,102,102,4,4,4,2026-10-16,2027-03-19,15,169,114eb7641788d1713864ce8f1b5da06f3751da60f9d0306c5fb66c1710de2d95
CMAG,CMAG,CBOE_ETF,EU,SAME_AS_UNDERLYING,EXACT_CLASS_ROOT_OBSERVED,true,72,72,4,4,4,2026-10-16,2027-03-19,15,169,4c22c4e7dd1856c8d369d51632b750e93a02ccd4539aa0f8254b6d5734ece8b0
CMCI,CMCI,OCC_ETF_NAME_CBOE_ABSENT,EU,SAME_AS_UNDERLYING,EXACT_CLASS_ROOT_OBSERVED,true,49,49,4,4,4,2026-10-16,2027-04-16,15,197,1be65cbd23a61f0089b7599d303b4d152e2310181f31b832ec2ed57bb46b15ad
CMDT,CMDT,OCC_ETF_NAME_CBOE_ABSENT,EU,SAME_AS_UNDERLYING,EXACT_CLASS_ROOT_OBSERVED,true,64,64,4,4,4,2026-10-16,2027-05-21,15,232,8f60539986b8b95c7473b086a41a1dc17bcab1764e561f457d019aec2ed4a419
CMDY,CMDY,CBOE_ETF,EU,SAME_AS_UNDERLYING,EXACT_CLASS_ROOT_OBSERVED,true,111,111,4,4,4,2026-10-16,2027-04-16,15,197,1677130370d969f2d3e77a0a8bd530399e6553f9619e3459ca6e2d423babe68b
CNBS,CNBS,CBOE_ETF,EU,SAME_AS_UNDERLYING,EXACT_CLASS_ROOT_OBSERVED,true,86,86,4,4,4,2026-10-16,2027-05-21,15,232,7271022bf0b8decdc36ae774dc5dccb608d17a23f025480b89ed0dc3d9dfe204
CNXT,CNXT,CBOE_ETF,EU,SAME_AS_UNDERLYING,EXACT_CLASS_ROOT_OBSERVED,true,114,114,4,4,4,2026-10-16,2027-05-21,15,232,3aa13dbce447809efcd94815a776d444ef3a61f6ce0777c8235907da15079089
CNYA,CNYA,CBOE_ETF,EU,SAME_AS_UNDERLYING,EXACT_CLASS_ROOT_OBSERVED,true,78,78,4,4,4,2026-10-16,2027-03-19,15,169,21e54c3e41bd9b17beea26b6db1c49be32fc0e224a32160abb512bf8fb032e51
COAL,COAL,CBOE_ETF,EU,SAME_AS_UNDERLYING,EXACT_CLASS_ROOT_OBSERVED,true,86,86,4,4,4,2026-10-16,2027-03-19,15,169,168529ead2d180c6e0c959cc5b92adf9f8202d08441214605534ec6e68d5a11e
COHH,COHH,CBOE_ETF,EU,SAME_AS_UNDERLYING,EXACT_CLASS_ROOT_OBSERVED,true,62,62,4,4,4,2026-10-16,2027-03-19,15,169,3f71448be235594cfd5f6f2214d9cba70cd3db8dbe917bfba5441b90841b9485
COHQ,COHQ,CBOE_ETF,EU,SAME_AS_UNDERLYING,EXACT_CLASS_ROOT_OBSERVED,true,87,87,4,4,4,2026-10-16,2027-03-19,15,169,74c6591ce3ce86f9b05735602ab666e59a4b155ed680915a8b22dbd9ceae0916
COHX,COHX,CBOE_ETF,EU,SAME_AS_UNDERLYING,EXACT_CLASS_ROOT_OBSERVED,true,201,201,4,4,4,2026-10-16,2027-03-19,15,169,2dcd8a906a9ec118cf6d2a58517fa02a14ec8961cf634ddeab88a09dfcef68c1
COIG,COIG,CBOE_ETF,EU,SAME_AS_UNDERLYING,EXACT_CLASS_ROOT_OBSERVED,true,55,55,4,4,4,2026-10-16,2027-05-21,15,232,37c7a8a7f76eb32165d8b76ef62bdb9554a40ddb5561c17298395bb5b44f1fa8
COIW,COIW,CBOE_ETF,EU,SAME_AS_UNDERLYING,EXACT_CLASS_ROOT_OBSERVED,true,69,69,4,4,4,2026-10-16,2027-03-19,15,169,96b1a2cb456a672aeff2355382fc62c857cfce18a22c0e9928ffb8910c5a6279
COLO,COLO,CBOE_ETF,EU,SAME_AS_UNDERLYING,EXACT_CLASS_ROOT_OBSERVED,true,108,108,5,5,5,2026-10-16,2029-01-19,15,841,bdf03436aa7d8b289b976808af14b83b0cd490b90369347590121b0265927da9
COM,COM,CBOE_ETF,EU,SAME_AS_UNDERLYING,EXACT_CLASS_ROOT_OBSERVED,true,84,84,4,4,4,2026-10-16,2027-04-16,15,197,a50b7f5fb5f3b1b44d7e9a84db36b31a4ec2dc68b18fb2aac0d6b775ba581ce3
COMB,COMB,CBOE_ETF,EU,SAME_AS_UNDERLYING,EXACT_CLASS_ROOT_OBSERVED,true,85,85,4,4,4,2026-10-16,2027-04-16,15,197,f229d25877bd71f74d1e6d713074d0ea8542dd1f0bc7bd1a65ce128a4aa6c661
COMT,COMT,CBOE_ETF,EU,SAME_AS_UNDERLYING,EXACT_CLASS_ROOT_OBSERVED,true,76,76,4,4,4,2026-10-16,2027-05-21,15,232,e8a9b9116fe91986f499ed7e200d9921139c8f3948a08ae8280f9485eb0c0d02
CONI,CONI,CBOE_ETF,EU,SAME_AS_UNDERLYING,EXACT_CLASS_ROOT_OBSERVED,true,164,164,4,4,4,2026-10-16,2027-04-16,15,197,3cc658114ee99c9f4839867a0a5e4912d89c83aa2ddb4259f60c252b5d15876e
CONL,CONL,CBOE_ETF,EU,SAME_AS_UNDERLYING,EXACT_CLASS_ROOT_OBSERVED,true,325,325,12,12,12,2026-10-09,2029-01-19,8,841,c720842891fd9be463cfc5ce6c0f9efb01a3a0357aa7aac46a91171667459a06
CONY,CONY,CBOE_ETF,EU,SAME_AS_UNDERLYING,EXACT_CLASS_ROOT_OBSERVED,true,175,175,5,5,5,2026-10-16,2028-01-21,15,477,c6a5cef0f0fbca65ca7d90a74c4dff73ccd8b6642b4f17b59faacb35796d60c3
CONY,CONY1,CBOE_ETF,EU,NUMERIC_SUFFIX,EXACT_CLASS_ROOT_OBSERVED,true,30,30,2,2,2,2027-01-15,2028-01-21,106,477,c6a5cef0f0fbca65ca7d90a74c4dff73ccd8b6642b4f17b59faacb35796d60c3
COPJ,COPJ,CBOE_ETF,EU,SAME_AS_UNDERLYING,EXACT_CLASS_ROOT_OBSERVED,true,98,98,4,4,4,2026-10-16,2027-03-19,15,169,679be7a1ab22e8f5d23e71512aada22a6be652b6d2eba90a5eb3d4ac232a242f
COPP,COPP,CBOE_ETF,EU,SAME_AS_UNDERLYING,EXACT_CLASS_ROOT_OBSERVED,true,96,96,4,4,4,2026-10-16,2027-03-19,15,169,bd6a9ac1644ef40ff6cc6cc522c35e58e032a3ed73af09e42d485be8278a3aa3
COPX,COPX,CBOE_ETF,EU,SAME_AS_UNDERLYING,EXACT_CLASS_ROOT_OBSERVED,true,727,727,15,15,15,2026-10-02,2029-01-19,1,841,6f7bc7d6a72f5aeac870cd7a3eda0df144d2fa0998bce0ae90870cd2645b6c28
COPZ,COPZ,OCC_ETF_NAME_CBOE_ABSENT,EU,SAME_AS_UNDERLYING,EXACT_CLASS_ROOT_OBSERVED,true,71,71,4,4,4,2026-10-16,2027-05-21,15,232,12a9aa9ebbc7c2309dff6fb6da3323195b0b3bf80a49cb232fef59f4d76054da
CORD,CORD,CBOE_ETF,EU,SAME_AS_UNDERLYING,EXACT_CLASS_ROOT_OBSERVED,true,114,114,6,6,6,2026-10-16,2028-01-21,15,477,a213ae4c97820620076dbc908978a8b01db1d2b387daa5d5b0271184d02691ca
CORN,CORN,CBOE_ETF,EU,SAME_AS_UNDERLYING,EXACT_CLASS_ROOT_OBSERVED,true,161,161,8,8,8,2026-10-16,2029-01-19,15,841,57e08d02b10fad058477e6bc6c119fc7c088c6779517b3e7ca6aef36bd4a7f66
CORO,CORO,CBOE_ETF,EU,SAME_AS_UNDERLYING,EXACT_CLASS_ROOT_OBSERVED,true,76,76,4,4,4,2026-10-16,2027-04-16,15,197,cc60eb16ae9e2b8aa5453366a48fce37f2a21992f69694aedd2cc04aeee0b0df
COSW,COSW,CBOE_ETF,EU,SAME_AS_UNDERLYING,EXACT_CLASS_ROOT_OBSERVED,true,79,79,4,4,4,2026-10-16,2027-03-19,15,169,32bcc3a4648447433994260bd5583a2e39ce84ae766eec4498f94afff2e923a8
COWG,COWG,CBOE_ETF,EU,SAME_AS_UNDERLYING,EXACT_CLASS_ROOT_OBSERVED,true,76,76,4,4,4,2026-10-16,2027-03-19,15,169,c0e2ac15667a2e3bb6949a3fa7e5c34d5001cdbb6f968f22ba2aaba2ea38fd32
COWS,COWS,CBOE_ETF,EU,SAME_AS_UNDERLYING,EXACT_CLASS_ROOT_OBSERVED,true,86,86,4,4,4,2026-10-16,2027-03-19,15,169,a30ae92fb7e8dbeb88b65eac67d156c851adefcff268ad572ffd767fbb53f4a6
COWZ,COWZ,CBOE_ETF,EU,SAME_AS_UNDERLYING,EXACT_CLASS_ROOT_OBSERVED,true,82,82,4,4,4,2026-10-16,2027-03-19,15,169,49745213d2d2bbc802e2cb0f4ae072dbe4ccdd2968ca02b0dfeb07c4a142cb09
COYY,COYY,CBOE_ETF,EU,SAME_AS_UNDERLYING,EXACT_CLASS_ROOT_OBSERVED,true,79,79,4,4,4,2026-10-16,2027-05-21,15,232,ce255b709e0397ae8c1f04ee7f3525781cdac720bab4ff99bb0d4811e8ccc27d
COYY,COYY1,CBOE_ETF,EU,NUMERIC_SUFFIX,EXACT_CLASS_ROOT_OBSERVED,true,9,9,1,1,1,2026-11-20,2026-11-20,50,50,ce255b709e0397ae8c1f04ee7f3525781cdac720bab4ff99bb0d4811e8ccc27d
COZX,COZX,CBOE_ETF,EU,SAME_AS_UNDERLYING,EXACT_CLASS_ROOT_OBSERVED,true,95,95,4,4,4,2026-10-16,2027-03-19,15,169,02aba5dadbf9f5208a4cc5509706c70a9c3ed399101935e5ded082f75dcd17bd
CPER,CPER,CBOE_ETF,EU,SAME_AS_UNDERLYING,EXACT_CLASS_ROOT_OBSERVED,true,275,275,9,9,9,2026-10-16,2029-01-19,15,841,b1a0270e92b1e0022556ba552f0bc0e21a21eec65b41c8f7c9d4639457868d0b
CPII,CPII,CBOE_ETF,EU,SAME_AS_UNDERLYING,EXACT_CLASS_ROOT_OBSERVED,true,76,76,4,4,4,2026-10-16,2027-05-21,15,232,bbf95b7e9b791e3a77738ba20b40fe6edb0c40534efee2cd4afcd7caeebcd702
CPNX,CPNX,CBOE_ETF,EU,SAME_AS_UNDERLYING,EXACT_CLASS_ROOT_OBSERVED,true,93,93,4,4,4,2026-10-16,2027-03-19,15,169,51118a849c22f85ac008c26aa4176abf47eeea86b4f7fe056b490f1a45362c29
CPTL,CPTL,CBOE_ETF,EU,SAME_AS_UNDERLYING,EXACT_CLASS_ROOT_OBSERVED,true,78,78,4,4,4,2026-10-16,2027-05-21,15,232,debc5f9963cc493931b0431d3dabf4fb219114e93f2218f8997305b2a2678050
CPXR,CPXR,CBOE_ETF,EU,SAME_AS_UNDERLYING,EXACT_CLASS_ROOT_OBSERVED,true,79,79,4,4,4,2026-10-16,2027-04-16,15,197,0669973568bc5f396f2acccc8c42c01c28338ab7bc4143ff02854e1185101404
CQQQ,CQQQ,OCC_ETF_NAME_CBOE_ABSENT,EU,SAME_AS_UNDERLYING,EXACT_CLASS_ROOT_OBSERVED,true,85,85,4,4,4,2026-10-16,2027-03-19,15,169,2a885862105695d93889c44861d74bd5119fd5828fcb000900d5e12e647a3df9
CQTM,CQTM,CBOE_ETF,EU,SAME_AS_UNDERLYING,EXACT_CLASS_ROOT_OBSERVED,true,22,22,1,1,1,2026-12-18,2026-12-18,78,78,6ceca523d80b0aa92d657e8ca4ed0cee69a493e4388b90b6e6ff3e4d70b58a66
CRAK,CRAK,CBOE_ETF,EU,SAME_AS_UNDERLYING,EXACT_CLASS_ROOT_OBSERVED,true,147,147,6,6,6,2026-10-16,2027-11-19,15,414,7e38d646b1bb406cbd159e55d967dd539a8ca793c0bb13f14e4f7aad072d333d
CRBN,CRBN,OCC_ETF_NAME_CBOE_ABSENT,EU,SAME_AS_UNDERLYING,EXACT_CLASS_ROOT_OBSERVED,true,59,59,4,4,4,2026-10-16,2027-03-19,15,169,aad82c8e315cf798d212861fe8f67109403e54a4a1cde5bb1a1732e9f3f4c0f2
CRCA,CRCA,CBOE_ETF,EU,SAME_AS_UNDERLYING,EXACT_CLASS_ROOT_OBSERVED,true,132,132,4,4,4,2026-10-16,2027-03-19,15,169,7df62840e35ca53f7c5984f7f8f84146398f92df9a8e603bc23d6154338bb407
CRCA,CRCA1,CBOE_ETF,EU,NUMERIC_SUFFIX,UNDERLYING_QUERY_WITH_OPTIONS_CLASS_UNRESOLVED,false,0,0,0,0,0,,,,,7df62840e35ca53f7c5984f7f8f84146398f92df9a8e603bc23d6154338bb407
CRCD,CRCD,CBOE_ETF,EU,SAME_AS_UNDERLYING,EXACT_CLASS_ROOT_OBSERVED,true,84,84,6,6,6,2026-10-16,2028-01-21,15,477,1078d628b82d5556084cea8ec6b778ed3919144f5507b3498992719451de4d42
CRCG,CRCG,CBOE_ETF,EU,SAME_AS_UNDERLYING,EXACT_CLASS_ROOT_OBSERVED,true,189,189,5,5,5,2026-10-16,2027-04-16,15,197,b0e46b3b9d02be92d76ee74762e25c21755abf6e2a865279c0e008d3162fe194
CRCG,CRCG1,CBOE_ETF,EU,NUMERIC_SUFFIX,EXACT_CLASS_ROOT_OBSERVED,true,6,6,1,1,1,2026-12-18,2026-12-18,78,78,b0e46b3b9d02be92d76ee74762e25c21755abf6e2a865279c0e008d3162fe194
CRCO,CRCO,OCC_ETF_NAME_CBOE_ABSENT,EU,SAME_AS_UNDERLYING,EXACT_CLASS_ROOT_OBSERVED,true,111,111,4,4,4,2026-10-16,2027-05-21,15,232,9fc7938239013b65982d4553217184cbb7cebbacb0ef281b4717594f503f5425
CRDU,CRDU,CBOE_ETF,EU,SAME_AS_UNDERLYING,EXACT_CLASS_ROOT_OBSERVED,true,176,176,4,4,4,2026-10-16,2027-03-19,15,169,69707e2293af806cc4516f0d0ad2dfed6e4b5a431f6506e27d7288d8153e8874
CRDU,CRDU1,CBOE_ETF,EU,NUMERIC_SUFFIX,UNDERLYING_QUERY_WITH_OPTIONS_CLASS_UNRESOLVED,false,0,0,0,0,0,,,,,69707e2293af806cc4516f0d0ad2dfed6e4b5a431f6506e27d7288d8153e8874
CRMG,CRMG,CBOE_ETF,EU,SAME_AS_UNDERLYING,EXACT_CLASS_ROOT_OBSERVED,true,77,77,4,4,4,2026-10-16,2027-03-19,15,169,1e015a9a31556bbcfb6d43408229efff454b871f18b59ab406b5160380fa37f4
CRMX,CRMX,CBOE_ETF,EU,SAME_AS_UNDERLYING,EXACT_CLASS_ROOT_OBSERVED,true,88,88,4,4,4,2026-10-16,2027-03-19,15,169,78e6f878590ee24458bb77bf5d715c3613f5150c7d1e599095bc3d2971b39dce
CRMX,CRMX1,CBOE_ETF,EU,NUMERIC_SUFFIX,UNDERLYING_QUERY_WITH_OPTIONS_CLASS_UNRESOLVED,false,0,0,0,0,0,,,,,78e6f878590ee24458bb77bf5d715c3613f5150c7d1e599095bc3d2971b39dce
CRMX,CRMX2,CBOE_ETF,EU,NUMERIC_SUFFIX,EXACT_CLASS_ROOT_OBSERVED,true,75,75,4,4,4,2026-10-16,2027-03-19,15,169,78e6f878590ee24458bb77bf5d715c3613f5150c7d1e599095bc3d2971b39dce
CRPT,CRPT,CBOE_ETF,EU,SAME_AS_UNDERLYING,EXACT_CLASS_ROOT_OBSERVED,true,92,92,4,4,4,2026-10-16,2027-04-16,15,197,164a039a579d7589f43d908bfa349a020d9994c06dfa0ed2a3582f2b4a3c1d24
CRSH,CRSH,OCC_ETF_NAME_CBOE_ABSENT,EU,SAME_AS_UNDERLYING,EXACT_CLASS_ROOT_OBSERVED,true,48,48,4,4,4,2026-10-16,2027-04-16,15,197,20006b605ffdc122a7b2368fb3ee6e380d18fb697069006355b991109dd6e86c
CRTC,CRTC,OCC_ETF_NAME_CBOE_ABSENT,EU,SAME_AS_UNDERLYING,EXACT_CLASS_ROOT_OBSERVED,true,85,85,4,4,4,2026-10-16,2027-04-16,15,197,bff1181e98e22fc3accea380d18fdcd40ddbc38784b52836136f9beb39ad98b3
CRWG,CRWG,CBOE_ETF,EU,SAME_AS_UNDERLYING,EXACT_CLASS_ROOT_OBSERVED,true,168,168,4,4,4,2026-10-16,2027-03-19,15,169,9ac322900d0d47850a5375a67d9cf7ce1b7dcb4590c6e3b9e1c3103bfc428cda
CRWG,CRWG1,CBOE_ETF,EU,NUMERIC_SUFFIX,EXACT_CLASS_ROOT_OBSERVED,true,11,11,1,1,1,2026-12-18,2026-12-18,78,78,9ac322900d0d47850a5375a67d9cf7ce1b7dcb4590c6e3b9e1c3103bfc428cda
CRWL,CRWL,CBOE_ETF,EU,SAME_AS_UNDERLYING,EXACT_CLASS_ROOT_OBSERVED,true,178,178,4,4,4,2026-10-16,2027-03-19,15,169,9caeb8cbd3a430e5dd628e0ee085309ece09689932985a7b8bbcc38b9db47fe1
CRWU,CRWU,CBOE_ETF,EU,SAME_AS_UNDERLYING,EXACT_CLASS_ROOT_OBSERVED,true,103,103,4,4,4,2026-10-16,2027-05-21,15,232,fae16d794cdf33f2ecd0dd55843fb9e84817300bf737cac73f03d8acf0b7aea2
CRWU,CRWU1,CBOE_ETF,EU,NUMERIC_SUFFIX,EXACT_CLASS_ROOT_OBSERVED,true,48,48,3,3,3,2026-10-16,2027-02-19,15,141,fae16d794cdf33f2ecd0dd55843fb9e84817300bf737cac73f03d8acf0b7aea2
CSB,CSB,CBOE_ETF,EU,SAME_AS_UNDERLYING,EXACT_CLASS_ROOT_OBSERVED,true,77,77,4,4,4,2026-10-16,2027-05-21,15,232,bc0d7a7abefc4f49810b6badbef06264e1ccbbc9330209c3a2160babeac82f9b
CSD,CSD,CBOE_ETF,EU,SAME_AS_UNDERLYING,EXACT_CLASS_ROOT_OBSERVED,true,238,238,4,4,4,2026-10-16,2027-04-16,15,197,c441dbbb91b15acdcd3580c9205b767edd9fe4538a9b4af54bfa2e80e58ba43b
CSEX,CSEX,CBOE_ETF,EU,SAME_AS_UNDERLYING,EXACT_CLASS_ROOT_OBSERVED,true,91,91,4,4,4,2026-10-16,2027-03-19,15,169,493212987ab20260432d63d3708e68f082f9b45294a2bcb84b0f2152d986873f
CTA,CTA,CBOE_ETF,EU,SAME_AS_UNDERLYING,EXACT_CLASS_ROOT_OBSERVED,true,88,88,4,4,4,2026-10-16,2027-03-19,15,169,e9df3decc83ab879f525a2287d7d441d1a0a9cf116b7b105b9cc2495cff91f80
CTEC,CTEC,CBOE_ETF,EU,SAME_AS_UNDERLYING,EXACT_CLASS_ROOT_OBSERVED,true,94,94,4,4,4,2026-10-16,2027-05-21,15,232,d5ad1e6572474c02c5f445597377b332df47b1ecbbf8d1bf0c099247d25466e5
CTEX,CTEX,OCC_ETF_NAME_CBOE_ABSENT,EU,SAME_AS_UNDERLYING,EXACT_CLASS_ROOT_OBSERVED,true,86,86,4,4,4,2026-10-16,2027-03-19,15,169,4f869219a784f62507a545e057212db9313448bdb459fe1dec769b994eb2abe6
CURE,CURE,CBOE_ETF,EU,SAME_AS_UNDERLYING,EXACT_CLASS_ROOT_OBSERVED,true,198,198,4,4,4,2026-10-16,2027-05-21,15,232,2c23b76601b680d30226e1c44614b0f03a8c3a1b4461eb66e885f5a110cadedd
CUT,CUT,CBOE_ETF,EU,SAME_AS_UNDERLYING,EXACT_CLASS_ROOT_OBSERVED,true,76,76,4,4,4,2026-10-16,2027-03-19,15,169,8e7e92969bb9581ef87414594ef15f298ab13689407f605d1db49f53c3c995d3
CVIE,CVIE,CBOE_ETF,EU,SAME_AS_UNDERLYING,EXACT_CLASS_ROOT_OBSERVED,true,79,79,4,4,4,2026-10-16,2027-03-19,15,169,a7a4e6d46f81818975daa71e49d4a6a35d65f71a870ead64d7955a74b3afa6dc
CVLC,CVLC,CBOE_ETF,EU,SAME_AS_UNDERLYING,EXACT_CLASS_ROOT_OBSERVED,true,82,82,4,4,4,2026-10-16,2027-03-19,15,169,2a00fb6734c79b6efad86aacd39019298ff630982f898a86cca949ec4c4c4cc9
CVNY,CVNY,CBOE_ETF,EU,SAME_AS_UNDERLYING,EXACT_CLASS_ROOT_OBSERVED,true,106,106,4,4,4,2026-10-16,2027-03-19,15,169,90d1b7d8a055e6ab3bf99b2c18ec5ffa39862b9be9d0b092a25bf5083bf716f3
CVY,CVY,CBOE_ETF,EU,SAME_AS_UNDERLYING,EXACT_CLASS_ROOT_OBSERVED,true,76,76,4,4,4,2026-10-16,2027-03-19,15,169,bdd4f406931dfca3d03a1bda2f0cb6a978c250ea2690fcbbba9e6e5143ec8da8
CWB,CWB,CBOE_ETF,EU,SAME_AS_UNDERLYING,EXACT_CLASS_ROOT_OBSERVED,true,115,115,4,4,4,2026-10-16,2027-04-16,15,197,892441fb07455874e63c9cb281b131bc6b994bb76cc54d26deeaad14487eacf0
CWEB,CWEB,CBOE_ETF,EU,SAME_AS_UNDERLYING,EXACT_CLASS_ROOT_OBSERVED,true,171,171,5,5,5,2026-10-16,2028-01-21,15,477,1b0347690b95315da1ab9a7fc14cdef81476151e14ef04c203ee35aa208043ef
CWI,CWI,CBOE_ETF,EU,SAME_AS_UNDERLYING,EXACT_CLASS_ROOT_OBSERVED,true,76,76,4,4,4,2026-10-16,2027-05-21,15,232,d35e1dc5c54edf4b1e8182a8a4aabf48084d0db93ae1df5c5d1b85fc97ca722f
CWS,CWS,OCC_ETF_NAME_CBOE_ABSENT,EU,SAME_AS_UNDERLYING,EXACT_CLASS_ROOT_OBSERVED,true,58,58,4,4,4,2026-10-16,2027-04-16,15,197,43b6935a3355c4e638708009a3f1e4734b1530dbaadf0e48884f107a14e4e3d5
CWVX,CWVX,CBOE_ETF,EU,SAME_AS_UNDERLYING,EXACT_CLASS_ROOT_OBSERVED,true,157,157,4,4,4,2026-10-16,2027-03-19,15,169,3b58ac7f90ab871ba8263a400411bf880137a949a6ae54cb1567da29abe16000
DAPP,DAPP,CBOE_ETF,EU,SAME_AS_UNDERLYING,EXACT_CLASS_ROOT_OBSERVED,true,76,76,4,4,4,2026-10-16,2027-03-19,15,169,d55a863455526575a11130e86cb60aa465b2fe40f76e4dda982fb5b9a313d681
DAT,DAT,OCC_ETF_NAME_CBOE_ABSENT,EU,SAME_AS_UNDERLYING,EXACT_CLASS_ROOT_OBSERVED,true,71,71,4,4,4,2026-10-16,2027-03-19,15,169,b9e61fdd6817fc495aa1649c48c3b7833676769c5ac23a23a8762ed3add67bfe
DAX,DAX,OCC_ETF_NAME_CBOE_ABSENT,EU,SAME_AS_UNDERLYING,EXACT_CLASS_ROOT_OBSERVED,true,84,84,4,4,4,2026-10-16,2027-04-16,15,197,7dbec6aa35bc8baebd2fcc492cbab5dfe85484b6b30c1dc30191f65e9afb96a9
DBA,DBA,CBOE_ETF,EU,SAME_AS_UNDERLYING,EXACT_CLASS_ROOT_OBSERVED,true,130,130,6,6,6,2026-10-16,2029-01-19,15,841,ff705afbb80baffe381457c798b229f624f172d9d93b8c3db1849754df2da5f3
DBB,DBB,CBOE_ETF,EU,SAME_AS_UNDERLYING,EXACT_CLASS_ROOT_OBSERVED,true,85,85,4,4,4,2026-10-16,2027-04-16,15,197,31216bb57c8e1b405908f93e2b18aeff3581cf6d3ccb144b36c2533d65e5e788
DBC,DBC,CBOE_ETF,EU,SAME_AS_UNDERLYING,EXACT_CLASS_ROOT_OBSERVED,true,129,129,5,5,5,2026-10-16,2027-12-17,15,442,b0c9f96cdc33cf6f3b22fe584a678be7d344cb65e06c2f7fbb4da9e74d1f4cc1
DBE,DBE,CBOE_ETF,EU,SAME_AS_UNDERLYING,EXACT_CLASS_ROOT_OBSERVED,true,146,146,6,6,6,2026-10-16,2027-04-16,15,197,d29b06dce035232ed41807281dd0516b12a83f0c06684166890392524409ac52
DBEF,DBEF,CBOE_ETF,EU,SAME_AS_UNDERLYING,EXACT_CLASS_ROOT_OBSERVED,true,77,77,4,4,4,2026-10-16,2027-05-21,15,232,751dcfbeb2df5af70ec9bed1ba5df70b1e8d9e1b92a81186f7c86377c2f704d3
DBEM,DBEM,OCC_ETF_NAME_CBOE_ABSENT,EU,SAME_AS_UNDERLYING,EXACT_CLASS_ROOT_OBSERVED,true,54,54,4,4,4,2026-10-16,2027-05-21,15,232,2c7b7e6b41a903c9cb19e13b9e5461169f111eabbfe2c4a8f6ae3688686ee719
DBEU,DBEU,CBOE_ETF,EU,SAME_AS_UNDERLYING,EXACT_CLASS_ROOT_OBSERVED,true,76,76,4,4,4,2026-10-16,2027-04-16,15,197,a49a6f96ac47bd2494aca1d57965b65906d32681523ba2e4987bc4b9af417095
DBEZ,DBEZ,OCC_ETF_NAME_CBOE_ABSENT,EU,SAME_AS_UNDERLYING,EXACT_CLASS_ROOT_OBSERVED,true,57,57,4,4,4,2026-10-16,2027-04-16,15,197,50cd50130c1f874613bdcbfc623c935479733815fadc69314b3f47f1b2815ee4
DBJP,DBJP,CBOE_ETF,EU,SAME_AS_UNDERLYING,EXACT_CLASS_ROOT_OBSERVED,true,129,129,4,4,4,2026-10-16,2027-03-19,15,169,41483995ca1a8d337a87db271a53b2de28024cae56a30652fc1e17a8a22f8ccb
DBMF,DBMF,CBOE_ETF,EU,SAME_AS_UNDERLYING,EXACT_CLASS_ROOT_OBSERVED,true,76,76,4,4,4,2026-10-16,2027-05-21,15,232,6b7b2d61153111b57413adc17e325380ca6107e6f5a1017cb629b02761f34bbe
DBO,DBO,CBOE_ETF,EU,SAME_AS_UNDERLYING,EXACT_CLASS_ROOT_OBSERVED,true,103,103,4,4,4,2026-10-16,2027-04-16,15,197,142e67deb82b50b282a23bb17d816eaefeeb2005a9954f0a00e97640c8b63812
DBP,DBP,CBOE_ETF,EU,SAME_AS_UNDERLYING,EXACT_CLASS_ROOT_OBSERVED,true,139,139,4,4,4,2026-10-16,2027-04-16,15,197,7e04b572ee2a5d24c3aa052267a3a3d3c9c4b0bd0956ed39c2d7c1b54264e333
DCOR,DCOR,CBOE_ETF,EU,SAME_AS_UNDERLYING,EXACT_CLASS_ROOT_OBSERVED,true,104,104,4,4,4,2026-10-16,2027-05-21,15,232,50edfb2e7821301f024cf8354e2c326e0b96a157ae7b3e975cb1a1cff563b5ee
DCOR,DCOR1,CBOE_ETF,EU,NUMERIC_SUFFIX,UNDERLYING_QUERY_WITH_OPTIONS_CLASS_UNRESOLVED,false,0,0,0,0,0,,,,,50edfb2e7821301f024cf8354e2c326e0b96a157ae7b3e975cb1a1cff563b5ee
DDM,DDM,CBOE_ETF,EU,SAME_AS_UNDERLYING,EXACT_CLASS_ROOT_OBSERVED,true,108,108,4,4,4,2026-10-16,2027-04-16,15,197,a5060836de85a16a822ce4d5c9845466201e421885ce601b32301b31f666547f
DECO,DECO,OCC_ETF_NAME_CBOE_ABSENT,EU,SAME_AS_UNDERLYING,EXACT_CLASS_ROOT_OBSERVED,true,134,134,4,4,4,2026-10-16,2027-05-21,15,232,5aa08c4db467f3dbe8465b33344a205bbb9fc0718539ccb611b119c28ed1e32d
DEEP,DEEP,CBOE_ETF,EU,SAME_AS_UNDERLYING,EXACT_CLASS_ROOT_OBSERVED,true,76,76,4,4,4,2026-10-16,2027-04-16,15,197,7ea89e273b94eed5e202f98acd940fcf7208b8c1469cd9c59712a1aa4d7cd709
DEM,DEM,CBOE_ETF,EU,SAME_AS_UNDERLYING,EXACT_CLASS_ROOT_OBSERVED,true,92,92,4,4,4,2026-10-16,2027-03-19,15,169,e098582426cbde30c6897c1b14891dfa3667d20c8931e159e6f568a45f3e1932
DESK,DESK,CBOE_ETF,EU,SAME_AS_UNDERLYING,EXACT_CLASS_ROOT_OBSERVED,true,79,79,4,4,4,2026-10-16,2027-04-16,15,197,71082c4214646ef97fd9080e0cffbe834442bb7f77b32ebf985ec8817d8dc275
DEUS,DEUS,OCC_ETF_NAME_CBOE_ABSENT,EU,SAME_AS_UNDERLYING,EXACT_CLASS_ROOT_OBSERVED,true,100,100,4,4,4,2026-10-16,2027-04-16,15,197,275edfd309a7c3eaa70bf2dec4477d480cf1c125fdc08acd4a096869e03c0b23
DFAC,DFAC,CBOE_ETF,EU,SAME_AS_UNDERLYING,EXACT_CLASS_ROOT_OBSERVED,true,85,85,4,4,4,2026-10-16,2027-03-19,15,169,0a465bfc9c47caea781708d6c79b60c3bc72e3a2914de595a58ca6fdab5719b1
DFAR,DFAR,CBOE_ETF,EU,SAME_AS_UNDERLYING,EXACT_CLASS_ROOT_OBSERVED,true,76,76,4,4,4,2026-10-16,2027-04-16,15,197,e88efccbd1def6444420470a420488c3630cb936bb9e44edac8bb60ff97c11fc
DFAR,DFAR1,CBOE_ETF,EU,NUMERIC_SUFFIX,UNDERLYING_QUERY_WITH_OPTIONS_CLASS_UNRESOLVED,false,0,0,0,0,0,,,,,e88efccbd1def6444420470a420488c3630cb936bb9e44edac8bb60ff97c11fc
DFAS,DFAS,CBOE_ETF,EU,SAME_AS_UNDERLYING,EXACT_CLASS_ROOT_OBSERVED,true,90,90,4,4,4,2026-10-16,2027-03-19,15,169,c21989bcd8dde345210a3fcd45f09c87e9173f67701871e24b9160216aae4bf8
DFAT,DFAT,CBOE_ETF,EU,SAME_AS_UNDERLYING,EXACT_CLASS_ROOT_OBSERVED,true,90,90,4,4,4,2026-10-16,2027-03-19,15,169,1fef949c2891640949381497256eca9edd713bff8b87de9a278a467fbbc06c39
DFAU,DFAU,CBOE_ETF,EU,SAME_AS_UNDERLYING,EXACT_CLASS_ROOT_OBSERVED,true,78,78,4,4,4,2026-10-16,2027-05-21,15,232,48fe4f06d6ba04ee69023e095911ace9d17d94b2bf4cb35382b2fc7bb1810790
DFAW,DFAW,OCC_ETF_NAME_CBOE_ABSENT,EU,SAME_AS_UNDERLYING,EXACT_CLASS_ROOT_OBSERVED,true,52,52,4,4,4,2026-10-16,2027-03-19,15,169,fcb33c6675a8680747e002dbda55910adfe8624bcff531da695692c739c50cc3
DFAX,DFAX,CBOE_ETF,EU,SAME_AS_UNDERLYING,EXACT_CLASS_ROOT_OBSERVED,true,76,76,4,4,4,2026-10-16,2027-04-16,15,197,28823d1d5dd6714eabb50f03dc3ee60a198ed8e7db03fbbad48a22bc6a450f51
DFE,DFE,CBOE_ETF,EU,SAME_AS_UNDERLYING,EXACT_CLASS_ROOT_OBSERVED,true,99,99,4,4,4,2026-10-16,2027-05-21,15,232,d7b56834b220e6228f5c7ad8d93c6b95e5482b53dcff943dc074c11b61954305
DFEN,DFEN,CBOE_ETF,EU,SAME_AS_UNDERLYING,EXACT_CLASS_ROOT_OBSERVED,true,153,153,4,4,4,2026-10-16,2027-04-16,15,197,02232e58461a48cd03184f5aff0b29c52500b0fb3f22ad2bd9a27860468ceb5c
DFGR,DFGR,OCC_ETF_NAME_CBOE_ABSENT,EU,SAME_AS_UNDERLYING,EXACT_CLASS_ROOT_OBSERVED,true,44,44,4,4,4,2026-10-16,2027-04-16,15,197,72c8b9524b7dbe7957b9ee5f3dca0545b487a089ec1577d04e676ac620a50f57
DFIC,DFIC,CBOE_ETF,EU,SAME_AS_UNDERLYING,EXACT_CLASS_ROOT_OBSERVED,true,76,76,4,4,4,2026-10-16,2027-04-16,15,197,43a6540f40141c42ba4602c5f10879ee152892e02f2060dc4957460bd84489f2
DFIP,DFIP,CBOE_ETF,EU,SAME_AS_UNDERLYING,EXACT_CLASS_ROOT_OBSERVED,true,76,76,4,4,4,2026-10-16,2027-05-21,15,232,ab62a8563d19fbae05ccb69570685799ff432b46f764e271c1b9516823610a40
DFIS,DFIS,OCC_ETF_NAME_CBOE_ABSENT,EU,SAME_AS_UNDERLYING,EXACT_CLASS_ROOT_OBSERVED,true,44,44,4,4,4,2026-10-16,2027-04-16,15,197,a4d6c9d3017be1f5eb78e69f6e3a39470793d6fe80c4ea70231efde67b19f41e
DFIV,DFIV,CBOE_ETF,EU,SAME_AS_UNDERLYING,EXACT_CLASS_ROOT_OBSERVED,true,76,76,4,4,4,2026-10-16,2027-05-21,15,232,c315ef50ef9f7cd8625cddf5abba9dd63d8379aca78b7fa607e701f27e3ed583
DFJ,DFJ,CBOE_ETF,EU,SAME_AS_UNDERLYING,EXACT_CLASS_ROOT_OBSERVED,true,84,84,4,4,4,2026-10-16,2027-03-19,15,169,dcf6ebb04c867ae58ecbc11e663ac2f4beb06fcb8d89353b907334d427f37ab7
DFLV,DFLV,OCC_ETF_NAME_CBOE_ABSENT,EU,SAME_AS_UNDERLYING,EXACT_CLASS_ROOT_OBSERVED,true,52,52,4,4,4,2026-10-16,2027-04-16,15,197,5b5df19e6928ba0564709eaa30f2288af7ea11e6f19151550b2e2c684fd68ff1
DFNL,DFNL,CBOE_ETF,EU,SAME_AS_UNDERLYING,EXACT_CLASS_ROOT_OBSERVED,true,77,77,4,4,4,2026-10-16,2027-04-16,15,197,af214ccc73ba3e6f656a5ea6f1676a86a641cf14c8f4e2daa983ff0681c8c563
DFSU,DFSU,OCC_ETF_NAME_CBOE_ABSENT,EU,SAME_AS_UNDERLYING,EXACT_CLASS_ROOT_OBSERVED,true,48,48,4,4,4,2026-10-16,2027-04-16,15,197,afdee2b38523e1547b0e88277bfd7f83c8da7c2dca6e24b03699621a487874ea
DFSV,DFSV,CBOE_ETF,EU,SAME_AS_UNDERLYING,EXACT_CLASS_ROOT_OBSERVED,true,78,78,4,4,4,2026-10-16,2027-04-16,15,197,6864a3488a497f4824101719f8637de29618400b5c0e8e19f1503aaa09e6b685
DFSV,DFSV1,CBOE_ETF,EU,NUMERIC_SUFFIX,UNDERLYING_QUERY_WITH_OPTIONS_CLASS_UNRESOLVED,false,0,0,0,0,0,,,,,6864a3488a497f4824101719f8637de29618400b5c0e8e19f1503aaa09e6b685
DFUS,DFUS,CBOE_ETF,EU,SAME_AS_UNDERLYING,EXACT_CLASS_ROOT_OBSERVED,true,95,95,4,4,4,2026-10-16,2027-03-19,15,169,53319e055243eb88ff3df19edb3bb07b4a439877528ce7c8da19813791be4f6c
DFUV,DFUV,CBOE_ETF,EU,SAME_AS_UNDERLYING,EXACT_CLASS_ROOT_OBSERVED,true,88,88,4,4,4,2026-10-16,2027-05-21,15,232,d4ff399699dbff6a0e43afd8dddc26ff159813b964cc75beffa3131f34c096a8
DFVX,DFVX,OCC_ETF_NAME_CBOE_ABSENT,EU,SAME_AS_UNDERLYING,EXACT_CLASS_ROOT_OBSERVED,true,51,51,4,4,4,2026-10-16,2027-03-19,15,169,91c089e219a2c9cbb363db7a1441f92c256beed5112a73c55fb198ffbbf0f1ae
DGIN,DGIN,OCC_ETF_NAME_CBOE_ABSENT,EU,SAME_AS_UNDERLYING,EXACT_CLASS_ROOT_OBSERVED,true,84,84,4,4,4,2026-10-16,2027-04-16,15,197,f6146d4f8262454d2b0b18f968f5e233167a9d8f612aa52ac35fb0667b59cda4
DGRO,DGRO,CBOE_ETF,EU,SAME_AS_UNDERLYING,EXACT_CLASS_ROOT_OBSERVED,true,176,176,6,6,6,2026-10-16,2028-01-21,15,477,fd9c04b07c81cf0b5ef3088acf601611e9b8f979b3d12fdddd588ab53764d974
DGRW,DGRW,CBOE_ETF,EU,SAME_AS_UNDERLYING,EXACT_CLASS_ROOT_OBSERVED,true,81,81,4,4,4,2026-10-16,2027-05-21,15,232,98157b4d088237d07ab4b1bed8bbe9b770a1fe93c0baf548feb1e7477fddfe62
DGS,DGS,CBOE_ETF,EU,SAME_AS_UNDERLYING,EXACT_CLASS_ROOT_OBSERVED,true,94,94,4,4,4,2026-10-16,2027-03-19,15,169,1e3fb00cb343d84b0717181b58560927af55b93923a7bff9c704eeca15a0beeb
DGT,DGT,OCC_ETF_NAME_CBOE_ABSENT,EU,SAME_AS_UNDERLYING,EXACT_CLASS_ROOT_OBSERVED,true,114,114,4,4,4,2026-10-16,2027-04-16,15,197,99cef35966eb81b4665b232094aab72306bbd3886c5b42bb66cfb8a12f8f6cfc
DIA,DIA,CBOE_ETF,EU,SAME_AS_UNDERLYING,EXACT_CLASS_ROOT_OBSERVED,true,2405,2405,21,21,21,2026-10-02,2029-01-19,1,841,f5322cad78069ead8092754eb401969bad832568fd1680d8883f6dd4b0da1920
DICE,DICE,OCC_ETF_NAME_CBOE_ABSENT,EU,SAME_AS_UNDERLYING,EXACT_CLASS_ROOT_OBSERVED,true,44,44,4,4,4,2026-10-16,2027-04-16,15,197,e19c2a0cc309ba3571f10362152c1ebfd63c0e5e87b4f7671b0e86db53e9160f
DIG,DIG,CBOE_ETF,EU,SAME_AS_UNDERLYING,EXACT_CLASS_ROOT_OBSERVED,true,120,120,4,4,4,2026-10-16,2027-03-19,15,169,7c82856201b6e321367731829670c66704383598c5ce484542f6baa5604abf3e
DIHP,DIHP,OCC_ETF_NAME_CBOE_ABSENT,EU,SAME_AS_UNDERLYING,EXACT_CLASS_ROOT_OBSERVED,true,44,44,4,4,4,2026-10-16,2027-04-16,15,197,b29b321c9bcb8677195c73e0199dc1fbe5e2da0a6d5bf3ab095b305a0e8f266f
DIPR,DIPR,CBOE_ETF,EU,SAME_AS_UNDERLYING,EXACT_CLASS_ROOT_OBSERVED,true,74,74,4,4,4,2026-10-16,2027-03-19,15,169,7caf4660eccf609da01f684eef9f8080138bad7498eee58845c129d3adc89869
DIPS,DIPS,OCC_ETF_NAME_CBOE_ABSENT,EU,SAME_AS_UNDERLYING,EXACT_CLASS_ROOT_OBSERVED,true,58,58,4,4,4,2026-10-16,2027-03-19,15,169,6911e7e3cf25e9f69bd7758aebf0b44ca0fe07569d8db7450092d0e3c22b37e5
DISK,DISK,CBOE_ETF,EU,SAME_AS_UNDERLYING,EXACT_CLASS_ROOT_OBSERVED,true,99,99,4,4,4,2026-10-16,2027-05-21,15,232,5427d4d2063a7602ec8f1ee66584710fda88f3d94ffb245f92834e8671319b5e
DISV,DISV,OCC_ETF_NAME_CBOE_ABSENT,EU,SAME_AS_UNDERLYING,EXACT_CLASS_ROOT_OBSERVED,true,44,44,4,4,4,2026-10-16,2027-03-19,15,169,a8a090cd396dcb71f0b33cf68c69b214697a33187a769745e12e4cdbd2b11da9
DIV,DIV,CBOE_ETF,EU,SAME_AS_UNDERLYING,EXACT_CLASS_ROOT_OBSERVED,true,76,76,4,4,4,2026-10-16,2027-04-16,15,197,d4191cbc455ad99931799b8b4c302634ac9b458d48d26c32e7d70b7ea17d752c
DIVB,DIVB,OCC_ETF_NAME_CBOE_ABSENT,EU,SAME_AS_UNDERLYING,EXACT_CLASS_ROOT_OBSERVED,true,95,95,4,4,4,2026-10-16,2027-03-19,15,169,cc43747a680d7d86c5179320cb7a7d1e23f0241636fb87d4797ef6d0041c3241
DIVO,DIVO,CBOE_ETF,EU,SAME_AS_UNDERLYING,EXACT_CLASS_ROOT_OBSERVED,true,76,76,4,4,4,2026-10-16,2027-05-21,15,232,2172626d02440d8698ecf637c999cdc89b25852e370957f0efba5e5df388704b
DJD,DJD,OCC_ETF_NAME_CBOE_ABSENT,EU,SAME_AS_UNDERLYING,EXACT_CLASS_ROOT_OBSERVED,true,100,100,4,4,4,2026-10-16,2027-03-19,15,169,62bf422cd3b81a7c17a8764885e58f2e9407caac6d5c61580624ef919fca9425
DJIA,DJIA,CBOE_ETF,EU,SAME_AS_UNDERLYING,EXACT_CLASS_ROOT_OBSERVED,true,76,76,4,4,4,2026-10-16,2027-04-16,15,197,bf2749194c38efdf9a33e9f06fd5ddedfd54e5357518c09b93e863f81ab18c61
DJP,DJP,CBOE_ETF,EU,SAME_AS_UNDERLYING,EXACT_CLASS_ROOT_OBSERVED,true,99,99,4,4,4,2026-10-16,2027-04-16,15,197,9fad02817aba26c68a560236112c62ba2a1e6a9093b2a2a0a78a385fed481edb
DJTU,DJTU,CBOE_ETF,EU,SAME_AS_UNDERLYING,EXACT_CLASS_ROOT_OBSERVED,true,83,83,4,4,4,2026-10-16,2027-03-19,15,169,663d174e8b670974138ce15566f2d8c48719a5d66fa8ad33c48b718ed018380f
DJTU,DJTU1,CBOE_ETF,EU,NUMERIC_SUFFIX,EXACT_CLASS_ROOT_OBSERVED,true,4,4,1,1,1,2026-12-18,2026-12-18,78,78,663d174e8b670974138ce15566f2d8c48719a5d66fa8ad33c48b718ed018380f
DLLL,DLLL,CBOE_ETF,EU,SAME_AS_UNDERLYING,EXACT_CLASS_ROOT_OBSERVED,true,330,330,6,6,6,2026-10-16,2029-01-19,15,841,a7497d902c64f155db9046b7f223f98a4d563b2935fcf9e0d0a4a53a3c71d1d8
DLN,DLN,CBOE_ETF,EU,SAME_AS_UNDERLYING,EXACT_CLASS_ROOT_OBSERVED,true,89,89,4,4,4,2026-10-16,2027-04-16,15,197,d3d8813f6ec676147d57ef6ba480d7e4709b05626d8418b86fc7a0cfab1ae4b8
DLS,DLS,CBOE_ETF,EU,SAME_AS_UNDERLYING,EXACT_CLASS_ROOT_OBSERVED,true,93,93,5,5,5,2026-10-16,2027-05-21,15,232,f28753ec6eb521910d3480de113138868ad964015486c0ad1177d9f1ec6a9a11
DNL,DNL,CBOE_ETF,EU,SAME_AS_UNDERLYING,EXACT_CLASS_ROOT_OBSERVED,true,76,76,4,4,4,2026-10-16,2027-04-16,15,197,b4a01a1a2d103b7650dbc112dc050fff20dfac8c679bda4b072827486e1c4ea9
DOCK,DOCK,CBOE_ETF,EU,SAME_AS_UNDERLYING,EXACT_CLASS_ROOT_OBSERVED,true,72,72,4,4,4,2026-10-16,2027-03-19,15,169,e027357843adb80668b5e8044dd60c8fbcabd1bc8db90d5736a9bb59641636dd
DOG,DOG,CBOE_ETF,EU,SAME_AS_UNDERLYING,EXACT_CLASS_ROOT_OBSERVED,true,85,85,4,4,4,2026-10-16,2027-05-21,15,232,80e7fed647d2353a4a2d2860a1ac85035c410ed3f1009b59d13d2cbb5cc3a8ec
DOJE,DOJE,CBOE_ETF,EU,SAME_AS_UNDERLYING,EXACT_CLASS_ROOT_OBSERVED,true,58,58,4,4,4,2026-10-16,2027-03-19,15,169,cf8503ab5f298b08fb1358cc15b33ceaecde4d2aa611f42162e49a2488b44981
DON,DON,CBOE_ETF,EU,SAME_AS_UNDERLYING,EXACT_CLASS_ROOT_OBSERVED,true,76,76,4,4,4,2026-10-16,2027-03-19,15,169,cdaf8947aee4b44c472bb166f517c763da55bb9f9b28c2f606d516780c3d7f52
DPST,DPST,CBOE_ETF,EU,SAME_AS_UNDERLYING,EXACT_CLASS_ROOT_OBSERVED,true,868,868,13,13,13,2026-10-02,2029-01-19,1,841,2c71454d2807de7ab50f2cda9b29c0623ee06bcc2e70896a3faadcbbc232f134
DRAL,DRAL,OCC_ETF_NAME_CBOE_ABSENT,EU,SAME_AS_UNDERLYING,EXACT_CLASS_ROOT_OBSERVED,true,90,90,4,4,4,2026-10-16,2027-05-21,15,232,bbecc0f3bfbe5f24f3d1b8d91aa68f2edb9f6cc16c5108f01f4338ffcebc61ab
DRAM,DRAM,CBOE_ETF,EU,SAME_AS_UNDERLYING,EXACT_CLASS_ROOT_OBSERVED,true,1210,1210,22,22,22,2026-10-02,2029-01-19,1,841,53a393e0980b9dd33d6fafe5e1daec7dee846182b5f6cf6106562a4b5a2cfdf3
DRGN,DRGN,CBOE_ETF,EU,SAME_AS_UNDERLYING,EXACT_CLASS_ROOT_OBSERVED,true,95,95,4,4,4,2026-10-16,2027-05-21,15,232,c93d3e33fca826e73d8b76ee082fd7c14b91c66d13aeb728804ac926547b3429
DRIP,DRIP,CBOE_ETF,EU,SAME_AS_UNDERLYING,EXACT_CLASS_ROOT_OBSERVED,true,103,103,4,4,4,2026-10-16,2027-03-19,15,169,01e7ac731d08a018153b8dad24acd40c1d1a55f1747eec4e5ffc7c337401f392
DRIP,DRIP1,CBOE_ETF,EU,NUMERIC_SUFFIX,EXACT_CLASS_ROOT_OBSERVED,true,10,10,1,1,1,2026-12-18,2026-12-18,78,78,01e7ac731d08a018153b8dad24acd40c1d1a55f1747eec4e5ffc7c337401f392
DRIV,DRIV,CBOE_ETF,EU,SAME_AS_UNDERLYING,EXACT_CLASS_ROOT_OBSERVED,true,78,78,4,4,4,2026-10-16,2027-03-19,15,169,4c6c0baaf0a45dd3e20d5d45a4675171363f826d8cc75e284a1ae12f01330e86
DRLL,DRLL,CBOE_ETF,EU,SAME_AS_UNDERLYING,EXACT_CLASS_ROOT_OBSERVED,true,79,79,4,4,4,2026-10-16,2027-05-21,15,232,ab7bd751f7e504f235194ba7c20f5d6ff1e06e259ec3aa37080d6a7aafc5ed52
DRMP,DRMP,OCC_ETF_NAME_CBOE_ABSENT,EU,SAME_AS_UNDERLYING,EXACT_CLASS_ROOT_OBSERVED,true,68,68,4,4,4,2026-10-16,2027-05-21,15,232,6d98b9dc306ee9c204004f2828c162811e2b082e576194a0bbb910fb4d251aff
DRMY,DRMY,OCC_ETF_NAME_CBOE_ABSENT,EU,SAME_AS_UNDERLYING,EXACT_CLASS_ROOT_OBSERVED,true,109,109,4,4,4,2026-10-16,2027-05-21,15,232,ac1fe536befa0f724d392cbd4d498321376626377ab20b63649022d88f32439c
DRN,DRN,CBOE_ETF,EU,SAME_AS_UNDERLYING,EXACT_CLASS_ROOT_OBSERVED,true,82,82,4,4,4,2026-10-16,2027-05-21,15,232,7ffd0806d6e30c36e2a140d403068fe7521938cca66b8c8d0d125b48fefe372a
DRNZ,DRNZ,CBOE_ETF,EU,SAME_AS_UNDERLYING,EXACT_CLASS_ROOT_OBSERVED,true,83,83,4,4,4,2026-10-16,2027-03-19,15,169,1749fd77c3714b3b292e97a18108f08abd27b127f642f4d0ea378b8157f06f61
DRSK,DRSK,OCC_ETF_NAME_CBOE_ABSENT,EU,SAME_AS_UNDERLYING,EXACT_CLASS_ROOT_OBSERVED,true,44,44,4,4,4,2026-10-16,2027-03-19,15,169,aeb920ff21e525570f27cbd1312d45fdaf8dddea3c8f53aa5ce5cf8381751720
DRUP,DRUP,CBOE_ETF,EU,SAME_AS_UNDERLYING,EXACT_CLASS_ROOT_OBSERVED,true,87,87,4,4,4,2026-10-16,2027-03-19,15,169,5b8adfe44a9e83cbf5b6b3bff24939f8287eec685f577d9c97f8d56ac3f8c2f9
DRV,DRV,CBOE_ETF,EU,SAME_AS_UNDERLYING,EXACT_CLASS_ROOT_OBSERVED,true,88,88,4,4,4,2026-10-16,2027-05-21,15,232,b3ce52c0a057e4be826c4b8e673275896284247725ef6b974f290c357f289e1a
DSI,DSI,OCC_ETF_NAME_CBOE_ABSENT,EU,SAME_AS_UNDERLYING,EXACT_CLASS_ROOT_OBSERVED,true,78,78,4,4,4,2026-10-16,2027-05-21,15,232,fead186964f662ee0f4460274ff54af260d423eeddc4e78b591b05e0d0685936
DSMC,DSMC,OCC_ETF_NAME_CBOE_ABSENT,EU,SAME_AS_UNDERLYING,EXACT_CLASS_ROOT_OBSERVED,true,56,56,4,4,4,2026-10-16,2027-05-21,15,232,3104e5166d489173d0175ec6b49ec127238af545f1e270d6410da8198d3e4bfa
DTCR,DTCR,CBOE_ETF,EU,SAME_AS_UNDERLYING,EXACT_CLASS_ROOT_OBSERVED,true,89,89,4,4,4,2026-10-16,2027-04-16,15,197,fd9eec46917467399e69c20a41d4629b57f52ea370df9aa3e45e274652ee7b55
DTEC,DTEC,CBOE_ETF,EU,SAME_AS_UNDERLYING,EXACT_CLASS_ROOT_OBSERVED,true,79,79,4,4,4,2026-10-16,2027-03-19,15,169,aaef449c2a9188e16919ab918213600715a0ae81c535b4df2ba30b1b0a630222
DUBS,DUBS,CBOE_ETF,EU,SAME_AS_UNDERLYING,EXACT_CLASS_ROOT_OBSERVED,true,76,76,4,4,4,2026-10-16,2027-03-19,15,169,26a26cdbfd69b53efec7a396a511b18221b938706ec03370b19e2c0aab043d6d
DUG,DUG,CBOE_ETF,EU,SAME_AS_UNDERLYING,EXACT_CLASS_ROOT_OBSERVED,true,91,91,4,4,4,2026-10-16,2027-04-16,15,197,25ab4a84ede251ddae4a447b7ba5129eece49948fa7d9e6428b256c0437dbf4f
DUHP,DUHP,CBOE_ETF,EU,SAME_AS_UNDERLYING,EXACT_CLASS_ROOT_OBSERVED,true,87,87,4,4,4,2026-10-16,2027-05-21,15,232,1bb1ca333b60fb2e7cc406538300a039ac831357dafecbe9e449b4152efb28a8
DUHP,DUHP1,CBOE_ETF,EU,NUMERIC_SUFFIX,UNDERLYING_QUERY_WITH_OPTIONS_CLASS_UNRESOLVED,false,0,0,0,0,0,,,,,1bb1ca333b60fb2e7cc406538300a039ac831357dafecbe9e449b4152efb28a8
DUOG,DUOG,OCC_ETF_NAME_CBOE_ABSENT,EU,SAME_AS_UNDERLYING,EXACT_CLASS_ROOT_OBSERVED,true,121,121,4,4,4,2026-10-16,2027-04-16,15,197,75191b09806af21bd25a3f0d36b9b5b5e72246cce498cc41000a8b39545dd664
DUOG,DUOG1,OCC_ETF_NAME_CBOE_ABSENT,EU,NUMERIC_SUFFIX,EXACT_CLASS_ROOT_OBSERVED,true,9,9,1,1,1,2026-10-16,2026-10-16,15,15,75191b09806af21bd25a3f0d36b9b5b5e72246cce498cc41000a8b39545dd664
DURA,DURA,OCC_ETF_NAME_CBOE_ABSENT,EU,SAME_AS_UNDERLYING,EXACT_CLASS_ROOT_OBSERVED,true,74,74,4,4,4,2026-10-16,2027-04-16,15,197,77adb9f4d7941ad1c41c8f1a09e6c243ecba2bfa7fc36a280982896eaf3eca03
DUSA,DUSA,CBOE_ETF,EU,SAME_AS_UNDERLYING,EXACT_CLASS_ROOT_OBSERVED,true,76,76,4,4,4,2026-10-16,2027-03-19,15,169,a1622843d9ef77972c93281215c65cdc6c8989adff3653a0ac6e8681f14c91d3
DUSL,DUSL,CBOE_ETF,EU,SAME_AS_UNDERLYING,EXACT_CLASS_ROOT_OBSERVED,true,127,127,4,4,4,2026-10-16,2027-03-19,15,169,49744b865db585a952a2a1508cd8abcabe817e630e5d044fb82473f16801a51f
DUST,DUST,CBOE_ETF,EU,SAME_AS_UNDERLYING,EXACT_CLASS_ROOT_OBSERVED,true,250,250,6,6,6,2026-10-16,2028-01-21,15,477,4404a25a56477590718f899b8688efd237db1a4c88422d429b4595b4185df48d
DUST,DUST1,CBOE_ETF,EU,NUMERIC_SUFFIX,EXACT_CLASS_ROOT_OBSERVED,true,48,48,2,2,2,2027-01-15,2028-01-21,106,477,4404a25a56477590718f899b8688efd237db1a4c88422d429b4595b4185df48d
DVQQ,DVQQ,CBOE_ETF,EU,SAME_AS_UNDERLYING,EXACT_CLASS_ROOT_OBSERVED,true,76,76,4,4,4,2026-10-16,2027-03-19,15,169,a9673289b04a88ad91c18960934fdc0c0532930abba7a8c963950db9c7f0ffe2
DVSP,DVSP,CBOE_ETF,EU,SAME_AS_UNDERLYING,EXACT_CLASS_ROOT_OBSERVED,true,76,76,4,4,4,2026-10-16,2027-03-19,15,169,5ce783f0d54af05d8e0a5d6363c6db5c1e34945552485a8a6060f826eb6f9c05
DVY,DVY,CBOE_ETF,EU,SAME_AS_UNDERLYING,EXACT_CLASS_ROOT_OBSERVED,true,150,150,4,4,4,2026-10-16,2027-03-19,15,169,00c9148ec268a408a69136b956b3640ddfa74df5f4eb171ec8a780e52d418cb5
DVYE,DVYE,CBOE_ETF,EU,SAME_AS_UNDERLYING,EXACT_CLASS_ROOT_OBSERVED,true,76,76,4,4,4,2026-10-16,2027-05-21,15,232,938ca42644ded5cdf8cb72f4d7d2756dfdf19b758400373458620e1f49ecb217
DWAS,DWAS,CBOE_ETF,EU,SAME_AS_UNDERLYING,EXACT_CLASS_ROOT_OBSERVED,true,112,112,4,4,4,2026-10-16,2027-03-19,15,169,2b4f75ccb3a14e34573591e3b35ec6eb2d49ec04409a55c9993b310e3cb0c80b
DWX,DWX,CBOE_ETF,EU,SAME_AS_UNDERLYING,EXACT_CLASS_ROOT_OBSERVED,true,76,76,4,4,4,2026-10-16,2027-03-19,15,169,d4f26a2e4feb3267cd0da0cd431f2f634b7961df81b04f336b0b67ad3a091be1
DXD,DXD,CBOE_ETF,EU,SAME_AS_UNDERLYING,EXACT_CLASS_ROOT_OBSERVED,true,87,87,4,4,4,2026-10-16,2027-04-16,15,197,d246fdc9106aa54cfe91c1868cdd6acdd21f1976d7de7ed344399fa91b437186
DXJ,DXJ,CBOE_ETF,EU,SAME_AS_UNDERLYING,EXACT_CLASS_ROOT_OBSERVED,true,242,242,5,5,5,2026-10-16,2027-05-21,15,232,7c32d098fdbaf6bf43019471cacee281edf3c49af6e72eb74d46e21d563ee09a
DXUV,DXUV,CBOE_ETF,EU,SAME_AS_UNDERLYING,EXACT_CLASS_ROOT_OBSERVED,true,100,100,4,4,4,2026-10-16,2027-03-19,15,169,23d545a3a452204bac1a86b37c87195e7f3e526f2e4e176a89df9611f67964ff
DXUV,DXUV1,CBOE_ETF,EU,NUMERIC_SUFFIX,UNDERLYING_QUERY_WITH_OPTIONS_CLASS_UNRESOLVED,false,0,0,0,0,0,,,,,23d545a3a452204bac1a86b37c87195e7f3e526f2e4e176a89df9611f67964ff
DYLG,DYLG,CBOE_ETF,EU,SAME_AS_UNDERLYING,EXACT_CLASS_ROOT_OBSERVED,true,76,76,4,4,4,2026-10-16,2027-04-16,15,197,b07af9ca6d56d3c1ca9665feda1ff7214fc9f5eac90fe5ac2f206625db7d9df4
DYNF,DYNF,CBOE_ETF,EU,SAME_AS_UNDERLYING,EXACT_CLASS_ROOT_OBSERVED,true,100,100,4,4,4,2026-10-16,2027-04-16,15,197,8b1e91e220072e77c6b5d44e8a825afe2f53d98cec7477da136af116ba92cdb3
EAGG,EAGG,OCC_ETF_NAME_CBOE_ABSENT,EU,SAME_AS_UNDERLYING,EXACT_CLASS_ROOT_OBSERVED,true,44,44,4,4,4,2026-10-16,2027-04-16,15,197,48bac0207ded9dc8150f716aba94635880d2b8e8bd2cadcd3de43b53cf2852e9
EART,EART,OCC_ETF_NAME_CBOE_ABSENT,EU,SAME_AS_UNDERLYING,EXACT_CLASS_ROOT_OBSERVED,true,89,89,4,4,4,2026-10-16,2027-04-16,15,197,5e64740d403eddb3f2f41e2ae94e25be03b0f6c07688fa18dc5c4d06b7e10618
EBIZ,EBIZ,CBOE_ETF,EU,SAME_AS_UNDERLYING,EXACT_CLASS_ROOT_OBSERVED,true,76,76,4,4,4,2026-10-16,2027-03-19,15,169,6890dfa4bd7202e85f133478292c9921f06d69fa5182f69b835c093145f62584
EBND,EBND,CBOE_ETF,EU,SAME_AS_UNDERLYING,EXACT_CLASS_ROOT_OBSERVED,true,76,76,4,4,4,2026-10-16,2027-03-19,15,169,9faec830d5e73f21e5091efaddaaac76c89f8932c978ac67c611f9dc79c57c5d
ECH,ECH,CBOE_ETF,EU,SAME_AS_UNDERLYING,EXACT_CLASS_ROOT_OBSERVED,true,99,99,4,4,4,2026-10-16,2027-05-21,15,232,ce2b010af94fd94dabb4affbc7751aeb18461c0cda96676156a3871b2f600c1c
ECHX,ECHX,OCC_ETF_NAME_CBOE_ABSENT,EU,SAME_AS_UNDERLYING,EXACT_CLASS_ROOT_OBSERVED,true,82,82,4,4,4,2026-10-16,2027-03-19,15,169,81a78e1d350b8951a83d36bf56ef03e0af6d01ad448e3051d6040687b7b8dfb3
ECNS,ECNS,CBOE_ETF,EU,SAME_AS_UNDERLYING,EXACT_CLASS_ROOT_OBSERVED,true,77,77,4,4,4,2026-10-16,2027-03-19,15,169,771fdf9483ac74caa7832ec5d32e90de456af04783f26443edd14613bb3243f7
ECON,ECON,CBOE_ETF,EU,SAME_AS_UNDERLYING,EXACT_CLASS_ROOT_OBSERVED,true,77,77,4,4,4,2026-10-16,2027-03-19,15,169,dbcb6f2a46a366ea165e636ea183192625c2307bb34a97a4da3d55b371f266b5
ECOW,ECOW,CBOE_ETF,EU,SAME_AS_UNDERLYING,EXACT_CLASS_ROOT_OBSERVED,true,76,76,4,4,4,2026-10-16,2027-04-16,15,197,4c074c51bdf05699a138453c09107d053752981a9df2e27ce4f15791e1ba2d9f
EDC,EDC,CBOE_ETF,EU,SAME_AS_UNDERLYING,EXACT_CLASS_ROOT_OBSERVED,true,159,159,4,4,4,2026-10-16,2027-04-16,15,197,402c57a839261d58743b3a902c8d615aac72fda1ffd3f1567f82af8e26c320c4
EDGQ,EDGQ,OCC_ETF_NAME_CBOE_ABSENT,EU,SAME_AS_UNDERLYING,EXACT_CLASS_ROOT_OBSERVED,true,74,74,4,4,4,2026-10-16,2027-03-19,15,169,3346449b54ee227e6a848bd4b25811aab3af127b13691dcbed50ffb6e50d75a2
EDGX,EDGX,OCC_ETF_NAME_CBOE_ABSENT,EU,SAME_AS_UNDERLYING,EXACT_CLASS_ROOT_OBSERVED,true,74,74,4,4,4,2026-10-16,2027-03-19,15,169,9ae8c3c822d912342c811f771f3e64d86bb1e39faed17ed088fc3a13582b8c62
EDIV,EDIV,CBOE_ETF,EU,SAME_AS_UNDERLYING,EXACT_CLASS_ROOT_OBSERVED,true,76,76,4,4,4,2026-10-16,2027-04-16,15,197,97a2ec14b430b537585418449277bf3031d65c56980ad91b8fa2e72fe3626b45
EDV,EDV,CBOE_ETF,EU,SAME_AS_UNDERLYING,EXACT_CLASS_ROOT_OBSERVED,true,143,143,5,5,5,2026-10-16,2027-05-21,15,232,bb4fbe65a9d522eff89f16d02762fd38fc4072eb6ab39c78f1e554fff181f37a
EDZ,EDZ,CBOE_ETF,EU,SAME_AS_UNDERLYING,EXACT_CLASS_ROOT_OBSERVED,true,99,99,4,4,4,2026-10-16,2027-04-16,15,197,8386f185d50497feeab4f102bea9e640c8e143796463ac8a28b5d74084c989cd
EELV,EELV,CBOE_ETF,EU,SAME_AS_UNDERLYING,EXACT_CLASS_ROOT_OBSERVED,true,76,76,4,4,4,2026-10-16,2027-03-19,15,169,d770faa5aae6379dc270d9b6a692250007e509bbabbc2ab15c040f25f2fe8fd7
EEM,EEM,CBOE_ETF,EU,SAME_AS_UNDERLYING,EXACT_CLASS_ROOT_OBSERVED,true,1067,1067,23,23,23,2026-10-02,2029-01-19,1,841,70b998c1e2da6496d694e42f563f41ad07b9287e860e10f8d439dae62ff19353
EEMS,EEMS,OCC_ETF_NAME_CBOE_ABSENT,EU,SAME_AS_UNDERLYING,EXACT_CLASS_ROOT_OBSERVED,true,100,100,4,4,4,2026-10-16,2027-03-19,15,169,753334aff1ace9e70314b3a44cf22d8b9076ac3c6f1ae233a8f35678a2369d74
EEMV,EEMV,CBOE_ETF,EU,SAME_AS_UNDERLYING,EXACT_CLASS_ROOT_OBSERVED,true,87,87,4,4,4,2026-10-16,2027-03-19,15,169,a712de452e21bb5ae202ca861e708b4dd931aa8de395785a846d52d72ed36527
EEMX,EEMX,CBOE_ETF,EU,SAME_AS_UNDERLYING,EXACT_CLASS_ROOT_OBSERVED,true,82,82,4,4,4,2026-10-16,2027-05-21,15,232,c3cfb43fcfdda808ef24f888eec350eca375b7847548513e8f64c8ea04e952e5
EES,EES,CBOE_ETF,EU,SAME_AS_UNDERLYING,EXACT_CLASS_ROOT_OBSERVED,true,79,79,4,4,4,2026-10-16,2027-03-19,15,169,a794a9e6193561fc5fcd66cedebe4217dc01875c8b9dc1fc8c18eb9119aee384
EET,EET,CBOE_ETF,EU,SAME_AS_UNDERLYING,EXACT_CLASS_ROOT_OBSERVED,true,167,167,4,4,4,2026-10-16,2027-04-16,15,197,3cf803e95ddeb255f6e7951be6ffdadd04c58b967e72556f6b8bb2871361d339
EETH,EETH,CBOE_ETF,EU,SAME_AS_UNDERLYING,EXACT_CLASS_ROOT_OBSERVED,true,114,114,4,4,4,2026-10-16,2027-04-16,15,197,41d6d22ed3f629e89e7ffbfce6eb8fa948f65a0b904826c9b0e5818e4735ccd8
EEV,EEV,CBOE_ETF,EU,SAME_AS_UNDERLYING,EXACT_CLASS_ROOT_OBSERVED,true,88,88,4,4,4,2026-10-16,2027-03-19,15,169,c2e79517f9db802322ea7eadf9f68617253ca5eb4e0f49aa119cbc9dc797f71c
EFA,EFA,CBOE_ETF,EU,SAME_AS_UNDERLYING,EXACT_CLASS_ROOT_OBSERVED,true,1021,1021,20,20,20,2026-10-02,2029-01-19,1,841,531cb2f80639503e0179e80e693ab05a42c8749731f52708f8929ddc9638d871
EFAD,EFAD,CBOE_ETF,EU,SAME_AS_UNDERLYING,EXACT_CLASS_ROOT_OBSERVED,true,76,76,4,4,4,2026-10-16,2027-04-16,15,197,7c5b16254f868db04707c9f489b4527b00ba463b775c589d7374b25df228a31d
EFAS,EFAS,OCC_ETF_NAME_CBOE_ABSENT,EU,SAME_AS_UNDERLYING,EXACT_CLASS_ROOT_OBSERVED,true,44,44,4,4,4,2026-10-16,2027-04-16,15,197,c5ca7c047382c4db4bd8bf3b4ca5c2efd9e9292ed7c704031ce309300360ab48
EFAV,EFAV,CBOE_ETF,EU,SAME_AS_UNDERLYING,EXACT_CLASS_ROOT_OBSERVED,true,85,85,4,4,4,2026-10-16,2027-03-19,15,169,4f7b24bbe6ba65d5ee2b0acf48aac66a9c5a4d2cec89d9a32889c384c693f9ab
EFAX,EFAX,OCC_ETF_NAME_CBOE_ABSENT,EU,SAME_AS_UNDERLYING,EXACT_CLASS_ROOT_OBSERVED,true,90,90,4,4,4,2026-10-16,2027-04-16,15,197,8f1c618f5006a960f0878b75c3456605849b9bbcba5c3f5e65e85f0b64ce37a8
EFG,EFG,CBOE_ETF,EU,SAME_AS_UNDERLYING,EXACT_CLASS_ROOT_OBSERVED,true,114,114,4,4,4,2026-10-16,2027-05-21,15,232,1e0b1027ff67b103fee8beb988516b64cfed8580c02ef468fa981d8de183b3ed
EFV,EFV,CBOE_ETF,EU,SAME_AS_UNDERLYING,EXACT_CLASS_ROOT_OBSERVED,true,113,113,4,4,4,2026-10-16,2027-03-19,15,169,e952cf7c5147d3371f50896dc7b5dd468644b38ad084b756a07ed1f7fd4e02e7
EFZ,EFZ,CBOE_ETF,EU,SAME_AS_UNDERLYING,EXACT_CLASS_ROOT_OBSERVED,true,80,80,4,4,4,2026-10-16,2027-03-19,15,169,e8bcc5a2ece6f595e6b50aac9264374ad1e8b21f3bbfa0b52554fbe5e8bebb72
EFZ,EFZ1,CBOE_ETF,EU,NUMERIC_SUFFIX,EXACT_CLASS_ROOT_OBSERVED,true,21,21,1,1,1,2026-12-18,2026-12-18,78,78,e8bcc5a2ece6f595e6b50aac9264374ad1e8b21f3bbfa0b52554fbe5e8bebb72
EIDO,EIDO,OCC_ETF_NAME_CBOE_ABSENT,EU,SAME_AS_UNDERLYING,EXACT_CLASS_ROOT_OBSERVED,true,76,76,4,4,4,2026-10-16,2027-04-16,15,197,d21ee50257e41d514b41f832bb1d0a4d0c216a6b3c0fbeaa55556af7f8937ecc
EINC,EINC,CBOE_ETF,EU,SAME_AS_UNDERLYING,EXACT_CLASS_ROOT_OBSERVED,true,86,86,4,4,4,2026-10-16,2027-04-16,15,197,231af612382d121a006e7a3c06e37a57ac8dbf9d40f322ce055c451adfd82cfc
EIPI,EIPI,OCC_ETF_NAME_CBOE_ABSENT,EU,SAME_AS_UNDERLYING,EXACT_CLASS_ROOT_OBSERVED,true,84,84,4,4,4,2026-10-16,2027-05-21,15,232,e2b8465ae961675d141e842b0b854cf9a26ed1ed8505dbbf57f15006525ed7fb
ELD,ELD,CBOE_ETF,EU,SAME_AS_UNDERLYING,EXACT_CLASS_ROOT_OBSERVED,true,76,76,4,4,4,2026-10-16,2027-03-19,15,169,daf11d7c1c3274bf7adad414849a9ee1a925018bd8a4598041b679c779e46a42
ELIL,ELIL,CBOE_ETF,EU,SAME_AS_UNDERLYING,EXACT_CLASS_ROOT_OBSERVED,true,94,94,4,4,4,2026-10-16,2027-03-19,15,169,e6e68558780c38ef3e27fec2994b46d5ed589b9ed8da973e2442442d7e7c4219
EMB,EMB,CBOE_ETF,EU,SAME_AS_UNDERLYING,EXACT_CLASS_ROOT_OBSERVED,true,184,184,6,6,6,2026-10-16,2028-01-21,15,477,ca190574f84ad6935554ac5265cf09b31893528c510695a2191c4c3d381d3a6e
EMBD,EMBD,CBOE_ETF,EU,SAME_AS_UNDERLYING,EXACT_CLASS_ROOT_OBSERVED,true,76,76,4,4,4,2026-10-16,2027-04-16,15,197,73410cda1c370568b43de961307d595e602d3a48e4d5d2de7870a8f8a270080d
EMET,EMET,OCC_ETF_NAME_CBOE_ABSENT,EU,SAME_AS_UNDERLYING,EXACT_CLASS_ROOT_OBSERVED,true,88,88,4,4,4,2026-10-16,2027-04-16,15,197,4d232e9488d71c1d17d28ef8c6c463557126fbe7e1aac527455ff5e39e5dc434
EMGF,EMGF,OCC_ETF_NAME_CBOE_ABSENT,EU,SAME_AS_UNDERLYING,EXACT_CLASS_ROOT_OBSERVED,true,116,116,4,4,4,2026-10-16,2027-03-19,15,169,de230c20f3fbd8240c65e602ebf7c689b7854b6206854076c03b38fea0a8deeb
EMLC,EMLC,CBOE_ETF,EU,SAME_AS_UNDERLYING,EXACT_CLASS_ROOT_OBSERVED,true,76,76,4,4,4,2026-10-16,2027-04-16,15,197,46ceb9f07c6818c596ecaf0a8c9ff65cb933b24b63d546b52c979e3df027eac8
EMQQ,EMQQ,CBOE_ETF,EU,SAME_AS_UNDERLYING,EXACT_CLASS_ROOT_OBSERVED,true,78,78,4,4,4,2026-10-16,2027-04-16,15,197,5d7d5120ad6bf78ea9903c3b13bdf7804c558c337c4707fc6a9888e9acd0f6e9
EMTY,EMTY,OCC_ETF_NAME_CBOE_ABSENT,EU,SAME_AS_UNDERLYING,EXACT_CLASS_ROOT_OBSERVED,true,44,44,4,4,4,2026-10-16,2027-03-19,15,169,24fd1a2996cd19949ea0f5ff0e36d7601925e1f9639ddbf2a63e6146050a1ca1
EMTY,EMTY1,OCC_ETF_NAME_CBOE_ABSENT,EU,NUMERIC_SUFFIX,EXACT_CLASS_ROOT_OBSERVED,true,11,11,1,1,1,2026-12-18,2026-12-18,78,78,24fd1a2996cd19949ea0f5ff0e36d7601925e1f9639ddbf2a63e6146050a1ca1
EMXC,EMXC,OCC_ETF_NAME_CBOE_ABSENT,EU,SAME_AS_UNDERLYING,EXACT_CLASS_ROOT_OBSERVED,true,123,123,4,4,4,2026-10-16,2027-03-19,15,169,ccb83dda1b2c29b5160e787c1355aae5dfc89094cd90d6d415794a57c3360eab
ENFR,ENFR,OCC_ETF_NAME_CBOE_ABSENT,EU,SAME_AS_UNDERLYING,EXACT_CLASS_ROOT_OBSERVED,true,84,84,4,4,4,2026-10-16,2027-04-16,15,197,0a0296383a03ee9b6727335b7a3a29390c3e23c39ae568c70a09cf283832e3ae
ENZL,ENZL,CBOE_ETF,EU,SAME_AS_UNDERLYING,EXACT_CLASS_ROOT_OBSERVED,true,76,76,4,4,4,2026-10-16,2027-04-16,15,197,00e6e31376b7bc62f1daa36b91206ead3f85b03a8903bec925eb7366020961a8
EOSU,EOSU,CBOE_ETF,EU,SAME_AS_UNDERLYING,EXACT_CLASS_ROOT_OBSERVED,true,124,124,4,4,4,2026-10-16,2027-03-19,15,169,9a98d02f9415224d40a15d44058519f250ea86381b2bfe032de35926ee06c815
EOSU,EOSU1,CBOE_ETF,EU,NUMERIC_SUFFIX,UNDERLYING_QUERY_WITH_OPTIONS_CLASS_UNRESOLVED,false,0,0,0,0,0,,,,,9a98d02f9415224d40a15d44058519f250ea86381b2bfe032de35926ee06c815
EPI,EPI,CBOE_ETF,EU,SAME_AS_UNDERLYING,EXACT_CLASS_ROOT_OBSERVED,true,89,89,4,4,4,2026-10-16,2027-04-16,15,197,9a3cfbce51938b4e479814ce732147e06a42cbeb8dff642e0a9b1e35f3389123
EPOL,EPOL,CBOE_ETF,EU,SAME_AS_UNDERLYING,EXACT_CLASS_ROOT_OBSERVED,true,76,76,4,4,4,2026-10-16,2027-03-19,15,169,2ef13301684b786f5b925e63102512bbbaa333ec4eee73245cb0e4849406b8d9
EPP,EPP,CBOE_ETF,EU,SAME_AS_UNDERLYING,EXACT_CLASS_ROOT_OBSERVED,true,90,90,4,4,4,2026-10-16,2027-04-16,15,197,38f6d39634f330d6cca0e8a999d73d987b8ea439f4b2b369d06ae292a320b4de
EPU,EPU,CBOE_ETF,EU,SAME_AS_UNDERLYING,EXACT_CLASS_ROOT_OBSERVED,true,139,139,4,4,4,2026-10-16,2027-04-16,15,197,77b80e16a742412892f05459241addc6769dabb01c74f63694039bd6f7d9591f
EPV,EPV,CBOE_ETF,EU,SAME_AS_UNDERLYING,EXACT_CLASS_ROOT_OBSERVED,true,91,91,4,4,4,2026-10-16,2027-04-16,15,197,a4204f59e4b6456f0f45e9f47c0097fbe0cc8005e0947ed9dc9a8166c8ba4755
EQAL,EQAL,OCC_ETF_NAME_CBOE_ABSENT,EU,SAME_AS_UNDERLYING,EXACT_CLASS_ROOT_OBSERVED,true,88,88,4,4,4,2026-10-16,2027-03-19,15,169,326951e339b0dbf95dc9f1d244653ce7a37c911794dca5b51d7bafd576983b58
EQL,EQL,OCC_ETF_NAME_CBOE_ABSENT,EU,SAME_AS_UNDERLYING,EXACT_CLASS_ROOT_OBSERVED,true,44,44,4,4,4,2026-10-16,2027-04-16,15,197,1882e99e969268459ce2588325d2ac001ddadb9e215c7ad7528c6886427e8f55
EQTY,EQTY,CBOE_ETF,EU,SAME_AS_UNDERLYING,EXACT_CLASS_ROOT_OBSERVED,true,76,76,4,4,4,2026-10-16,2027-05-21,15,232,b29997fe23140cc1846c04b0f2f48d1de9a6c203200b0d5adc1c21cc30803b17
EQWL,EQWL,OCC_ETF_NAME_CBOE_ABSENT,EU,SAME_AS_UNDERLYING,EXACT_CLASS_ROOT_OBSERVED,true,104,104,4,4,4,2026-10-16,2027-03-19,15,169,67faf12c9a3676846628ea33928c21ea1239edf10cc4fcd05a95041813c48421
ERTH,ERTH,OCC_ETF_NAME_CBOE_ABSENT,EU,SAME_AS_UNDERLYING,EXACT_CLASS_ROOT_OBSERVED,true,84,84,4,4,4,2026-10-16,2027-03-19,15,169,da89c9de4fe55be84f9fe51fa8b7e9d9278c4ce8e0ea2b2fc131f2f61beb8cad
ERX,ERX,CBOE_ETF,EU,SAME_AS_UNDERLYING,EXACT_CLASS_ROOT_OBSERVED,true,201,201,4,4,4,2026-10-16,2027-04-16,15,197,9ca0c676ae8b87d26c097a0364132f9ab7fc0da89202d163cabfc9e7761c9e4e
ERY,ERY,CBOE_ETF,EU,SAME_AS_UNDERLYING,EXACT_CLASS_ROOT_OBSERVED,true,81,81,4,4,4,2026-10-16,2027-04-16,15,197,09e266641ab55b7aab7a60380ced48e2d557fa323b1c35f7d89bc5287126630c
ESGE,ESGE,CBOE_ETF,EU,SAME_AS_UNDERLYING,EXACT_CLASS_ROOT_OBSERVED,true,78,78,4,4,4,2026-10-16,2027-04-16,15,197,6274a88b00509e93f8f4c4820fdfd59baf614c86d45706f241614172a5e82d6a
ESGU,ESGU,OCC_ETF_NAME_CBOE_ABSENT,EU,SAME_AS_UNDERLYING,EXACT_CLASS_ROOT_OBSERVED,true,96,96,4,4,4,2026-10-16,2027-04-16,15,197,f21ec1b0db3f77d11a076914bdfda01c4b39aa2269217065f47c42ec0d057759
ESGV,ESGV,OCC_ETF_NAME_CBOE_ABSENT,EU,SAME_AS_UNDERLYING,EXACT_CLASS_ROOT_OBSERVED,true,94,94,4,4,4,2026-10-16,2027-05-21,15,232,4bdc6b01aa21a0691d8459e733a87bb239e35732e8ae1ad9f7efc0687733e47c
ESML,ESML,OCC_ETF_NAME_CBOE_ABSENT,EU,SAME_AS_UNDERLYING,EXACT_CLASS_ROOT_OBSERVED,true,107,107,4,4,4,2026-10-16,2027-05-21,15,232,697e368e663d8da21b24f0f0a27d2853ea7b9cc0799cb89eb5dbdb3f42d6db46
ESPO,ESPO,CBOE_ETF,EU,SAME_AS_UNDERLYING,EXACT_CLASS_ROOT_OBSERVED,true,81,81,4,4,4,2026-10-16,2027-03-19,15,169,b8c6f0f3abe5fcd4a702c0f744a755501069d83962119dc190efd3815919b703
ETH,ETH,CBOE_ETF,EU,SAME_AS_UNDERLYING,EXACT_CLASS_ROOT_OBSERVED,true,412,412,12,12,12,2026-10-02,2029-01-19,1,841,5ee01f49e66627a337ae655dae7331d21004a819d07ae223bb8eb6a5ba53ff93
ETHA,ETHA,CBOE_ETF,EU,SAME_AS_UNDERLYING,EXACT_CLASS_ROOT_OBSERVED,true,660,660,16,16,16,2026-10-02,2029-01-19,1,841,ffffa30805656bed72a67eb9663f2e7e97242399c2c63a02174c525054dbc4d3
ETHB,ETHB,OCC_ETF_NAME_CBOE_ABSENT,EU,SAME_AS_UNDERLYING,EXACT_CLASS_ROOT_OBSERVED,true,114,114,4,4,4,2026-10-16,2027-03-19,15,169,7f52ff9ffc4abe3732645776bc3c811a81d4720576c563199446ac8500a845b9
ETHD,ETHD,CBOE_ETF,EU,SAME_AS_UNDERLYING,EXACT_CLASS_ROOT_OBSERVED,true,157,157,4,4,4,2026-10-16,2027-03-19,15,169,feb26815d85a43dfecadddd6d19dad41a00747db21c662de1b25977beac01015
ETHE,ETHE,CBOE_ETF,EU,SAME_AS_UNDERLYING,EXACT_CLASS_ROOT_OBSERVED,true,448,448,13,13,13,2026-10-02,2029-01-19,1,841,ddaf27ab9b30ad159b77923ea11b8b0de6c75f0c5ad482d2006ceb7d3b633cab
ETHT,ETHT,CBOE_ETF,EU,SAME_AS_UNDERLYING,EXACT_CLASS_ROOT_OBSERVED,true,98,98,4,4,4,2026-10-16,2027-03-19,15,169,8f65929c55cf5336a10aac73b28de0efdad8fb9fd87292b81a8cb086d6733752
ETHU,ETHU,CBOE_ETF,EU,SAME_AS_UNDERLYING,EXACT_CLASS_ROOT_OBSERVED,true,757,757,13,13,13,2026-10-02,2029-01-19,1,841,cb8ca60cd4f6ee74357ef9f6ac0f455024b7376f6f45db1df8dd6fa911e32433
ETHU,ETHU1,CBOE_ETF,EU,NUMERIC_SUFFIX,EXACT_CLASS_ROOT_OBSERVED,true,6,6,1,1,1,2027-01-15,2027-01-15,106,106,cb8ca60cd4f6ee74357ef9f6ac0f455024b7376f6f45db1df8dd6fa911e32433
ETHV,ETHV,CBOE_ETF,EU,SAME_AS_UNDERLYING,EXACT_CLASS_ROOT_OBSERVED,true,91,91,4,4,4,2026-10-16,2027-03-19,15,169,9a12a0510e134b46892be30b7dc263fab6206c4b219a67d77c4ffeea1f8a8c0c
ETHW,ETHW,CBOE_ETF,EU,SAME_AS_UNDERLYING,EXACT_CLASS_ROOT_OBSERVED,true,91,91,4,4,4,2026-10-16,2027-04-16,15,197,c09b91259f31fb883c8a48529de30e9ab13df7b1b00740ba42b80dd3c305b8e4
ETNG,ETNG,CBOE_ETF,EU,SAME_AS_UNDERLYING,EXACT_CLASS_ROOT_OBSERVED,true,73,73,4,4,4,2026-10-16,2027-03-19,15,169,a87a67b4fa1f5f631a573cabbf04a0d510ddc765a6826486f2c88a224f707136
ETU,ETU,CBOE_ETF,EU,SAME_AS_UNDERLYING,EXACT_CLASS_ROOT_OBSERVED,true,64,64,4,4,4,2026-10-16,2027-03-19,15,169,c4b9a48cfdeb008811911b38d9928b811591502fb7f7edba13cababc005f508a
EUAD,EUAD,CBOE_ETF,EU,SAME_AS_UNDERLYING,EXACT_CLASS_ROOT_OBSERVED,true,90,90,4,4,4,2026-10-16,2027-03-19,15,169,d83c3c6a1b82c3aa7c4044f6c965fc996f341e6aa8e11ee0bf004652a3bd1e78
EUFN,EUFN,CBOE_ETF,EU,SAME_AS_UNDERLYING,EXACT_CLASS_ROOT_OBSERVED,true,88,88,4,4,4,2026-10-16,2027-04-16,15,197,2e1fef7670e7ead8e11e06c86901b3922183a362425058da1205b44d14142c3f
EUHY,EUHY,CBOE_ETF,EU,SAME_AS_UNDERLYING,EXACT_CLASS_ROOT_OBSERVED,true,76,76,4,4,4,2026-10-16,2027-03-19,15,169,ecb434b2dcdc120473d0b9f3cc2c974046fbc07ed0ede96a67de4d0bee031ff2
EUM,EUM,CBOE_ETF,EU,SAME_AS_UNDERLYING,EXACT_CLASS_ROOT_OBSERVED,true,76,76,4,4,4,2026-10-16,2027-04-16,15,197,bc9175d6b5ef23dbdec8fa75def7c37b785ba9e1fc0f512b5b4fd9b48585c247
EUO,EUO,CBOE_ETF,EU,SAME_AS_UNDERLYING,EXACT_CLASS_ROOT_OBSERVED,true,84,84,4,4,4,2026-10-16,2027-05-21,15,232,855f00481b7090ea7a831736da8b6a421b63df8de4c98fc54ec5dfd06d0c4728
EURL,EURL,CBOE_ETF,EU,SAME_AS_UNDERLYING,EXACT_CLASS_ROOT_OBSERVED,true,94,94,4,4,4,2026-10-16,2027-03-19,15,169,2eca9bb8e224575324c8d5cd90f8556af358c026ab1265dafd875c39717b6794
EUSA,EUSA,CBOE_ETF,EU,SAME_AS_UNDERLYING,EXACT_CLASS_ROOT_OBSERVED,true,134,134,4,4,4,2026-10-16,2027-05-21,15,232,d139f357cb14a6e0489828f2989481edf9fc5d09ec868f7b85632b237b8d5d99
EUV,EUV,CBOE_ETF,EU,SAME_AS_UNDERLYING,EXACT_CLASS_ROOT_OBSERVED,true,121,121,6,6,6,2026-10-16,2029-01-19,15,841,896a44239242849f804988d204d4cf1934a9e3c2549a126e128620cf23564a48
EVMT,EVMT,CBOE_ETF,EU,SAME_AS_UNDERLYING,EXACT_CLASS_ROOT_OBSERVED,true,76,76,4,4,4,2026-10-16,2027-05-21,15,232,2b7f87290f2a23d2aeeaa9787521175ed68d7412d5d0fcaa91eca805209754c7
EVX,EVX,OCC_ETF_NAME_CBOE_ABSENT,EU,SAME_AS_UNDERLYING,EXACT_CLASS_ROOT_OBSERVED,true,84,84,4,4,4,2026-10-16,2027-03-19,15,169,99103583bfabd54df065072c8f79901b5fdcb1d0b18249f84071e4cce55a046a
EWA,EWA,CBOE_ETF,EU,SAME_AS_UNDERLYING,EXACT_CLASS_ROOT_OBSERVED,true,84,84,4,4,4,2026-10-16,2027-04-16,15,197,9069dda61b385067689a793da0c891648d79315c79eedda9ce338fdcb0381751
EWC,EWC,CBOE_ETF,EU,SAME_AS_UNDERLYING,EXACT_CLASS_ROOT_OBSERVED,true,209,209,8,8,8,2026-10-16,2029-01-19,15,841,0abe93385594a6fe92c5b6ff4304348b1e2c8f792b94763522bc2c8ed9f2439e
EWD,EWD,CBOE_ETF,EU,SAME_AS_UNDERLYING,EXACT_CLASS_ROOT_OBSERVED,true,90,90,4,4,4,2026-10-16,2027-03-19,15,169,8130e6433142c1fbf8d3e14c78d0d96d56fefd473c151e10ef0dd3be95c9578b
EWG,EWG,CBOE_ETF,EU,SAME_AS_UNDERLYING,EXACT_CLASS_ROOT_OBSERVED,true,188,188,7,7,7,2026-10-16,2029-01-19,15,841,bba43f00306156d7849c8270b5f3f360f6a9e7d8f487d79d42909fd24f1f1f0b
EWH,EWH,CBOE_ETF,EU,SAME_AS_UNDERLYING,EXACT_CLASS_ROOT_OBSERVED,true,84,84,4,4,4,2026-10-16,2027-03-19,15,169,34364916c3915c367a480705bfef7ad675267ac313cc92bef81f2599566b3a0a
EWI,EWI,CBOE_ETF,EU,SAME_AS_UNDERLYING,EXACT_CLASS_ROOT_OBSERVED,true,90,90,4,4,4,2026-10-16,2027-03-19,15,169,6c9a744f93d5510a8e2d4a8edf71b87f5837e55054d534fde0b54640509d261e
EWJ,EWJ,CBOE_ETF,EU,SAME_AS_UNDERLYING,EXACT_CLASS_ROOT_OBSERVED,true,526,526,13,13,13,2026-10-02,2029-01-19,1,841,8b97ff09d4dca6e4d07e2871480ee57947ec758d32acfa91522c1732c50e48af
EWK,EWK,CBOE_ETF,EU,SAME_AS_UNDERLYING,EXACT_CLASS_ROOT_OBSERVED,true,76,76,4,4,4,2026-10-16,2027-05-21,15,232,1192fd4caab60d1cd152f515923d3b9a1a7cfb3ca9181ebe4bb106de6c65b36e
EWL,EWL,CBOE_ETF,EU,SAME_AS_UNDERLYING,EXACT_CLASS_ROOT_OBSERVED,true,77,77,4,4,4,2026-10-16,2027-04-16,15,197,1187520e2a20c3b57a5ac53a48243937387fbec757f184bd77348830bc75d447
EWM,EWM,CBOE_ETF,EU,SAME_AS_UNDERLYING,EXACT_CLASS_ROOT_OBSERVED,true,82,82,4,4,4,2026-10-16,2027-04-16,15,197,51dcb78705ce6a36f5a97159c970d642573294d0fc0d38fac6be06c504a7ac75
EWN,EWN,CBOE_ETF,EU,SAME_AS_UNDERLYING,EXACT_CLASS_ROOT_OBSERVED,true,82,82,4,4,4,2026-10-16,2027-04-16,15,197,0e834d9bf204bd8dd58bd2ae2aafce0bacf8257dcef15c5f17032c5b3ad62fba
EWP,EWP,CBOE_ETF,EU,SAME_AS_UNDERLYING,EXACT_CLASS_ROOT_OBSERVED,true,96,96,4,4,4,2026-10-16,2027-04-16,15,197,f20f3176e06be3b85ee31e144ed5c6468e1a25bdc76883fd6388d9d9fc64ba88
EWQ,EWQ,CBOE_ETF,EU,SAME_AS_UNDERLYING,EXACT_CLASS_ROOT_OBSERVED,true,81,81,4,4,4,2026-10-16,2027-03-19,15,169,9ad8d49671c16df3995347739913188fe19594f6e885cbc4ab2e2f74ac0cdcb4
EWS,EWS,CBOE_ETF,EU,SAME_AS_UNDERLYING,EXACT_CLASS_ROOT_OBSERVED,true,85,85,4,4,4,2026-10-16,2027-05-21,15,232,0550c12dd67efb7f902b0a7a0a6e85eecbc665df178918d532437f817d7e8b07
EWT,EWT,CBOE_ETF,EU,SAME_AS_UNDERLYING,EXACT_CLASS_ROOT_OBSERVED,true,371,371,7,7,7,2026-10-16,2029-01-19,15,841,53494b4f7159e7bffd4ece14b30880657f14201b4a3ec399fa9430c9d6773ffd
EWU,EWU,CBOE_ETF,EU,SAME_AS_UNDERLYING,EXACT_CLASS_ROOT_OBSERVED,true,89,89,4,4,4,2026-10-16,2027-04-16,15,197,d1df7a2cc6f8899d03a8335627cc5e3e4256f3a92291c79a753a106900f210a3
EWUS,EWUS,OCC_ETF_NAME_CBOE_ABSENT,EU,SAME_AS_UNDERLYING,EXACT_CLASS_ROOT_OBSERVED,true,84,84,4,4,4,2026-10-16,2027-03-19,15,169,b3f3135c2be87ddec8a824376dafb0e640d7af9410ec3ce1e816d2410356679c
EWV,EWV,CBOE_ETF,EU,SAME_AS_UNDERLYING,EXACT_CLASS_ROOT_OBSERVED,true,88,88,4,4,4,2026-10-16,2027-04-16,15,197,b02c57f1b478c6914ff4df70a234b8c1ace35dcaf03cf64123804c745f137c29
EWW,EWW,CBOE_ETF,EU,SAME_AS_UNDERLYING,EXACT_CLASS_ROOT_OBSERVED,true,208,208,6,6,6,2026-10-16,2028-01-21,15,477,c3886c6770113e54f79b5b1669855a59dd1b6f2bd08d81a4971c9de374b75c32
EWX,EWX,CBOE_ETF,EU,SAME_AS_UNDERLYING,EXACT_CLASS_ROOT_OBSERVED,true,98,98,4,4,4,2026-10-16,2027-04-16,15,197,bed8afc8b6da261054e03de84706e5bd1b5b7663440360fd8f877ea05ab376c8
EWY,EWY,CBOE_ETF,EU,SAME_AS_UNDERLYING,EXACT_CLASS_ROOT_OBSERVED,true,1048,1048,15,15,15,2026-10-02,2029-01-19,1,841,61d7540518776d1370213e65ff73788d2f7e8cff4b09e380b77cdcbaaf086e7b
EWZ,EWZ,CBOE_ETF,EU,SAME_AS_UNDERLYING,EXACT_CLASS_ROOT_OBSERVED,true,770,770,22,22,22,2026-10-02,2029-01-19,1,841,869e999279fee8f48207d4ab89b0676a8bd624f17dcecff6db7746b777c11cbe
EWZS,EWZS,CBOE_ETF,EU,SAME_AS_UNDERLYING,EXACT_CLASS_ROOT_OBSERVED,true,84,84,4,4,4,2026-10-16,2027-04-16,15,197,9cccbc9ec11d80c73feccd2469cfcb56203e30cc9d6502035d104773c432535e
EXI,EXI,OCC_ETF_NAME_CBOE_ABSENT,EU,SAME_AS_UNDERLYING,EXACT_CLASS_ROOT_OBSERVED,true,131,131,4,4,4,2026-10-16,2027-03-19,15,169,200cf83adb99402c481629742a11885d84aa3c3e11dd028fe7e45d5817e47760
EYES,EYES,CBOE_ETF,EU,SAME_AS_UNDERLYING,EXACT_CLASS_ROOT_OBSERVED,true,74,74,4,4,4,2026-10-16,2027-03-19,15,169,2915e62b2487bd921753871f3c73a5175998fc6f5cac9dc6a2403db7944d9632
EZA,EZA,CBOE_ETF,EU,SAME_AS_UNDERLYING,EXACT_CLASS_ROOT_OBSERVED,true,120,120,4,4,4,2026-10-16,2027-04-16,15,197,b59f0bd691af10488a70471af364841418681dd92c7bfaabfdb53ec4a8043726
EZBC,EZBC,CBOE_ETF,EU,SAME_AS_UNDERLYING,EXACT_CLASS_ROOT_OBSERVED,true,91,91,4,4,4,2026-10-16,2027-03-19,15,169,f2e8c0a92ae18b52e7d58dcbf9ac348dc4a8bafe84b2f0b4c0bb1156e67a97e0
EZET,EZET,CBOE_ETF,EU,SAME_AS_UNDERLYING,EXACT_CLASS_ROOT_OBSERVED,true,76,76,4,4,4,2026-10-16,2027-03-19,15,169,cb7300247dd7178bb217bb9ce78cdc608e433bf33040ac1b139da52ff62dbdea
EZJ,EZJ,CBOE_ETF,EU,SAME_AS_UNDERLYING,EXACT_CLASS_ROOT_OBSERVED,true,101,101,4,4,4,2026-10-16,2027-04-16,15,197,618c032e50bad38cd2370f631b42768a3263199800e4e0870999b1e37f7380bd
EZU,EZU,CBOE_ETF,EU,SAME_AS_UNDERLYING,EXACT_CLASS_ROOT_OBSERVED,true,98,98,4,4,4,2026-10-16,2027-05-21,15,232,fa18b58bff9d4578670b793c59c53ac369bcec8d6676411c126680dcad7edd98
FALN,FALN,CBOE_ETF,EU,SAME_AS_UNDERLYING,EXACT_CLASS_ROOT_OBSERVED,true,76,76,4,4,4,2026-10-16,2027-03-19,15,169,7484e9ac14f5bfedc9d6e98bfbdd4981981135f2f0162ae7e82ba7cd7d4ca1f1
FAN,FAN,CBOE_ETF,EU,SAME_AS_UNDERLYING,EXACT_CLASS_ROOT_OBSERVED,true,76,76,4,4,4,2026-10-16,2027-03-19,15,169,1f363b240d809bb239e31924a65b6279789afdf18a724ec2d384c1aa83a8750a
FAS,FAS,CBOE_ETF,EU,SAME_AS_UNDERLYING,EXACT_CLASS_ROOT_OBSERVED,true,1283,1283,17,17,17,2026-10-02,2029-01-19,1,841,e0a0aec54ef6f766466970a8fdbfe375ffc20fb575f949aca7aa41529e8e0059
FAZ,FAZ,CBOE_ETF,EU,SAME_AS_UNDERLYING,EXACT_CLASS_ROOT_OBSERVED,true,152,152,5,5,5,2026-10-16,2028-01-21,15,477,9d52954d410917249aa29cfe91a614523e80af9e13d3fc8e7a09a503d6f19ad0
FAZ,FAZ1,CBOE_ETF,EU,NUMERIC_SUFFIX,EXACT_CLASS_ROOT_OBSERVED,true,25,25,2,2,2,2027-01-15,2028-01-21,106,477,9d52954d410917249aa29cfe91a614523e80af9e13d3fc8e7a09a503d6f19ad0
FBCG,FBCG,OCC_ETF_NAME_CBOE_ABSENT,EU,SAME_AS_UNDERLYING,EXACT_CLASS_ROOT_OBSERVED,true,98,98,4,4,4,2026-10-16,2027-05-21,15,232,30f1fbb9da8bb6cdbdc13f8c0e784874287a54e04027ec1335a51c80397b6bf5
FBL,FBL,CBOE_ETF,EU,SAME_AS_UNDERLYING,EXACT_CLASS_ROOT_OBSERVED,true,179,179,4,4,4,2026-10-16,2027-03-19,15,169,d727fc617d756a45b85fae2fcbecc2f1f2493e51ed07a5665fe401cf913e49e9
FBND,FBND,CBOE_ETF,EU,SAME_AS_UNDERLYING,EXACT_CLASS_ROOT_OBSERVED,true,76,76,4,4,4,2026-10-16,2027-04-16,15,197,7dfc725fff0ec16d13ffeb347e3e3da7a73bcedb6d2670056360e99ca13db905
FBOT,FBOT,CBOE_ETF,EU,SAME_AS_UNDERLYING,EXACT_CLASS_ROOT_OBSERVED,true,76,76,4,4,4,2026-10-16,2027-05-21,15,232,08bc1eaba5dcdcb3d2b6eebac7c263b3f752cb3335c613590e45432a8337309e
FBT,FBT,CBOE_ETF,EU,SAME_AS_UNDERLYING,EXACT_CLASS_ROOT_OBSERVED,true,166,166,4,4,4,2026-10-16,2027-05-21,15,232,f1d28c4643346e9c59ce87a8f9ce8c9a8c6a229a8bf189a40bc0317e4d3b4a50
FBTC,FBTC,CBOE_ETF,EU,SAME_AS_UNDERLYING,EXACT_CLASS_ROOT_OBSERVED,true,559,559,13,13,13,2026-10-02,2029-01-19,1,841,62869a23c02729655fdfb63368f6c666fa0251b9d5bd8c2780511db21be4be66
FBY,FBY,CBOE_ETF,EU,SAME_AS_UNDERLYING,EXACT_CLASS_ROOT_OBSERVED,true,75,75,4,4,4,2026-10-16,2027-04-16,15,197,ad9ea24581e417ac4ef91d7c96cde8ca0e6adae08342a90d244f694c377b410e
FCA,FCA,CBOE_ETF,EU,SAME_AS_UNDERLYING,EXACT_CLASS_ROOT_OBSERVED,true,78,78,4,4,4,2026-10-16,2027-03-19,15,169,7937f7e2b92f827a4479894ff18ee80859423bf693d309df61d2992c519e75ed
FCG,FCG,CBOE_ETF,EU,SAME_AS_UNDERLYING,EXACT_CLASS_ROOT_OBSERVED,true,88,88,4,4,4,2026-10-16,2027-03-19,15,169,3b2824eae08bb8efd26765695733f1950b0695b43a890400430a300f8c88bd05
FCLD,FCLD,CBOE_ETF,EU,SAME_AS_UNDERLYING,EXACT_CLASS_ROOT_OBSERVED,true,84,84,4,4,4,2026-10-16,2027-05-21,15,232,22241894c66b1907d837e2f23dfb76be2d9cfe8ab4bc77db6187fb535642ee14
FCOM,FCOM,CBOE_ETF,EU,SAME_AS_UNDERLYING,EXACT_CLASS_ROOT_OBSERVED,true,76,76,4,4,4,2026-10-16,2027-03-19,15,169,313c06c678bfb13dac37f012749934fddea383e251ab6a2888fa5311d9943dd7
FCPI,FCPI,OCC_ETF_NAME_CBOE_ABSENT,EU,SAME_AS_UNDERLYING,EXACT_CLASS_ROOT_OBSERVED,true,48,48,4,4,4,2026-10-16,2027-03-19,15,169,0914fcb4498835939ccf96f699a3c870cde9de461a799a796564a92db326a71d
FDCF,FDCF,OCC_ETF_NAME_CBOE_ABSENT,EU,SAME_AS_UNDERLYING,EXACT_CLASS_ROOT_OBSERVED,true,92,92,4,4,4,2026-10-16,2027-04-16,15,197,e814ceb7c760cc81cbd1461b073368c977d4875ecb7315cce0d398e9e45bbb5e
FDEM,FDEM,CBOE_ETF,EU,SAME_AS_UNDERLYING,EXACT_CLASS_ROOT_OBSERVED,true,76,76,4,4,4,2026-10-16,2027-03-19,15,169,1a760d4d65c7e78f7fd102dd5506410a3f42f0119bf50219c872ed88b74d958d
FDEV,FDEV,CBOE_ETF,EU,SAME_AS_UNDERLYING,EXACT_CLASS_ROOT_OBSERVED,true,76,76,4,4,4,2026-10-16,2027-03-19,15,169,f0c066fcd9e908e0067f95716618c6c984d75ebde618782b8fae2d4decc4c229
FDFF,FDFF,OCC_ETF_NAME_CBOE_ABSENT,EU,SAME_AS_UNDERLYING,EXACT_CLASS_ROOT_OBSERVED,true,84,84,4,4,4,2026-10-16,2027-04-16,15,197,be9e6afc9460f818a24e06a41831f79a3f79119d8633e5fc87da0b071ac68018
FDIG,FDIG,CBOE_ETF,EU,SAME_AS_UNDERLYING,EXACT_CLASS_ROOT_OBSERVED,true,83,83,4,4,4,2026-10-16,2027-05-21,15,232,5c8b0e9cf74326e0eb1497d645578409ef17929dcc6bfb644fa3fa2322154d37
FDIQ,FDIQ,OCC_ETF_NAME_CBOE_ABSENT,EU,SAME_AS_UNDERLYING,EXACT_CLASS_ROOT_OBSERVED,true,100,100,4,4,4,2026-10-16,2027-03-19,15,169,c84a67b272ad4cd0d9a8a572e4d9606c85616c6fbafb4311b311b21ae95e2e62
FDIS,FDIS,CBOE_ETF,EU,SAME_AS_UNDERLYING,EXACT_CLASS_ROOT_OBSERVED,true,108,108,4,4,4,2026-10-16,2027-05-21,15,232,292c09ee471c854184a36e0eba6b4faea86bd088ad6304a0c347f39deeb39e14
FDL,FDL,CBOE_ETF,EU,SAME_AS_UNDERLYING,EXACT_CLASS_ROOT_OBSERVED,true,76,76,4,4,4,2026-10-16,2027-03-19,15,169,2624a63092de5773150ec3119e5b312ae5b45524be0f6434681c4afac2699e68
FDLO,FDLO,CBOE_ETF,EU,SAME_AS_UNDERLYING,EXACT_CLASS_ROOT_OBSERVED,true,100,100,4,4,4,2026-10-16,2027-05-21,15,232,dd768fcef5c8762c5995041d30f7ad640c19a0bb92d5b13114f028733f0f64bf
FDMO,FDMO,CBOE_ETF,EU,SAME_AS_UNDERLYING,EXACT_CLASS_ROOT_OBSERVED,true,88,88,4,4,4,2026-10-16,2027-05-21,15,232,3200420f9895964c7e1714a775e2a82b8c107de1d7c60670ec317fb68efa7824
FDN,FDN,CBOE_ETF,EU,SAME_AS_UNDERLYING,EXACT_CLASS_ROOT_OBSERVED,true,178,178,4,4,4,2026-10-16,2027-04-16,15,197,1d913003fad9b2a495932170a986a2bfd7623cdc931918491282b319a3e28e1a
FDNI,FDNI,CBOE_ETF,EU,SAME_AS_UNDERLYING,EXACT_CLASS_ROOT_OBSERVED,true,76,76,4,4,4,2026-10-16,2027-03-19,15,169,894e1372cdaf2cab0682e9002a4c9d395654bd2af71ca8be62e50e61ef497b90
FDRR,FDRR,OCC_ETF_NAME_CBOE_ABSENT,EU,SAME_AS_UNDERLYING,EXACT_CLASS_ROOT_OBSERVED,true,56,56,4,4,4,2026-10-16,2027-05-21,15,232,74779595f8420f87329c6a5e70acc02c9170ca5be5c15a59dd356e8970ab592e
FDRS,FDRS,OCC_ETF_NAME_CBOE_ABSENT,EU,SAME_AS_UNDERLYING,EXACT_CLASS_ROOT_OBSERVED,true,83,83,4,4,4,2026-10-16,2027-03-19,15,169,e1fe8376411fa6f9c487413280ceaa3789d621ceb71d4d4627d7ba98052e5495
FDT,FDT,CBOE_ETF,EU,SAME_AS_UNDERLYING,EXACT_CLASS_ROOT_OBSERVED,true,99,99,4,4,4,2026-10-16,2027-04-16,15,197,e4bbde369c4d1327a4f0f18118906e12cf974044bc6646cca77264585d28bac5
FDTX,FDTX,OCC_ETF_NAME_CBOE_ABSENT,EU,SAME_AS_UNDERLYING,EXACT_CLASS_ROOT_OBSERVED,true,125,125,4,4,4,2026-10-16,2027-04-16,15,197,d82e156806a0054ac925abc5b689621757337ed8725644a4f0ff6313f4cee8db
FDV,FDV,OCC_ETF_NAME_CBOE_ABSENT,EU,SAME_AS_UNDERLYING,EXACT_CLASS_ROOT_OBSERVED,true,86,86,4,4,4,2026-10-16,2027-03-19,15,169,d5be588f1effc5d87b73ab28ffbcb937c2bc0b24a132cdef683466f21d6bc92b
FDVV,FDVV,CBOE_ETF,EU,SAME_AS_UNDERLYING,EXACT_CLASS_ROOT_OBSERVED,true,78,78,4,4,4,2026-10-16,2027-05-21,15,232,b33c07d3c7ec02787f2a072e2e6751e82a3a3d23ea7caad8a3299c3cc6ce2ba1
FEAC,FEAC,OCC_ETF_NAME_CBOE_ABSENT,EU,SAME_AS_UNDERLYING,EXACT_CLASS_ROOT_OBSERVED,true,44,44,4,4,4,2026-10-16,2027-03-19,15,169,1cdd9fbcf678e31b8499040f19c67aea2beee749e38a471b882df808bbbc972f
FELC,FELC,CBOE_ETF,EU,SAME_AS_UNDERLYING,EXACT_CLASS_ROOT_OBSERVED,true,84,84,4,4,4,2026-10-16,2027-03-19,15,169,977613f5b67e77c05ef344979ea7f4c1e4d8379631d927704f4a851346b95233
FELG,FELG,CBOE_ETF,EU,SAME_AS_UNDERLYING,EXACT_CLASS_ROOT_OBSERVED,true,84,84,4,4,4,2026-10-16,2027-03-19,15,169,f5402d019a36670b3f06cf118d3ca2afadfe519fc72f029b75654a0857713c3a
FELV,FELV,CBOE_ETF,EU,SAME_AS_UNDERLYING,EXACT_CLASS_ROOT_OBSERVED,true,84,84,4,4,4,2026-10-16,2027-03-19,15,169,8f44ce2f09348398b2fe00ec6fc266077fa2ac03d8242aa0feec72f93df22eaa
FEM,FEM,CBOE_ETF,EU,SAME_AS_UNDERLYING,EXACT_CLASS_ROOT_OBSERVED,true,76,76,4,4,4,2026-10-16,2027-05-21,15,232,584995d1d289084508fb47541a6a61dbabe2f0332e09dec30cdc3fd45d8adbd3
FEMR,FEMR,OCC_ETF_NAME_CBOE_ABSENT,EU,SAME_AS_UNDERLYING,EXACT_CLASS_ROOT_OBSERVED,true,48,48,4,4,4,2026-10-16,2027-03-19,15,169,c65aa216383f39e1c9d56293e55416c0a29e82a2ab18470e88aa64aaa6dccdaa
FENI,FENI,CBOE_ETF,EU,SAME_AS_UNDERLYING,EXACT_CLASS_ROOT_OBSERVED,true,84,84,4,4,4,2026-10-16,2027-03-19,15,169,d214f0ff3abf2abd7962e1fbe4c294b40e9f2ca846b5543b552b7882b3d67538
FENY,FENY,CBOE_ETF,EU,SAME_AS_UNDERLYING,EXACT_CLASS_ROOT_OBSERVED,true,76,76,4,4,4,2026-10-16,2027-03-19,15,169,d92ad79529b09ec44186fdf1a752b961ee9ce504fab1ea4544dd9f9120c5a611
FEP,FEP,CBOE_ETF,EU,SAME_AS_UNDERLYING,EXACT_CLASS_ROOT_OBSERVED,true,76,76,4,4,4,2026-10-16,2027-03-19,15,169,7e4b58d928130a3fd3b028e0412ffb0c5a68599139649e4b36793fcfa0ceab2c
FEPI,FEPI,CBOE_ETF,EU,SAME_AS_UNDERLYING,EXACT_CLASS_ROOT_OBSERVED,true,88,88,4,4,4,2026-10-16,2027-04-16,15,197,0b15bf047f763dd587bbb39a673711002b60acb4badef2cd1ab46b1362bcad34
FESM,FESM,OCC_ETF_NAME_CBOE_ABSENT,EU,SAME_AS_UNDERLYING,EXACT_CLASS_ROOT_OBSERVED,true,84,84,4,4,4,2026-10-16,2027-03-19,15,169,140f01bed8d398b7b0a58d5f9c2a5f6523f1b3e0ec65b2f68790e18bcb9b8584
FETH,FETH,CBOE_ETF,EU,SAME_AS_UNDERLYING,EXACT_CLASS_ROOT_OBSERVED,true,194,194,6,6,6,2026-10-16,2028-01-21,15,477,152d4560a93cc07e4787c48b69f828adbdef042f7620a34630ebd8fe8cba22d5
FEUZ,FEUZ,CBOE_ETF,EU,SAME_AS_UNDERLYING,EXACT_CLASS_ROOT_OBSERVED,true,76,76,4,4,4,2026-10-16,2027-05-21,15,232,e0c6c3664fb5e0f81bc162bdc774ffdad757d8a8d6cb4e215e234b1ef7343884
FEX,FEX,CBOE_ETF,EU,SAME_AS_UNDERLYING,EXACT_CLASS_ROOT_OBSERVED,true,86,86,4,4,4,2026-10-16,2027-03-19,15,169,a5b9b59aaaf13b82f1df7377789ae528cd805180ab650fc9061966dc13298c87
FEZ,FEZ,CBOE_ETF,EU,SAME_AS_UNDERLYING,EXACT_CLASS_ROOT_OBSERVED,true,443,443,13,13,13,2026-10-02,2029-01-19,1,841,4b0637d99dff019b01b5271d48014388c52e9fe0e5aa6d9369dd5faaec99aa8e
FFDI,FFDI,CBOE_ETF,EU,SAME_AS_UNDERLYING,EXACT_CLASS_ROOT_OBSERVED,true,76,76,4,4,4,2026-10-16,2027-03-19,15,169,fef91dedc8f6b182db5b302daddf0098fadfa20bfef4dc0d60070a30c56c4cb0
FFEM,FFEM,CBOE_ETF,EU,SAME_AS_UNDERLYING,EXACT_CLASS_ROOT_OBSERVED,true,76,76,4,4,4,2026-10-16,2027-03-19,15,169,e112d6b88e9b7c5590aeaeef438d27390e01f363541e18e00c0644d08a41e441
FFGX,FFGX,CBOE_ETF,EU,SAME_AS_UNDERLYING,EXACT_CLASS_ROOT_OBSERVED,true,76,76,4,4,4,2026-10-16,2027-03-19,15,169,3d1a009a0c8b4455995bb6f94a2fc67cd3e0d60da3aa1d40ecfa2ed74dbd7842
FFLV,FFLV,CBOE_ETF,EU,SAME_AS_UNDERLYING,EXACT_CLASS_ROOT_OBSERVED,true,76,76,4,4,4,2026-10-16,2027-05-21,15,232,dd913a289777f7fe027a01a8c4b791777ee4986a776f659ba7678670d63de6e4
FFTY,FFTY,CBOE_ETF,EU,SAME_AS_UNDERLYING,EXACT_CLASS_ROOT_OBSERVED,true,78,78,4,4,4,2026-10-16,2027-03-19,15,169,acb22a80fc45daec7f763da9693faae8481b9994b061742b8a9627e05d41d050
FGM,FGM,CBOE_ETF,EU,SAME_AS_UNDERLYING,EXACT_CLASS_ROOT_OBSERVED,true,84,84,4,4,4,2026-10-16,2027-05-21,15,232,c75045f0b21f0702432c01b2dd2b89ca78d29b05efd2f4d75462b5b0b9376f03
FGRU,FGRU,CBOE_ETF,EU,SAME_AS_UNDERLYING,EXACT_CLASS_ROOT_OBSERVED,true,84,84,4,4,4,2026-10-16,2027-03-19,15,169,0a1dc85611972b912c06839386cbc9f79830ceba31be494c13d7bd20e1ac7576
FHEQ,FHEQ,CBOE_ETF,EU,SAME_AS_UNDERLYING,EXACT_CLASS_ROOT_OBSERVED,true,76,76,4,4,4,2026-10-16,2027-05-21,15,232,5bde93dc09b5e4e40dfe61b00abe34bc1bf73858ca485389c5ba976382383973
FHLC,FHLC,CBOE_ETF,EU,SAME_AS_UNDERLYING,EXACT_CLASS_ROOT_OBSERVED,true,98,98,4,4,4,2026-10-16,2027-03-19,15,169,7633fb891263c763cc8a5e76736090bc49388f0686569730d5763f786ea29d64
FIAT,FIAT,CBOE_ETF,EU,SAME_AS_UNDERLYING,EXACT_CLASS_ROOT_OBSERVED,true,92,92,4,4,4,2026-10-16,2027-03-19,15,169,58ad9c53f1649d84526c8eb38f3e636f1d61ec3522d98a2e1d1ff639250fff54
FIDI,FIDI,CBOE_ETF,EU,SAME_AS_UNDERLYING,EXACT_CLASS_ROOT_OBSERVED,true,76,76,4,4,4,2026-10-16,2027-05-21,15,232,9e1efb20792cfdb1e2bb1836092f4f6003b080689b942c24922b5aa875c4ec45
FIDU,FIDU,CBOE_ETF,EU,SAME_AS_UNDERLYING,EXACT_CLASS_ROOT_OBSERVED,true,86,86,4,4,4,2026-10-16,2027-05-21,15,232,261f6f94e3aa138ee75a67f8c215136898b69271720605009c5c0d259bfc8c15
FIGG,FIGG,CBOE_ETF,EU,SAME_AS_UNDERLYING,EXACT_CLASS_ROOT_OBSERVED,true,106,106,4,4,4,2026-10-16,2027-03-19,15,169,f40e749a0051a7f2262c1705e6092675325e0f27f5719248b4f98b4abca5f183
FIGG,FIGG1,CBOE_ETF,EU,NUMERIC_SUFFIX,EXACT_CLASS_ROOT_OBSERVED,true,3,3,1,1,1,2026-12-18,2026-12-18,78,78,f40e749a0051a7f2262c1705e6092675325e0f27f5719248b4f98b4abca5f183
FINX,FINX,CBOE_ETF,EU,SAME_AS_UNDERLYING,EXACT_CLASS_ROOT_OBSERVED,true,85,85,4,4,4,2026-10-16,2027-03-19,15,169,216975208210755f99ca3267c0767169905bcd5ddc5a1d455a6d8efa1d2ebdb1
FITE,FITE,OCC_ETF_NAME_CBOE_ABSENT,EU,SAME_AS_UNDERLYING,EXACT_CLASS_ROOT_OBSERVED,true,137,137,4,4,4,2026-10-16,2027-04-16,15,197,2e714ee0f1b85c92d566bef6a0e2c81370e5767b1aa98e576bc06a2f46a9d984
FIVA,FIVA,CBOE_ETF,EU,SAME_AS_UNDERLYING,EXACT_CLASS_ROOT_OBSERVED,true,76,76,4,4,4,2026-10-16,2027-05-21,15,232,02247faba2b9029491f656da44ac0a22a097f7917de273a9f45c809cd2fc73e5
FIW,FIW,OCC_ETF_NAME_CBOE_ABSENT,EU,SAME_AS_UNDERLYING,EXACT_CLASS_ROOT_OBSERVED,true,109,109,4,4,4,2026-10-16,2027-03-19,15,169,597e7dd0deb20352bc1bdba1c66d353a91787f72b047d6325b489fe1a16329af
FIXD,FIXD,CBOE_ETF,EU,SAME_AS_UNDERLYING,EXACT_CLASS_ROOT_OBSERVED,true,76,76,4,4,4,2026-10-16,2027-05-21,15,232,2f29dd5aa903dd57a145cc915078f43b4f030dc3108a3cb0203fc5a53e7fab74
FJP,FJP,CBOE_ETF,EU,SAME_AS_UNDERLYING,EXACT_CLASS_ROOT_OBSERVED,true,78,78,4,4,4,2026-10-16,2027-05-21,15,232,abfdec6abbfe21f22ccaf3c238df90a0ca34023170cc55b6d085a20c918b1883
FLAX,FLAX,CBOE_ETF,EU,SAME_AS_UNDERLYING,EXACT_CLASS_ROOT_OBSERVED,true,77,77,4,4,4,2026-10-16,2027-05-21,15,232,5da77edd2fbaab52a7a335840e14860a01be2b21594e542000cf1a267b8e5aad
FLBR,FLBR,OCC_ETF_NAME_CBOE_ABSENT,EU,SAME_AS_UNDERLYING,EXACT_CLASS_ROOT_OBSERVED,true,44,44,4,4,4,2026-10-16,2027-05-21,15,232,8570c26b9b79385da3477fc55a0db18f7b17fe21b148e7dc0c7feacfd1c15bc1
FLEE,FLEE,CBOE_ETF,EU,SAME_AS_UNDERLYING,EXACT_CLASS_ROOT_OBSERVED,true,76,76,4,4,4,2026-10-16,2027-04-16,15,197,f93e8b0128f68c3cee7ea418f41ccc1c3582139348245ad2e92c27297d6b295c
FLEU,FLEU,CBOE_ETF,EU,SAME_AS_UNDERLYING,EXACT_CLASS_ROOT_OBSERVED,true,76,76,4,4,4,2026-10-16,2027-04-16,15,197,389deda87e8cfe9ef9e9d042860101744a6bc9b12fccb0c94babb2ab5adc028d
FLGR,FLGR,CBOE_ETF,EU,SAME_AS_UNDERLYING,EXACT_CLASS_ROOT_OBSERVED,true,76,76,4,4,4,2026-10-16,2027-04-16,15,197,36991c39f633c994bb855d317dc2d1b721b686d0fcac980d6b0174ea7d341f15
FLIN,FLIN,CBOE_ETF,EU,SAME_AS_UNDERLYING,EXACT_CLASS_ROOT_OBSERVED,true,84,84,4,4,4,2026-10-16,2027-04-16,15,197,84912bd2a17f0d4e157833bc970e948fb6b35b34c2654634981147fa6db9d91f
FLJH,FLJH,CBOE_ETF,EU,SAME_AS_UNDERLYING,EXACT_CLASS_ROOT_OBSERVED,true,76,76,4,4,4,2026-10-16,2027-05-21,15,232,ba82e35712c32f1582b4ceb129518b511c6af67cc28a53a2428400647fe1f6ec
FLJP,FLJP,CBOE_ETF,EU,SAME_AS_UNDERLYING,EXACT_CLASS_ROOT_OBSERVED,true,76,76,4,4,4,2026-10-16,2027-05-21,15,232,c8f181f422db36f4d8efe5f952f633a74928013a0fc44900c5676f8d6b247ecb
FLKR,FLKR,OCC_ETF_NAME_CBOE_ABSENT,EU,SAME_AS_UNDERLYING,EXACT_CLASS_ROOT_OBSERVED,true,127,127,4,4,4,2026-10-16,2027-03-19,15,169,7eb3a13b0075c52f0624c814dc3f3bff8fb36ee227f3fd7861a3c3e6d837483f
FLMX,FLMX,CBOE_ETF,EU,SAME_AS_UNDERLYING,EXACT_CLASS_ROOT_OBSERVED,true,76,76,4,4,4,2026-10-16,2027-04-16,15,197,0ed127c55e584da80da86a365a6b5971dc156a6028f9aa99486c30ae7e720dc2
FLOW,FLOW,CBOE_ETF,EU,SAME_AS_UNDERLYING,EXACT_CLASS_ROOT_OBSERVED,true,81,81,4,4,4,2026-10-16,2027-05-21,15,232,1c2b22e52b34a6e29f5fc53cab19c05ef039929f83883bf26006aabe65169fe1
FLQL,FLQL,CBOE_ETF,EU,SAME_AS_UNDERLYING,EXACT_CLASS_ROOT_OBSERVED,true,81,81,4,4,4,2026-10-16,2027-05-21,15,232,6162006d59cc36cfed026bfa8babedeb0568fedb692e461a6bc453cf93ffc84d
FLQM,FLQM,OCC_ETF_NAME_CBOE_ABSENT,EU,SAME_AS_UNDERLYING,EXACT_CLASS_ROOT_OBSERVED,true,100,100,4,4,4,2026-10-16,2027-04-16,15,197,16794d241a45084b878fdd9c027bc9943b3c00abf3571dbdcd56c5a34ae3082c
FLRG,FLRG,CBOE_ETF,EU,SAME_AS_UNDERLYING,EXACT_CLASS_ROOT_OBSERVED,true,76,76,4,4,4,2026-10-16,2027-05-21,15,232,354115d67b4e7c00e266848f8fd55e6b6a6515073e27c25da3061051aff80537
FLRN,FLRN,CBOE_ETF,EU,SAME_AS_UNDERLYING,EXACT_CLASS_ROOT_OBSERVED,true,76,76,4,4,4,2026-10-16,2027-05-21,15,232,8197ad832e2e62aaa8649cb5483a758d8fdc5b208104028cda9c7b51045fa15b
FLTR,FLTR,CBOE_ETF,EU,SAME_AS_UNDERLYING,EXACT_CLASS_ROOT_OBSERVED,true,84,84,4,4,4,2026-10-16,2027-03-19,15,169,d32e589836846bdbf263c623403d94e8b19790f986ce79b3f492673ee3773ade
FLYT,FLYT,CBOE_ETF,EU,SAME_AS_UNDERLYING,EXACT_CLASS_ROOT_OBSERVED,true,88,88,4,4,4,2026-10-16,2027-03-19,15,169,c00346cb0fe24c5d9145b113aa51b1805d81e1510562980ea4101484925b4015
FMAG,FMAG,CBOE_ETF,EU,SAME_AS_UNDERLYING,EXACT_CLASS_ROOT_OBSERVED,true,84,84,4,4,4,2026-10-16,2027-05-21,15,232,ffec80f328f53e0fc8ee335ebf8c2773b49d9871fec56abd996c0d72be930ce2
FMAT,FMAT,CBOE_ETF,EU,SAME_AS_UNDERLYING,EXACT_CLASS_ROOT_OBSERVED,true,91,91,4,4,4,2026-10-16,2027-03-19,15,169,6884137ee18a90fe8c17dd015b716a958a04861064f7e970fc9d7577f54d8224
FMDE,FMDE,CBOE_ETF,EU,SAME_AS_UNDERLYING,EXACT_CLASS_ROOT_OBSERVED,true,84,84,4,4,4,2026-10-16,2027-03-19,15,169,10be2aa60e5e8b9521c57bd76db406b32b5755b580cd43d80ab6a577997400bd
FMED,FMED,OCC_ETF_NAME_CBOE_ABSENT,EU,SAME_AS_UNDERLYING,EXACT_CLASS_ROOT_OBSERVED,true,84,84,4,4,4,2026-10-16,2027-04-16,15,197,10be9e7814cc8b45baa248efe0447c240a9d2b36c397489343cb93cae1898038
FMET,FMET,CBOE_ETF,EU,SAME_AS_UNDERLYING,EXACT_CLASS_ROOT_OBSERVED,true,78,78,4,4,4,2026-10-16,2027-05-21,15,232,c696b958c2fda98b2e398f797eb9f4de4be1bbe345e3132a4036e24bf6b68c75
FNCL,FNCL,CBOE_ETF,EU,SAME_AS_UNDERLYING,EXACT_CLASS_ROOT_OBSERVED,true,78,78,4,4,4,2026-10-16,2027-03-19,15,169,3971518ceaaf8791d26b148b5108ed98f523f5649cc15ef033fc46bd685341ea
FNDA,FNDA,CBOE_ETF,EU,SAME_AS_UNDERLYING,EXACT_CLASS_ROOT_OBSERVED,true,76,76,4,4,4,2026-10-16,2027-05-21,15,232,f6604fde28abf94f04fc98115b96ff987fa85593c3c20be0a7f1f0ed061d2c7c
FNDC,FNDC,OCC_ETF_NAME_CBOE_ABSENT,EU,SAME_AS_UNDERLYING,EXACT_CLASS_ROOT_OBSERVED,true,48,48,4,4,4,2026-10-16,2027-05-21,15,232,0b6f6a832fb84251f5c452fb4f83187a4a97ec77fdb5eb96814a9411478cb81f
FNDE,FNDE,CBOE_ETF,EU,SAME_AS_UNDERLYING,EXACT_CLASS_ROOT_OBSERVED,true,76,76,4,4,4,2026-10-16,2027-05-21,15,232,2ab498aeb2e1a81af6bb2f3cf7c93ac84e3f955533cd430c68965f643c9ff56f
FNDF,FNDF,CBOE_ETF,EU,SAME_AS_UNDERLYING,EXACT_CLASS_ROOT_OBSERVED,true,76,76,4,4,4,2026-10-16,2027-03-19,15,169,521e50b693441bf22ca9a174b4b194296d155294ccc92825a22cbcccf9d94623
FNDX,FNDX,CBOE_ETF,EU,SAME_AS_UNDERLYING,EXACT_CLASS_ROOT_OBSERVED,true,76,76,4,4,4,2026-10-16,2027-03-19,15,169,b020be12f5cc933ac02c069bd3218e2a527c1f7807d03c47f09ceab5e0dab99f
FNGG,FNGG,CBOE_ETF,EU,SAME_AS_UNDERLYING,EXACT_CLASS_ROOT_OBSERVED,true,220,220,4,4,4,2026-10-16,2027-04-16,15,197,a0a6b27822118834f080c7c891a3a5329b167405222a44028c0d9c115b729c6b
FNGS,FNGS,CBOE_ETF,EU,SAME_AS_UNDERLYING,EXACT_CLASS_ROOT_OBSERVED,true,144,144,4,4,4,2026-10-16,2027-03-19,15,169,9ac241564e16046cb72bc6d170f6b8070f02997a8cb7a8a3ce57f38998eedc3c
FOTO,FOTO,CBOE_ETF,EU,SAME_AS_UNDERLYING,EXACT_CLASS_ROOT_OBSERVED,true,101,101,4,4,4,2026-10-16,2027-03-19,15,169,ab679558cd6ce23b68a108211e496e48218bee289ed5837224c794375d4d8751
FPE,FPE,CBOE_ETF,EU,SAME_AS_UNDERLYING,EXACT_CLASS_ROOT_OBSERVED,true,76,76,4,4,4,2026-10-16,2027-05-21,15,232,d05e16c717bae7cdc9a292504a175fc7b74156fad81658c68a62268d04c986f7
FPRO,FPRO,CBOE_ETF,EU,SAME_AS_UNDERLYING,EXACT_CLASS_ROOT_OBSERVED,true,84,84,4,4,4,2026-10-16,2027-05-21,15,232,94582bcfc2976376a46294c3687769e84d782fc0d724e966a79e36e5895ce953
FPWR,FPWR,OCC_ETF_NAME_CBOE_ABSENT,EU,SAME_AS_UNDERLYING,EXACT_CLASS_ROOT_OBSERVED,true,62,62,4,4,4,2026-10-16,2027-04-16,15,197,adf14b51ddae6175946ae12c9d7ed79852ad257e8059f04c8d35ba4bf78c8232
FPX,FPX,CBOE_ETF,EU,SAME_AS_UNDERLYING,EXACT_CLASS_ROOT_OBSERVED,true,146,146,4,4,4,2026-10-16,2027-03-19,15,169,ba4c4f41232405abc63982e7881c8db608c31cd014735f1c1554262a8aad7468
FPXE,FPXE,OCC_ETF_NAME_CBOE_ABSENT,EU,SAME_AS_UNDERLYING,EXACT_CLASS_ROOT_OBSERVED,true,44,44,4,4,4,2026-10-16,2027-04-16,15,197,55ec76208012019547f640c674ff852c49ca1b20e891e9375f0fe4b765109a9f
FQAL,FQAL,CBOE_ETF,EU,SAME_AS_UNDERLYING,EXACT_CLASS_ROOT_OBSERVED,true,81,81,4,4,4,2026-10-16,2027-05-21,15,232,d70afafd34a5fd9137fb27e98c1510154304198569d8d015fb08496f1a291589
FRDM,FRDM,CBOE_ETF,EU,SAME_AS_UNDERLYING,EXACT_CLASS_ROOT_OBSERVED,true,87,87,4,4,4,2026-10-16,2027-03-19,15,169,bfe77d2d2aa8488b7dae8720fc7e0268b860d2a5608ae986d166ab39dd7d85cb
FREL,FREL,CBOE_ETF,EU,SAME_AS_UNDERLYING,EXACT_CLASS_ROOT_OBSERVED,true,76,76,4,4,4,2026-10-16,2027-03-19,15,169,6013016a0266f61802573b17769bd777b4451b9cd50669c0aca9fbaebeb2a2ca
FRI,FRI,CBOE_ETF,EU,SAME_AS_UNDERLYING,EXACT_CLASS_ROOT_OBSERVED,true,76,76,4,4,4,2026-10-16,2027-03-19,15,169,72b5a552d8efe1996523b31c1fe24fd881c0e917bf6b4cb75f11846255021de4
FRNW,FRNW,CBOE_ETF,EU,SAME_AS_UNDERLYING,EXACT_CLASS_ROOT_OBSERVED,true,76,76,4,4,4,2026-10-16,2027-04-16,15,197,c507c8d22e3b29ace1c7b431ceedc56ffc0456bd6c8549340058ce03a716e1e8
FSMB,FSMB,OCC_ETF_NAME_CBOE_ABSENT,EU,SAME_AS_UNDERLYING,EXACT_CLASS_ROOT_OBSERVED,true,83,83,4,4,4,2026-10-16,2027-03-19,15,169,9343959b20aa2869fca2a8f7f1291c8fe8678081f8afac9168030bf05554e714
FSMD,FSMD,CBOE_ETF,EU,SAME_AS_UNDERLYING,EXACT_CLASS_ROOT_OBSERVED,true,78,78,4,4,4,2026-10-16,2027-05-21,15,232,25d4554546f538505b0995d059c1a638198e87d817922891fee446d93ce1c351
FSOL,FSOL,CBOE_ETF,EU,SAME_AS_UNDERLYING,EXACT_CLASS_ROOT_OBSERVED,true,88,88,4,4,4,2026-10-16,2027-03-19,15,169,daaecc522b6177e5abfedc076573c5b2fdb2538b0da5734aaa87c3bea72661ec
FSTA,FSTA,CBOE_ETF,EU,SAME_AS_UNDERLYING,EXACT_CLASS_ROOT_OBSERVED,true,76,76,4,4,4,2026-10-16,2027-03-19,15,169,4ba727a7bfd4bff3a1ca8f5e1ba6b4333e9ce58dcd49d5f1fe9c7b7414a6144d
FSZ,FSZ,CBOE_ETF,EU,SAME_AS_UNDERLYING,EXACT_CLASS_ROOT_OBSERVED,true,77,77,4,4,4,2026-10-16,2027-05-21,15,232,35c88128deaaebb8c874e69cb075f399c395d93f358493f160fc1546d70bd8c6
FTAG,FTAG,CBOE_ETF,EU,SAME_AS_UNDERLYING,EXACT_CLASS_ROOT_OBSERVED,true,86,86,4,4,4,2026-10-16,2027-05-21,15,232,1202002a02a789cb657fc775ef326ef4f91cd6e4e2e9610776402218c753d987
FTC,FTC,CBOE_ETF,EU,SAME_AS_UNDERLYING,EXACT_CLASS_ROOT_OBSERVED,true,179,179,4,4,4,2026-10-16,2027-04-16,15,197,790553332fb460895ad01acc2a109fd789a2279df826e994a387691e3d0bcbd5
FTCS,FTCS,CBOE_ETF,EU,SAME_AS_UNDERLYING,EXACT_CLASS_ROOT_OBSERVED,true,82,82,4,4,4,2026-10-16,2027-05-21,15,232,e19b393a917931eb247ab2d24a111457bc3533cba1a63607725a83f6c9e13202
FTEC,FTEC,CBOE_ETF,EU,SAME_AS_UNDERLYING,EXACT_CLASS_ROOT_OBSERVED,true,153,153,4,4,4,2026-10-16,2027-03-19,15,169,38c4315eaa10bb0dd1cfa2f7f3e913ca7d3c876c8d4c3bcb3ecd86b5eb836232
FTGC,FTGC,CBOE_ETF,EU,SAME_AS_UNDERLYING,EXACT_CLASS_ROOT_OBSERVED,true,76,76,4,4,4,2026-10-16,2027-03-19,15,169,d9550c736bf798a33a2897a812d571b437d4a0cb04a3fab5f7957fe72b709179
FTHI,FTHI,OCC_ETF_NAME_CBOE_ABSENT,EU,SAME_AS_UNDERLYING,EXACT_CLASS_ROOT_OBSERVED,true,44,44,4,4,4,2026-10-16,2027-04-16,15,197,72957f20850f721450b6660a9eb00ef98a75a2d8c6ebb5003f6d2e2766f5f91b
FTLS,FTLS,OCC_ETF_NAME_CBOE_ABSENT,EU,SAME_AS_UNDERLYING,EXACT_CLASS_ROOT_OBSERVED,true,100,100,4,4,4,2026-10-16,2027-05-21,15,232,8ecc9db71d5b6ddf8531a9f95179b3d5e87e8b3a1770c87642b2f5b700d6cc58
FTQI,FTQI,CBOE_ETF,EU,SAME_AS_UNDERLYING,EXACT_CLASS_ROOT_OBSERVED,true,76,76,4,4,4,2026-10-16,2027-05-21,15,232,ef1e5812daee520e39411b20fb279d6300492b8903ebee91365b4cae93d6abb5
FTRI,FTRI,OCC_ETF_NAME_CBOE_ABSENT,EU,SAME_AS_UNDERLYING,EXACT_CLASS_ROOT_OBSERVED,true,84,84,4,4,4,2026-10-16,2027-05-21,15,232,44486ad209fcbb27361317af057bf2aed031cef26126a369fb9ffab3139d7056
FTXG,FTXG,OCC_ETF_NAME_CBOE_ABSENT,EU,SAME_AS_UNDERLYING,EXACT_CLASS_ROOT_OBSERVED,true,84,84,4,4,4,2026-10-16,2027-05-21,15,232,f331ddcc08052a9b0ddb11481a6e09a22d2188d63c20a78d06fe8a0da8101f3c
FTXH,FTXH,OCC_ETF_NAME_CBOE_ABSENT,EU,SAME_AS_UNDERLYING,EXACT_CLASS_ROOT_OBSERVED,true,84,84,4,4,4,2026-10-16,2027-03-19,15,169,3ca088e1358a593e7915b4e9f8c5ac3cc839d21bd312b8a433a84465f6638db2
FTXL,FTXL,OCC_ETF_NAME_CBOE_ABSENT,EU,SAME_AS_UNDERLYING,EXACT_CLASS_ROOT_OBSERVED,true,184,184,4,4,4,2026-10-16,2027-03-19,15,169,3e72ad9c2b6b4abbfebd43dc6a1be68dde59af98166212181e6b2e910a3e4752
FTXN,FTXN,OCC_ETF_NAME_CBOE_ABSENT,EU,SAME_AS_UNDERLYING,EXACT_CLASS_ROOT_OBSERVED,true,84,84,4,4,4,2026-10-16,2027-05-21,15,232,813c1ee6da9b5db8a750d9fbaeb47a5891fea7bb29fa0249f0cb931e75aaac63
FTXO,FTXO,CBOE_ETF,EU,SAME_AS_UNDERLYING,EXACT_CLASS_ROOT_OBSERVED,true,92,92,4,4,4,2026-10-16,2027-05-21,15,232,e5d63ea5e478634efa2808e1f255d8a77b5e325fe64988e8f5cb7e7622929047
FTXR,FTXR,OCC_ETF_NAME_CBOE_ABSENT,EU,SAME_AS_UNDERLYING,EXACT_CLASS_ROOT_OBSERVED,true,84,84,4,4,4,2026-10-16,2027-05-21,15,232,5aec646aeea200225033a51362cdb790c049b504d4e65093f0d3015aeaa6c16c
FUMB,FUMB,OCC_ETF_NAME_CBOE_ABSENT,EU,SAME_AS_UNDERLYING,EXACT_CLASS_ROOT_OBSERVED,true,44,44,4,4,4,2026-10-16,2027-03-19,15,169,3f18e1b0e4b182709afd60fbca7377a3ddeeb03c66d64482d632728e267a5045
FUTG,FUTG,CBOE_ETF,EU,SAME_AS_UNDERLYING,EXACT_CLASS_ROOT_OBSERVED,true,52,52,4,4,4,2026-10-16,2027-03-19,15,169,ca3ec90c5ae8b8a98a73166f4487ad55d2ba38aa77a1cade720c0f49ad4df902
FUTY,FUTY,CBOE_ETF,EU,SAME_AS_UNDERLYING,EXACT_CLASS_ROOT_OBSERVED,true,80,80,4,4,4,2026-10-16,2027-03-19,15,169,0935654a9dbf4cb75f503ef1721a8e341bb49dd92899540b91c578931a2fd5ab
FV,FV,CBOE_ETF,EU,SAME_AS_UNDERLYING,EXACT_CLASS_ROOT_OBSERVED,true,91,91,4,4,4,2026-10-16,2027-03-19,15,169,e8adef0deef503f9b3ff535ee2043b2b5a2ef749b8e375472628d4c8c4ba33b5
FVAL,FVAL,OCC_ETF_NAME_CBOE_ABSENT,EU,SAME_AS_UNDERLYING,EXACT_CLASS_ROOT_OBSERVED,true,60,60,4,4,4,2026-10-16,2027-05-21,15,232,c95dcd3047b9191ec02ac76c29d98dab9e0b824651f0bc4de2a1af142b18bcc7
FVD,FVD,CBOE_ETF,EU,SAME_AS_UNDERLYING,EXACT_CLASS_ROOT_OBSERVED,true,76,76,4,4,4,2026-10-16,2027-05-21,15,232,376a7288c1fb19057fc2b6effa67b7d32c70e22828c00f25db474944dc305434
FXA,FXA,CBOE_ETF,EU,SAME_AS_UNDERLYING,EXACT_CLASS_ROOT_OBSERVED,true,93,93,4,4,4,2026-10-16,2027-03-19,15,169,f916f43fb05fe247ad062d0ff0683e326162f019dacfe8b9b7ec114b81f705ae
FXB,FXB,CBOE_ETF,EU,SAME_AS_UNDERLYING,EXACT_CLASS_ROOT_OBSERVED,true,88,88,4,4,4,2026-10-16,2027-03-19,15,169,e14dc36a9d375b2a5d1a3783a15e534ce2bd22a60053ca08cd991287af3e4fe8
FXC,FXC,CBOE_ETF,EU,SAME_AS_UNDERLYING,EXACT_CLASS_ROOT_OBSERVED,true,88,88,4,4,4,2026-10-16,2027-03-19,15,169,c13e8ab8f107129103a2c475ab05a083a06636f4dba25d5a349cb8873bedcd64
FXD,FXD,CBOE_ETF,EU,SAME_AS_UNDERLYING,EXACT_CLASS_ROOT_OBSERVED,true,77,77,4,4,4,2026-10-16,2027-03-19,15,169,b5c351f04072f433b98f6018b6497fe78840a2eb0f9525794da1cc6a2be8a918
FXE,FXE,CBOE_ETF,EU,SAME_AS_UNDERLYING,EXACT_CLASS_ROOT_OBSERVED,true,119,119,4,4,4,2026-10-16,2027-03-19,15,169,7fe1146ee49a1646d9994559a11a9d098575c27b4053f6aef8d3fccdb6ea3233
FXF,FXF,CBOE_ETF,EU,SAME_AS_UNDERLYING,EXACT_CLASS_ROOT_OBSERVED,true,95,95,4,4,4,2026-10-16,2027-03-19,15,169,a9eada9ee0419a30865f12d9d03f43a2aee568dd546486dc38450b6ffe115fe5
FXG,FXG,CBOE_ETF,EU,SAME_AS_UNDERLYING,EXACT_CLASS_ROOT_OBSERVED,true,78,78,4,4,4,2026-10-16,2027-05-21,15,232,144a682cd1ee4efe8ba095bdebee87f3cb7b7a1fc7679adf07051eb4f7915d51
FXH,FXH,CBOE_ETF,EU,SAME_AS_UNDERLYING,EXACT_CLASS_ROOT_OBSERVED,true,116,116,4,4,4,2026-10-16,2027-03-19,15,169,4f11686b200ebd54932c2c728820abc32ceeca6c8953d3a08362e50e1e78942e
FXI,FXI,CBOE_ETF,EU,SAME_AS_UNDERLYING,EXACT_CLASS_ROOT_OBSERVED,true,728,728,24,24,24,2026-10-02,2029-01-19,1,841,09c8897306389f22ca57719bc84367f1acba798a41f30c3ac0df2c5190f300e9
FXL,FXL,CBOE_ETF,EU,SAME_AS_UNDERLYING,EXACT_CLASS_ROOT_OBSERVED,true,136,136,4,4,4,2026-10-16,2027-03-19,15,169,6887f85e03144f5de0df102421d1e8b46c5db2c8f55861270beb8bf1ea5f80ae
FXN,FXN,CBOE_ETF,EU,SAME_AS_UNDERLYING,EXACT_CLASS_ROOT_OBSERVED,true,76,76,4,4,4,2026-10-16,2027-03-19,15,169,1573303384bde26ca125e70999c350804341f2660c521e160d7e92357f001048
FXP,FXP,CBOE_ETF,EU,SAME_AS_UNDERLYING,EXACT_CLASS_ROOT_OBSERVED,true,86,86,4,4,4,2026-10-16,2027-03-19,15,169,5ddf33cef1d70eeb1b4fd774086cd71e2989874d4309b0fd66a7d948892b5d6d
FXR,FXR,CBOE_ETF,EU,SAME_AS_UNDERLYING,EXACT_CLASS_ROOT_OBSERVED,true,79,79,4,4,4,2026-10-16,2027-03-19,15,169,0ceeb6a4a66fe41bbfccc742ef796a67fae4f703e86fb6d9432935f434a79dbd
FXU,FXU,CBOE_ETF,EU,SAME_AS_UNDERLYING,EXACT_CLASS_ROOT_OBSERVED,true,76,76,4,4,4,2026-10-16,2027-05-21,15,232,50ee8bb78768953dee0b5697c0770c724a15f43881e34bd62e120a39b7321070
FXY,FXY,CBOE_ETF,EU,SAME_AS_UNDERLYING,EXACT_CLASS_ROOT_OBSERVED,true,199,199,7,7,7,2026-10-16,2029-01-19,15,841,0dbc983aaa7338bab79391c0325d24e1b872bac544e096a1c93c5a8a088266d0
FXZ,FXZ,CBOE_ETF,EU,SAME_AS_UNDERLYING,EXACT_CLASS_ROOT_OBSERVED,true,84,84,4,4,4,2026-10-16,2027-04-16,15,197,2a314baef071d8364ed72f1bf682e7326688f3790cefd2f37e6ff9e69fd5c481
FYEE,FYEE,CBOE_ETF,EU,SAME_AS_UNDERLYING,EXACT_CLASS_ROOT_OBSERVED,true,76,76,4,4,4,2026-10-16,2027-05-21,15,232,11393537cdce362445bde632ffd0ad797d2020d8a9bf9fd5dedf49df20ccf988
FYLD,FYLD,OCC_ETF_NAME_CBOE_ABSENT,EU,SAME_AS_UNDERLYING,EXACT_CLASS_ROOT_OBSERVED,true,44,44,4,4,4,2026-10-16,2027-03-19,15,169,455829374e9473735843c3b7dfc519d8628311a0e2b497937ddc8bbbc3442c42
GAL,GAL,CBOE_ETF,EU,SAME_AS_UNDERLYING,EXACT_CLASS_ROOT_OBSERVED,true,76,76,4,4,4,2026-10-16,2027-04-16,15,197,003d50d5b968057283948939f696c42ed744626499f1e9145a80d8495d0839b1
GAMR,GAMR,OCC_ETF_NAME_CBOE_ABSENT,EU,SAME_AS_UNDERLYING,EXACT_CLASS_ROOT_OBSERVED,true,96,96,4,4,4,2026-10-16,2027-04-16,15,197,04edf3474f8c15ef366be31b486b317c87bd71ed029fd13ff03b999c57ceff47
GASZ,GASZ,CBOE_ETF,EU,SAME_AS_UNDERLYING,EXACT_CLASS_ROOT_OBSERVED,true,72,72,4,4,4,2026-10-16,2027-03-19,15,169,27a8a41b949b53b050f734d88592000f46960a1daff1f9bea6f47b01ff8b355f
GBIL,GBIL,CBOE_ETF,EU,SAME_AS_UNDERLYING,EXACT_CLASS_ROOT_OBSERVED,true,76,76,4,4,4,2026-10-16,2027-04-16,15,197,96e118b57f6e906f99bffb033693eed39e307bce36f906c1cd3259897388abf6
GBTC,GBTC,CBOE_ETF,EU,SAME_AS_UNDERLYING,EXACT_CLASS_ROOT_OBSERVED,true,482,482,13,13,13,2026-10-02,2029-01-19,1,841,41e0fe45f1fa1ecabb082a39d8b0d9fe1afa0ef7427824dd9959052720d24090
GBUG,GBUG,OCC_ETF_NAME_CBOE_ABSENT,EU,SAME_AS_UNDERLYING,EXACT_CLASS_ROOT_OBSERVED,true,113,113,4,4,4,2026-10-16,2027-04-16,15,197,fae5e6b85cc0549d4252f9dad48ae75a7baf109d1e207e9b645c2a7f39024493
GCC,GCC,CBOE_ETF,EU,SAME_AS_UNDERLYING,EXACT_CLASS_ROOT_OBSERVED,true,76,76,4,4,4,2026-10-16,2027-04-16,15,197,05dd0725cf112cb2a1d354dcfd6f7728366aee538f4b5a3f10090a9cdd2771ad
GCOR,GCOR,CBOE_ETF,EU,SAME_AS_UNDERLYING,EXACT_CLASS_ROOT_OBSERVED,true,84,84,4,4,4,2026-10-16,2027-05-21,15,232,63c9e2c8698453d376985728873885104e55e34c56d6ca2e1653ed17a3d955c6
GCPU,GCPU,CBOE_ETF,EU,SAME_AS_UNDERLYING,EXACT_CLASS_ROOT_OBSERVED,true,97,97,4,4,4,2026-10-16,2027-03-19,15,169,63e66c429a29f6bc71e379ea62919a3b51ad76cd1bf4825e7b134caf8ac9fe17
GCPU,MNRS,CBOE_ETF,EU,OTHER_DIFFERENCE,UNDERLYING_QUERY_WITH_OPTIONS_CLASS_UNRESOLVED,false,0,0,0,0,0,,,,,63e66c429a29f6bc71e379ea62919a3b51ad76cd1bf4825e7b134caf8ac9fe17
GDE,GDE,CBOE_ETF,EU,SAME_AS_UNDERLYING,EXACT_CLASS_ROOT_OBSERVED,true,91,91,4,4,4,2026-10-16,2027-04-16,15,197,98a032df5b68da3d469cb7a73863ed78b58abf5b09d0938e3db9e890158bca9b
GDOC,GDOC,OCC_ETF_NAME_CBOE_ABSENT,EU,SAME_AS_UNDERLYING,EXACT_CLASS_ROOT_OBSERVED,true,53,53,4,4,4,2026-10-16,2027-04-16,15,197,537055bc7e15f9f11f76125f398ce494c62df856686bbd83b90b1df6463317ba
GDOG,GDOG,CBOE_ETF,EU,SAME_AS_UNDERLYING,EXACT_CLASS_ROOT_OBSERVED,true,73,73,4,4,4,2026-10-16,2027-03-19,15,169,e27ad36dacf5f5ca7769092191198f2f3757c2fbd4a41c2e57932effc3f41b8b
GDX,GDX,CBOE_ETF,EU,SAME_AS_UNDERLYING,EXACT_CLASS_ROOT_OBSERVED,true,1499,1499,18,18,18,2026-10-02,2029-01-19,1,841,927ccbefa5b314866ae41eab48c0fd6905645d40d8f203ffc40202613a724115
GDXJ,GDXJ,CBOE_ETF,EU,SAME_AS_UNDERLYING,EXACT_CLASS_ROOT_OBSERVED,true,1012,1012,14,14,14,2026-10-02,2029-01-19,1,841,d98abdc2f180be3ff2bc058a9a970b8dd80c3f87309983fb272a26654831820d
GDXW,GDXW,CBOE_ETF,EU,SAME_AS_UNDERLYING,EXACT_CLASS_ROOT_OBSERVED,true,104,104,4,4,4,2026-10-16,2027-03-19,15,169,4648471309396ad6ff310f13134dc656c6f50555a4abc5652e91e73f5010c9c6
GDXY,GDXY,CBOE_ETF,EU,SAME_AS_UNDERLYING,EXACT_CLASS_ROOT_OBSERVED,true,89,89,4,4,4,2026-10-16,2027-04-16,15,197,46927256fbca4848d899a61304139f096ea768b891f7624c951c3db82792224d
GEM,GEM,CBOE_ETF,EU,SAME_AS_UNDERLYING,EXACT_CLASS_ROOT_OBSERVED,true,77,77,4,4,4,2026-10-16,2027-04-16,15,197,abe4fc6fe9db29a990660294cf8f29f51c199c0126767ccf7f0860297ac7d3ed
GEMG,GEMG,CBOE_ETF,EU,SAME_AS_UNDERLYING,EXACT_CLASS_ROOT_OBSERVED,true,96,96,4,4,4,2026-10-16,2027-04-16,15,197,a83b69ecf9a2066b295d228e87f4b4ef962b5d57c1fbcf9ad74ab635daa00944
GEMG,GEMG1,CBOE_ETF,EU,NUMERIC_SUFFIX,EXACT_CLASS_ROOT_OBSERVED,true,6,6,1,1,1,2026-10-16,2026-10-16,15,15,a83b69ecf9a2066b295d228e87f4b4ef962b5d57c1fbcf9ad74ab635daa00944
GENZ,GENZ,CBOE_ETF,EU,SAME_AS_UNDERLYING,EXACT_CLASS_ROOT_OBSERVED,true,89,89,4,4,4,2026-10-16,2027-03-19,15,169,2766f983962aeb7eff382802bbef6296fa2acba0f087ae6a4a9fe60f7e3eaa10
GEVG,GEVG,OCC_ETF_NAME_CBOE_ABSENT,EU,SAME_AS_UNDERLYING,EXACT_CLASS_ROOT_OBSERVED,true,103,103,4,4,4,2026-10-16,2027-04-16,15,197,a373d71bf2767fbc37c076442a12b50bd29b86c9c8c360dfcca2cda6c550f138
GEVX,GEVX,CBOE_ETF,EU,SAME_AS_UNDERLYING,EXACT_CLASS_ROOT_OBSERVED,true,103,103,4,4,4,2026-10-16,2027-03-19,15,169,f672be6217acb3b6e69d4b26b144cfafba4a625e6f46f5e85a20ca79ac1bb296
GGLL,GGLL,CBOE_ETF,EU,SAME_AS_UNDERLYING,EXACT_CLASS_ROOT_OBSERVED,true,403,403,6,6,6,2026-10-16,2029-01-19,15,841,a22b4208b04eb47e7b1ced5b7ac8f3a5ce3d5ab7f9dca740fbdd46e59703c754
GGLS,GGLS,CBOE_ETF,EU,SAME_AS_UNDERLYING,EXACT_CLASS_ROOT_OBSERVED,true,86,86,4,4,4,2026-10-16,2027-04-16,15,197,67afb74d44189094e7a13c7e25eb64d7d0a2a9c8074f7cb987fa9480f84e76c4
GGLS,GGLS1,CBOE_ETF,EU,NUMERIC_SUFFIX,EXACT_CLASS_ROOT_OBSERVED,true,24,24,2,2,2,2026-10-16,2027-01-15,15,106,67afb74d44189094e7a13c7e25eb64d7d0a2a9c8074f7cb987fa9480f84e76c4
GGME,GGME,OCC_ETF_NAME_CBOE_ABSENT,EU,SAME_AS_UNDERLYING,EXACT_CLASS_ROOT_OBSERVED,true,111,111,4,4,4,2026-10-16,2027-03-19,15,169,24113075f5b2a64dd392d36f39cb3e2c6aa7ddf0ef26b2638b8c9886bd20f2be
GII,GII,CBOE_ETF,EU,SAME_AS_UNDERLYING,EXACT_CLASS_ROOT_OBSERVED,true,88,88,4,4,4,2026-10-16,2027-04-16,15,197,7bb0a1c4bfd6af83daf53c7f0c6a271a3b4bd9693d482ab46e83f26490caf29e
GINN,GINN,CBOE_ETF,EU,SAME_AS_UNDERLYING,EXACT_CLASS_ROOT_OBSERVED,true,80,80,4,4,4,2026-10-16,2027-03-19,15,169,c06979c9420fd0bc8053d11df2ded59b3339aadd4259f371da18500f9951f7c0
GK,GK,CBOE_ETF,EU,SAME_AS_UNDERLYING,EXACT_CLASS_ROOT_OBSERVED,true,76,76,4,4,4,2026-10-16,2027-04-16,15,197,f0c9a24b96b6d3ad0d61e2231fc798b7d2718e654d06cfb68114b1daf8adbb3c
GLAM,GLAM,CBOE_ETF,EU,SAME_AS_UNDERLYING,EXACT_CLASS_ROOT_OBSERVED,true,72,72,4,4,4,2026-10-16,2027-03-19,15,169,04636383ca8539209ee5825e699bc6bc0d5efdacfddede8160244eafc55f28a0
GLD,GLD,CBOE_ETF,EU,SAME_AS_UNDERLYING,EXACT_CLASS_ROOT_OBSERVED,true,4070,4070,31,31,31,2026-10-01,2029-01-19,0,841,e02ee50bad1e1fc5078d3fb1b858f0670d7164e43f3cb4333d1bdfea5a4e939d
GLDW,GLDW,CBOE_ETF,EU,SAME_AS_UNDERLYING,EXACT_CLASS_ROOT_OBSERVED,true,85,85,4,4,4,2026-10-16,2027-03-19,15,169,1724f24ef0ea931fa3051ee68708723bf0b46b873530fc46e68e1698df335a2a
GLGG,GLGG,CBOE_ETF,EU,SAME_AS_UNDERLYING,EXACT_CLASS_ROOT_OBSERVED,true,60,60,4,4,4,2026-10-16,2027-03-19,15,169,edf075be5d9492aa4649ed4e708964342063ad1432b6d55cfa6aa11e29518720
GLIN,GLIN,OCC_ETF_NAME_CBOE_ABSENT,EU,SAME_AS_UNDERLYING,EXACT_CLASS_ROOT_OBSERVED,true,84,84,4,4,4,2026-10-16,2027-03-19,15,169,142283fe07b01f73367a94c63ac2275e279826ddea7069e5716969d21f58159c
GLL,GLL,CBOE_ETF,EU,SAME_AS_UNDERLYING,EXACT_CLASS_ROOT_OBSERVED,true,90,90,4,4,4,2026-10-16,2027-04-16,15,197,977079dd11b33f2fa4fd3385297beb12c1c3911e9e5f2faca3c6d6d9221f7146
GLNK,GLNK,CBOE_ETF,EU,SAME_AS_UNDERLYING,EXACT_CLASS_ROOT_OBSERVED,true,78,78,4,4,4,2026-10-16,2027-03-19,15,169,f3069d99a5d9aac246fe85072c526c3ad26b10f346364501c7af0026c4058563
GLWG,GLWG,CBOE_ETF,EU,SAME_AS_UNDERLYING,EXACT_CLASS_ROOT_OBSERVED,true,114,114,4,4,4,2026-10-16,2027-03-19,15,169,a0e4aac2515b068740f6a6db2743afb9ed02bb5feccc697c0c63bc96426d9cb5
GLXU,GLXU,CBOE_ETF,EU,SAME_AS_UNDERLYING,EXACT_CLASS_ROOT_OBSERVED,true,52,52,4,4,4,2026-10-16,2027-03-19,15,169,c36a013af296893e9f8a2191fc4fd8c068c6a38be322b8a05455e77d4f14e5b7
GMEU,GMEU,CBOE_ETF,EU,SAME_AS_UNDERLYING,EXACT_CLASS_ROOT_OBSERVED,true,71,71,4,4,4,2026-10-16,2027-03-19,15,169,6e6738305a381b410a3ea1c0c736163840f13a4e3cfef74bd3aeb24bb336c039
GMF,GMF,CBOE_ETF,EU,SAME_AS_UNDERLYING,EXACT_CLASS_ROOT_OBSERVED,true,98,98,4,4,4,2026-10-16,2027-05-21,15,232,b2bb2b3e1cbdb5d2fb1bb4360cfe7e29070b60483ca69c4286a65bf1bad4672a
GNMX,GNMX,CBOE_ETF,EU,SAME_AS_UNDERLYING,EXACT_CLASS_ROOT_OBSERVED,true,85,85,4,4,4,2026-10-16,2027-03-19,15,169,8258ccc93767c62b66180d048959f4ff67c6423096ac80e7e0c4f03c976eb2b7
GNOM,GNOM,CBOE_ETF,EU,SAME_AS_UNDERLYING,EXACT_CLASS_ROOT_OBSERVED,true,136,136,4,4,4,2026-10-16,2027-05-21,15,232,9ab738928d9824c39232d2f63b4abcc483966feadc119c775db09536113e0bbf
GNR,GNR,CBOE_ETF,EU,SAME_AS_UNDERLYING,EXACT_CLASS_ROOT_OBSERVED,true,90,90,4,4,4,2026-10-16,2027-03-19,15,169,b4fc7b1c335ec4bdfc2d54d64e7b96817f3d6fe773479dda1e09904dd4a6eff8
GOAU,GOAU,OCC_ETF_NAME_CBOE_ABSENT,EU,SAME_AS_UNDERLYING,EXACT_CLASS_ROOT_OBSERVED,true,67,67,4,4,4,2026-10-16,2027-04-16,15,197,133372a89a1f3114059c820c94016c91333dfa1a8a16a30b5e7e0afe6290ed65
GOEX,GOEX,CBOE_ETF,EU,SAME_AS_UNDERLYING,EXACT_CLASS_ROOT_OBSERVED,true,141,141,4,4,4,2026-10-16,2027-04-16,15,197,d7ded620d02e8f578d10ea6c43a0b702032294fdf0dee4de3de42886144f1efa
GOLY,GOLY,CBOE_ETF,EU,SAME_AS_UNDERLYING,EXACT_CLASS_ROOT_OBSERVED,true,96,96,4,4,4,2026-10-16,2027-04-16,15,197,96fc9930c9eb3d9fb83b9b9b97f76f112ecd090ed106f0651bacad3287ca5fe7
GOOP,GOOP,OCC_ETF_NAME_CBOE_ABSENT,EU,SAME_AS_UNDERLYING,EXACT_CLASS_ROOT_OBSERVED,true,68,68,4,4,4,2026-10-16,2027-04-16,15,197,689734fc7f535bdd940508b244c93cdf559da0d7edabf0dd6c14156870e820d7
GOOW,GOOW,CBOE_ETF,EU,SAME_AS_UNDERLYING,EXACT_CLASS_ROOT_OBSERVED,true,115,115,4,4,4,2026-10-16,2027-04-16,15,197,2ee0355a305301d21caef732b30a163021aeed68c64880b99397f494d14c2745
GOOX,GOOX,CBOE_ETF,EU,SAME_AS_UNDERLYING,EXACT_CLASS_ROOT_OBSERVED,true,127,127,4,4,4,2026-10-16,2027-03-19,15,169,93d98e941997b0b194ea6278990f32d6bbf0b371c40dfb45b41b93dcf3699818
GOOY,GOOY,CBOE_ETF,EU,SAME_AS_UNDERLYING,EXACT_CLASS_ROOT_OBSERVED,true,76,76,4,4,4,2026-10-16,2027-05-21,15,232,cbb741b3e28a74e2418b32227358cf74d42b9b757f684ecfb0a9baf728efb83b
GOP,GOP,CBOE_ETF,EU,SAME_AS_UNDERLYING,EXACT_CLASS_ROOT_OBSERVED,true,76,76,4,4,4,2026-10-16,2027-03-19,15,169,dae1d7b3aa6ee043c8bdf5137515e63a9a43520ee3f77b08ddf4e407cb69f28b
GOVT,GOVT,CBOE_ETF,EU,SAME_AS_UNDERLYING,EXACT_CLASS_ROOT_OBSERVED,true,76,76,4,4,4,2026-10-16,2027-03-19,15,169,9db4fbc8d1df512be5a86325f49e96a857ca93fc6d730d5e339b05300155207e
GOVZ,GOVZ,OCC_ETF_NAME_CBOE_ABSENT,EU,SAME_AS_UNDERLYING,EXACT_CLASS_ROOT_OBSERVED,true,48,48,4,4,4,2026-10-16,2027-05-21,15,232,bae80b28a7c8d448cf20b6e003080c7c79e0130676d916ad06c18aff8833840d
GOVZ,GOVZ1,OCC_ETF_NAME_CBOE_ABSENT,EU,NUMERIC_SUFFIX,EXACT_CLASS_ROOT_OBSERVED,true,11,11,1,1,1,2026-11-20,2026-11-20,50,50,bae80b28a7c8d448cf20b6e003080c7c79e0130676d916ad06c18aff8833840d
GPIQ,GPIQ,CBOE_ETF,EU,SAME_AS_UNDERLYING,EXACT_CLASS_ROOT_OBSERVED,true,77,77,4,4,4,2026-10-16,2027-03-19,15,169,99a2bc3042890ef9b65c7b854e887f865e1ca6fd9bee546e6600ea4d9445670f
GPIX,GPIX,CBOE_ETF,EU,SAME_AS_UNDERLYING,EXACT_CLASS_ROOT_OBSERVED,true,76,76,4,4,4,2026-10-16,2027-03-19,15,169,a0a659fb3a3d1430458eb5b34c1d4b735d01c16983182d518e0d3f6e1fb1b944
GPT,GPT,OCC_ETF_NAME_CBOE_ABSENT,EU,SAME_AS_UNDERLYING,EXACT_CLASS_ROOT_OBSERVED,true,84,84,4,4,4,2026-10-16,2027-04-16,15,197,c3e2880bc5d6c0fce97522db013051e8f709b8f0d2bee94058df1e65dee68a33
GPTY,GPTY,CBOE_ETF,EU,SAME_AS_UNDERLYING,EXACT_CLASS_ROOT_OBSERVED,true,85,85,4,4,4,2026-10-16,2027-03-19,15,169,e86e6353f2356fcd82b571b98dd2471b405857a1c2bf97e249f7e644e5c78efa
GPZ,GPZ,OCC_ETF_NAME_CBOE_ABSENT,EU,SAME_AS_UNDERLYING,EXACT_CLASS_ROOT_OBSERVED,true,84,84,4,4,4,2026-10-16,2027-03-19,15,169,a0293d5b6d7ec79ed260a353d8695fb04b186a5a1f122f16fcffe55f4921e253
GRAG,GRAG,OCC_ETF_NAME_CBOE_ABSENT,EU,SAME_AS_UNDERLYING,EXACT_CLASS_ROOT_OBSERVED,true,53,53,4,4,4,2026-10-16,2027-04-16,15,197,0e25c91ffd26320141fc1fe465ff6a30c9d12c5a8cf35b8e1df6a398a7d5fdb9
GREK,GREK,CBOE_ETF,EU,SAME_AS_UNDERLYING,EXACT_CLASS_ROOT_OBSERVED,true,112,112,4,4,4,2026-10-16,2027-03-19,15,169,fc620f0426dae4f81d74eacbddcbea9eb732e72f8e66cef619487fb9c9735474
GRN,GRN,CBOE_ETF,EU,SAME_AS_UNDERLYING,EXACT_CLASS_ROOT_OBSERVED,true,77,77,4,4,4,2026-10-16,2027-04-16,15,197,8c6f65176cc2bd4bd6f12aeecebac486f53e2e396b8765a315be7b09531d5b68
GRNY,GRNY,CBOE_ETF,EU,SAME_AS_UNDERLYING,EXACT_CLASS_ROOT_OBSERVED,true,131,131,6,6,6,2026-10-16,2028-01-21,15,477,a95f811fbe60248cae15d3b4b10cce0ae8bdf485eb10973a9dbf8137bb57112c
GRPM,GRPM,OCC_ETF_NAME_CBOE_ABSENT,EU,SAME_AS_UNDERLYING,EXACT_CLASS_ROOT_OBSERVED,true,153,153,4,4,4,2026-10-16,2027-04-16,15,197,7aa3b9533ab530561d67c3f9068f376ec2544e3e0a03bad08bd1642b1c6b279d
GSEU,GSEU,OCC_ETF_NAME_CBOE_ABSENT,EU,SAME_AS_UNDERLYING,EXACT_CLASS_ROOT_OBSERVED,true,84,84,4,4,4,2026-10-16,2027-04-16,15,197,a2cf2e7b1e08381a0a08c5d9728b464483cbe4d5620bbe69a104ae888a7d9cf6
GSEW,GSEW,CBOE_ETF,EU,SAME_AS_UNDERLYING,EXACT_CLASS_ROOT_OBSERVED,true,83,83,4,4,4,2026-10-16,2027-05-21,15,232,30c3eee5b3f63ae26fbc3f1b8d1b85d48da397a0c03212bb120a2de8583876c8
GSG,GSG,CBOE_ETF,EU,SAME_AS_UNDERLYING,EXACT_CLASS_ROOT_OBSERVED,true,89,89,4,4,4,2026-10-16,2027-04-16,15,197,0a5318cbff18833fa1ff49a702b6f503d9aac9adb433e8b60c9866255fc2da6f
GSIE,GSIE,CBOE_ETF,EU,SAME_AS_UNDERLYING,EXACT_CLASS_ROOT_OBSERVED,true,76,76,4,4,4,2026-10-16,2027-04-16,15,197,ce9edca4ab2032b3bf03bc83aa878ec6af314fb7d9eb1bcd84984981b55dbf90
GSLC,GSLC,CBOE_ETF,EU,SAME_AS_UNDERLYING,EXACT_CLASS_ROOT_OBSERVED,true,96,96,4,4,4,2026-10-16,2027-04-16,15,197,40cc74f98ac70d798ae5125c21b78e84d1a912104fb67b98e93031570056c27a
GSOL,GSOL,CBOE_ETF,EU,SAME_AS_UNDERLYING,EXACT_CLASS_ROOT_OBSERVED,true,68,68,4,4,4,2026-10-16,2027-05-21,15,232,457bab23105c584a33a328b97ed5f890d34d232d5824dc3f4fd272374ccd03f3
GSPY,GSPY,OCC_ETF_NAME_CBOE_ABSENT,EU,SAME_AS_UNDERLYING,EXACT_CLASS_ROOT_OBSERVED,true,48,48,4,4,4,2026-10-16,2027-04-16,15,197,bb2265019cfd210a49dc5aa9700fe358df66297235f994770780fb1197310058
GSUI,GSUI,OCC_ETF_NAME_CBOE_ABSENT,EU,SAME_AS_UNDERLYING,EXACT_CLASS_ROOT_OBSERVED,true,71,71,4,4,4,2026-10-16,2027-05-21,15,232,64a3bc82e9811b38b92a58074d4a2c1325902438036056155e86e4625a3b8844
GSUS,GSUS,OCC_ETF_NAME_CBOE_ABSENT,EU,SAME_AS_UNDERLYING,EXACT_CLASS_ROOT_OBSERVED,true,124,124,4,4,4,2026-10-16,2027-04-16,15,197,f30b4e1e1cc0242c40fdd260c6cdd926726f4d94b0d9ef51efb3b61904338a24
GSWO,GSWO,CBOE_ETF,EU,SAME_AS_UNDERLYING,EXACT_CLASS_ROOT_OBSERVED,true,76,76,4,4,4,2026-10-16,2027-04-16,15,197,d8d3ad5e9b29737c7b44339babad42d792b9df110e7fbca4230db118929e5052
GSY,GSY,CBOE_ETF,EU,SAME_AS_UNDERLYING,EXACT_CLASS_ROOT_OBSERVED,true,76,76,4,4,4,2026-10-16,2027-05-21,15,232,0361ba4a72db70734d0d342a6764d726decdca2025f5a63f7051f8fa7132c083
GTEK,GTEK,OCC_ETF_NAME_CBOE_ABSENT,EU,SAME_AS_UNDERLYING,EXACT_CLASS_ROOT_OBSERVED,true,108,108,4,4,4,2026-10-16,2027-03-19,15,169,57fc2bb03cf5739775d26984f46e1a6b0ab1f1cbe9f59c52cb9b2e85a497315e
GTPE,GTPE,CBOE_ETF,EU,SAME_AS_UNDERLYING,EXACT_CLASS_ROOT_OBSERVED,true,85,85,4,4,4,2026-10-16,2027-03-19,15,169,9d7c3c4bbc8b9658998332de63cf65c56e710d7a379f800f0406c83205520df5
GUNR,GUNR,CBOE_ETF,EU,SAME_AS_UNDERLYING,EXACT_CLASS_ROOT_OBSERVED,true,105,105,4,4,4,2026-10-16,2027-03-19,15,169,d136c1902a5e694e9801e66ffb345d613a69df52099d480d92f32e12079ad9bf
GURU,GURU,CBOE_ETF,EU,SAME_AS_UNDERLYING,EXACT_CLASS_ROOT_OBSERVED,true,79,79,4,4,4,2026-10-16,2027-04-16,15,197,e7005633e0cf2d40d5f08a40e92f01d411afba3cd9eb68ba05b56614daef2449
GUSH,GUSH,CBOE_ETF,EU,SAME_AS_UNDERLYING,EXACT_CLASS_ROOT_OBSERVED,true,241,241,7,7,7,2026-10-16,2029-01-19,15,841,b4a820824f50cb3a28830ad58f3dabc86182aca03829ff38438540afd8d57e50
GVI,GVI,CBOE_ETF,EU,SAME_AS_UNDERLYING,EXACT_CLASS_ROOT_OBSERVED,true,84,84,4,4,4,2026-10-16,2027-04-16,15,197,793920465059f3a9524e2e3be82976aed72a75ac06972e4cd3a5821587eac648
GVIP,GVIP,CBOE_ETF,EU,SAME_AS_UNDERLYING,EXACT_CLASS_ROOT_OBSERVED,true,146,146,4,4,4,2026-10-16,2027-03-19,15,169,af3d847ee18f25fc19525d08514de2788d7b4b63b472da4f70ba992edf7ef931
GVLU,GVLU,CBOE_ETF,EU,SAME_AS_UNDERLYING,EXACT_CLASS_ROOT_OBSERVED,true,76,76,4,4,4,2026-10-16,2027-05-21,15,232,e920bc84629ffd1cd5cf4ce84e15f788a03e58af36fd46cbaf756796a99a8a38
GWX,GWX,CBOE_ETF,EU,SAME_AS_UNDERLYING,EXACT_CLASS_ROOT_OBSERVED,true,76,76,4,4,4,2026-10-16,2027-03-19,15,169,856f665b86fd271e17a4622c883c6416d587b1f118a7a2f484add64f93c3829a
GXC,GXC,CBOE_ETF,EU,SAME_AS_UNDERLYING,EXACT_CLASS_ROOT_OBSERVED,true,110,110,4,4,4,2026-10-16,2027-03-19,15,169,79c0d869c009658790b5f11bb404dfb6869871f23c0eb37363201a96722aec96
GXDW,GXDW,CBOE_ETF,EU,SAME_AS_UNDERLYING,EXACT_CLASS_ROOT_OBSERVED,true,76,76,4,4,4,2026-10-16,2027-05-21,15,232,f89c1b907e81677730ad19c56a5f9cd650306b91935fdc094da3e22ee0212c8f
GXIG,GXIG,OCC_ETF_NAME_CBOE_ABSENT,EU,SAME_AS_UNDERLYING,EXACT_CLASS_ROOT_OBSERVED,true,74,74,4,4,4,2026-10-16,2027-03-19,15,169,2be095542b881f81b168c2dfb997964fa1180789c210b700d0340c2bd0ffbfc4
GXLC,GXLC,OCC_ETF_NAME_CBOE_ABSENT,EU,SAME_AS_UNDERLYING,EXACT_CLASS_ROOT_OBSERVED,true,100,100,4,4,4,2026-10-16,2027-03-19,15,169,b815f9700ada5495ce8aed5ca7d777f786d3b2265d568e6d85bf3e584d403f12
GXPC,GXPC,OCC_ETF_NAME_CBOE_ABSENT,EU,SAME_AS_UNDERLYING,EXACT_CLASS_ROOT_OBSERVED,true,74,74,4,4,4,2026-10-16,2027-03-19,15,169,a94eb95aae9af211ef9c00618db6220efb48a7f4560a1cf4adf9631a77849354
GXPD,GXPD,OCC_ETF_NAME_CBOE_ABSENT,EU,SAME_AS_UNDERLYING,EXACT_CLASS_ROOT_OBSERVED,true,74,74,4,4,4,2026-10-16,2027-03-19,15,169,a60f1157e2710188fc265e1e8e2f5c8b04d4952ae00434787aca01bc0f203279
GXPE,GXPE,OCC_ETF_NAME_CBOE_ABSENT,EU,SAME_AS_UNDERLYING,EXACT_CLASS_ROOT_OBSERVED,true,74,74,4,4,4,2026-10-16,2027-03-19,15,169,627f89b73ff3da6e1152dda1323fbae6e11b46c0c039b57e7eaccda5de43830b
GXPS,GXPS,OCC_ETF_NAME_CBOE_ABSENT,EU,SAME_AS_UNDERLYING,EXACT_CLASS_ROOT_OBSERVED,true,74,74,4,4,4,2026-10-16,2027-03-19,15,169,dc8a14e7b72edd38094727e300688f2a148dd22dfd80da399e24221f76fd38e8
GXPT,GXPT,OCC_ETF_NAME_CBOE_ABSENT,EU,SAME_AS_UNDERLYING,EXACT_CLASS_ROOT_OBSERVED,true,88,88,4,4,4,2026-10-16,2027-03-19,15,169,321b718ba918c48c5d7a82dd787ebbb688332132fd13b5eb41404beaef771f4c
GXRP,GXRP,CBOE_ETF,EU,SAME_AS_UNDERLYING,EXACT_CLASS_ROOT_OBSERVED,true,110,110,4,4,4,2026-10-16,2027-03-19,15,169,6bfafb531afe5e1cc3de230cc07eeb0bde66b0009c91b4b8bc63291b71554715
GYLD,GYLD,CBOE_ETF,EU,SAME_AS_UNDERLYING,EXACT_CLASS_ROOT_OBSERVED,true,76,76,4,4,4,2026-10-16,2027-05-21,15,232,65bb17c6fa9a300c6f244e3150da5eab72716ecf9152074714d97f600e13ceb5
HACK,HACK,CBOE_ETF,EU,SAME_AS_UNDERLYING,EXACT_CLASS_ROOT_OBSERVED,true,155,155,4,4,4,2026-10-16,2027-03-19,15,169,0970cac1efc84dd950a8f7133225ad6a1184f6c041ce255f52dced359b3905b3
HAIL,HAIL,OCC_ETF_NAME_CBOE_ABSENT,EU,SAME_AS_UNDERLYING,EXACT_CLASS_ROOT_OBSERVED,true,58,58,4,4,4,2026-10-16,2027-04-16,15,197,8938bb6b06f37f9e595be8816ad40e0c4e42a0dd29b4515b3a8a73684489ef3d
HAP,HAP,OCC_ETF_NAME_CBOE_ABSENT,EU,SAME_AS_UNDERLYING,EXACT_CLASS_ROOT_OBSERVED,true,100,100,4,4,4,2026-10-16,2027-03-19,15,169,ccc4a291a2a3b9c66fb5d9cecff5d9f30a2bc521ca3664f027d140955b687c3f
HARD,HARD,CBOE_ETF,EU,SAME_AS_UNDERLYING,EXACT_CLASS_ROOT_OBSERVED,true,76,76,4,4,4,2026-10-16,2027-05-21,15,232,190d479390bb8c0057ca61d8a72864bfb2984a65aca02f0be5f73c9ce5c77336
HAUS,HAUS,CBOE_ETF,EU,SAME_AS_UNDERLYING,EXACT_CLASS_ROOT_OBSERVED,true,76,76,4,4,4,2026-10-16,2027-04-16,15,197,595a9c1cd9a8a19c8b3ca30e8e09ab4bc047288eed96c8480677c93864b005e3
HAUZ,HAUZ,OCC_ETF_NAME_CBOE_ABSENT,EU,SAME_AS_UNDERLYING,EXACT_CLASS_ROOT_OBSERVED,true,74,74,4,4,4,2026-10-16,2027-05-21,15,232,94f06debc1c7aaa85fd90880d610ec461f1d5fdc493fea7eeb6ef00b528d7db4
HBMX,HBMX,CBOE_ETF,EU,SAME_AS_UNDERLYING,EXACT_CLASS_ROOT_OBSERVED,true,77,77,4,4,4,2026-10-16,2027-03-19,15,169,d419462053206395269251e654de3d7dbdc7f102059a70be0721df2fea95d089
HBR,HBR,CBOE_ETF,EU,SAME_AS_UNDERLYING,EXACT_CLASS_ROOT_OBSERVED,true,87,87,4,4,4,2026-10-16,2027-03-19,15,169,af6a77d5cba286d9d47ad5c5b9b2e343bc40baea7dec5342ba4244b806697b16
HDEF,HDEF,OCC_ETF_NAME_CBOE_ABSENT,EU,SAME_AS_UNDERLYING,EXACT_CLASS_ROOT_OBSERVED,true,44,44,4,4,4,2026-10-16,2027-05-21,15,232,dab5b309b49ea418bce0b9494c8541638ddb0a09810ecec1319ffcc81d0a818d
HDG,HDG,OCC_ETF_NAME_CBOE_ABSENT,EU,SAME_AS_UNDERLYING,EXACT_CLASS_ROOT_OBSERVED,true,100,100,4,4,4,2026-10-16,2027-03-19,15,169,e1d1d2b1a9e8d60b7c32a8bc40b49de7a6f29ccde7609cf445da4570b969707c
HDGE,HDGE,CBOE_ETF,EU,SAME_AS_UNDERLYING,EXACT_CLASS_ROOT_OBSERVED,true,80,80,4,4,4,2026-10-16,2027-04-16,15,197,401bc9abbc3e86c0a35a29b3c60b26972001bfab639ba6285d075d938d9bef3c
HDV,HDV,CBOE_ETF,EU,SAME_AS_UNDERLYING,EXACT_CLASS_ROOT_OBSERVED,true,101,101,4,4,4,2026-10-16,2027-05-21,15,232,3f4e79054a22d9c25ed4044b548c9568da4ffc4b5fce6041309ad65a275daa0d
HEAL,HEAL,CBOE_ETF,EU,SAME_AS_UNDERLYING,EXACT_CLASS_ROOT_OBSERVED,true,76,76,4,4,4,2026-10-16,2027-03-19,15,169,4afeb2626e589e8d5577697f4acf7e5063251a80154b2113479a3399b46a718f
HEDJ,HEDJ,CBOE_ETF,EU,SAME_AS_UNDERLYING,EXACT_CLASS_ROOT_OBSERVED,true,89,89,4,4,4,2026-10-16,2027-05-21,15,232,32d4921a4eb9a27ce2fbeda39ce8c65ee0bd4657f9a12e9c141c029b339797dc
HEEM,HEEM,OCC_ETF_NAME_CBOE_ABSENT,EU,SAME_AS_UNDERLYING,EXACT_CLASS_ROOT_OBSERVED,true,84,84,4,4,4,2026-10-16,2027-04-16,15,197,c542d735ab3d1c37bb9b6a8ccca36642bf3d3e4be8ab35ee37341bcfddd84cda
HEFA,HEFA,CBOE_ETF,EU,SAME_AS_UNDERLYING,EXACT_CLASS_ROOT_OBSERVED,true,76,76,4,4,4,2026-10-16,2027-04-16,15,197,61999e120565e3351c4adedf8374842b3c2c4fd592ee905ae3e21e6a0c0f9041
HEGD,HEGD,CBOE_ETF,EU,SAME_AS_UNDERLYING,EXACT_CLASS_ROOT_OBSERVED,true,76,76,4,4,4,2026-10-16,2027-03-19,15,169,8395f861388c974b2ff8d7c41b895562b21239dfe77905de4fb5ea9f136b9227
HELX,HELX,CBOE_ETF,EU,SAME_AS_UNDERLYING,EXACT_CLASS_ROOT_OBSERVED,true,86,86,4,4,4,2026-10-16,2027-05-21,15,232,7980ab0027ebf875df53733c0da827aa060834740ea72c90fcbe0260c5414cc9
HEQT,HEQT,OCC_ETF_NAME_CBOE_ABSENT,EU,SAME_AS_UNDERLYING,EXACT_CLASS_ROOT_OBSERVED,true,44,44,4,4,4,2026-10-16,2027-04-16,15,197,f8e3be61b090375c5b89c1186eeba8795e8b643027bf688244c3e8747bfd3fde
HERO,HERO,CBOE_ETF,EU,SAME_AS_UNDERLYING,EXACT_CLASS_ROOT_OBSERVED,true,84,84,4,4,4,2026-10-16,2027-05-21,15,232,255d6e3181beca2c389c552c50f53de2cbe13b6bc00a520eea6d6694fcbaa1c4
HEWJ,HEWJ,CBOE_ETF,EU,SAME_AS_UNDERLYING,EXACT_CLASS_ROOT_OBSERVED,true,80,80,4,4,4,2026-10-16,2027-05-21,15,232,56ee2fe04aa39c75156299e54844ab93d177503b9c1ec9bdae9420c60cb1f450
HEZU,HEZU,CBOE_ETF,EU,SAME_AS_UNDERLYING,EXACT_CLASS_ROOT_OBSERVED,true,77,77,4,4,4,2026-10-16,2027-05-21,15,232,674240eb66b65eab83a42cf24371e639eee7439ca3fa4b22ac0ffd31521d575d
HFND,HFND,CBOE_ETF,EU,SAME_AS_UNDERLYING,EXACT_CLASS_ROOT_OBSERVED,true,76,76,4,4,4,2026-10-16,2027-04-16,15,197,5f3d9f220a224b05db5a727b93e4e2d59836ecdae440f92b5916e2567deecf19
HGER,HGER,CBOE_ETF,EU,SAME_AS_UNDERLYING,EXACT_CLASS_ROOT_OBSERVED,true,73,73,4,4,4,2026-10-16,2027-04-16,15,197,b51fca5d503834de3fbedb0288cf7f97829b9984f4baa478898eb19c07e35bf3
HIBL,HIBL,CBOE_ETF,EU,SAME_AS_UNDERLYING,EXACT_CLASS_ROOT_OBSERVED,true,226,226,5,5,5,2026-10-16,2027-05-21,15,232,c51f7789c432e2382d150983c2ab007409727e404634be4ae2fcb22b9a542460
HIBS,HIBS,CBOE_ETF,EU,SAME_AS_UNDERLYING,EXACT_CLASS_ROOT_OBSERVED,true,98,98,4,4,4,2026-10-16,2027-05-21,15,232,3891e34bfd98c3e6b5f30854cec29a10d4c32db50e080f2f7175cd7c2935ee50
HIGH,HIGH,OCC_ETF_NAME_CBOE_ABSENT,EU,SAME_AS_UNDERLYING,EXACT_CLASS_ROOT_OBSERVED,true,84,84,4,4,4,2026-10-16,2027-05-21,15,232,e8fec07e59796be2595b75717abaf0b313aca9f076885d00c659ad27339aba16
HIMZ,HIMZ,CBOE_ETF,EU,SAME_AS_UNDERLYING,EXACT_CLASS_ROOT_OBSERVED,true,295,295,6,6,6,2026-10-16,2028-01-21,15,477,fbf6566c818a5704bdf003f508f4c08da20e0454903b5078c85c052e18188c91
HIMZ,HIMZ1,CBOE_ETF,EU,NUMERIC_SUFFIX,EXACT_CLASS_ROOT_OBSERVED,true,74,74,2,2,2,2027-01-15,2028-01-21,106,477,fbf6566c818a5704bdf003f508f4c08da20e0454903b5078c85c052e18188c91
HIPS,HIPS,CBOE_ETF,EU,SAME_AS_UNDERLYING,EXACT_CLASS_ROOT_OBSERVED,true,86,86,4,4,4,2026-10-16,2027-04-16,15,197,b5210846d53606d9287d4a9049d443c15263aa70dbd69eb19336c746c4f41bb9
HIYY,HIYY,CBOE_ETF,EU,SAME_AS_UNDERLYING,EXACT_CLASS_ROOT_OBSERVED,true,89,89,4,4,4,2026-10-16,2027-04-16,15,197,dff62bcc3ecb640a7681a7b07cc2d8db9c82726ac8961bebcd675bcb952f34fa
HNDL,HNDL,CBOE_ETF,EU,SAME_AS_UNDERLYING,EXACT_CLASS_ROOT_OBSERVED,true,76,76,4,4,4,2026-10-16,2027-05-21,15,232,3902051368da08823648614fdab0687805f6069752fc606228ce37ff951939e1
HODL,HODL,CBOE_ETF,EU,SAME_AS_UNDERLYING,EXACT_CLASS_ROOT_OBSERVED,true,88,88,4,4,4,2026-10-16,2027-05-21,15,232,3f4d1f72d128ab9390a1942dc4063e899ac00182d1c12d2f4e0d24d529cc718f
HOMZ,HOMZ,OCC_ETF_NAME_CBOE_ABSENT,EU,SAME_AS_UNDERLYING,EXACT_CLASS_ROOT_OBSERVED,true,57,57,4,4,4,2026-10-16,2027-04-16,15,197,47030bb368886b57ee7f1074f704f43a8fa42ada876425104e958a8b46fbf103
HONG,HONG,CBOE_ETF,EU,SAME_AS_UNDERLYING,EXACT_CLASS_ROOT_OBSERVED,true,72,72,4,4,4,2026-10-16,2027-03-19,15,169,6409b436ff091056ea27343063cfa76730dc57dd7d875f65fac9104668cf45e2
HOOG,HOOG,CBOE_ETF,EU,SAME_AS_UNDERLYING,EXACT_CLASS_ROOT_OBSERVED,true,123,123,4,4,4,2026-10-16,2027-05-21,15,232,f7f71624cf2a6e1ebb57062cd6f3f533d3de2964639044ecb66a0e2f71546dc6
HOOW,HOOW,CBOE_ETF,EU,SAME_AS_UNDERLYING,EXACT_CLASS_ROOT_OBSERVED,true,122,122,4,4,4,2026-10-16,2027-03-19,15,169,a6681bf644b36d16280be352fb9227906ffb466d734fb683049bfbfdfc13186a
HOOX,HOOX,CBOE_ETF,EU,SAME_AS_UNDERLYING,EXACT_CLASS_ROOT_OBSERVED,true,142,142,4,4,4,2026-10-16,2027-05-21,15,232,c3ce944a2d9e299555570207b6cc4373f05d506567e2634ab7945dd779198bfe
HOOY,HOOY,CBOE_ETF,EU,SAME_AS_UNDERLYING,EXACT_CLASS_ROOT_OBSERVED,true,83,83,4,4,4,2026-10-16,2027-03-19,15,169,66a798a6db1498492a6e5c7795829ca5f418aa893c35fdb8c3b996f17d77c74a
HRTS,HRTS,OCC_ETF_NAME_CBOE_ABSENT,EU,SAME_AS_UNDERLYING,EXACT_CLASS_ROOT_OBSERVED,true,84,84,4,4,4,2026-10-16,2027-03-19,15,169,bec99ea1500c2aeb13c4dac9d0f5632d97f20ef74cc40b0957795c1f0484a1e9
HULL,HULL,CBOE_ETF,EU,SAME_AS_UNDERLYING,EXACT_CLASS_ROOT_OBSERVED,true,72,72,4,4,4,2026-10-16,2027-03-19,15,169,b9bcc7d346cfd7886a58a2bf12e18aa8e25a5d64915f2467a79b6faa921dc422
HUMN,HUMN,CBOE_ETF,EU,SAME_AS_UNDERLYING,EXACT_CLASS_ROOT_OBSERVED,true,77,77,4,4,4,2026-10-16,2027-03-19,15,169,0c940884f618b6b9f9ecbc6722aef05ef8ae5e59cf3612486d7d16d402efbccf
HUTG,HUTG,CBOE_ETF,EU,SAME_AS_UNDERLYING,EXACT_CLASS_ROOT_OBSERVED,true,113,113,4,4,4,2026-10-16,2027-03-19,15,169,1fd470d025692f40da0a0b9d5e8612dc9d6eae5bf31e1baabdf099cfdcb50355
HYBB,HYBB,OCC_ETF_NAME_CBOE_ABSENT,EU,SAME_AS_UNDERLYING,EXACT_CLASS_ROOT_OBSERVED,true,74,74,4,4,4,2026-10-16,2027-04-16,15,197,2376e35ce5bf813c1f4215d82be88a9cb301306a8c0fb414e06f4cbae3258497
HYD,HYD,CBOE_ETF,EU,SAME_AS_UNDERLYING,EXACT_CLASS_ROOT_OBSERVED,true,84,84,4,4,4,2026-10-16,2027-03-19,15,169,4354919990e8b8ad708b388f760b65ca9cbce83c25b9dbd82b0d2e62db1eb829
HYDR,HYDR,CBOE_ETF,EU,SAME_AS_UNDERLYING,EXACT_CLASS_ROOT_OBSERVED,true,108,108,4,4,4,2026-10-16,2027-05-21,15,232,557f67a6657a2d1b3e9279c19247bc06c397abe4092eff34338b6bfed1b94972
HYEM,HYEM,OCC_ETF_NAME_CBOE_ABSENT,EU,SAME_AS_UNDERLYING,EXACT_CLASS_ROOT_OBSERVED,true,44,44,4,4,4,2026-10-16,2027-04-16,15,197,1f1eb0718500d19f16701d8fddfb18155b78117785b36902d9f9cd20a84540bf
HYG,HYG,CBOE_ETF,EU,SAME_AS_UNDERLYING,EXACT_CLASS_ROOT_OBSERVED,true,745,745,21,21,21,2026-10-02,2029-01-19,1,841,52107d66bdb5b357039e259a416d6dcc89cc4a6d02a80b5efff73879893d7eae
HYGH,HYGH,CBOE_ETF,EU,SAME_AS_UNDERLYING,EXACT_CLASS_ROOT_OBSERVED,true,76,76,4,4,4,2026-10-16,2027-03-19,15,169,28c0df634ae0381412385d55b87a800063e3754f1bdc6790d89fc29805927cab
HYLB,HYLB,CBOE_ETF,EU,SAME_AS_UNDERLYING,EXACT_CLASS_ROOT_OBSERVED,true,76,76,4,4,4,2026-10-16,2027-03-19,15,169,35f7d54e4f32147ae75ac2aa1a09e6d420ebc442f2ef53072ce3cac5a1add987
HYMB,HYMB,CBOE_ETF,EU,SAME_AS_UNDERLYING,EXACT_CLASS_ROOT_OBSERVED,true,76,76,4,4,4,2026-10-16,2027-03-19,15,169,f874176cac821596af80e79844bf4260221c20c7ed3cd4ff8412329e8e3f8dcf
HYNX,HYNX,CBOE_ETF,EU,SAME_AS_UNDERLYING,EXACT_CLASS_ROOT_OBSERVED,true,160,160,4,4,4,2026-10-16,2027-05-21,15,232,85bf42f67c0d01192ed0b7927e4b3cbb1b7cc7a5795b153c5567217a03087bc9
HYPG,HYPG,OCC_ETF_NAME_CBOE_ABSENT,EU,SAME_AS_UNDERLYING,EXACT_CLASS_ROOT_OBSERVED,true,96,96,4,4,4,2026-10-16,2027-03-19,15,169,f91e20b025c059ddcbc055c8f7d538d4fcbb5a7fda147d41260850b85cdd7ad3
HYS,HYS,CBOE_ETF,EU,SAME_AS_UNDERLYING,EXACT_CLASS_ROOT_OBSERVED,true,76,76,4,4,4,2026-10-16,2027-03-19,15,169,dbb9291258fe4d8a26b85004e467179273c69e29afc8eeeb16b7d9c068e5697b
HYSA,HYSA,CBOE_ETF,EU,SAME_AS_UNDERLYING,EXACT_CLASS_ROOT_OBSERVED,true,84,84,4,4,4,2026-10-16,2027-03-19,15,169,15bb81779ec2b2c6f1161851b9afc888b6c84a22aaac981e2e252c4aa13e4bd7
IAGG,IAGG,CBOE_ETF,EU,SAME_AS_UNDERLYING,EXACT_CLASS_ROOT_OBSERVED,true,76,76,4,4,4,2026-10-16,2027-05-21,15,232,f62e6b0035c6530ae00b1445555ec8edf9b25d3fb2689b4a00907f621316197c
IAI,IAI,CBOE_ETF,EU,SAME_AS_UNDERLYING,EXACT_CLASS_ROOT_OBSERVED,true,161,161,4,4,4,2026-10-16,2027-04-16,15,197,13245707b3a091e7d973364394fe58c4d14afbe1be862beb730a62e5ef5ca102
IAK,IAK,OCC_ETF_NAME_CBOE_ABSENT,EU,SAME_AS_UNDERLYING,EXACT_CLASS_ROOT_OBSERVED,true,129,129,4,4,4,2026-10-16,2027-03-19,15,169,fe5394b622ce51fe8131389dc4d8c7ef655a299f2a0371393189f6ac95fd63e7
IAT,IAT,CBOE_ETF,EU,SAME_AS_UNDERLYING,EXACT_CLASS_ROOT_OBSERVED,true,112,112,4,4,4,2026-10-16,2027-04-16,15,197,12d4b2560f63fb23be526536c925fa31fd3ae54a479c73f7afdef1e3c467647d
IAU,IAU,CBOE_ETF,EU,SAME_AS_UNDERLYING,EXACT_CLASS_ROOT_OBSERVED,true,854,854,15,15,15,2026-10-02,2029-01-19,1,841,6cb6ba61712ce6ffbb170c7bf1ffd49ef9bf095afe7e7816e83b8cfb850099bb
IAUI,IAUI,CBOE_ETF,EU,SAME_AS_UNDERLYING,EXACT_CLASS_ROOT_OBSERVED,true,80,80,4,4,4,2026-10-16,2027-03-19,15,169,7fc9eef520d2647ec210cd6fe9fbc278a5d6bc3560d9f7478c92c9b75599f957
IBB,IBB,CBOE_ETF,EU,SAME_AS_UNDERLYING,EXACT_CLASS_ROOT_OBSERVED,true,556,556,11,11,11,2026-10-16,2029-01-19,15,841,48b861cbf3c432f39854fc72287fa97c1c62fd39df76473f1fd43981daca60b7
IBBQ,IBBQ,OCC_ETF_NAME_CBOE_ABSENT,EU,SAME_AS_UNDERLYING,EXACT_CLASS_ROOT_OBSERVED,true,54,54,4,4,4,2026-10-16,2027-04-16,15,197,386d9bfe10b675fc77cfa9676c8b574d93d0b1a1587eee0401772485bc67f894
IBIT,IBIT,CBOE_ETF,EU,SAME_AS_UNDERLYING,EXACT_CLASS_ROOT_OBSERVED,true,1305,1305,24,24,24,2026-10-02,2029-01-19,1,841,094b3abbc7949c2ecf180617e5939ab1b155cc1e64d31c2b381439fe47798ce6
IBLC,IBLC,OCC_ETF_NAME_CBOE_ABSENT,EU,SAME_AS_UNDERLYING,EXACT_CLASS_ROOT_OBSERVED,true,116,116,4,4,4,2026-10-16,2027-04-16,15,197,72009b04d96b241126d5149a40495007d5917afb099a7b9e4f6d679844d5f1be
IBND,IBND,CBOE_ETF,EU,SAME_AS_UNDERLYING,EXACT_CLASS_ROOT_OBSERVED,true,76,76,4,4,4,2026-10-16,2027-04-16,15,197,7f6802a7f2980cbb6fb8b801e073674115e030d7d75c0006a020ea0f81da0467
IBOT,IBOT,OCC_ETF_NAME_CBOE_ABSENT,EU,SAME_AS_UNDERLYING,EXACT_CLASS_ROOT_OBSERVED,true,111,111,4,4,4,2026-10-16,2027-04-16,15,197,9e119f29882f7cca20831d77db177b7c4cf3b44e9a1fa343dc670757e37dea17
IBRN,IBRN,OCC_ETF_NAME_CBOE_ABSENT,EU,SAME_AS_UNDERLYING,EXACT_CLASS_ROOT_OBSERVED,true,67,67,4,4,4,2026-10-16,2027-04-16,15,197,8c8c59f6941cd6387648a50e08a22728b18d1c5a08fac2996d0acb3b61db93c3
IBUY,IBUY,CBOE_ETF,EU,SAME_AS_UNDERLYING,EXACT_CLASS_ROOT_OBSERVED,true,79,79,4,4,4,2026-10-16,2027-03-19,15,169,7bfe69ffca3ebb81f5a69d549d1b8a69e37922e53503859c5a0cc5444dc552cb
IBX,IBX,CBOE_ETF,EU,SAME_AS_UNDERLYING,EXACT_CLASS_ROOT_OBSERVED,true,97,97,4,4,4,2026-10-16,2027-03-19,15,169,70d1e37c6b0b43274630e4258b7828ea5a957180e976df37dc6e92cef7ef9c40
ICF,ICF,CBOE_ETF,EU,SAME_AS_UNDERLYING,EXACT_CLASS_ROOT_OBSERVED,true,85,85,4,4,4,2026-10-16,2027-05-21,15,232,c57bd324773e7db8e613946355c6430c32f43a30b7e9ac7a1b7691f0391b6aef
ICLN,ICLN,CBOE_ETF,EU,SAME_AS_UNDERLYING,EXACT_CLASS_ROOT_OBSERVED,true,371,371,14,14,14,2026-10-02,2029-01-19,1,841,c2e0702d4e166d730f25029cfa4d22301c0f55b5cafb4c28caa237e993335d06
ICOP,ICOP,CBOE_ETF,EU,SAME_AS_UNDERLYING,EXACT_CLASS_ROOT_OBSERVED,true,105,105,4,4,4,2026-10-16,2027-05-21,15,232,cd6b86f494a94592ecddb4b7c90bd826135fc3628cac0c41b908cd4a3f03af69
ICSH,ICSH,CBOE_ETF,EU,SAME_AS_UNDERLYING,EXACT_CLASS_ROOT_OBSERVED,true,76,76,4,4,4,2026-10-16,2027-05-21,15,232,eb929c32460fc4c05c559b1fddc2a0434751a30a8048b91100a2d04b765590e3
ICVT,ICVT,CBOE_ETF,EU,SAME_AS_UNDERLYING,EXACT_CLASS_ROOT_OBSERVED,true,127,127,4,4,4,2026-10-16,2027-05-21,15,232,7c8ec1aedf781fc80210f21e8788eaac087e1f98acfd9fd51ee5a707879424e9
IDEF,IDEF,OCC_ETF_NAME_CBOE_ABSENT,EU,SAME_AS_UNDERLYING,EXACT_CLASS_ROOT_OBSERVED,true,67,67,4,4,4,2026-10-16,2027-04-16,15,197,6e7093bbd13034ffd85071e478b38210474da8ecdebf822ecf416a93a602ec8b
IDGT,IDGT,CBOE_ETF,EU,SAME_AS_UNDERLYING,EXACT_CLASS_ROOT_OBSERVED,true,140,140,4,4,4,2026-10-16,2027-03-19,15,169,5a522b87c709b0df0fd03aafb186d55c122f9513ce467dd672cba7a5fa79ca01
IDHQ,IDHQ,OCC_ETF_NAME_CBOE_ABSENT,EU,SAME_AS_UNDERLYING,EXACT_CLASS_ROOT_OBSERVED,true,93,93,4,4,4,2026-10-16,2027-04-16,15,197,58fb9c00704f165d12e0e39a6c5e59d973b701210695a1e5f0d2cd9fe4ed5d59
IDNA,IDNA,CBOE_ETF,EU,SAME_AS_UNDERLYING,EXACT_CLASS_ROOT_OBSERVED,true,86,86,4,4,4,2026-10-16,2027-03-19,15,169,909132973612abf65eda4258c3a04c2f30868e86789fd8df18c49617f9a9510c
IDRV,IDRV,CBOE_ETF,EU,SAME_AS_UNDERLYING,EXACT_CLASS_ROOT_OBSERVED,true,78,78,4,4,4,2026-10-16,2027-03-19,15,169,d7f2822e1c8119363900ee6d4a5d16b59923e9d2048bd1fd6d88bae4ccfc1818
IDU,IDU,CBOE_ETF,EU,SAME_AS_UNDERLYING,EXACT_CLASS_ROOT_OBSERVED,true,102,102,4,4,4,2026-10-16,2027-03-19,15,169,fc302d60337dfc7ce453cc67908fb2506316295ba6072095f240a72627ef6ae1
IDUB,IDUB,OCC_ETF_NAME_CBOE_ABSENT,EU,SAME_AS_UNDERLYING,EXACT_CLASS_ROOT_OBSERVED,true,44,44,4,4,4,2026-10-16,2027-03-19,15,169,4a804fb35c9b26de23e73f9e1c26e1f8e6286d8437109b1bdf97ca1bd5dc0afe
IDV,IDV,CBOE_ETF,EU,SAME_AS_UNDERLYING,EXACT_CLASS_ROOT_OBSERVED,true,85,85,4,4,4,2026-10-16,2027-04-16,15,197,04bf0fcaabf29094e8c44652a5766b110c6e46c1a5273394cd565a328a0ee2cb
IDVO,IDVO,CBOE_ETF,EU,SAME_AS_UNDERLYING,EXACT_CLASS_ROOT_OBSERVED,true,76,76,4,4,4,2026-10-16,2027-05-21,15,232,a2fada853b83b51cd013e8b6fb20cfbdd36874c98251fc513595705fa4ef8209
IEF,IEF,CBOE_ETF,EU,SAME_AS_UNDERLYING,EXACT_CLASS_ROOT_OBSERVED,true,653,653,16,16,16,2026-10-02,2029-01-19,1,841,b23ad5a68377074c2b94cfa4266aa5ae25a1b7dddc41b2764a27298d637e3ecd
IEFA,IEFA,CBOE_ETF,EU,SAME_AS_UNDERLYING,EXACT_CLASS_ROOT_OBSERVED,true,134,134,4,4,4,2026-10-16,2027-03-19,15,169,a7811e11ccd2369ce120d943a631cd02621424a21e658f3fcd4317599e36ba03
IEI,IEI,CBOE_ETF,EU,SAME_AS_UNDERLYING,EXACT_CLASS_ROOT_OBSERVED,true,116,116,4,4,4,2026-10-16,2027-04-16,15,197,eaf55ac833684076d4b3ee02cfc3c8dd4f8493aa02a6a108371e2b15f4701b7a
IEMG,IEMG,CBOE_ETF,EU,SAME_AS_UNDERLYING,EXACT_CLASS_ROOT_OBSERVED,true,106,106,4,4,4,2026-10-16,2027-03-19,15,169,e7449a5f0794241c4df825b5bfad4e0baadcab8ecc869c611920debf88389396
IEO,IEO,CBOE_ETF,EU,SAME_AS_UNDERLYING,EXACT_CLASS_ROOT_OBSERVED,true,147,147,4,4,4,2026-10-16,2027-03-19,15,169,6fdb8cfe24f609ef8f827d5fc9d6b7aef4014c90a42a1b8f99bb63d6b50262fa
IETC,IETC,OCC_ETF_NAME_CBOE_ABSENT,EU,SAME_AS_UNDERLYING,EXACT_CLASS_ROOT_OBSERVED,true,93,93,4,4,4,2026-10-16,2027-03-19,15,169,61a52a205fa37c7aae5b22011c5fa837416802d204b1c135570322ac3104e45b
IEUR,IEUR,CBOE_ETF,EU,SAME_AS_UNDERLYING,EXACT_CLASS_ROOT_OBSERVED,true,76,76,4,4,4,2026-10-16,2027-03-19,15,169,261cffb08a3897a2ceb5f41b476cc9a759fea5253bbfc4a406e278bb5d9ee1f8
IEV,IEV,CBOE_ETF,EU,SAME_AS_UNDERLYING,EXACT_CLASS_ROOT_OBSERVED,true,94,94,4,4,4,2026-10-16,2027-03-19,15,169,957dac464e006c329a7eed259c48e461e0753957d087d180e3b3395314f7f9cf
IEZ,IEZ,CBOE_ETF,EU,SAME_AS_UNDERLYING,EXACT_CLASS_ROOT_OBSERVED,true,88,88,4,4,4,2026-10-16,2027-04-16,15,197,e8724af171ac01334bc9c8099092f2c5c110e53dd962aafd43703b8f6c56c284
IFLN,IFLN,CBOE_ETF,EU,SAME_AS_UNDERLYING,EXACT_CLASS_ROOT_OBSERVED,true,76,76,4,4,4,2026-10-16,2027-04-16,15,197,7bdc742982f5fa4e0fa167fec390bbc51b7cc3b37d89380b5231a8639adb440d
IFRA,IFRA,CBOE_ETF,EU,SAME_AS_UNDERLYING,EXACT_CLASS_ROOT_OBSERVED,true,78,78,4,4,4,2026-10-16,2027-05-21,15,232,3d99ed117ebcc00b7a19ba1da4c57a0a1b9b27f6155abed3a79b876fa8e51145
IGE,IGE,CBOE_ETF,EU,SAME_AS_UNDERLYING,EXACT_CLASS_ROOT_OBSERVED,true,77,77,4,4,4,2026-10-16,2027-04-16,15,197,9e96e525390f10aa9cb35da439ce2f841e3a37a0eb3ef0c0befce3ad297cbbaf
IGF,IGF,CBOE_ETF,EU,SAME_AS_UNDERLYING,EXACT_CLASS_ROOT_OBSERVED,true,76,76,4,4,4,2026-10-16,2027-04-16,15,197,184f02872320b54b68125a8ef760f0aa23185ff3f1196fe497ca410378140928
IGIB,IGIB,CBOE_ETF,EU,SAME_AS_UNDERLYING,EXACT_CLASS_ROOT_OBSERVED,true,76,76,4,4,4,2026-10-16,2027-04-16,15,197,0697cecaed6efc434a41c44b00af55a094fc0a1089f6cbcc8015594f1859b44b
IGLB,IGLB,CBOE_ETF,EU,SAME_AS_UNDERLYING,EXACT_CLASS_ROOT_OBSERVED,true,76,76,4,4,4,2026-10-16,2027-04-16,15,197,970398b7f0f0f477336391604b98192d384be9b3925087bf6b3e824af78d5cbf
IGLD,IGLD,CBOE_ETF,EU,SAME_AS_UNDERLYING,EXACT_CLASS_ROOT_OBSERVED,true,77,77,4,4,4,2026-10-16,2027-05-21,15,232,25fd56c747c5db97725fe782eeec06b369812efb8d1cb6044a4820bf0c5ab173
IGM,IGM,CBOE_ETF,EU,SAME_AS_UNDERLYING,EXACT_CLASS_ROOT_OBSERVED,true,163,163,4,4,4,2026-10-16,2027-03-19,15,169,d68023887a317c80825c60ad9d1cc089ab2cb8725cb2e70d3e4737fcfb9a915a
IGOV,IGOV,CBOE_ETF,EU,SAME_AS_UNDERLYING,EXACT_CLASS_ROOT_OBSERVED,true,76,76,4,4,4,2026-10-16,2027-04-16,15,197,21badf95515baa31d58be31637c9042c314d91b86e79b6e17ad7995458545ff2
IGPT,IGPT,OCC_ETF_NAME_CBOE_ABSENT,EU,SAME_AS_UNDERLYING,EXACT_CLASS_ROOT_OBSERVED,true,170,170,4,4,4,2026-10-16,2027-03-19,15,169,c2ed89682725b17f773fd7e667ef5cbca38105d7f6d36b7245fc42f696ad126e
IGRO,IGRO,OCC_ETF_NAME_CBOE_ABSENT,EU,SAME_AS_UNDERLYING,EXACT_CLASS_ROOT_OBSERVED,true,100,100,4,4,4,2026-10-16,2027-05-21,15,232,d503b8122e4b50d83680584dd291274efd16040b6fb7a6a72c8fe522b9312937
IGSB,IGSB,CBOE_ETF,EU,SAME_AS_UNDERLYING,EXACT_CLASS_ROOT_OBSERVED,true,76,76,4,4,4,2026-10-16,2027-03-19,15,169,d9d912494bf0c2771501e06f4e9c0d0286bb82388fe92d21c35084578f95a4dd
IGV,IGV,CBOE_ETF,EU,SAME_AS_UNDERLYING,EXACT_CLASS_ROOT_OBSERVED,true,948,948,19,19,19,2026-10-02,2029-01-19,1,841,be8487364aaab053bbb2a6319e0cf9dfe30d675aa27c53d448d06109b868684b
IHAK,IHAK,CBOE_ETF,EU,SAME_AS_UNDERLYING,EXACT_CLASS_ROOT_OBSERVED,true,103,103,4,4,4,2026-10-16,2027-03-19,15,169,5d66cb5b0d16c00837aa3ac5c8a6342147c3438a8297448513e1021e48566e68
IHDG,IHDG,CBOE_ETF,EU,SAME_AS_UNDERLYING,EXACT_CLASS_ROOT_OBSERVED,true,76,76,4,4,4,2026-10-16,2027-05-21,15,232,239b50d90fb7ea303c71f9215925d7af2dec0d3425aa41b00daac9b7d4df3b4f
IHE,IHE,CBOE_ETF,EU,SAME_AS_UNDERLYING,EXACT_CLASS_ROOT_OBSERVED,true,109,109,4,4,4,2026-10-16,2027-04-16,15,197,97b5d68d25a0c7f0b5172cee40db00be7c0818d298af0670c4e3c45b50232b16
IHF,IHF,CBOE_ETF,EU,SAME_AS_UNDERLYING,EXACT_CLASS_ROOT_OBSERVED,true,100,100,4,4,4,2026-10-16,2027-05-21,15,232,21cb1fc398fbbd0904e447e8138c2b863bd3cefeff099e2a1ffe1502fd2972b9
IHI,IHI,CBOE_ETF,EU,SAME_AS_UNDERLYING,EXACT_CLASS_ROOT_OBSERVED,true,240,240,7,7,7,2026-10-16,2029-01-19,15,841,b667ace2b58fa63ee6ea436b3021f72b97c07041dd48c154926d9f627d72cf66
IJH,IJH,CBOE_ETF,EU,SAME_AS_UNDERLYING,EXACT_CLASS_ROOT_OBSERVED,true,111,111,4,4,4,2026-10-16,2027-05-21,15,232,1779762d6dd9d3207f3d8668c89d05e4d1dad9fb3d36c209a3032c36fefbb77b
IJJ,IJJ,CBOE_ETF,EU,SAME_AS_UNDERLYING,EXACT_CLASS_ROOT_OBSERVED,true,91,91,4,4,4,2026-10-16,2027-03-19,15,169,78641debca78c39b18310e2ffcaaeb6287f74c6c6b6615fd9738a57d2a2efab8
IJK,IJK,CBOE_ETF,EU,SAME_AS_UNDERLYING,EXACT_CLASS_ROOT_OBSERVED,true,108,108,4,4,4,2026-10-16,2027-03-19,15,169,5f6701371fbb03a5920e1ec2853b42cb7ee321a6a9bb17d0c4bf8676e44793c2
IJR,IJR,CBOE_ETF,EU,SAME_AS_UNDERLYING,EXACT_CLASS_ROOT_OBSERVED,true,230,230,5,5,5,2026-10-16,2027-05-21,15,232,8dce4638ae257658645cbb52f81b1276d40d8f64af52dcd94d5af29334e1ee16
IJS,IJS,CBOE_ETF,EU,SAME_AS_UNDERLYING,EXACT_CLASS_ROOT_OBSERVED,true,140,140,4,4,4,2026-10-16,2027-05-21,15,232,32d645474c25f388d6e4baae9cc2d513eb2f219573d6008f948c8910d170084d
IJT,IJT,CBOE_ETF,EU,SAME_AS_UNDERLYING,EXACT_CLASS_ROOT_OBSERVED,true,151,151,4,4,4,2026-10-16,2027-04-16,15,197,a9a6ca182602629d145028f3c6c89e97c8718f62f16a42224142378f70fd6134
ILCB,ILCB,OCC_ETF_NAME_CBOE_ABSENT,EU,SAME_AS_UNDERLYING,EXACT_CLASS_ROOT_OBSERVED,true,68,68,4,4,4,2026-10-16,2027-04-16,15,197,7ad58d916ca864f6938feedb143f993a3bb41a32dbb00981a92757ea6cf966d0
ILCG,ILCG,CBOE_ETF,EU,SAME_AS_UNDERLYING,EXACT_CLASS_ROOT_OBSERVED,true,94,94,4,4,4,2026-10-16,2027-05-21,15,232,c0420bfeed1541e55c72b4e19cc7fe69c84b2868f4d900c669a57cc811cd4eb0
ILF,ILF,CBOE_ETF,EU,SAME_AS_UNDERLYING,EXACT_CLASS_ROOT_OBSERVED,true,86,86,4,4,4,2026-10-16,2027-03-19,15,169,02611755912c906062764b2a134386aa4dbe68b6c609c188938ccd773068b5df
ILIT,ILIT,CBOE_ETF,EU,SAME_AS_UNDERLYING,EXACT_CLASS_ROOT_OBSERVED,true,79,79,4,4,4,2026-10-16,2027-05-21,15,232,22f15a8399809d44ccba1bbc985390d433076b2c5d0c39f10bb2ccb9b6d7ea63
IMCG,IMCG,CBOE_ETF,EU,SAME_AS_UNDERLYING,EXACT_CLASS_ROOT_OBSERVED,true,90,90,4,4,4,2026-10-16,2027-05-21,15,232,d35b663d772fcf7018281aa573d71c31c9b842282ce47e53c5c69202187c88af
IMTM,IMTM,OCC_ETF_NAME_CBOE_ABSENT,EU,SAME_AS_UNDERLYING,EXACT_CLASS_ROOT_OBSERVED,true,44,44,4,4,4,2026-10-16,2027-03-19,15,169,ab8874bc61fb7d3bea5f8e290a79bc377591ca47afd2eb95f366ae4b031bce57
IMVP,IMVP,CBOE_ETF,EU,SAME_AS_UNDERLYING,EXACT_CLASS_ROOT_OBSERVED,true,83,83,4,4,4,2026-10-16,2027-03-19,15,169,36140b673c50132077f06a1a453d54ac3faf913f5e663591bfc4bf12d1b9a79e
INCO,INCO,OCC_ETF_NAME_CBOE_ABSENT,EU,SAME_AS_UNDERLYING,EXACT_CLASS_ROOT_OBSERVED,true,62,62,4,4,4,2026-10-16,2027-03-19,15,169,0f9e20649459568478ef52aa4002a11201b3b69185d685d7fe484c70d522d44c
INDA,INDA,CBOE_ETF,EU,SAME_AS_UNDERLYING,EXACT_CLASS_ROOT_OBSERVED,true,193,193,7,7,7,2026-10-16,2029-01-19,15,841,fed4d26464bdfc0f0ac55dde6e509cb86a8cd13acecfa7c837694b1ad91208af
INDL,INDL,CBOE_ETF,EU,SAME_AS_UNDERLYING,EXACT_CLASS_ROOT_OBSERVED,true,99,99,4,4,4,2026-10-16,2027-04-16,15,197,f60ebad0336277bde12cb28c44e2df4d78bcf78e3e2d6cafd9034cc60c339745
INDS,INDS,CBOE_ETF,EU,SAME_AS_UNDERLYING,EXACT_CLASS_ROOT_OBSERVED,true,84,84,4,4,4,2026-10-16,2027-04-16,15,197,ddcfe85438627480d3f200137acc03e96abdd78580f0f8c24b7258da4c01f928
INDY,INDY,OCC_ETF_NAME_CBOE_ABSENT,EU,SAME_AS_UNDERLYING,EXACT_CLASS_ROOT_OBSERVED,true,44,44,4,4,4,2026-10-16,2027-03-19,15,169,490798ce7df8b72b3692579ef98fd12e4b2d0732c6a1c565b0b13928577816c9
INFL,INFL,CBOE_ETF,EU,SAME_AS_UNDERLYING,EXACT_CLASS_ROOT_OBSERVED,true,76,76,4,4,4,2026-10-16,2027-05-21,15,232,e78f0f04ef4334c9267c9b2e3dd12be62ea329d78df460088d4d4513c1b63e4e
INMU,INMU,OCC_ETF_NAME_CBOE_ABSENT,EU,SAME_AS_UNDERLYING,EXACT_CLASS_ROOT_OBSERVED,true,44,44,4,4,4,2026-10-16,2027-03-19,15,169,afcacc598e8b4220cb1f0a221a6c56afdaa8eceb7aee8f2e192e60894633cfed
INQQ,INQQ,OCC_ETF_NAME_CBOE_ABSENT,EU,SAME_AS_UNDERLYING,EXACT_CLASS_ROOT_OBSERVED,true,44,44,4,4,4,2026-10-16,2027-04-16,15,197,1ac717e5a978f982aa4382c354c0e07624cc5b0db5a0829c7f75dad40b874741
INRO,INRO,OCC_ETF_NAME_CBOE_ABSENT,EU,SAME_AS_UNDERLYING,EXACT_CLASS_ROOT_OBSERVED,true,48,48,4,4,4,2026-10-16,2027-04-16,15,197,8e89ad6cc330f9fc0db874e0df4c3b61f90dfd59b65393e0947967c37af6fae3
INTF,INTF,CBOE_ETF,EU,SAME_AS_UNDERLYING,EXACT_CLASS_ROOT_OBSERVED,true,76,76,4,4,4,2026-10-16,2027-03-19,15,169,c7ec842344b3b8a9614c3358879d3a4196db0541129c253c5df1174206c6ae8d
INTW,INTW,CBOE_ETF,EU,SAME_AS_UNDERLYING,EXACT_CLASS_ROOT_OBSERVED,true,353,353,6,6,6,2026-10-16,2029-01-19,15,841,0cd587395fa386ecd17fb1e038e562bb15cd6b4e21062c75a0e0389164fe3d95
ION,ION,OCC_ETF_NAME_CBOE_ABSENT,EU,SAME_AS_UNDERLYING,EXACT_CLASS_ROOT_OBSERVED,true,107,107,4,4,4,2026-10-16,2027-03-19,15,169,e7b699045737566451af0613135a6fc6d70e3d786bd32d6831a621b5b485b22a
IONL,IONL,CBOE_ETF,EU,SAME_AS_UNDERLYING,EXACT_CLASS_ROOT_OBSERVED,true,176,176,4,4,4,2026-10-16,2027-03-19,15,169,0973bf973a822c9b114d026bb9fdceea3afe2db7faae0f90484d617a98e048e5
IONX,IONX,CBOE_ETF,EU,SAME_AS_UNDERLYING,EXACT_CLASS_ROOT_OBSERVED,true,203,203,4,4,4,2026-10-16,2027-05-21,15,232,847c2a35744b4934107cd68732de474af29c1d2dd610eea5cd640dab65808279
IONZ,IONZ,CBOE_ETF,EU,SAME_AS_UNDERLYING,EXACT_CLASS_ROOT_OBSERVED,true,125,125,5,5,5,2026-10-16,2027-05-21,15,232,dd966d5ebdc2cdc2e61c0c0eab17440b92c1ec6636c9443fb64913d293be1ae5
IONZ,IONZ1,CBOE_ETF,EU,NUMERIC_SUFFIX,EXACT_CLASS_ROOT_OBSERVED,true,85,85,4,4,4,2026-10-16,2027-02-19,15,141,dd966d5ebdc2cdc2e61c0c0eab17440b92c1ec6636c9443fb64913d293be1ae5
IOO,IOO,CBOE_ETF,EU,SAME_AS_UNDERLYING,EXACT_CLASS_ROOT_OBSERVED,true,112,112,4,4,4,2026-10-16,2027-04-16,15,197,caba8f18b56f7fee84665e3a0b76f83b8852e194d1658ef2f09ec94c415341b0
IPAC,IPAC,CBOE_ETF,EU,SAME_AS_UNDERLYING,EXACT_CLASS_ROOT_OBSERVED,true,80,80,4,4,4,2026-10-16,2027-05-21,15,232,5adc4392fd49cf295043cef1f95dc52a8ec55b4101c513018dac1adab668208c
IPAY,IPAY,OCC_ETF_NAME_CBOE_ABSENT,EU,SAME_AS_UNDERLYING,EXACT_CLASS_ROOT_OBSERVED,true,89,89,4,4,4,2026-10-16,2027-03-19,15,169,86d0aefe68c21110b166b0683227be28164ad451ae63e58f92816b6f95e55bf5
IPKW,IPKW,OCC_ETF_NAME_CBOE_ABSENT,EU,SAME_AS_UNDERLYING,EXACT_CLASS_ROOT_OBSERVED,true,100,100,4,4,4,2026-10-16,2027-03-19,15,169,c42d7d621242b23ca2ea27b648235c9f387b93304cec4668a712edf214309be3
IPO,IPO,CBOE_ETF,EU,SAME_AS_UNDERLYING,EXACT_CLASS_ROOT_OBSERVED,true,105,105,4,4,4,2026-10-16,2027-04-16,15,197,dee56b087cd9241532f5e0d6bc7d3cf2fb1d27db08dd87c842863f8456827bdb
IPOS,IPOS,CBOE_ETF,EU,SAME_AS_UNDERLYING,EXACT_CLASS_ROOT_OBSERVED,true,77,77,4,4,4,2026-10-16,2027-05-21,15,232,724d1e51fcc9c075528409ec91caf474929a248789f1a2885b0e99c4512cdc15
IQDF,IQDF,CBOE_ETF,EU,SAME_AS_UNDERLYING,EXACT_CLASS_ROOT_OBSERVED,true,76,76,4,4,4,2026-10-16,2027-03-19,15,169,302a0c558ad24451b4fd3fbae27c35925e9183070f6ebd756490009fa0e60bdd
IQDG,IQDG,CBOE_ETF,EU,SAME_AS_UNDERLYING,EXACT_CLASS_ROOT_OBSERVED,true,84,84,4,4,4,2026-10-16,2027-05-21,15,232,889c23db4519f8cb74a886a10c33410266b74b5c1c3ba4214a60a0780cc96950
IQLT,IQLT,CBOE_ETF,EU,SAME_AS_UNDERLYING,EXACT_CLASS_ROOT_OBSERVED,true,76,76,4,4,4,2026-10-16,2027-03-19,15,169,80c1f55f1909c8676a2b61e75ffd68ec1e57896540943a2480a686fd59f1e8ca
IQM,IQM,OCC_ETF_NAME_CBOE_ABSENT,EU,SAME_AS_UNDERLYING,EXACT_CLASS_ROOT_OBSERVED,true,149,149,4,4,4,2026-10-16,2027-04-16,15,197,c30ea1c4a029f07f8541618dcf82c8da3d8cfe5a06a62a9338ca9a10928edaac
IQQ,IQQ,CBOE_ETF,EU,SAME_AS_UNDERLYING,EXACT_CLASS_ROOT_OBSERVED,true,362,362,20,20,20,2026-10-02,2027-08-31,1,334,432f8fddc71ef12b0df4c768b035a70a3af957c153319fe6faf1441b382626d5
IRE,IRE,CBOE_ETF,EU,SAME_AS_UNDERLYING,EXACT_CLASS_ROOT_OBSERVED,true,177,177,6,6,6,2026-10-16,2029-01-19,15,841,682ac7dd39a07dd92b7c6038f45aae8bba2b48fca7cae5f0b6796f6bb55f9ab4
IRE,IRE1,CBOE_ETF,EU,NUMERIC_SUFFIX,UNDERLYING_QUERY_WITH_OPTIONS_CLASS_UNRESOLVED,false,0,0,0,0,0,,,,,682ac7dd39a07dd92b7c6038f45aae8bba2b48fca7cae5f0b6796f6bb55f9ab4
IREG,IREG,CBOE_ETF,EU,SAME_AS_UNDERLYING,EXACT_CLASS_ROOT_OBSERVED,true,117,117,4,4,4,2026-10-16,2027-05-21,15,232,244cbf6900662388fc31a81332066eb837242c7d96d0fac6695fa970692d1afa
IREX,IREX,CBOE_ETF,EU,SAME_AS_UNDERLYING,EXACT_CLASS_ROOT_OBSERVED,true,180,180,4,4,4,2026-10-16,2027-03-19,15,169,4a743ebeff596c6c62e8e30cc67ef840306c118e32bc3859831c4cc774ad3562
IREX,IREX1,CBOE_ETF,EU,NUMERIC_SUFFIX,UNDERLYING_QUERY_WITH_OPTIONS_CLASS_UNRESOLVED,false,0,0,0,0,0,,,,,4a743ebeff596c6c62e8e30cc67ef840306c118e32bc3859831c4cc774ad3562
IREZ,IREZ,CBOE_ETF,EU,SAME_AS_UNDERLYING,EXACT_CLASS_ROOT_OBSERVED,true,176,176,6,6,6,2026-10-16,2028-01-21,15,477,033a2494f110349eed7d6101b32db06504c0858827ffafbad2d1b7ca2895fbc1
IREZ,IREZ1,CBOE_ETF,EU,NUMERIC_SUFFIX,EXACT_CLASS_ROOT_OBSERVED,true,99,99,4,4,4,2026-12-18,2028-01-21,78,477,033a2494f110349eed7d6101b32db06504c0858827ffafbad2d1b7ca2895fbc1
ISHP,ISHP,OCC_ETF_NAME_CBOE_ABSENT,EU,SAME_AS_UNDERLYING,EXACT_CLASS_ROOT_OBSERVED,true,44,44,4,4,4,2026-10-16,2027-03-19,15,169,85409a059b938af0827bd4a09761f6aaf9ba6cdfe7363585583784a93a6c963d
ISPY,ISPY,CBOE_ETF,EU,SAME_AS_UNDERLYING,EXACT_CLASS_ROOT_OBSERVED,true,84,84,4,4,4,2026-10-16,2027-03-19,15,169,a080df34683df9c2d4dcc3530ec3dfd981b573b6fa3f4bb37875419655900b4f
ISRA,ISRA,CBOE_ETF,EU,SAME_AS_UNDERLYING,EXACT_CLASS_ROOT_OBSERVED,true,76,76,4,4,4,2026-10-16,2027-03-19,15,169,0c62a8721fa9aa6c5d971abbd77a1827ba41a44d221a9a82aad991a7a9f29871
ISTB,ISTB,CBOE_ETF,EU,SAME_AS_UNDERLYING,EXACT_CLASS_ROOT_OBSERVED,true,76,76,4,4,4,2026-10-16,2027-05-21,15,232,122f8526c85901e9803cdf2c72569ccf0e6eff5243d4286d12bf2fdc52f32218
ITA,ITA,CBOE_ETF,EU,SAME_AS_UNDERLYING,EXACT_CLASS_ROOT_OBSERVED,true,316,316,7,7,7,2026-10-16,2027-06-17,15,259,65f3b34a22cab4ff392f67707760fc9519c98a0e02494be6d03837f1197dec63
ITB,ITB,CBOE_ETF,EU,SAME_AS_UNDERLYING,EXACT_CLASS_ROOT_OBSERVED,true,305,305,7,7,7,2026-10-16,2029-01-19,15,841,f0614c68fde75ab5f967a9af764cf78b545a2088e131e2b4629595d9f3da89d3
ITEQ,ITEQ,CBOE_ETF,EU,SAME_AS_UNDERLYING,EXACT_CLASS_ROOT_OBSERVED,true,81,81,4,4,4,2026-10-16,2027-03-19,15,169,221b5209d58ca9ba6008b1f650012b779d4acc74487b1e5c02472dedae0cd0ba
ITM,ITM,OCC_ETF_NAME_CBOE_ABSENT,EU,SAME_AS_UNDERLYING,EXACT_CLASS_ROOT_OBSERVED,true,44,44,4,4,4,2026-10-16,2027-03-19,15,169,adccb2e650ffc1cb3be0a25cf93f9248bb9663c04f89aeb75748cb55572d843f
ITOT,ITOT,CBOE_ETF,EU,SAME_AS_UNDERLYING,EXACT_CLASS_ROOT_OBSERVED,true,128,128,4,4,4,2026-10-16,2027-04-16,15,197,39d3b4c9f88ab5f828b0e1b649071c49c50e9306a52a8fc2e46114d28e825afd
ITWO,ITWO,OCC_ETF_NAME_CBOE_ABSENT,EU,SAME_AS_UNDERLYING,EXACT_CLASS_ROOT_OBSERVED,true,84,84,4,4,4,2026-10-16,2027-03-19,15,169,ee8ef82e63bb0301702d409681aab5202e39d7e1f27d70d1cd95b56b9e496316
IUSB,IUSB,CBOE_ETF,EU,SAME_AS_UNDERLYING,EXACT_CLASS_ROOT_OBSERVED,true,76,76,4,4,4,2026-10-16,2027-05-21,15,232,d8b4024fc414ba6f1a99c9bdbcd8f8668e07e7f683e7f98baa483de82e6973e4
IUSG,IUSG,CBOE_ETF,EU,SAME_AS_UNDERLYING,EXACT_CLASS_ROOT_OBSERVED,true,152,152,4,4,4,2026-10-16,2027-03-19,15,169,49063876d66cad42fc51b32d4c98687214c0f694918887501068ea9dd3c98762
IUSV,IUSV,CBOE_ETF,EU,SAME_AS_UNDERLYING,EXACT_CLASS_ROOT_OBSERVED,true,81,81,4,4,4,2026-10-16,2027-03-19,15,169,50d0226f96330ff83ac99caf47c100bb007812df2cb12bdae79b54bd155180b7
IVE,IVE,CBOE_ETF,EU,SAME_AS_UNDERLYING,EXACT_CLASS_ROOT_OBSERVED,true,121,121,4,4,4,2026-10-16,2027-04-16,15,197,b5d2f27ea06e1642cb4ad1e56fe9cc2fb9fbaad870570ffb8eed35bbf3b31555
IVES,IVES,CBOE_ETF,EU,SAME_AS_UNDERLYING,EXACT_CLASS_ROOT_OBSERVED,true,98,98,4,4,4,2026-10-16,2027-05-21,15,232,e7593e888192d814c3a4d6690cb2553e4ac55ed4dfdb7eca0114c8f3830d455e
IVLU,IVLU,CBOE_ETF,EU,SAME_AS_UNDERLYING,EXACT_CLASS_ROOT_OBSERVED,true,76,76,4,4,4,2026-10-16,2027-03-19,15,169,e621f5db3b7edc48e82ddac93541e121ad3ee0605783c45c118f933c8d425f1f
IVOG,IVOG,OCC_ETF_NAME_CBOE_ABSENT,EU,SAME_AS_UNDERLYING,EXACT_CLASS_ROOT_OBSERVED,true,95,95,4,4,4,2026-10-16,2027-04-16,15,197,8759f95ea460c27fe9b8a820bed4c7b2b0869e1ae2d5a63710bf10982d9c5ffe
IVOL,IVOL,CBOE_ETF,EU,SAME_AS_UNDERLYING,EXACT_CLASS_ROOT_OBSERVED,true,84,84,4,4,4,2026-10-16,2027-03-19,15,169,6aa1d7fd589f7bbe75e6575678921946eab7c387d02c5b4a7d81ab419c58d338
IVOO,IVOO,OCC_ETF_NAME_CBOE_ABSENT,EU,SAME_AS_UNDERLYING,EXACT_CLASS_ROOT_OBSERVED,true,90,90,4,4,4,2026-10-16,2027-04-16,15,197,aed47ba0487549890dbd03f0c2f421b355381183613855ed28dc0d2cefad0f62
IVOV,IVOV,OCC_ETF_NAME_CBOE_ABSENT,EU,SAME_AS_UNDERLYING,EXACT_CLASS_ROOT_OBSERVED,true,77,77,4,4,4,2026-10-16,2027-04-16,15,197,bb61efc48c1cf16eb6906045bd047e0f2b46086224e5544aa086f1261a0f2c2f
IVV,IVV,CBOE_ETF,EU,SAME_AS_UNDERLYING,EXACT_CLASS_ROOT_OBSERVED,true,1830,1830,15,15,15,2026-10-02,2028-12-15,1,806,05d1332e9df331171c4d7d6d4a23840c406d5687cac5c1d6dc31f43274e1d7c4
IVVW,IVVW,OCC_ETF_NAME_CBOE_ABSENT,EU,SAME_AS_UNDERLYING,EXACT_CLASS_ROOT_OBSERVED,true,74,74,4,4,4,2026-10-16,2027-04-16,15,197,7d87c4b111e4fdcefbe76e458a29f79ef8f2510b754982a68528fe82eb9c7afc
IVW,IVW,CBOE_ETF,EU,SAME_AS_UNDERLYING,EXACT_CLASS_ROOT_OBSERVED,true,166,166,4,4,4,2026-10-16,2027-04-16,15,197,ab120c13126243cf4a6b2e949d030f48821e6338187180725c2bc488dfac2568
IWB,IWB,CBOE_ETF,EU,SAME_AS_UNDERLYING,EXACT_CLASS_ROOT_OBSERVED,true,253,253,5,5,5,2026-10-16,2027-05-21,15,232,48142d9e0b2314625fa1652f910db07363f90251de5a8252b149083b69c3e837
IWC,IWC,CBOE_ETF,EU,SAME_AS_UNDERLYING,EXACT_CLASS_ROOT_OBSERVED,true,147,147,4,4,4,2026-10-16,2027-03-19,15,169,1d6600fb4e404718e6becf21cb07d4f80fd5b3228f965bcb0c26c3eaf51cec98
IWD,IWD,CBOE_ETF,EU,SAME_AS_UNDERLYING,EXACT_CLASS_ROOT_OBSERVED,true,244,244,6,6,6,2026-10-16,2028-01-21,15,477,3a844acdfea4e946d28fe232bae1289fafaa8f7c67a53f0e5d7bb0d27eadf7b0
IWF,IWF,CBOE_ETF,EU,SAME_AS_UNDERLYING,EXACT_CLASS_ROOT_OBSERVED,true,289,289,5,5,5,2026-10-16,2027-05-21,15,232,4e2bc6f3faa62b4445fab1ea88094fcfa7f1a94427447b521601e459ccefba39
IWL,IWL,OCC_ETF_NAME_CBOE_ABSENT,EU,SAME_AS_UNDERLYING,EXACT_CLASS_ROOT_OBSERVED,true,121,121,4,4,4,2026-10-16,2027-03-19,15,169,a93561aa7bb4bb20a557c4138f2412b7653ebe9e2646bd63e1dffa7454fe67fe
IWM,IWM,CBOE_ETF,EU,SAME_AS_UNDERLYING,EXACT_CLASS_ROOT_OBSERVED,true,2872,2872,34,34,34,2026-10-01,2029-01-19,0,841,34a676ccfc5b9af6b2f83944102416fb152926cc56e6e71b5ae36d2494138d82
IWMI,IWMI,CBOE_ETF,EU,SAME_AS_UNDERLYING,EXACT_CLASS_ROOT_OBSERVED,true,88,88,4,4,4,2026-10-16,2027-05-21,15,232,d9c3ec3c22992093b8e992586d82304a65e6f46ce7bdd50ecbffc03826eef840
IWMW,IWMW,OCC_ETF_NAME_CBOE_ABSENT,EU,SAME_AS_UNDERLYING,EXACT_CLASS_ROOT_OBSERVED,true,44,44,4,4,4,2026-10-16,2027-04-16,15,197,375f33ed156bd8a672289157e61b7cf7e227a6b23b8df76d4263e017a86ee7fe
IWMY,IWMY,CBOE_ETF,EU,SAME_AS_UNDERLYING,EXACT_CLASS_ROOT_OBSERVED,true,76,76,4,4,4,2026-10-16,2027-04-16,15,197,8ffcfb578a73199ca504277d43ba6193dce7996f6240e91edd9849d224b073e4
IWN,IWN,CBOE_ETF,EU,SAME_AS_UNDERLYING,EXACT_CLASS_ROOT_OBSERVED,true,167,167,4,4,4,2026-10-16,2027-05-21,15,232,0ea9d52fc648be41f82ed8d3d272a17dcd159fd0fe5269c8570b59b9fb4a0aeb
IWO,IWO,CBOE_ETF,EU,SAME_AS_UNDERLYING,EXACT_CLASS_ROOT_OBSERVED,true,219,219,4,4,4,2026-10-16,2027-05-21,15,232,ad7f30f000b47f6bf61ebcee13da5af91ee459e3e439f25c840c819640ccd173
IWP,IWP,CBOE_ETF,EU,SAME_AS_UNDERLYING,EXACT_CLASS_ROOT_OBSERVED,true,128,128,4,4,4,2026-10-16,2027-04-16,15,197,57c27093018f07d6cac715093091e8c380570be35c2593d454d4b3b08d6651ee
IWR,IWR,CBOE_ETF,EU,SAME_AS_UNDERLYING,EXACT_CLASS_ROOT_OBSERVED,true,117,117,4,4,4,2026-10-16,2027-05-21,15,232,e0a13876652aa33ca1ebd0bf34cfabaa272ff6c5e2352a517f0d72444705e4b7
IWS,IWS,CBOE_ETF,EU,SAME_AS_UNDERLYING,EXACT_CLASS_ROOT_OBSERVED,true,134,134,4,4,4,2026-10-16,2027-05-21,15,232,9b7e36739ff1cd0b68bd37ad1220cc9a137a99c130a27ff87ee36f9f6ba1cfdc
IWV,IWV,CBOE_ETF,EU,SAME_AS_UNDERLYING,EXACT_CLASS_ROOT_OBSERVED,true,191,191,4,4,4,2026-10-16,2027-05-21,15,232,09d4008cc88ec36074d0d23e6bf935640865106678830a50f4d9c773bd703070
IWX,IWX,CBOE_ETF,EU,SAME_AS_UNDERLYING,EXACT_CLASS_ROOT_OBSERVED,true,89,89,4,4,4,2026-10-16,2027-03-19,15,169,2b7e7ac101c158ddcb42a211bdc085caaa4e27febe3687127790a0fe3bc53f44
IWY,IWY,OCC_ETF_NAME_CBOE_ABSENT,EU,SAME_AS_UNDERLYING,EXACT_CLASS_ROOT_OBSERVED,true,136,136,4,4,4,2026-10-16,2027-05-21,15,232,4fc13667959eeb6fc6a53b8da62beb50e276f8b1f6b113a77ae780305a3bd7f8
IXC,IXC,CBOE_ETF,EU,SAME_AS_UNDERLYING,EXACT_CLASS_ROOT_OBSERVED,true,80,80,4,4,4,2026-10-16,2027-04-16,15,197,bed68fe84eecffd570ea2426268b8573cfd35ec488064551c089c58a1f606f44
IXG,IXG,CBOE_ETF,EU,SAME_AS_UNDERLYING,EXACT_CLASS_ROOT_OBSERVED,true,110,110,4,4,4,2026-10-16,2027-04-16,15,197,153e30e9104750a68dcf939c76c124c39080214ddd947a41394416c4afac778a
IXJ,IXJ,CBOE_ETF,EU,SAME_AS_UNDERLYING,EXACT_CLASS_ROOT_OBSERVED,true,85,85,4,4,4,2026-10-16,2027-03-19,15,169,60cf9c70be4a1576749339d4902b6d9c0fe2b54cecf0e6794b448ae7cc9e9fc0
IXN,IXN,CBOE_ETF,EU,SAME_AS_UNDERLYING,EXACT_CLASS_ROOT_OBSERVED,true,142,142,4,4,4,2026-10-16,2027-03-19,15,169,91d821222594c20eb122c3ce0a3bf3e3b2b64cd3e753251908bcfc38b4c326db
IXP,IXP,CBOE_ETF,EU,SAME_AS_UNDERLYING,EXACT_CLASS_ROOT_OBSERVED,true,103,103,4,4,4,2026-10-16,2027-04-16,15,197,f4879640ab27999ab4f30a85887a91c302968e9786362695e78eadd5f84661a1
IXUS,IXUS,CBOE_ETF,EU,SAME_AS_UNDERLYING,EXACT_CLASS_ROOT_OBSERVED,true,82,82,4,4,4,2026-10-16,2027-05-21,15,232,88eab9823cd545d51151a3333dc71ee5d2c2aceadd30d38e8d65be09b0310a87
IYC,IYC,CBOE_ETF,EU,SAME_AS_UNDERLYING,EXACT_CLASS_ROOT_OBSERVED,true,80,80,4,4,4,2026-10-16,2027-05-21,15,232,5ba18fc599e303e79955dac937cca679bad5c15cd3478def6889e0b3b8bd97aa
IYE,IYE,CBOE_ETF,EU,SAME_AS_UNDERLYING,EXACT_CLASS_ROOT_OBSERVED,true,135,135,4,4,4,2026-10-16,2027-04-16,15,197,f5b23cf8c70dcefe9f4df03740bcfb6cd2038d21723ab7419e9db5d7ea173750
IYF,IYF,CBOE_ETF,EU,SAME_AS_UNDERLYING,EXACT_CLASS_ROOT_OBSERVED,true,135,135,4,4,4,2026-10-16,2027-05-21,15,232,4ff1bebb3b1b6a37ff83b539dec03839d7cf594678cbf6375d07284992401de1
IYG,IYG,OCC_ETF_NAME_CBOE_ABSENT,EU,SAME_AS_UNDERLYING,EXACT_CLASS_ROOT_OBSERVED,true,112,112,4,4,4,2026-10-16,2027-04-16,15,197,6fffab9d337ba6631b3957d5bc61cd1328b262356ae7d9478c99d274ee13fba4
IYH,IYH,CBOE_ETF,EU,SAME_AS_UNDERLYING,EXACT_CLASS_ROOT_OBSERVED,true,85,85,4,4,4,2026-10-16,2027-04-16,15,197,cb7bfc2a083ffd2d4b32d9fef3a3ec53cf6a3d896eeac000e8d7951bfcebe5ff
IYJ,IYJ,CBOE_ETF,EU,SAME_AS_UNDERLYING,EXACT_CLASS_ROOT_OBSERVED,true,147,147,4,4,4,2026-10-16,2027-04-16,15,197,fa2f392d1b7abdc95793c1153754a308e9f54559785c487a42dcdc8d605835e5
IYK,IYK,OCC_ETF_NAME_CBOE_ABSENT,EU,SAME_AS_UNDERLYING,EXACT_CLASS_ROOT_OBSERVED,true,60,60,4,4,4,2026-10-16,2027-05-21,15,232,b69e022c95bacbe60a5726b0ccb9a436f5bc0768d553cef7d43ccb877232a114
IYM,IYM,CBOE_ETF,EU,SAME_AS_UNDERLYING,EXACT_CLASS_ROOT_OBSERVED,true,176,176,4,4,4,2026-10-16,2027-03-19,15,169,9380a636c21eb7dbb1d16b3907d1e2975943dee0beb5d2897d8b108ddae4f838
IYR,IYR,CBOE_ETF,EU,SAME_AS_UNDERLYING,EXACT_CLASS_ROOT_OBSERVED,true,642,642,16,16,16,2026-10-02,2029-01-19,1,841,1123a3f42a9943ecc42285d8ef46f99246b3fbe27078ca1b73e4f73f61c98944
IYRI,IYRI,CBOE_ETF,EU,SAME_AS_UNDERLYING,EXACT_CLASS_ROOT_OBSERVED,true,76,76,4,4,4,2026-10-16,2027-03-19,15,169,a6fb8188e386b07d8f3f0c30345a72ba528102de067c4e87ab5b67f8247b1955
IYT,IYT,CBOE_ETF,EU,SAME_AS_UNDERLYING,EXACT_CLASS_ROOT_OBSERVED,true,119,119,4,4,4,2026-10-16,2027-03-19,15,169,65378613661b4ffb614f8c537ac1d9fdc5ff6d863e8a2e89f9d98e9d177a04e3
IYW,IYW,CBOE_ETF,EU,SAME_AS_UNDERLYING,EXACT_CLASS_ROOT_OBSERVED,true,150,150,4,4,4,2026-10-16,2027-03-19,15,169,d0188fe92c3a19c6ad4121d746fdcc1d23b8201f87c35d77b4db733c7790e3bd
IYY,IYY,OCC_ETF_NAME_CBOE_ABSENT,EU,SAME_AS_UNDERLYING,EXACT_CLASS_ROOT_OBSERVED,true,127,127,4,4,4,2026-10-16,2027-03-19,15,169,6f84dd0cefdf1840952681ab88721d0621c7615266faeab80ae038145be9c555
IYZ,IYZ,CBOE_ETF,EU,SAME_AS_UNDERLYING,EXACT_CLASS_ROOT_OBSERVED,true,89,89,4,4,4,2026-10-16,2027-05-21,15,232,a4a73138f28eafee0573f1e4b6bd878308c551431287eedbc7252a3b54ce01ff
IZRL,IZRL,CBOE_ETF,EU,SAME_AS_UNDERLYING,EXACT_CLASS_ROOT_OBSERVED,true,76,76,4,4,4,2026-10-16,2027-05-21,15,232,0e0789b87f2328dadd27be72692d73dbadf8f6368cfa229757d3fed4cdc36446
JAAA,JAAA,CBOE_ETF,EU,SAME_AS_UNDERLYING,EXACT_CLASS_ROOT_OBSERVED,true,84,84,4,4,4,2026-10-16,2027-04-16,15,197,d552332c64eb2025232a7afac9140badeaaabe1d2e17e85b6d969c55c06c5edf
JAVA,JAVA,CBOE_ETF,EU,SAME_AS_UNDERLYING,EXACT_CLASS_ROOT_OBSERVED,true,105,105,4,4,4,2026-10-16,2027-05-21,15,232,1a5ba328e8f07eaed49751ed078c3fd6be47120eba0f2035a7d9b2b767d47e89
JBBB,JBBB,CBOE_ETF,EU,SAME_AS_UNDERLYING,EXACT_CLASS_ROOT_OBSERVED,true,84,84,4,4,4,2026-10-16,2027-03-19,15,169,3877406a13e66b2ad658a3d1047b7b9086f6de41a65996b86dd9809e9941a459
JCPB,JCPB,OCC_ETF_NAME_CBOE_ABSENT,EU,SAME_AS_UNDERLYING,EXACT_CLASS_ROOT_OBSERVED,true,84,84,4,4,4,2026-10-16,2027-04-16,15,197,b06f9d62d8145e02ff84da94cbae1706bf586eb60ebdeb9d0a792fcfff0a4639
JDST,JDST,CBOE_ETF,EU,SAME_AS_UNDERLYING,EXACT_CLASS_ROOT_OBSERVED,true,132,132,4,4,4,2026-10-16,2027-03-19,15,169,69ade4d187ff0f4aba86d111fa1c87580e55a281cb22f2cfc67eb2cd2d2e6425
JDST,JDST1,CBOE_ETF,EU,NUMERIC_SUFFIX,UNDERLYING_QUERY_WITH_OPTIONS_CLASS_UNRESOLVED,false,0,0,0,0,0,,,,,69ade4d187ff0f4aba86d111fa1c87580e55a281cb22f2cfc67eb2cd2d2e6425
JEDI,JEDI,CBOE_ETF,EU,SAME_AS_UNDERLYING,EXACT_CLASS_ROOT_OBSERVED,true,88,88,4,4,4,2026-10-16,2027-03-19,15,169,3bb0987651ec64f7ba578e43295da6b1bfc6fc56ff166bf6cda6b36d87894516
JEPI,JEPI,CBOE_ETF,EU,SAME_AS_UNDERLYING,EXACT_CLASS_ROOT_OBSERVED,true,163,163,6,6,6,2026-10-16,2029-01-19,15,841,8ab57486fe37089ccc19f5aa53337b12c556f958dbcd4ff216340f012e364fb3
JEPQ,JEPQ,CBOE_ETF,EU,SAME_AS_UNDERLYING,EXACT_CLASS_ROOT_OBSERVED,true,196,196,7,7,7,2026-10-16,2029-01-19,15,841,33e5d49600f6471bff98f4ef1cfad5ea7d32c5a9ef7cf95695283db544c6631c
JETS,JETS,CBOE_ETF,EU,SAME_AS_UNDERLYING,EXACT_CLASS_ROOT_OBSERVED,true,376,376,13,13,13,2026-10-02,2029-01-19,1,841,41e482b95d6efbdc991f7eb1423245bd7f68c07b8c7738e79d485702537eaf8b
JHML,JHML,CBOE_ETF,EU,SAME_AS_UNDERLYING,EXACT_CLASS_ROOT_OBSERVED,true,83,83,4,4,4,2026-10-16,2027-05-21,15,232,082dd109cf574ae1b6147b5930d40b5195e661c0e56170f3a852c99668dc138a
JHMM,JHMM,OCC_ETF_NAME_CBOE_ABSENT,EU,SAME_AS_UNDERLYING,EXACT_CLASS_ROOT_OBSERVED,true,56,56,4,4,4,2026-10-16,2027-05-21,15,232,c1a53d0a49e857803b4a11bafe792736c9d4ff47918abb0e336deafbbc464c23
JIRE,JIRE,CBOE_ETF,EU,SAME_AS_UNDERLYING,EXACT_CLASS_ROOT_OBSERVED,true,81,81,4,4,4,2026-10-16,2027-04-16,15,197,310aabc347a8b91b2cd89f3eb62afb799d81c9c3c8351339a338ce2a272bc0ad
JMBS,JMBS,CBOE_ETF,EU,SAME_AS_UNDERLYING,EXACT_CLASS_ROOT_OBSERVED,true,76,76,4,4,4,2026-10-16,2027-04-16,15,197,1d131040905cd64cd7c6c3d43ae228364657e8c2adf893d3ca8e9ad0f7140cc3
JMST,JMST,CBOE_ETF,EU,SAME_AS_UNDERLYING,EXACT_CLASS_ROOT_OBSERVED,true,76,76,4,4,4,2026-10-16,2027-03-19,15,169,5e4238b69bbd6643258141064aea25ed4913daf544ac79637a151db4e5473ac4
JNK,JNK,CBOE_ETF,EU,SAME_AS_UNDERLYING,EXACT_CLASS_ROOT_OBSERVED,true,100,100,4,4,4,2026-10-16,2027-03-19,15,169,694167ee788f5d83ffaccdad74b881a5ae4e33054af96f319bc7f7c4b7d4e9dc
JNUG,JNUG,CBOE_ETF,EU,SAME_AS_UNDERLYING,EXACT_CLASS_ROOT_OBSERVED,true,530,530,6,6,6,2026-10-16,2027-12-17,15,442,74f2179ed533ed4f1754b3ec33d112cc96f3284636e599bd10221e952f273901
JOBX,JOBX,CBOE_ETF,EU,SAME_AS_UNDERLYING,EXACT_CLASS_ROOT_OBSERVED,true,95,95,4,4,4,2026-10-16,2027-03-19,15,169,a0d65f5cb4447cf86952210db3317f0d83074eb07b30b58d7680f4866cf78552
JOBX,JOBX1,CBOE_ETF,EU,NUMERIC_SUFFIX,UNDERLYING_QUERY_WITH_OPTIONS_CLASS_UNRESOLVED,false,0,0,0,0,0,,,,,a0d65f5cb4447cf86952210db3317f0d83074eb07b30b58d7680f4866cf78552
JOET,JOET,OCC_ETF_NAME_CBOE_ABSENT,EU,SAME_AS_UNDERLYING,EXACT_CLASS_ROOT_OBSERVED,true,84,84,4,4,4,2026-10-16,2027-03-19,15,169,92d5af7fcd75a9cceec56328f3ce5c6f2c0b0e81ecf7c4ce8cd852be662b88ce
JOUL,JOUL,CBOE_ETF,EU,SAME_AS_UNDERLYING,EXACT_CLASS_ROOT_OBSERVED,true,72,72,4,4,4,2026-10-16,2027-03-19,15,169,ec173d4da3ab077aecad7285c832d384c5e517aafddad4cf24eb296fae8bcf71
JPEM,JPEM,CBOE_ETF,EU,SAME_AS_UNDERLYING,EXACT_CLASS_ROOT_OBSERVED,true,76,76,4,4,4,2026-10-16,2027-03-19,15,169,9a9064257c33e8dfd301a3459cf29461c80efccb1fa0213728c53a72c9a7e684
JPIN,JPIN,CBOE_ETF,EU,SAME_AS_UNDERLYING,EXACT_CLASS_ROOT_OBSERVED,true,76,76,4,4,4,2026-10-16,2027-03-19,15,169,19fea2fa224b0a8e100206a5398c1636f769424d6620186973de3d9106a4d2a2
JPO,JPO,OCC_ETF_NAME_CBOE_ABSENT,EU,SAME_AS_UNDERLYING,EXACT_CLASS_ROOT_OBSERVED,true,74,74,4,4,4,2026-10-16,2027-04-16,15,197,93501429228aa5343ac55bdc010d8dcd4fbfdcce0112128f4c035b11c5cb86bd
JPST,JPST,CBOE_ETF,EU,SAME_AS_UNDERLYING,EXACT_CLASS_ROOT_OBSERVED,true,76,76,4,4,4,2026-10-16,2027-04-16,15,197,c7a8f591e1950072e7a83b160983afd6f8b88e9bec3abbfc2fcce5810666868f
JPUS,JPUS,CBOE_ETF,EU,SAME_AS_UNDERLYING,EXACT_CLASS_ROOT_OBSERVED,true,85,85,4,4,4,2026-10-16,2027-03-19,15,169,0b95e5b6b0063da84899e497428200ea00b2436dede8dd22a48ca2fd697f20f1
JQUA,JQUA,CBOE_ETF,EU,SAME_AS_UNDERLYING,EXACT_CLASS_ROOT_OBSERVED,true,82,82,4,4,4,2026-10-16,2027-05-21,15,232,a6c98f042039987187a24291f1da7fb7060827564665b5d4b18fa20bfbb29d3e
JSMD,JSMD,OCC_ETF_NAME_CBOE_ABSENT,EU,SAME_AS_UNDERLYING,EXACT_CLASS_ROOT_OBSERVED,true,111,111,4,4,4,2026-10-16,2027-04-16,15,197,5e87c0121be25903b124d04baefb22dd74ef40e068d7d00f0f9f44041f2ad7a2
JSML,JSML,OCC_ETF_NAME_CBOE_ABSENT,EU,SAME_AS_UNDERLYING,EXACT_CLASS_ROOT_OBSERVED,true,65,65,4,4,4,2026-10-16,2027-03-19,15,169,d29365c1584a26977adca6364f8e377aa5ce578dab5738d42f59e4da4b277bb1
JSTC,JSTC,OCC_ETF_NAME_CBOE_ABSENT,EU,SAME_AS_UNDERLYING,EXACT_CLASS_ROOT_OBSERVED,true,44,44,4,4,4,2026-10-16,2027-04-16,15,197,1725ecbac841171e50b3cc8d7c4480fe106396fbab8a194991fe0f3b3d33c441
JUCY,JUCY,OCC_ETF_NAME_CBOE_ABSENT,EU,SAME_AS_UNDERLYING,EXACT_CLASS_ROOT_OBSERVED,true,44,44,4,4,4,2026-10-16,2027-03-19,15,169,906ca26be4d6820d2756d6232e5754e40c5358c18ea545dd870388a986913396
JUST,JUST,CBOE_ETF,EU,SAME_AS_UNDERLYING,EXACT_CLASS_ROOT_OBSERVED,true,83,83,4,4,4,2026-10-16,2027-03-19,15,169,5bf82b4eaf592f7b796f95e14367b0073f3ba4233abb266d6a0b1fd154eecd68
JVAL,JVAL,CBOE_ETF,EU,SAME_AS_UNDERLYING,EXACT_CLASS_ROOT_OBSERVED,true,80,80,4,4,4,2026-10-16,2027-05-21,15,232,b8887692440f4bf390c53c065dcf7aa0895686912a648f3e52548163724390b7
JXI,JXI,OCC_ETF_NAME_CBOE_ABSENT,EU,SAME_AS_UNDERLYING,EXACT_CLASS_ROOT_OBSERVED,true,100,100,4,4,4,2026-10-16,2027-04-16,15,197,2b71a525f5325524f972e7f8cd7f57a7a21b455f5f26c6104a46bb52c9954317
JXX,JXX,CBOE_ETF,EU,SAME_AS_UNDERLYING,EXACT_CLASS_ROOT_OBSERVED,true,78,78,4,4,4,2026-10-16,2027-05-21,15,232,0ca64871f39a28adca603730b010fff0e441fa3b895aebab4d02401707c2e76c
KARS,KARS,CBOE_ETF,EU,SAME_AS_UNDERLYING,EXACT_CLASS_ROOT_OBSERVED,true,99,99,5,5,5,2026-10-16,2027-12-17,15,442,5ae3477341d09d1f9b9f1ece43f3a28faf853c004a766b1d4a33d7d3e8173b53
KBA,KBA,CBOE_ETF,EU,SAME_AS_UNDERLYING,EXACT_CLASS_ROOT_OBSERVED,true,76,76,4,4,4,2026-10-16,2027-03-19,15,169,c0598ed09744595b991c241dff7747f25280b15ebb3cabb584718ef2f27d6912
KBE,KBE,CBOE_ETF,EU,SAME_AS_UNDERLYING,EXACT_CLASS_ROOT_OBSERVED,true,200,200,7,7,7,2026-10-16,2028-01-21,15,477,262ed5cef2ad1023ab304256e0c3961c9a1955f5dc80fe46c165f556ab8edd75
KBWB,KBWB,CBOE_ETF,EU,SAME_AS_UNDERLYING,EXACT_CLASS_ROOT_OBSERVED,true,251,251,7,7,7,2026-10-16,2029-01-19,15,841,db7a75f61f07c8ca6dc1e6ed4ce5cdd04c380b7f05d5cf0bdecd960a23a340ad
KBWD,KBWD,CBOE_ETF,EU,SAME_AS_UNDERLYING,EXACT_CLASS_ROOT_OBSERVED,true,76,76,4,4,4,2026-10-16,2027-05-21,15,232,4fafdc67e7b5515ae11f03e1c724369bc1ce26ee11c69fffa65bd6243f47f2f2
KBWP,KBWP,CBOE_ETF,EU,SAME_AS_UNDERLYING,EXACT_CLASS_ROOT_OBSERVED,true,135,135,4,4,4,2026-10-16,2027-04-16,15,197,352357f1d582a30bfe9afb2ebd1865ef19c3b810986e1f0e8a411b9efe2d0b0d
KBWY,KBWY,CBOE_ETF,EU,SAME_AS_UNDERLYING,EXACT_CLASS_ROOT_OBSERVED,true,76,76,4,4,4,2026-10-16,2027-05-21,15,232,8e79de019964699840a661cb4a0cc79335dd505839127d2eb246cca0b1339a5b
KCCA,KCCA,CBOE_ETF,EU,SAME_AS_UNDERLYING,EXACT_CLASS_ROOT_OBSERVED,true,84,84,4,4,4,2026-10-16,2027-04-16,15,197,c5c8a4cb7cf484a6b1584f52828e8583dc525795e051361467037bc69a2db0fa
KCE,KCE,CBOE_ETF,EU,SAME_AS_UNDERLYING,EXACT_CLASS_ROOT_OBSERVED,true,142,142,4,4,4,2026-10-16,2027-03-19,15,169,14119cb0c2a53c1a3c43677f76b222dfd640914b742cea74905be3c65437c7f9
KCOP,KCOP,CBOE_ETF,EU,SAME_AS_UNDERLYING,EXACT_CLASS_ROOT_OBSERVED,true,76,76,4,4,4,2026-10-16,2027-03-19,15,169,74ba28133296b640fa1cf7c144f82c3cf1a3fce2e282eacd66f39cf7b8585ccc
KDEF,KDEF,CBOE_ETF,EU,SAME_AS_UNDERLYING,EXACT_CLASS_ROOT_OBSERVED,true,102,102,4,4,4,2026-10-16,2027-05-21,15,232,2a2a33c90b3933b5bd900134dcab2e76252ecf1204036dcae5561263451b5c00
KEMQ,KEMQ,OCC_ETF_NAME_CBOE_ABSENT,EU,SAME_AS_UNDERLYING,EXACT_CLASS_ROOT_OBSERVED,true,74,74,4,4,4,2026-10-16,2027-04-16,15,197,0b782d3fe93a5a016391752d902192b27711c0731bd62d8a90e60e4224d34868
KGRN,KGRN,CBOE_ETF,EU,SAME_AS_UNDERLYING,EXACT_CLASS_ROOT_OBSERVED,true,85,85,4,4,4,2026-10-16,2027-05-21,15,232,07766b5cd3f12e6386b2f9e981add21dfd57e881f5173f4f09f6027821bd7793
KHYB,KHYB,CBOE_ETF,EU,SAME_AS_UNDERLYING,EXACT_CLASS_ROOT_OBSERVED,true,76,76,4,4,4,2026-10-16,2027-05-21,15,232,a5b3c6213a8908edcea964c83c99993449b84610a58eeab689e2879b0622c461
KIE,KIE,CBOE_ETF,EU,SAME_AS_UNDERLYING,EXACT_CLASS_ROOT_OBSERVED,true,242,242,9,9,9,2026-10-16,2029-01-19,15,841,342e30c0f19abe39ff4081e286dfb534eea88a74c0a3abca9a6a09846e5557df
KJD,KJD,CBOE_ETF,EU,SAME_AS_UNDERLYING,EXACT_CLASS_ROOT_OBSERVED,true,79,79,4,4,4,2026-10-16,2027-03-19,15,169,47a9177f5895453d1f6611e180c6d0c69b8bd9d8cdbb1bf187c95b8bb12ebbe7
KLAG,KLAG,OCC_ETF_NAME_CBOE_ABSENT,EU,SAME_AS_UNDERLYING,EXACT_CLASS_ROOT_OBSERVED,true,111,111,4,4,4,2026-10-16,2027-05-21,15,232,35f0005bdb648ccbdeaf35b9cb843fefbc81e446915811c0eb4fdc1f67fe770a
KLIP,KLIP,OCC_ETF_NAME_CBOE_ABSENT,EU,SAME_AS_UNDERLYING,EXACT_CLASS_ROOT_OBSERVED,true,49,49,4,4,4,2026-10-16,2027-05-21,15,232,2dc3b4ac1d93c017d49e582572adcae65ab2ebcce336bb55b16ef14625017009
KMEM,KMEM,OCC_ETF_NAME_CBOE_ABSENT,EU,SAME_AS_UNDERLYING,EXACT_CLASS_ROOT_OBSERVED,true,54,54,4,4,4,2026-10-16,2027-03-19,15,169,3d34b14f0ae57ed48c1421e2c3e8ab2cfde819693b2553a1e647f8c530c24274
KNCT,KNCT,OCC_ETF_NAME_CBOE_ABSENT,EU,SAME_AS_UNDERLYING,EXACT_CLASS_ROOT_OBSERVED,true,204,204,4,4,4,2026-10-16,2027-04-16,15,197,56ff038332c14538500ba9a57700fbc2b53a0c19c3848e6d5952d9513342f07d
KNGZ,KNGZ,CBOE_ETF,EU,SAME_AS_UNDERLYING,EXACT_CLASS_ROOT_OBSERVED,true,84,84,4,4,4,2026-10-16,2027-03-19,15,169,fef95ef7c7c0458e310aab7dd3b697d5dfeb6d12b7023b451dbbada7dc91f3fa
KOLD,KOLD,CBOE_ETF,EU,SAME_AS_UNDERLYING,EXACT_CLASS_ROOT_OBSERVED,true,544,544,14,14,14,2026-10-02,2029-01-19,1,841,a8e5e6211a6d1e75f92dac17808ac32915cd0fd571ea99bfc833050460f04ed7
KOMP,KOMP,CBOE_ETF,EU,SAME_AS_UNDERLYING,EXACT_CLASS_ROOT_OBSERVED,true,85,85,4,4,4,2026-10-16,2027-05-21,15,232,d6e2137ddb47686b6d5b8aac3d27abb1b4437c6592ff1a33e5df02971651ee05
KORU,KORU,CBOE_ETF,EU,SAME_AS_UNDERLYING,EXACT_CLASS_ROOT_OBSERVED,true,1154,1154,15,15,15,2026-10-02,2029-01-19,1,841,257301dc9cf2bf1e14982738cca6137230b47040325c816a601aa0be1d4d2721
KPDD,KPDD,CBOE_ETF,EU,SAME_AS_UNDERLYING,EXACT_CLASS_ROOT_OBSERVED,true,57,57,4,4,4,2026-10-16,2027-04-16,15,197,462fee8b7e26a901518e897094005c837d297c221a797444434e064cb3d88d72
KRBN,KRBN,CBOE_ETF,EU,SAME_AS_UNDERLYING,EXACT_CLASS_ROOT_OBSERVED,true,91,91,4,4,4,2026-10-16,2027-04-16,15,197,dc1a53342acd7b88f8ff3bb660be5313b598333043ce5402eb8ad1316daa5645
KRE,KRE,CBOE_ETF,EU,SAME_AS_UNDERLYING,EXACT_CLASS_ROOT_OBSERVED,true,845,845,21,21,21,2026-10-02,2029-01-19,1,841,3e5732003f12f3e1c991ed848a7a8efff32802e06df490f15b4998fa6351ca64
KROP,KROP,CBOE_ETF,EU,SAME_AS_UNDERLYING,EXACT_CLASS_ROOT_OBSERVED,true,76,76,4,4,4,2026-10-16,2027-05-21,15,232,9e65c94b76bf875d8e37676b9ab16ee7d17ebb7a8e8c394f15e3e35d95b2d461
KSA,KSA,OCC_ETF_NAME_CBOE_ABSENT,EU,SAME_AS_UNDERLYING,EXACT_CLASS_ROOT_OBSERVED,true,44,44,4,4,4,2026-10-16,2027-03-19,15,169,63ea43c401d9f883700567839dc7070e78eb9373aad6931286627153d0296b2d
KSPY,KSPY,CBOE_ETF,EU,SAME_AS_UNDERLYING,EXACT_CLASS_ROOT_OBSERVED,true,76,76,4,4,4,2026-10-16,2027-05-21,15,232,4ea90614af4df6b5edce93e4db376fb267ce9bb3c07e3361fe02feb1365bddc3
KSTR,KSTR,CBOE_ETF,EU,SAME_AS_UNDERLYING,EXACT_CLASS_ROOT_OBSERVED,true,119,119,5,5,5,2026-10-16,2027-03-19,15,169,a2531db7b36d0af3d6a367459ef46c7201bbf60ee65e3634202ec27be9b4f8c3
KTEC,KTEC,CBOE_ETF,EU,SAME_AS_UNDERLYING,EXACT_CLASS_ROOT_OBSERVED,true,76,76,4,4,4,2026-10-16,2027-05-21,15,232,192c82851b844c97a88e7c1307e4c80df1ae16b71b4fdc71705d0182a025583d
KTUP,KTUP,CBOE_ETF,EU,SAME_AS_UNDERLYING,EXACT_CLASS_ROOT_OBSERVED,true,68,68,4,4,4,2026-10-16,2027-03-19,15,169,b78d35a54ef894227b025c677cb276f5eb6582551e5288b85b9310fe9e4064e1
KURE,KURE,OCC_ETF_NAME_CBOE_ABSENT,EU,SAME_AS_UNDERLYING,EXACT_CLASS_ROOT_OBSERVED,true,84,84,4,4,4,2026-10-16,2027-03-19,15,169,04d57d81b040a3edc3d70da69cea9280dcd791e1a39faa749d520aab705795e7
KWEB,KWEB,CBOE_ETF,EU,SAME_AS_UNDERLYING,EXACT_CLASS_ROOT_OBSERVED,true,471,471,15,15,15,2026-10-02,2029-01-19,1,841,e6d0719afd18afd456810bfacd88272b0cda0140ee2dc92c2389164880caec5c
KYC,KYC,CBOE_ETF,EU,SAME_AS_UNDERLYING,EXACT_CLASS_ROOT_OBSERVED,true,73,73,4,4,4,2026-10-16,2027-03-19,15,169,9e4106803b89877e7988fe68e550e23d3aeee1cfc85135bc44fc8a1c882868b8
LABD,LABD,CBOE_ETF,EU,SAME_AS_UNDERLYING,EXACT_CLASS_ROOT_OBSERVED,true,338,338,13,13,13,2026-10-02,2029-01-19,1,841,d71774ccb4a96ccc5192b949b20718c24f435745c318c57faac185bacc36746a
LABD,LABD1,CBOE_ETF,EU,NUMERIC_SUFFIX,EXACT_CLASS_ROOT_OBSERVED,true,38,38,2,2,2,2027-01-15,2028-01-21,106,477,d71774ccb4a96ccc5192b949b20718c24f435745c318c57faac185bacc36746a
LABU,LABU,CBOE_ETF,EU,SAME_AS_UNDERLYING,EXACT_CLASS_ROOT_OBSERVED,true,1070,1070,13,13,13,2026-10-02,2029-01-19,1,841,52b5b76c5cf7998de8fd53cceb416ce31de3529cdbe6212e0bd2092756567c67
LABX,LABX,CBOE_ETF,EU,SAME_AS_UNDERLYING,EXACT_CLASS_ROOT_OBSERVED,true,211,211,4,4,4,2026-10-16,2027-03-19,15,169,8d73fbd3c9ec7b0d9c2007706471af0108d183689f84508ab30659aed2ad7e8f
LABX,LABX1,CBOE_ETF,EU,NUMERIC_SUFFIX,UNDERLYING_QUERY_WITH_OPTIONS_CLASS_UNRESOLVED,false,0,0,0,0,0,,,,,8d73fbd3c9ec7b0d9c2007706471af0108d183689f84508ab30659aed2ad7e8f
LATR,LATR,CBOE_ETF,EU,SAME_AS_UNDERLYING,EXACT_CLASS_ROOT_OBSERVED,true,72,72,4,4,4,2026-10-16,2027-03-19,15,169,8f35001923b492ca1895e40e6d428fa21ec43bbac0ae54a09b1ab363e60d0f8a
LAZR,LAZR,OCC_ETF_NAME_CBOE_ABSENT,EU,SAME_AS_UNDERLYING,EXACT_CLASS_ROOT_OBSERVED,true,94,94,4,4,4,2026-10-16,2027-05-21,15,232,5c5e31b8a43402e00e70dbb510989b9262f4f82cf683bb5f0c378633233fc872
LCTD,LCTD,CBOE_ETF,EU,SAME_AS_UNDERLYING,EXACT_CLASS_ROOT_OBSERVED,true,76,76,4,4,4,2026-10-16,2027-05-21,15,232,ed252611c969bb92ba8d0c0de78a224df882916e29fbe5faa24d126e0877afc9
LCTU,LCTU,OCC_ETF_NAME_CBOE_ABSENT,EU,SAME_AS_UNDERLYING,EXACT_CLASS_ROOT_OBSERVED,true,60,60,4,4,4,2026-10-16,2027-05-21,15,232,d127d201d658623fec7d2cb4fad972c52b845bc17338e6e2c1b3bb8ae0d5407c
LDEM,LDEM,OCC_ETF_NAME_CBOE_ABSENT,EU,SAME_AS_UNDERLYING,EXACT_CLASS_ROOT_OBSERVED,true,31,31,4,4,4,2026-10-16,2027-04-16,15,197,7d8a7b7f5f62af6b8e7e02a5a2afaa260183a76605feec4ffb72c523be85442e
LEMB,LEMB,CBOE_ETF,EU,SAME_AS_UNDERLYING,EXACT_CLASS_ROOT_OBSERVED,true,76,76,4,4,4,2026-10-16,2027-03-19,15,169,716c78834cd497f09f660930a812e61d6c1028fb7474db1e390bf799fde528bb
LEUX,LEUX,CBOE_ETF,EU,SAME_AS_UNDERLYING,EXACT_CLASS_ROOT_OBSERVED,true,84,84,4,4,4,2026-10-16,2027-03-19,15,169,87c6d3a656a1f1d5e14eecb3fdfe286772d34c79b1396eef5c46871c5242a55b
LFGY,LFGY,CBOE_ETF,EU,SAME_AS_UNDERLYING,EXACT_CLASS_ROOT_OBSERVED,true,85,85,4,4,4,2026-10-16,2027-05-21,15,232,0dec67bbc5bf4edb43e7630a6f1693049f921ec6fba0f6aadb444ef397cdda29
LGLV,LGLV,OCC_ETF_NAME_CBOE_ABSENT,EU,SAME_AS_UNDERLYING,EXACT_CLASS_ROOT_OBSERVED,true,114,114,4,4,4,2026-10-16,2027-03-19,15,169,b2fbd4c0675050c623c294ef5765421545fb0e9aef02438a0ad7624c23a6e74d
LIMI,LIMI,OCC_ETF_NAME_CBOE_ABSENT,EU,SAME_AS_UNDERLYING,EXACT_CLASS_ROOT_OBSERVED,true,9,9,2,2,1,2027-01-15,2027-04-16,106,197,7f052139f15f3a1881ccb7525a9a182f6e24d8dfbdd57a76e0f21bfcf1be5483
LIT,LIT,CBOE_ETF,EU,SAME_AS_UNDERLYING,EXACT_CLASS_ROOT_OBSERVED,true,174,174,4,4,4,2026-10-16,2027-04-16,15,197,5a16f9440b5ba4d9682cc146df916befd7c7dc754f06a0d014559db2ea70b9b4
LITX,LITX,CBOE_ETF,EU,SAME_AS_UNDERLYING,EXACT_CLASS_ROOT_OBSERVED,true,229,229,5,5,5,2026-10-16,2029-01-19,15,841,687c414865bd24f894e1b1d2b92d4cd8f500974c48061624958516bd4bcad3c3
LITZ,LITZ,CBOE_ETF,EU,SAME_AS_UNDERLYING,EXACT_CLASS_ROOT_OBSERVED,true,64,64,4,4,4,2026-10-16,2027-03-19,15,169,5eba30a72c908a515c8a6e6fa02c4d1a7c413f01f44510240ca5544fe486982d
LITZ,LITZ1,CBOE_ETF,EU,NUMERIC_SUFFIX,EXACT_CLASS_ROOT_OBSERVED,true,96,96,4,4,4,2026-10-16,2027-03-19,15,169,5eba30a72c908a515c8a6e6fa02c4d1a7c413f01f44510240ca5544fe486982d
LLYX,LLYX,CBOE_ETF,EU,SAME_AS_UNDERLYING,EXACT_CLASS_ROOT_OBSERVED,true,99,99,4,4,4,2026-10-16,2027-03-19,15,169,52b945646b6b851040ee4a8786af43d65bf0b086d795bc2fe080c75b4df60900
LMBS,LMBS,CBOE_ETF,EU,SAME_AS_UNDERLYING,EXACT_CLASS_ROOT_OBSERVED,true,76,76,4,4,4,2026-10-16,2027-05-21,15,232,b3e0a48b31de32d0c743d96f2942534306b85c207afdc0b262827c07a04795bb
LNGX,LNGX,OCC_ETF_NAME_CBOE_ABSENT,EU,SAME_AS_UNDERLYING,EXACT_CLASS_ROOT_OBSERVED,true,84,84,4,4,4,2026-10-16,2027-03-19,15,169,56ca0b8474823ebf8502ef6aa31264dd49c3add7cafdefdd748a555ea8bb74ef
LOFF,LOFF,CBOE_ETF,EU,SAME_AS_UNDERLYING,EXACT_CLASS_ROOT_OBSERVED,true,173,173,4,4,4,2026-10-16,2027-04-16,15,197,fc017dd50b562b1cccdbebe2a69018d5e98b2ad093d23b725bcf0657a723b970
LOHA,LOHA,CBOE_ETF,EU,SAME_AS_UNDERLYING,EXACT_CLASS_ROOT_OBSERVED,true,72,72,4,4,4,2026-10-16,2027-03-19,15,169,f6018446e6b9664eea13432b09be3fa9b54ae2cef6062ee891f7dc3555587cd1
LOUP,LOUP,CBOE_ETF,EU,SAME_AS_UNDERLYING,EXACT_CLASS_ROOT_OBSERVED,true,109,109,4,4,4,2026-10-16,2027-05-21,15,232,bf6adf3bda9da2dd489a33d959cbe506ada691ff20c6d3be8bdf31fd15ed3b5b
LQD,LQD,CBOE_ETF,EU,SAME_AS_UNDERLYING,EXACT_CLASS_ROOT_OBSERVED,true,914,914,20,20,20,2026-10-02,2029-01-19,1,841,e357d5e1718ddbf6ec4028ada029bd73d7b0e16f70100400699c3b187d435e8d
LQDH,LQDH,CBOE_ETF,EU,SAME_AS_UNDERLYING,EXACT_CLASS_ROOT_OBSERVED,true,76,76,4,4,4,2026-10-16,2027-03-19,15,169,87650a78bc0a9945d706b3e747cb728b650f459141648fa5286aa58d53ba8f8d
LQDI,LQDI,OCC_ETF_NAME_CBOE_ABSENT,EU,SAME_AS_UNDERLYING,EXACT_CLASS_ROOT_OBSERVED,true,74,74,4,4,4,2026-10-16,2027-04-16,15,197,eac8ac1a4e1734d40952103cfbe8e7af632e099a795e92bd89899fcfc6a38870
LRCU,LRCU,CBOE_ETF,EU,SAME_AS_UNDERLYING,EXACT_CLASS_ROOT_OBSERVED,true,131,131,4,4,4,2026-10-16,2027-03-19,15,169,251d386fcc54e19a6271a04a848f9492252ddcb16a3fe2b471f9ff8e7ba83a79
LRGF,LRGF,CBOE_ETF,EU,SAME_AS_UNDERLYING,EXACT_CLASS_ROOT_OBSERVED,true,79,79,4,4,4,2026-10-16,2027-03-19,15,169,12261ee7b76ad54edcbdb4b9d31e8670e995d2675504405bdbbaa67698ea7dcf
LRNZ,LRNZ,OCC_ETF_NAME_CBOE_ABSENT,EU,SAME_AS_UNDERLYING,EXACT_CLASS_ROOT_OBSERVED,true,121,121,4,4,4,2026-10-16,2027-05-21,15,232,b69b5f442569bf8b1f28f81a91bea82503c7c78720fc901f9a4890bf91780e3d
LTCC,LTCC,CBOE_ETF,EU,SAME_AS_UNDERLYING,EXACT_CLASS_ROOT_OBSERVED,true,95,95,4,4,4,2026-10-16,2027-03-19,15,169,95e93fc52f4b5ddb1390e2a64d48a7faaf94fbafee7fc598f83b9f4fbe0c1010
LTL,LTL,CBOE_ETF,EU,SAME_AS_UNDERLYING,EXACT_CLASS_ROOT_OBSERVED,true,87,87,4,4,4,2026-10-16,2027-05-21,15,232,8bbb4c4668f2a7f1e492ab516b5839c026b4308643c81bb3d568f918d032a507
LTPZ,LTPZ,CBOE_ETF,EU,SAME_AS_UNDERLYING,EXACT_CLASS_ROOT_OBSERVED,true,84,84,4,4,4,2026-10-16,2027-03-19,15,169,bfbfafb6ab30f4c9ea8f998eb51cf9d095a175dec6e1261769750ea82eb51466
LULG,LULG,CBOE_ETF,EU,SAME_AS_UNDERLYING,EXACT_CLASS_ROOT_OBSERVED,true,57,57,4,4,4,2026-10-16,2027-03-19,15,169,f72a809cd4de166019c711aa83e54bd175863a112ab5752706389d85b86b571b
LVHD,LVHD,OCC_ETF_NAME_CBOE_ABSENT,EU,SAME_AS_UNDERLYING,EXACT_CLASS_ROOT_OBSERVED,true,44,44,4,4,4,2026-10-16,2027-04-16,15,197,01c5a3fea456698c679f1833b99f561bab6404ad1dc34ec87b815b94b620097c
LYTE,LYTE,CBOE_ETF,EU,SAME_AS_UNDERLYING,EXACT_CLASS_ROOT_OBSERVED,true,86,86,4,4,4,2026-10-16,2027-03-19,15,169,2e68b33d264e1bc78de77756cbab2345da22319273f20d99078fd2c2f377ec83
MAGA,MAGA,CBOE_ETF,EU,SAME_AS_UNDERLYING,EXACT_CLASS_ROOT_OBSERVED,true,76,76,4,4,4,2026-10-16,2027-04-16,15,197,504bf7d47c4f96e0d33295c735faf9d705bb33e5d90ecde866ebd4b01892a9dc
MAGC,MAGC,CBOE_ETF,EU,SAME_AS_UNDERLYING,EXACT_CLASS_ROOT_OBSERVED,true,76,76,4,4,4,2026-10-16,2027-03-19,15,169,497ac3f005697b92f2499ac528a7da12f52210e6f6e83e22c5971caf1a492e1d
MAGS,MAGS,CBOE_ETF,EU,SAME_AS_UNDERLYING,EXACT_CLASS_ROOT_OBSERVED,true,491,491,14,14,14,2026-10-02,2029-01-19,1,841,370642ade74e7562f9490f277f9d1c99768f70bc7578c0d96e3c6232d9879a3e
MAGX,MAGX,OCC_ETF_NAME_CBOE_ABSENT,EU,SAME_AS_UNDERLYING,EXACT_CLASS_ROOT_OBSERVED,true,109,109,4,4,4,2026-10-16,2027-03-19,15,169,2d20dce277857400f090fdf18da12bafe57adb4884e0232244eafb4e3a7a7556
MAGY,MAGY,CBOE_ETF,EU,SAME_AS_UNDERLYING,EXACT_CLASS_ROOT_OBSERVED,true,76,76,4,4,4,2026-10-16,2027-03-19,15,169,d1f50fc6fbbbc1b411d1da4aecd7fb613b0c323399731a970865a55dd3dc7083
MAKX,MAKX,OCC_ETF_NAME_CBOE_ABSENT,EU,SAME_AS_UNDERLYING,EXACT_CLASS_ROOT_OBSERVED,true,129,129,4,4,4,2026-10-16,2027-05-21,15,232,84ad542550ff8dc667a85dfaa4b90260c4406729a4bbc3459a826bc117593c03
MARO,MARO,CBOE_ETF,EU,SAME_AS_UNDERLYING,EXACT_CLASS_ROOT_OBSERVED,true,38,38,4,4,4,2026-10-16,2027-03-19,15,169,6829c7a4b206418b722f4138f2ed7a0e31ba7d9373a825ed2946b222bb1fa91b
MARS,MARS,CBOE_ETF,EU,SAME_AS_UNDERLYING,EXACT_CLASS_ROOT_OBSERVED,true,84,84,4,4,4,2026-10-16,2027-03-19,15,169,b9fbe6520c01a529545d595c84df4de5bad8c29f4e456033b2168a72ab985ade
MAXI,MAXI,CBOE_ETF,EU,SAME_AS_UNDERLYING,EXACT_CLASS_ROOT_OBSERVED,true,78,78,4,4,4,2026-10-16,2027-03-19,15,169,f4a291ed6aae3f807fa30c8696b4a89efdd91d901f925eadee05ec4aa406cb38
MBB,MBB,CBOE_ETF,EU,SAME_AS_UNDERLYING,EXACT_CLASS_ROOT_OBSERVED,true,138,138,5,5,5,2026-10-16,2027-09-17,15,351,415bda0d58b43be531577b008a8a71535f35c163cc09199886bc1e76d70e93bf
MCH,MCH,OCC_ETF_NAME_CBOE_ABSENT,EU,SAME_AS_UNDERLYING,EXACT_CLASS_ROOT_OBSERVED,true,84,84,4,4,4,2026-10-16,2027-03-19,15,169,e60749da45257e11aae0f29dbcc03f856b2ddcfedb1c097dc53781b4103ef16c
MCHI,MCHI,CBOE_ETF,EU,SAME_AS_UNDERLYING,EXACT_CLASS_ROOT_OBSERVED,true,159,159,5,5,5,2026-10-16,2027-05-21,15,232,467c7dc75aa805450f595a552a10fb33cb73dad5054adc17275e137bdf3633b4
MCHS,MCHS,OCC_ETF_NAME_CBOE_ABSENT,EU,SAME_AS_UNDERLYING,EXACT_CLASS_ROOT_OBSERVED,true,68,68,4,4,4,2026-10-16,2027-04-16,15,197,0b231712fb46064645e171ecfa3ff44f99772cd927935b0d3a5c43a650ccad65
MCHU,MCHU,CBOE_ETF,EU,SAME_AS_UNDERLYING,EXACT_CLASS_ROOT_OBSERVED,true,88,88,4,4,4,2026-10-16,2027-03-19,15,169,373ee0a8bb32dc2262ef5998a93a464ad2fdaa0c327ab8d8bf03bac68462d1d1
MDEV,MDEV,OCC_ETF_NAME_CBOE_ABSENT,EU,SAME_AS_UNDERLYING,EXACT_CLASS_ROOT_OBSERVED,true,44,44,4,4,4,2026-10-16,2027-04-16,15,197,1aac30e9f6c2d5cd652b29e2def41493b69a5c081d67eb2e6ef585f7e7d7db52
MDST,MDST,OCC_ETF_NAME_CBOE_ABSENT,EU,SAME_AS_UNDERLYING,EXACT_CLASS_ROOT_OBSERVED,true,74,74,4,4,4,2026-10-16,2027-05-21,15,232,67aa8a786b4aad1ed2f1626b17fabfa4929ab1cc3a4ca9189202f609b5a24eef
MDY,MDY,CBOE_ETF,EU,SAME_AS_UNDERLYING,EXACT_CLASS_ROOT_OBSERVED,true,679,679,7,7,7,2026-10-16,2027-12-17,15,442,997c366e2be93e52f3418573a5e5dd9be7739acb9047be4fa0d29c094131a604
MDYG,MDYG,CBOE_ETF,EU,SAME_AS_UNDERLYING,EXACT_CLASS_ROOT_OBSERVED,true,83,83,4,4,4,2026-10-16,2027-03-19,15,169,14fdba4041a5bc12b845e7431bd464389e496b749e5a37322c6bb61d21da50e4
MDYV,MDYV,CBOE_ETF,EU,SAME_AS_UNDERLYING,EXACT_CLASS_ROOT_OBSERVED,true,85,85,4,4,4,2026-10-16,2027-05-21,15,232,cf537b685c48a8495a182fe03c7d6445185af846bed1b171ae307481730380d3
MEME,MEME,CBOE_ETF,EU,SAME_AS_UNDERLYING,EXACT_CLASS_ROOT_OBSERVED,true,72,72,4,4,4,2026-10-16,2027-03-19,15,169,b26de866cbf188d0c88c3d9c8407119e96cf1a49b5d4b7fb7720316bf6268392
MEMX,MEMX,OCC_ETF_NAME_CBOE_ABSENT,EU,SAME_AS_UNDERLYING,EXACT_CLASS_ROOT_OBSERVED,true,52,52,4,4,4,2026-10-16,2027-03-19,15,169,1bb857354143a3981f61845cc41eaac21d2c6b0ec2e01e775cc51f72575ebc94
METQ,METQ,CBOE_ETF,EU,SAME_AS_UNDERLYING,EXACT_CLASS_ROOT_OBSERVED,true,116,116,4,4,4,2026-10-16,2027-03-19,15,169,e8c448478f607da827f05fd5ea7c412dc969a91be765860722ffc78014351e19
METU,METU,CBOE_ETF,EU,SAME_AS_UNDERLYING,EXACT_CLASS_ROOT_OBSERVED,true,546,546,13,13,13,2026-10-02,2029-01-19,1,841,dae0341138f9b36c311ec91754b50dfceff31f4b0b32292ef04b79205a89d1f3
METV,METV,CBOE_ETF,EU,SAME_AS_UNDERLYING,EXACT_CLASS_ROOT_OBSERVED,true,84,84,4,4,4,2026-10-16,2027-05-21,15,232,1df1c74a19549ffe298281d827350bd1a411815b41e82a72c30043ec410680e3
METW,METW,CBOE_ETF,EU,SAME_AS_UNDERLYING,EXACT_CLASS_ROOT_OBSERVED,true,87,87,4,4,4,2026-10-16,2027-03-19,15,169,980e5b35073f3c9232559d030c2607e8052e93602bf84bd1a7345ee1067f8d95
MEXX,MEXX,CBOE_ETF,EU,SAME_AS_UNDERLYING,EXACT_CLASS_ROOT_OBSERVED,true,91,91,4,4,4,2026-10-16,2027-05-21,15,232,ef52fb7d4c7302282673f7b51e18712820e0181a8216c101d8177083d33aac28
MGC,MGC,CBOE_ETF,EU,SAME_AS_UNDERLYING,EXACT_CLASS_ROOT_OBSERVED,true,125,125,4,4,4,2026-10-16,2027-04-16,15,197,c73e9d9e386892deceebc0477afceaa33e6e7f91cfcf7dd576c2c447cceedafa
MGK,MGK,CBOE_ETF,EU,SAME_AS_UNDERLYING,EXACT_CLASS_ROOT_OBSERVED,true,143,143,4,4,4,2026-10-16,2027-04-16,15,197,00d2ca3527717488b7d1cbd8e972ac0bf5b2281380dd11a23154367f1160cf75
MGV,MGV,CBOE_ETF,EU,SAME_AS_UNDERLYING,EXACT_CLASS_ROOT_OBSERVED,true,113,113,4,4,4,2026-10-16,2027-04-16,15,197,07eb0a242d2b439b19c1261713abe759955fe9ccd81fe774a3c96f1b35491304
MIDU,MIDU,CBOE_ETF,EU,SAME_AS_UNDERLYING,EXACT_CLASS_ROOT_OBSERVED,true,122,122,4,4,4,2026-10-16,2027-04-16,15,197,2c76532987545f36fcede233a44792bfb128cbe62137a2c7812e3f492896cef0
MILN,MILN,CBOE_ETF,EU,SAME_AS_UNDERLYING,EXACT_CLASS_ROOT_OBSERVED,true,76,76,4,4,4,2026-10-16,2027-05-21,15,232,3f70ad2de098994b5c8eaee97fb49db438959e9a96faf5d26b65de8632f3e1b2
MINT,MINT,CBOE_ETF,EU,SAME_AS_UNDERLYING,EXACT_CLASS_ROOT_OBSERVED,true,76,76,4,4,4,2026-10-16,2027-05-21,15,232,b9ee4f0159d26d0c023a7153c2f6111af6ef6c288d00f6f80e2e893feeecd654
MISL,MISL,CBOE_ETF,EU,SAME_AS_UNDERLYING,EXACT_CLASS_ROOT_OBSERVED,true,76,76,4,4,4,2026-10-16,2027-05-21,15,232,37dffa2a291720af2a9e20c949cd0aca722612e1d4eb1654a9c95c0b0249df04
MJ,MJ,CBOE_ETF,EU,SAME_AS_UNDERLYING,EXACT_CLASS_ROOT_OBSERVED,true,96,96,4,4,4,2026-10-16,2027-04-16,15,197,75e36415a0c3c4b25205b41861ce515a70a089044eb8d6d827698b85c9be17e2
MKOR,MKOR,OCC_ETF_NAME_CBOE_ABSENT,EU,SAME_AS_UNDERLYING,EXACT_CLASS_ROOT_OBSERVED,true,108,108,4,4,4,2026-10-16,2027-03-19,15,169,9cd38ee1077c5b982f7731cbafd898e4a5221098185e4fd5caca9ec4a7cbfaf3
MLN,MLN,OCC_ETF_NAME_CBOE_ABSENT,EU,SAME_AS_UNDERLYING,EXACT_CLASS_ROOT_OBSERVED,true,52,52,4,4,4,2026-10-16,2027-04-16,15,197,a8d9f7aa51e5a0631c9ce0ca129afc995454a57d7d81fb12576115d8f08fdd0c
MLPA,MLPA,CBOE_ETF,EU,SAME_AS_UNDERLYING,EXACT_CLASS_ROOT_OBSERVED,true,76,76,4,4,4,2026-10-16,2027-03-19,15,169,d2d90a8f98cfbc3b7a7ebe6c158407c9d2861cf12e8ee565195ff3c6c31ee996
MLPI,MLPI,CBOE_ETF,EU,SAME_AS_UNDERLYING,EXACT_CLASS_ROOT_OBSERVED,true,77,77,4,4,4,2026-10-16,2027-05-21,15,232,062b62f8e057a282fb7f5d175f2ac0b89296708bdbce13b5b8c5b0e691d15f3a
MLPX,MLPX,CBOE_ETF,EU,SAME_AS_UNDERLYING,EXACT_CLASS_ROOT_OBSERVED,true,114,114,4,4,4,2026-10-16,2027-03-19,15,169,926be9abbcaeb09fa44b2928a36c051d2d6bc361fc3458cda9fff5790de8d905
MMTM,MMTM,CBOE_ETF,EU,SAME_AS_UNDERLYING,EXACT_CLASS_ROOT_OBSERVED,true,148,148,4,4,4,2026-10-16,2027-04-16,15,197,bda153c7f968fd088140f3db9c1a9de94f92851ce23e07fba3602ee49eb5dc6e
MNA,MNA,CBOE_ETF,EU,SAME_AS_UNDERLYING,EXACT_CLASS_ROOT_OBSERVED,true,76,76,4,4,4,2026-10-16,2027-05-21,15,232,74c8caed858f48f511af2650fbbdbfc82bdf1ae3b4daa296d84df6db8156b6d9
MOAT,MOAT,CBOE_ETF,EU,SAME_AS_UNDERLYING,EXACT_CLASS_ROOT_OBSERVED,true,89,89,4,4,4,2026-10-16,2027-03-19,15,169,c0ab6063d884ac676d374113735343a8d9c6ebc118be1d5059b99268ebd7e69b
MOO,MOO,CBOE_ETF,EU,SAME_AS_UNDERLYING,EXACT_CLASS_ROOT_OBSERVED,true,107,107,4,4,4,2026-10-16,2027-05-21,15,232,07104c8ac01d57a02b2dcb1c65611e917d885b34cb89679d1687ed4f5533d569
MORT,MORT,CBOE_ETF,EU,SAME_AS_UNDERLYING,EXACT_CLASS_ROOT_OBSERVED,true,75,75,4,4,4,2026-10-16,2027-05-21,15,232,693de407bd68ab08bebfce6410169a02ae23ba9394340dddd256b5d24df1406a
MPG,MPG,CBOE_ETF,EU,SAME_AS_UNDERLYING,EXACT_CLASS_ROOT_OBSERVED,true,53,53,4,4,4,2026-10-16,2027-05-21,15,232,22b1323202e11aed5812109958374ddf0a28f0859b0f9b96194a8d52f86f8630
MPWX,MPWX,CBOE_ETF,EU,SAME_AS_UNDERLYING,EXACT_CLASS_ROOT_OBSERVED,true,88,88,4,4,4,2026-10-16,2027-03-19,15,169,1379d58e856b9fc014213576a90d2a337deeadb493a4e1935f22b98450bb593d
MQQQ,MQQQ,CBOE_ETF,EU,SAME_AS_UNDERLYING,EXACT_CLASS_ROOT_OBSERVED,true,166,166,4,4,4,2026-10-16,2027-03-19,15,169,5bf2034f2e0a52b80545a8e3e38a5aae0fa4ad56190d70fb3f3efa31a73720ac
MRAL,MRAL,CBOE_ETF,EU,SAME_AS_UNDERLYING,EXACT_CLASS_ROOT_OBSERVED,true,234,234,4,4,4,2026-10-16,2027-05-21,15,232,9ad75bdfcf5ca637fd0712795bcc7541a9ee96a0add6d64273696c960a0b164a
MRAL,MRAL1,CBOE_ETF,EU,NUMERIC_SUFFIX,EXACT_CLASS_ROOT_OBSERVED,true,12,12,1,1,1,2026-11-20,2026-11-20,50,50,9ad75bdfcf5ca637fd0712795bcc7541a9ee96a0add6d64273696c960a0b164a
MRAX,MRAX,CBOE_ETF,EU,SAME_AS_UNDERLYING,EXACT_CLASS_ROOT_OBSERVED,true,89,89,4,4,4,2026-10-16,2027-03-19,15,169,48d885ba85e1dd33e0d20d82c2559e74a34bc07c05048330df8f8cded2edeac0
MRNX,MRNX,CBOE_ETF,EU,SAME_AS_UNDERLYING,EXACT_CLASS_ROOT_OBSERVED,true,295,295,4,4,4,2026-10-16,2027-03-19,15,169,ea44f01b5e078392c8aaf3f3fd03b7fc208718f28fe8ed9ba703e3ea6d1982c8
MRNY,MRNY,CBOE_ETF,EU,SAME_AS_UNDERLYING,EXACT_CLASS_ROOT_OBSERVED,true,155,155,4,4,4,2026-10-16,2027-04-16,15,197,28a257db3d08f24c64e570c96860cea2be11bd58483b362c46e9de776cd6b7da
MRVU,MRVU,CBOE_ETF,EU,SAME_AS_UNDERLYING,EXACT_CLASS_ROOT_OBSERVED,true,259,259,5,5,5,2026-10-16,2027-04-16,15,197,823ada046869347f9d7c8473e55a864d796ab5f27c7fd1591bd226b56501a35e
MSBT,MSBT,OCC_ETF_NAME_CBOE_ABSENT,EU,SAME_AS_UNDERLYING,EXACT_CLASS_ROOT_OBSERVED,true,75,75,4,4,4,2026-10-16,2027-05-21,15,232,c4b8f248b0088534b1add98681f486d660d019ce1ed1147aa65d8f9c2558847b
MSFD,MSFD,CBOE_ETF,EU,SAME_AS_UNDERLYING,EXACT_CLASS_ROOT_OBSERVED,true,76,76,4,4,4,2026-10-16,2027-04-16,15,197,64c571fbe3bfcfc071a3064a9beb34b412f0169439ec522d405c92019a8be3dc
MSFL,MSFL,CBOE_ETF,EU,SAME_AS_UNDERLYING,EXACT_CLASS_ROOT_OBSERVED,true,103,103,4,4,4,2026-10-16,2027-03-19,15,169,9934bf6ef47f0c4c744af45b4d7e3b5ba5ad3be7bab74e27ebc8e2c80753c9f2
MSFO,MSFO,CBOE_ETF,EU,SAME_AS_UNDERLYING,EXACT_CLASS_ROOT_OBSERVED,true,84,84,4,4,4,2026-10-16,2027-04-16,15,197,7bf3232cd774372c758b7cc849d76b2a4eec8f577ace98adebe4b9e709a74b04
MSFU,MSFU,CBOE_ETF,EU,SAME_AS_UNDERLYING,EXACT_CLASS_ROOT_OBSERVED,true,178,178,6,6,6,2026-10-16,2029-01-19,15,841,0c6ba4b94892ab8535693694b2bab58179a8b356b66f849731ed2d9167974d83
MSFW,MSFW,CBOE_ETF,EU,SAME_AS_UNDERLYING,EXACT_CLASS_ROOT_OBSERVED,true,78,78,4,4,4,2026-10-16,2027-05-21,15,232,7c2b3c32c88961bd3b2117bc3bc4e8063ecfc92313ac54c9d4d39b4b70dbf4f3
MSFX,MSFX,CBOE_ETF,EU,SAME_AS_UNDERLYING,EXACT_CLASS_ROOT_OBSERVED,true,85,85,4,4,4,2026-10-16,2027-03-19,15,169,c0161b2f98d7e150ec91975d008c0270f2ee97a15eb27674422fa2bae724d99c
MSFY,MSFY,OCC_ETF_NAME_CBOE_ABSENT,EU,SAME_AS_UNDERLYING,EXACT_CLASS_ROOT_OBSERVED,true,51,51,4,4,4,2026-10-16,2027-04-16,15,197,a2c300a4f33912d4897017a6f3d540f8af9952e9fe686dadfc77eac8e9ed5d5d
MSOS,MSOS,CBOE_ETF,EU,SAME_AS_UNDERLYING,EXACT_CLASS_ROOT_OBSERVED,true,198,198,13,13,13,2026-10-02,2029-01-19,1,841,ff7b49844101b1cc0141ca96cf65ad4f8b644d02be98228fd76a043edc8fca9f
MSOX,MSOX,CBOE_ETF,EU,SAME_AS_UNDERLYING,EXACT_CLASS_ROOT_OBSERVED,true,73,73,8,8,8,2026-10-16,2029-01-19,15,841,ad3685aed1c06f86e735f513f7bf8d17b91b8842ee2cf9849f785bbad9fed8fa
MSOX,MSOX1,CBOE_ETF,EU,NUMERIC_SUFFIX,EXACT_CLASS_ROOT_OBSERVED,true,5,5,1,1,1,2027-01-15,2027-01-15,106,106,ad3685aed1c06f86e735f513f7bf8d17b91b8842ee2cf9849f785bbad9fed8fa
MST,MST,CBOE_ETF,EU,SAME_AS_UNDERLYING,EXACT_CLASS_ROOT_OBSERVED,true,116,116,4,4,4,2026-10-16,2027-05-21,15,232,33329769d7b7a2dbf8c454102268ae50b9722c01d22e50ff746c4b7ae85c19da
MST,MST2,CBOE_ETF,EU,NUMERIC_SUFFIX,EXACT_CLASS_ROOT_OBSERVED,true,8,8,1,1,1,2026-11-20,2026-11-20,50,50,33329769d7b7a2dbf8c454102268ae50b9722c01d22e50ff746c4b7ae85c19da
MSTU,MSTU,CBOE_ETF,EU,SAME_AS_UNDERLYING,EXACT_CLASS_ROOT_OBSERVED,true,656,656,13,13,13,2026-10-02,2029-01-19,1,841,2fc63b0b9280fbcfeae6f9acfb8fd8dc0ae3bed061cb2658c2e6e478866374ac
MSTU,MSTU1,CBOE_ETF,EU,NUMERIC_SUFFIX,EXACT_CLASS_ROOT_OBSERVED,true,21,21,2,2,2,2027-01-15,2028-01-21,106,477,2fc63b0b9280fbcfeae6f9acfb8fd8dc0ae3bed061cb2658c2e6e478866374ac
MSTU,MSTU2,CBOE_ETF,EU,NUMERIC_SUFFIX,EXACT_CLASS_ROOT_OBSERVED,true,79,79,6,6,6,2026-10-02,2028-01-21,1,477,2fc63b0b9280fbcfeae6f9acfb8fd8dc0ae3bed061cb2658c2e6e478866374ac
MSTW,MSTW,CBOE_ETF,EU,SAME_AS_UNDERLYING,EXACT_CLASS_ROOT_OBSERVED,true,43,43,4,4,4,2026-10-16,2027-05-21,15,232,b9260de153201b77de729b90a8e27f2e559c646958ac23256e733d888390b8ab
MSTX,MSTX,CBOE_ETF,EU,SAME_AS_UNDERLYING,EXACT_CLASS_ROOT_OBSERVED,true,600,600,14,14,14,2026-10-02,2029-01-19,1,841,5d5d337450f28c24800b3181eedd113cdd33391c03b16abf18c29f94962c5150
MSTX,MSTX1,CBOE_ETF,EU,NUMERIC_SUFFIX,EXACT_CLASS_ROOT_OBSERVED,true,80,80,2,2,2,2027-01-15,2028-01-21,106,477,5d5d337450f28c24800b3181eedd113cdd33391c03b16abf18c29f94962c5150
MSTY,MSTY,CBOE_ETF,EU,SAME_AS_UNDERLYING,EXACT_CLASS_ROOT_OBSERVED,true,200,200,5,5,5,2026-10-16,2028-01-21,15,477,281ffd990601a27451c0b2963d1c0032b19db0901fff43e364ab5563e0d056c8
MSTY,MSTY1,CBOE_ETF,EU,NUMERIC_SUFFIX,EXACT_CLASS_ROOT_OBSERVED,true,58,58,2,2,2,2027-01-15,2028-01-21,106,477,281ffd990601a27451c0b2963d1c0032b19db0901fff43e364ab5563e0d056c8
MSTZ,MSTZ,CBOE_ETF,EU,SAME_AS_UNDERLYING,EXACT_CLASS_ROOT_OBSERVED,true,177,177,7,7,7,2026-10-16,2029-01-19,15,841,39436d34303ec8cf7a54a253be8a91cefb2f9d4bed20fc8f6b67b7685c6e0d93
MTBA,MTBA,CBOE_ETF,EU,SAME_AS_UNDERLYING,EXACT_CLASS_ROOT_OBSERVED,true,86,86,4,4,4,2026-10-16,2027-03-19,15,169,5074ae71e7a232a989bc6530193d6f215422d4a5c022855a90c558e02b4641e7
MTUM,MTUM,CBOE_ETF,EU,SAME_AS_UNDERLYING,EXACT_CLASS_ROOT_OBSERVED,true,774,774,13,13,13,2026-10-02,2029-01-19,1,841,3317b001c6988e5982b1b7a07c4e609ba7d8aea69a08e21c637fcb38c60dba4f
MTYY,MTYY,OCC_ETF_NAME_CBOE_ABSENT,EU,SAME_AS_UNDERLYING,EXACT_CLASS_ROOT_OBSERVED,true,101,101,4,4,4,2026-10-16,2027-05-21,15,232,dfe6b0ceb3e30703d0836fd4a615f645c9d44f241a61ca79765d4d2caa4c0956
MTYY,MTYY1,OCC_ETF_NAME_CBOE_ABSENT,EU,NUMERIC_SUFFIX,EXACT_CLASS_ROOT_OBSERVED,true,11,11,1,1,1,2026-11-20,2026-11-20,50,50,dfe6b0ceb3e30703d0836fd4a615f645c9d44f241a61ca79765d4d2caa4c0956
MUB,MUB,CBOE_ETF,EU,SAME_AS_UNDERLYING,EXACT_CLASS_ROOT_OBSERVED,true,191,191,6,6,6,2026-10-16,2028-01-21,15,477,4a5d91bdc95936718c3780f53713a8151fe34b47450f20d9293584447ef9188f
MULL,MULL,CBOE_ETF,EU,SAME_AS_UNDERLYING,EXACT_CLASS_ROOT_OBSERVED,true,1125,1125,8,8,8,2026-10-16,2029-01-19,15,841,b720e441406fdcc46b4d0a6299e8d8c1b84be18df810f60436edaf61f487c925
MUNI,MUNI,CBOE_ETF,EU,SAME_AS_UNDERLYING,EXACT_CLASS_ROOT_OBSERVED,true,76,76,4,4,4,2026-10-16,2027-03-19,15,169,4ce2d700db2fb82a2201d9eeeeb343bbad35dbaacb0f04c8ffb906f2d718a844
MUU,MUU,CBOE_ETF,EU,SAME_AS_UNDERLYING,EXACT_CLASS_ROOT_OBSERVED,true,694,694,11,11,11,2026-10-02,2029-01-19,1,841,77ee6605ec5a2509e3e8828f385a493fe4cebbb727b6fbfdfd317f1a8ccde9dd
MUYY,MUYY,OCC_ETF_NAME_CBOE_ABSENT,EU,SAME_AS_UNDERLYING,EXACT_CLASS_ROOT_OBSERVED,true,84,84,4,4,4,2026-10-16,2027-04-16,15,197,1b1803f4a9cbcd9bc2c30922648e290536783b55b7b805db5c720a8fb9d4fc04
MUZ,MUZ,CBOE_ETF,EU,SAME_AS_UNDERLYING,EXACT_CLASS_ROOT_OBSERVED,true,112,112,4,4,4,2026-10-16,2027-04-16,15,197,26f289f32c6ebb479b30422ba5ef9efdd80957f5934114d49d3fdf7ff8a2f419
MVLL,MVLL,CBOE_ETF,EU,SAME_AS_UNDERLYING,EXACT_CLASS_ROOT_OBSERVED,true,353,353,6,6,6,2026-10-16,2029-01-19,15,841,93068cede0328708923665622b427e4a622bd29c56c36e00afae9fb8cb25f797
MXI,MXI,CBOE_ETF,EU,SAME_AS_UNDERLYING,EXACT_CLASS_ROOT_OBSERVED,true,113,113,4,4,4,2026-10-16,2027-03-19,15,169,0ff2d13ee11f03310dc5612a6720a51ae9e1165a32e9db037859c53c80158812
MYY,MYY,CBOE_ETF,EU,SAME_AS_UNDERLYING,EXACT_CLASS_ROOT_OBSERVED,true,76,76,4,4,4,2026-10-16,2027-03-19,15,169,fb68cff72f210aeb1f97e8b3eb92a56913502fbc6db51bb0a59db21eab8d4bb2
MZZ,MZZ,CBOE_ETF,EU,SAME_AS_UNDERLYING,EXACT_CLASS_ROOT_OBSERVED,true,49,49,4,4,4,2026-10-16,2027-03-19,15,169,6bdd7ef3d720f3d681a318aa84906fade8a40c8931f924f569a356175439f711
NAIL,NAIL,CBOE_ETF,EU,SAME_AS_UNDERLYING,EXACT_CLASS_ROOT_OBSERVED,true,689,689,13,13,13,2026-10-02,2029-01-19,1,841,ed97fde4e9d88a574407fbdd80e5f26662ed9ffab6912a78ca6d00b19ccfe92d
NANC,NANC,CBOE_ETF,EU,SAME_AS_UNDERLYING,EXACT_CLASS_ROOT_OBSERVED,true,77,77,4,4,4,2026-10-16,2027-03-19,15,169,95f47e25d8548ea1884e221dbf59174c3d243d761f2f11a21427722128f337c6
NANR,NANR,CBOE_ETF,EU,SAME_AS_UNDERLYING,EXACT_CLASS_ROOT_OBSERVED,true,88,88,4,4,4,2026-10-16,2027-03-19,15,169,d66972061896449a8fa01f84f7a038ff85572b6f888a25c629b1ba2e8db18851
NASA,NASA,CBOE_ETF,EU,SAME_AS_UNDERLYING,EXACT_CLASS_ROOT_OBSERVED,true,458,458,15,15,15,2026-10-02,2029-01-19,1,841,7cd1198be4b44decc29144793bde8e3f3fc801585ec06afcb9e105a67a66e9dd
NBIG,NBIG,CBOE_ETF,EU,SAME_AS_UNDERLYING,EXACT_CLASS_ROOT_OBSERVED,true,200,200,5,5,5,2026-10-16,2029-01-19,15,841,15be189f87333c9b52f7583753eeb699c958156a25f17b0c46627426544bd690
NBIL,NBIL,CBOE_ETF,EU,SAME_AS_UNDERLYING,EXACT_CLASS_ROOT_OBSERVED,true,118,118,4,4,4,2026-10-16,2027-05-21,15,232,7524263d53780d820845c898e5ffc91817ca1406d03fd2894c97395b31ae75fc
NBIZ,NBIZ,CBOE_ETF,EU,SAME_AS_UNDERLYING,EXACT_CLASS_ROOT_OBSERVED,true,126,126,6,6,6,2026-10-16,2028-01-21,15,477,54cb93485e42511fdb344ad0042ccd98a9fa28f4bdabc28075f23cf13b54e58b
NBIZ,NBIZ1,CBOE_ETF,EU,NUMERIC_SUFFIX,EXACT_CLASS_ROOT_OBSERVED,true,81,81,3,3,3,2026-12-18,2028-01-21,78,477,54cb93485e42511fdb344ad0042ccd98a9fa28f4bdabc28075f23cf13b54e58b
NBIZ,NBIZ2,CBOE_ETF,EU,NUMERIC_SUFFIX,EXACT_CLASS_ROOT_OBSERVED,true,87,87,4,4,4,2026-12-18,2028-01-21,78,477,54cb93485e42511fdb344ad0042ccd98a9fa28f4bdabc28075f23cf13b54e58b
NBIZ,NBIZ3,CBOE_ETF,EU,NUMERIC_SUFFIX,EXACT_CLASS_ROOT_OBSERVED,true,203,203,6,6,6,2026-10-16,2028-01-21,15,477,54cb93485e42511fdb344ad0042ccd98a9fa28f4bdabc28075f23cf13b54e58b
NCIQ,NCIQ,OCC_ETF_NAME_CBOE_ABSENT,EU,SAME_AS_UNDERLYING,EXACT_CLASS_ROOT_OBSERVED,true,86,86,4,4,4,2026-10-16,2027-03-19,15,169,2210e5c30a7b9e333222932c99018ab75d321c9585d71aba0459e2df9a8b1303
NCLD,NCLD,CBOE_ETF,EU,SAME_AS_UNDERLYING,EXACT_CLASS_ROOT_OBSERVED,true,52,52,4,4,4,2026-10-16,2027-04-16,15,197,cc194499cc5426708fdb160adcc836e8f41240d584b5d67fceccac2d90846cd0
NEAR,NEAR,CBOE_ETF,EU,SAME_AS_UNDERLYING,EXACT_CLASS_ROOT_OBSERVED,true,76,76,4,4,4,2026-10-16,2027-05-21,15,232,425a4138b2012897c5a7d987d9200d10837fe567282f16f629b1fea3b9de5cb7
NEBX,NEBX,CBOE_ETF,EU,SAME_AS_UNDERLYING,EXACT_CLASS_ROOT_OBSERVED,true,227,227,5,5,5,2026-10-16,2029-01-19,15,841,400497e8fe119324f8e2c48dbf6849aef30087269d020af0a7949fda7ad101e6
NEMG,NEMG,CBOE_ETF,EU,SAME_AS_UNDERLYING,EXACT_CLASS_ROOT_OBSERVED,true,106,106,4,4,4,2026-10-16,2027-04-16,15,197,9850559302ecad7566a0d1a9ca103797c70b1d428909e927546f019b5eee479a
NERD,NERD,CBOE_ETF,EU,SAME_AS_UNDERLYING,EXACT_CLASS_ROOT_OBSERVED,true,76,76,4,4,4,2026-10-16,2027-04-16,15,197,b61b5f29c56616fe1551f5dd99db650fa3261d7cafaafd2b67ce9c288f7a3b3d
NETG,NETG,CBOE_ETF,EU,SAME_AS_UNDERLYING,EXACT_CLASS_ROOT_OBSERVED,true,102,102,4,4,4,2026-10-16,2027-04-16,15,197,5caab7913d803b122a81f044eda2c5486927349da087e748c0824d0ad48e925d
NETL,NETL,OCC_ETF_NAME_CBOE_ABSENT,EU,SAME_AS_UNDERLYING,EXACT_CLASS_ROOT_OBSERVED,true,44,44,4,4,4,2026-10-16,2027-04-16,15,197,cb56a2f90b77f1471ebd1e6cad96d767d51bab449780e65caee2833c7a8302ea
NFLP,NFLP,OCC_ETF_NAME_CBOE_ABSENT,EU,SAME_AS_UNDERLYING,EXACT_CLASS_ROOT_OBSERVED,true,59,59,4,4,4,2026-10-16,2027-04-16,15,197,2d1a3e5a74cf0316549c9800ba6a6e876717ebc61d86821bd838fae2226432ec
NFLU,NFLU,CBOE_ETF,EU,SAME_AS_UNDERLYING,EXACT_CLASS_ROOT_OBSERVED,true,124,124,4,4,4,2026-10-16,2027-03-19,15,169,4acdbe6a2eb092a9b57ee735cc37cd639a2fdddb5deef206caea40cfa17d5a66
NFLW,NFLW,CBOE_ETF,EU,SAME_AS_UNDERLYING,EXACT_CLASS_ROOT_OBSERVED,true,94,94,4,4,4,2026-10-16,2027-03-19,15,169,d8a9ade83034477929376376b0635d0aa9da4b615da180289c84a69f537b1d09
NFLY,NFLY,CBOE_ETF,EU,SAME_AS_UNDERLYING,EXACT_CLASS_ROOT_OBSERVED,true,68,68,4,4,4,2026-10-16,2027-05-21,15,232,5eefe7cb97a19d3a74b4014beee60258391fcb4bdb07c9275aa0231f2639f7e0
NFTY,NFTY,CBOE_ETF,EU,SAME_AS_UNDERLYING,EXACT_CLASS_ROOT_OBSERVED,true,76,76,4,4,4,2026-10-16,2027-05-21,15,232,2c885fed2d20a712db473bf7543c79baf957d5509152ee2906d67c19b8db6d3b
NIKL,NIKL,OCC_ETF_NAME_CBOE_ABSENT,EU,SAME_AS_UNDERLYING,EXACT_CLASS_ROOT_OBSERVED,true,64,64,4,4,4,2026-10-16,2027-04-16,15,197,ca67ed372ce367398e702f4a6f2cfcc0a1650213c15e31f017794f33f7fc4efb
NIOG,NIOG,OCC_ETF_NAME_CBOE_ABSENT,EU,SAME_AS_UNDERLYING,EXACT_CLASS_ROOT_OBSERVED,true,86,86,4,4,4,2026-10-16,2027-03-19,15,169,2b01d7c80a918ebcf7dc0622e031c6cc08129a3ffa99732b842d8aab63006b40
NLR,NLR,CBOE_ETF,EU,SAME_AS_UNDERLYING,EXACT_CLASS_ROOT_OBSERVED,true,133,133,4,4,4,2026-10-16,2027-03-19,15,169,cd6ce4ccc42bfb59a4c0e5b71f8cad1f9e01f748eb8e411aa94f2ce71ed29de7
NOBL,NOBL,CBOE_ETF,EU,SAME_AS_UNDERLYING,EXACT_CLASS_ROOT_OBSERVED,true,92,92,4,4,4,2026-10-16,2027-04-16,15,197,1d09e4fafdbc82d612ba10ed45c357667a539157d912e08c83fb197f480a6f5f
NORW,NORW,OCC_ETF_NAME_CBOE_ABSENT,EU,SAME_AS_UNDERLYING,EXACT_CLASS_ROOT_OBSERVED,true,79,79,4,4,4,2026-10-16,2027-03-19,15,169,7c34df504c712ae26ad7d1b72e47b3a3458c0f9a59b80cb3c30beb201b7878b0
NOWL,NOWL,CBOE_ETF,EU,SAME_AS_UNDERLYING,EXACT_CLASS_ROOT_OBSERVED,true,92,92,6,6,6,2026-10-16,2029-01-19,15,841,5918d9dd002195d434de22bf4d03afbd9dd4f470e8d0f761126a8679f03ff319
NUG,NUG,CBOE_ETF,EU,SAME_AS_UNDERLYING,EXACT_CLASS_ROOT_OBSERVED,true,78,78,4,4,4,2026-10-16,2027-05-21,15,232,8ba8806e1510b458aabaef6983e57f0c6d988920350da87506d06d20d0fb49c0
NUGT,NUGT,CBOE_ETF,EU,SAME_AS_UNDERLYING,EXACT_CLASS_ROOT_OBSERVED,true,1208,1208,15,15,15,2026-10-02,2029-01-19,1,841,52e90a27a893158f73028712c46bf99c0fb77e478063406b6eedc9eab108671d
NUKZ,NUKZ,CBOE_ETF,EU,SAME_AS_UNDERLYING,EXACT_CLASS_ROOT_OBSERVED,true,120,120,4,4,4,2026-10-16,2027-03-19,15,169,a51268774c3a4a870f660fcca7e445fc958976936e88dfec5cfff3ce1646d137
NUSC,NUSC,OCC_ETF_NAME_CBOE_ABSENT,EU,SAME_AS_UNDERLYING,EXACT_CLASS_ROOT_OBSERVED,true,52,52,4,4,4,2026-10-16,2027-05-21,15,232,2752763cb3471ae9b076dfd30c3017112bbf7abbba2586e0a536a603fea13628
NVD,NVD,CBOE_ETF,EU,SAME_AS_UNDERLYING,EXACT_CLASS_ROOT_OBSERVED,true,127,127,6,6,6,2026-10-16,2028-01-21,15,477,b6e8efdf2099fed5d3216ed11da3e5b5bf7cba2a995c5b8750be69d28a45a456
NVD,NVD1,CBOE_ETF,EU,NUMERIC_SUFFIX,EXACT_CLASS_ROOT_OBSERVED,true,3,3,1,1,1,2027-01-15,2027-01-15,106,106,b6e8efdf2099fed5d3216ed11da3e5b5bf7cba2a995c5b8750be69d28a45a456
NVDD,NVDD,CBOE_ETF,EU,SAME_AS_UNDERLYING,EXACT_CLASS_ROOT_OBSERVED,true,97,97,4,4,4,2026-10-16,2027-04-16,15,197,8b85c2218539783f17dab9c45beb7a844855b2784714611214d1f73daa385a3b
NVDG,NVDG,CBOE_ETF,EU,SAME_AS_UNDERLYING,EXACT_CLASS_ROOT_OBSERVED,true,89,89,4,4,4,2026-10-16,2027-05-21,15,232,3b093fbff4b162612a62afcc71c25781c3002edb5a45b552262e0a673e56e552
NVDL,NVDL,CBOE_ETF,EU,SAME_AS_UNDERLYING,EXACT_CLASS_ROOT_OBSERVED,true,617,617,13,13,13,2026-10-02,2029-01-19,1,841,eb4527174116feb63ec056110113c4fac4d53257d584c814775d1935c8518c15
NVDQ,NVDQ,CBOE_ETF,EU,SAME_AS_UNDERLYING,EXACT_CLASS_ROOT_OBSERVED,true,85,85,4,4,4,2026-10-16,2027-03-19,15,169,c916d923db0c0735d01adb9b22bcf65d9bdd3d88afa87a08ad0ff740f37c39ac
NVDS,NVDS,CBOE_ETF,EU,SAME_AS_UNDERLYING,EXACT_CLASS_ROOT_OBSERVED,true,108,108,4,4,4,2026-10-16,2027-03-19,15,169,5818cd3bbd6575c10ecc063d4b569cbe5097d60ef4e90af208866ee5c6b5fc7d
NVDU,NVDU,CBOE_ETF,EU,SAME_AS_UNDERLYING,EXACT_CLASS_ROOT_OBSERVED,true,389,389,5,5,5,2026-10-16,2028-01-21,15,477,828f6f7982314d2ca2aea933498b701efc2a403d376db6ada7ea2e3dd855fd25
NVDW,NVDW,CBOE_ETF,EU,SAME_AS_UNDERLYING,EXACT_CLASS_ROOT_OBSERVED,true,77,77,4,4,4,2026-10-16,2027-03-19,15,169,009db0024ae81775abb6a64612b46480fc995c9e12fdce73e056785392e33e91
NVDX,NVDX,CBOE_ETF,EU,SAME_AS_UNDERLYING,EXACT_CLASS_ROOT_OBSERVED,true,384,384,13,13,13,2026-10-02,2029-01-19,1,841,943ca6e075830fdd64cb3ba31cde3f75148a7ca025d6fc12e51defad9739e57d
NVDX,NVDX1,CBOE_ETF,EU,NUMERIC_SUFFIX,EXACT_CLASS_ROOT_OBSERVED,true,23,23,1,1,1,2027-01-15,2027-01-15,106,106,943ca6e075830fdd64cb3ba31cde3f75148a7ca025d6fc12e51defad9739e57d
NVDY,NVDY,CBOE_ETF,EU,SAME_AS_UNDERLYING,EXACT_CLASS_ROOT_OBSERVED,true,143,143,6,6,6,2026-10-16,2028-01-21,15,477,76b282076644723f0dbe8e20c845747ed11ad67c559666119f48a5c2043f1992
NVOX,NVOX,CBOE_ETF,EU,SAME_AS_UNDERLYING,EXACT_CLASS_ROOT_OBSERVED,true,95,95,4,4,4,2026-10-16,2027-04-16,15,197,a22e45e1cf0ed6620c483b25495f0dc6e390ad2a9f6c2ccfdc8c92c19178422d
NVTX,NVTX,CBOE_ETF,EU,SAME_AS_UNDERLYING,EXACT_CLASS_ROOT_OBSERVED,true,230,230,4,4,4,2026-10-16,2027-03-19,15,169,13de045947aebbbd5352b10eea78f290d6b2c391b4b14881723ff4f432a6e1fb
NVYY,NVYY,CBOE_ETF,EU,SAME_AS_UNDERLYING,EXACT_CLASS_ROOT_OBSERVED,true,85,85,4,4,4,2026-10-16,2027-05-21,15,232,f7b116671d1ef1c3c0b2a90d1722e1b010caeaee081d3c8866b9c75b17cdfed1
NXPX,NXPX,CBOE_ETF,EU,SAME_AS_UNDERLYING,EXACT_CLASS_ROOT_OBSERVED,true,89,89,4,4,4,2026-10-16,2027-03-19,15,169,51ea3052c3dd10df30d7fe65d8855bdb3f40b3281b00f31d40d025963bc37d17
NXTG,NXTG,OCC_ETF_NAME_CBOE_ABSENT,EU,SAME_AS_UNDERLYING,EXACT_CLASS_ROOT_OBSERVED,true,119,119,4,4,4,2026-10-16,2027-03-19,15,169,e07669b9d8fff4b84356102f8546ee6d9aaebae7ffa5578564ac60b464067042
NYNY,NYNY,CBOE_ETF,EU,SAME_AS_UNDERLYING,EXACT_CLASS_ROOT_OBSERVED,true,72,72,4,4,4,2026-10-16,2027-03-19,15,169,b772ea8840b177120ec900efcc7f92a2f939c62403cfb63759d132b59233eba5
NYSX,NYSX,OCC_ETF_NAME_CBOE_ABSENT,EU,SAME_AS_UNDERLYING,EXACT_CLASS_ROOT_OBSERVED,true,130,130,4,4,4,2026-10-16,2027-03-19,15,169,85ea00cd713262d4939174c9984a4d45124a326b79fa1726632fad4bd28e4d69
NZAC,NZAC,OCC_ETF_NAME_CBOE_ABSENT,EU,SAME_AS_UNDERLYING,EXACT_CLASS_ROOT_OBSERVED,true,48,48,4,4,4,2026-10-16,2027-04-16,15,197,803def3bb0a0e5c4153574a68b2d088c7324d5247caaef9a989716275a171c10
OACP,OACP,CBOE_ETF,EU,SAME_AS_UNDERLYING,EXACT_CLASS_ROOT_OBSERVED,true,76,76,4,4,4,2026-10-16,2027-04-16,15,197,7d5daf7d16effd7526a640170f700456980ed1d6c814bfef72120dc961fe42ba
OARK,OARK,CBOE_ETF,EU,SAME_AS_UNDERLYING,EXACT_CLASS_ROOT_OBSERVED,true,89,89,4,4,4,2026-10-16,2027-05-21,15,232,dac4175c5803ca75a8059fb91578f3190ba825d105577525980529cb065899b2
OBOR,OBOR,OCC_ETF_NAME_CBOE_ABSENT,EU,SAME_AS_UNDERLYING,EXACT_CLASS_ROOT_OBSERVED,true,74,74,4,4,4,2026-10-16,2027-04-16,15,197,cc4a90feeee7453b2c0755de75a5895ce1a479ac7268783ca5405c8511f6f088
ODDS,ODDS,CBOE_ETF,EU,SAME_AS_UNDERLYING,EXACT_CLASS_ROOT_OBSERVED,true,76,76,4,4,4,2026-10-16,2027-04-16,15,197,207d7719835a0e76b1f6855b95586a7ad17d265de6b64589f53138343d41f7f6
ODDZ,ODDZ,CBOE_ETF,EU,SAME_AS_UNDERLYING,EXACT_CLASS_ROOT_OBSERVED,true,72,72,4,4,4,2026-10-16,2027-03-19,15,169,f53c95d09723a20df5d7dac01b32a5b7830285fa1a8ef7abbab60d26d511e524
ODTE,ODTE,CBOE_ETF,EU,SAME_AS_UNDERLYING,EXACT_CLASS_ROOT_OBSERVED,true,76,76,4,4,4,2026-10-16,2027-03-19,15,169,115843e159d44e2a9e6bf1d42193a53939c569c1986f1106f56fb2b1b8f62abe
OEF,OEF,CBOE_ETF,EU,SAME_AS_UNDERLYING,EXACT_CLASS_ROOT_OBSERVED,true,145,145,4,4,4,2026-10-16,2027-03-19,15,169,b56f40c1a5b5036b8d1791ce2c3281afaaef810e796188da475c1db6408c62e4
OGIG,OGIG,CBOE_ETF,EU,SAME_AS_UNDERLYING,EXACT_CLASS_ROOT_OBSERVED,true,81,81,4,4,4,2026-10-16,2027-04-16,15,197,27fe03d69874ac6096538d2ac3eb8f623c8302561b3f6021269021d6f1b11ecf
OIH,OIH,CBOE_ETF,EU,SAME_AS_UNDERLYING,EXACT_CLASS_ROOT_OBSERVED,true,623,623,7,7,7,2026-10-16,2029-01-19,15,841,dbbe1a1477571cff75804a48f6b9f0f8268e33102e3898ac325a20e6d14679aa
OILK,OILK,CBOE_ETF,EU,SAME_AS_UNDERLYING,EXACT_CLASS_ROOT_OBSERVED,true,128,128,5,5,5,2026-10-16,2027-05-21,15,232,6442a74fd1a6b6fb732f63307ccc1b76c9441c20ad29c0a65a96f274c7624089
OKLL,OKLL,CBOE_ETF,EU,SAME_AS_UNDERLYING,EXACT_CLASS_ROOT_OBSERVED,true,132,132,6,6,6,2026-10-16,2029-01-19,15,841,777723e91d5b1599b9b65d145e6779f78f1a40a1e3145546923c6233fd3deac5
OKLL,OKLL1,CBOE_ETF,EU,NUMERIC_SUFFIX,EXACT_CLASS_ROOT_OBSERVED,true,44,44,3,3,3,2026-10-16,2027-02-19,15,141,777723e91d5b1599b9b65d145e6779f78f1a40a1e3145546923c6233fd3deac5
OKTG,OKTG,CBOE_ETF,EU,SAME_AS_UNDERLYING,EXACT_CLASS_ROOT_OBSERVED,true,155,155,4,4,4,2026-10-16,2027-05-21,15,232,ff471842047816fea1c25566d2062f5d7f8cac2b6e4aa0c45e4b90d63e3b86e2
OMAH,OMAH,OCC_ETF_NAME_CBOE_ABSENT,EU,SAME_AS_UNDERLYING,EXACT_CLASS_ROOT_OBSERVED,true,84,84,4,4,4,2026-10-16,2027-05-21,15,232,82af5904c3dda259dab43fcb590e60dcd585668262e90b6564440a878b2e249d
OMFL,OMFL,OCC_ETF_NAME_CBOE_ABSENT,EU,SAME_AS_UNDERLYING,EXACT_CLASS_ROOT_OBSERVED,true,52,52,4,4,4,2026-10-16,2027-05-21,15,232,f7c6d6298886c53749a794dadcc5d47430f67f8e7074562a60fb8923cf507c51
OND,OND,CBOE_ETF,EU,SAME_AS_UNDERLYING,EXACT_CLASS_ROOT_OBSERVED,true,76,76,4,4,4,2026-10-16,2027-05-21,15,232,f5fcb9355e6da30a880a9510e400b13b88d17661b459f71c77cd67a1e17040e5
ONDG,ONDG,OCC_ETF_NAME_CBOE_ABSENT,EU,SAME_AS_UNDERLYING,EXACT_CLASS_ROOT_OBSERVED,true,36,36,4,4,4,2026-10-16,2027-03-19,15,169,c110add5c1dd47ab091a393aed4ee28bdaaffe45ea1875676614321238370bf3
ONDL,ONDL,CBOE_ETF,EU,SAME_AS_UNDERLYING,EXACT_CLASS_ROOT_OBSERVED,true,68,68,4,4,4,2026-10-16,2027-05-21,15,232,58363056c497e052020351730a6bff8eb2991f0ca1533966b10d789af8887059
ONDU,ONDU,CBOE_ETF,EU,SAME_AS_UNDERLYING,EXACT_CLASS_ROOT_OBSERVED,true,67,67,4,4,4,2026-10-16,2027-03-19,15,169,f91607c55275834180197381f0c4412ac068052048677595a15f7d9f11d302e6
ONDU,ONDU1,CBOE_ETF,EU,NUMERIC_SUFFIX,EXACT_CLASS_ROOT_OBSERVED,true,54,54,4,4,4,2026-10-16,2027-03-19,15,169,f91607c55275834180197381f0c4412ac068052048677595a15f7d9f11d302e6
ONEQ,ONEQ,CBOE_ETF,EU,SAME_AS_UNDERLYING,EXACT_CLASS_ROOT_OBSERVED,true,92,92,4,4,4,2026-10-16,2027-05-21,15,232,f139185a871cd79d1346503cbd362a8e56b7ff7baafe5a16126f6412cf865bc3
ONEV,ONEV,OCC_ETF_NAME_CBOE_ABSENT,EU,SAME_AS_UNDERLYING,EXACT_CLASS_ROOT_OBSERVED,true,89,89,4,4,4,2026-10-16,2027-04-16,15,197,8deed7a5c372b4ea86a210205d61795c8e99a14ea8e2386f3e897972ee3bde0f
ONEY,ONEY,OCC_ETF_NAME_CBOE_ABSENT,EU,SAME_AS_UNDERLYING,EXACT_CLASS_ROOT_OBSERVED,true,90,90,4,4,4,2026-10-16,2027-05-21,15,232,2e5db75fb094c58e02b89fda0dbbe6553fda632d7820779da8404a32c2463430
ONLN,ONLN,CBOE_ETF,EU,SAME_AS_UNDERLYING,EXACT_CLASS_ROOT_OBSERVED,true,76,76,4,4,4,2026-10-16,2027-03-19,15,169,e17d0ca8a44cfe38e41d3b390b8b2212bfdbceec28d8a8694010f7b7db3f96b5
ONX,ONX,CBOE_ETF,EU,SAME_AS_UNDERLYING,EXACT_CLASS_ROOT_OBSERVED,true,84,84,4,4,4,2026-10-16,2027-03-19,15,169,f662d7795e707baca5b545084887e68473f49d61613eb81f2764cf40bf809a07
OPEG,OPEG,OCC_ETF_NAME_CBOE_ABSENT,EU,SAME_AS_UNDERLYING,EXACT_CLASS_ROOT_OBSERVED,true,26,26,4,4,4,2026-10-16,2027-03-19,15,169,37badb9ffff30c69b28266ca33700f7f3f7112941cb3b535ed5513a92328e4b2
OPEX,OPEX,CBOE_ETF,EU,SAME_AS_UNDERLYING,EXACT_CLASS_ROOT_OBSERVED,true,90,90,4,4,4,2026-10-16,2027-03-19,15,169,0adb0202e9e14c803cc87444d037261af8e40f55dba4532f822e6a2c11067ca2
OPEX,OPEX1,CBOE_ETF,EU,NUMERIC_SUFFIX,UNDERLYING_QUERY_WITH_OPTIONS_CLASS_UNRESOLVED,false,0,0,0,0,0,,,,,0adb0202e9e14c803cc87444d037261af8e40f55dba4532f822e6a2c11067ca2
OPPE,OPPE,CBOE_ETF,EU,SAME_AS_UNDERLYING,EXACT_CLASS_ROOT_OBSERVED,true,76,76,4,4,4,2026-10-16,2027-04-16,15,197,b765c67fab02baa21d2949b35024227fbd2a94e4797dc96f3aa77d0c07950253
OPPJ,OPPJ,CBOE_ETF,EU,SAME_AS_UNDERLYING,EXACT_CLASS_ROOT_OBSERVED,true,76,76,4,4,4,2026-10-16,2027-03-19,15,169,b3a582e1dc1b1e1652dea1d2ef0fbc24b6ed1e80384e736b484d14ecea9c2928
ORBX,ORBX,OCC_ETF_NAME_CBOE_ABSENT,EU,SAME_AS_UNDERLYING,EXACT_CLASS_ROOT_OBSERVED,true,125,125,4,4,4,2026-10-16,2027-03-19,15,169,7c92144da48e6ecfa68780e4b72f134f5e8cd7a86932198ce51c54ad8e6f1496
ORCU,ORCU,CBOE_ETF,EU,SAME_AS_UNDERLYING,EXACT_CLASS_ROOT_OBSERVED,true,68,68,4,4,4,2026-10-16,2027-05-21,15,232,28cbf07b93b5f792d87bc50c0bb1294c66c0eeb61f871b4bb84f01bfe3a7c9ee
ORCX,ORCX,CBOE_ETF,EU,SAME_AS_UNDERLYING,EXACT_CLASS_ROOT_OBSERVED,true,217,217,6,6,6,2026-10-16,2029-01-19,15,841,35229189ea94fb74cded8a8a79663f340f3edcc888ec3b898350ae233fda96d0
ORCX,ORCX1,CBOE_ETF,EU,NUMERIC_SUFFIX,UNDERLYING_QUERY_WITH_OPTIONS_CLASS_UNRESOLVED,false,0,0,0,0,0,,,,,35229189ea94fb74cded8a8a79663f340f3edcc888ec3b898350ae233fda96d0
ORCZ,ORCZ,CBOE_ETF,EU,SAME_AS_UNDERLYING,EXACT_CLASS_ROOT_OBSERVED,true,108,108,4,4,4,2026-10-16,2027-03-19,15,169,c7e6bdd1c6d57a3487a576cf1fab33a0dadaaf43adaafded9a94a5e7a1d76cbc
ORR,ORR,CBOE_ETF,EU,SAME_AS_UNDERLYING,EXACT_CLASS_ROOT_OBSERVED,true,136,136,5,5,5,2026-10-16,2027-03-19,15,169,bdd982abd1e07af45fcbe256439855ee4d47a7c6ed570be2a3b8bd7cc7aa6366
OUNZ,OUNZ,CBOE_ETF,EU,SAME_AS_UNDERLYING,EXACT_CLASS_ROOT_OBSERVED,true,78,78,4,4,4,2026-10-16,2027-03-19,15,169,1d02984870b36e8b1f229a9ef00c49ebf4c683d3f612cf1bdbe9a603f3cc0b8f
OUSA,OUSA,CBOE_ETF,EU,SAME_AS_UNDERLYING,EXACT_CLASS_ROOT_OBSERVED,true,76,76,4,4,4,2026-10-16,2027-04-16,15,197,0225ea5db0545dc0a3cbe8409cbb871e84d09749c35bf9492439b2039be2bc42
OUSM,OUSM,OCC_ETF_NAME_CBOE_ABSENT,EU,SAME_AS_UNDERLYING,EXACT_CLASS_ROOT_OBSERVED,true,48,48,4,4,4,2026-10-16,2027-04-16,15,197,64992d5bf056edaa9819464e1194003a44290773ca7a83ea30cce6ef9838c862
OZEM,OZEM,CBOE_ETF,EU,SAME_AS_UNDERLYING,EXACT_CLASS_ROOT_OBSERVED,true,88,88,4,4,4,2026-10-16,2027-03-19,15,169,4d76386ca8334c8bc7b7596eb5b86a885c5881f2559b1660542871427fc69864
PALC,PALC,CBOE_ETF,EU,SAME_AS_UNDERLYING,EXACT_CLASS_ROOT_OBSERVED,true,77,77,4,4,4,2026-10-16,2027-05-21,15,232,b1052b654f90da374a2dab4270a5fdd01fc7900aaec527a6c38def013366d7ee
PALL,PALL,CBOE_ETF,EU,SAME_AS_UNDERLYING,EXACT_CLASS_ROOT_OBSERVED,true,168,168,6,6,6,2026-10-16,2029-01-19,15,841,c14c21e6a3baaf3efe88d910a024ca3e39623eb9e4c5cc8d24166321e4b82c24
PAMC,PAMC,CBOE_ETF,EU,SAME_AS_UNDERLYING,EXACT_CLASS_ROOT_OBSERVED,true,77,77,4,4,4,2026-10-16,2027-05-21,15,232,cdb523cfe8719bcb4b14731db4b76b8bf6a57ca7ef0a428c642ed4d26d183a8f
PANG,PANG,CBOE_ETF,EU,SAME_AS_UNDERLYING,EXACT_CLASS_ROOT_OBSERVED,true,120,120,4,4,4,2026-10-16,2027-05-21,15,232,08c7c563ce77a2cc1f25cd608c0c8cd701bf258ce376d0786387f22ec593f1c3
PATX,PATX,CBOE_ETF,EU,SAME_AS_UNDERLYING,EXACT_CLASS_ROOT_OBSERVED,true,90,90,4,4,4,2026-10-16,2027-03-19,15,169,aa890052450e9ef8eac2cb91c9f96e4ebebfb24c8a5f7ab2753a91f8bc900f52
PAVE,PAVE,CBOE_ETF,EU,SAME_AS_UNDERLYING,EXACT_CLASS_ROOT_OBSERVED,true,137,137,5,5,5,2026-10-16,2027-06-17,15,259,0f2ca7b928222822dbf844fef84b4f8ae17909cf9a544cba8c4cdcc2658928a1
PAWZ,PAWZ,OCC_ETF_NAME_CBOE_ABSENT,EU,SAME_AS_UNDERLYING,EXACT_CLASS_ROOT_OBSERVED,true,92,92,4,4,4,2026-10-16,2027-03-19,15,169,75ccb27f8cc44ad34780bd78f65c08eb96cf8bcb675676e88b944c1c3d5f0cc0
PBD,PBD,CBOE_ETF,EU,SAME_AS_UNDERLYING,EXACT_CLASS_ROOT_OBSERVED,true,76,76,4,4,4,2026-10-16,2027-05-21,15,232,bfcb00f97f4389916edd5484bef30538ba951f595e022bd0fb42d9fb4ab5eae9
PBE,PBE,OCC_ETF_NAME_CBOE_ABSENT,EU,SAME_AS_UNDERLYING,EXACT_CLASS_ROOT_OBSERVED,true,107,107,4,4,4,2026-10-16,2027-03-19,15,169,301587c69f178a233c12b6418c6fe57d2cfe750207d887902657bcaa11d8cffc
PBJ,PBJ,OCC_ETF_NAME_CBOE_ABSENT,EU,SAME_AS_UNDERLYING,EXACT_CLASS_ROOT_OBSERVED,true,66,66,4,4,4,2026-10-16,2027-05-21,15,232,ac9f16dbc8e96501ebde2605db91ed6629908f5a7d6c1ff19c6bedba92b8035d
PBP,PBP,OCC_ETF_NAME_CBOE_ABSENT,EU,SAME_AS_UNDERLYING,EXACT_CLASS_ROOT_OBSERVED,true,44,44,4,4,4,2026-10-16,2027-03-19,15,169,d85fca655f435b8e75d75bb888d33fc2b6fd730c278cf377fd06b141c1a4164c
PBRG,PBRG,OCC_ETF_NAME_CBOE_ABSENT,EU,SAME_AS_UNDERLYING,EXACT_CLASS_ROOT_OBSERVED,true,110,110,4,4,4,2026-10-16,2027-05-21,15,232,00c7a48df421895a2437fd8130065fb273d57eafb3f971af462c494455b3b053
PBW,PBW,CBOE_ETF,EU,SAME_AS_UNDERLYING,EXACT_CLASS_ROOT_OBSERVED,true,92,92,4,4,4,2026-10-16,2027-03-19,15,169,51496d06d6eee6a185ce1f41043663238811c3461035a15b561afcd56273ef8f
PCEF,PCEF,CBOE_ETF,EU,SAME_AS_UNDERLYING,EXACT_CLASS_ROOT_OBSERVED,true,76,76,4,4,4,2026-10-16,2027-03-19,15,169,da202558c0fa1ea0f2504b68e5297802c333e267c47e97f950367a5e85608f3a
PCY,PCY,CBOE_ETF,EU,SAME_AS_UNDERLYING,EXACT_CLASS_ROOT_OBSERVED,true,76,76,4,4,4,2026-10-16,2027-03-19,15,169,5a62e7932338a9675877e4582ac1605b383d27e0806a4d368f72be579fdb00e1
PDBA,PDBA,OCC_ETF_NAME_CBOE_ABSENT,EU,SAME_AS_UNDERLYING,EXACT_CLASS_ROOT_OBSERVED,true,86,86,4,4,4,2026-10-16,2027-03-19,15,169,5c6aab84605ebee5ab894e3100347b58a25ba9c54eb18861d809d276714f55bc
PDBC,PDBC,CBOE_ETF,EU,SAME_AS_UNDERLYING,EXACT_CLASS_ROOT_OBSERVED,true,94,94,5,5,5,2026-10-16,2027-03-19,15,169,d118cfef56877c461fd8ff46dd65477c1713b9664e3c55a4d5d9cefbe6130703
PDP,PDP,CBOE_ETF,EU,SAME_AS_UNDERLYING,EXACT_CLASS_ROOT_OBSERVED,true,143,143,4,4,4,2026-10-16,2027-04-16,15,197,341e29783093ec9c16bff172b13359d6e26bf3f626da413bcb66ce1babe2ae5a
PEJ,PEJ,CBOE_ETF,EU,SAME_AS_UNDERLYING,EXACT_CLASS_ROOT_OBSERVED,true,76,76,4,4,4,2026-10-16,2027-03-19,15,169,0fd471d3c170665db4510f12d850a47c8a46ca8d1f6a6f9485f0b0e9ff05cfe6
PEX,PEX,CBOE_ETF,EU,SAME_AS_UNDERLYING,EXACT_CLASS_ROOT_OBSERVED,true,76,76,4,4,4,2026-10-16,2027-04-16,15,197,7e01998a2e6f448e71f962290c4c0cecf3b53cb6a5dc2a4b3ab4e7b77726f380
PEY,PEY,CBOE_ETF,EU,SAME_AS_UNDERLYING,EXACT_CLASS_ROOT_OBSERVED,true,76,76,4,4,4,2026-10-16,2027-05-21,15,232,1be2532719433cfb43530ae5a1faf0608989c9f36fac27767aa7d35f9fa85f32
PFF,PFF,CBOE_ETF,EU,SAME_AS_UNDERLYING,EXACT_CLASS_ROOT_OBSERVED,true,85,85,4,4,4,2026-10-16,2027-04-16,15,197,1169c28b95ceb50813652b0878409253c0aa9d2acd41aec42d38d228c1e8af2e
PFFA,PFFA,CBOE_ETF,EU,SAME_AS_UNDERLYING,EXACT_CLASS_ROOT_OBSERVED,true,76,76,4,4,4,2026-10-16,2027-03-19,15,169,92d496ac37479179398f99f6b3de884fa6aabc20f45787c2b5b641742dbca350
PFFD,PFFD,CBOE_ETF,EU,SAME_AS_UNDERLYING,EXACT_CLASS_ROOT_OBSERVED,true,76,76,4,4,4,2026-10-16,2027-05-21,15,232,38961dd6dca8bfb59dba5ee583287574d54ede9ee9809f620295af27c406bec6
PFFV,PFFV,CBOE_ETF,EU,SAME_AS_UNDERLYING,EXACT_CLASS_ROOT_OBSERVED,true,76,76,4,4,4,2026-10-16,2027-04-16,15,197,b1bf6198ea1e7607bbc051db6223cf2407838fbe63b29872d443263845cae599
PFI,PFI,OCC_ETF_NAME_CBOE_ABSENT,EU,SAME_AS_UNDERLYING,EXACT_CLASS_ROOT_OBSERVED,true,56,56,4,4,4,2026-10-16,2027-03-19,15,169,73883245bd454455dce91c4b769769d50d3dbe94216977405de9605610dabc8c
PFIX,PFIX,CBOE_ETF,EU,SAME_AS_UNDERLYING,EXACT_CLASS_ROOT_OBSERVED,true,109,109,4,4,4,2026-10-16,2027-04-16,15,197,59d9dec162b348995d7011322c5ca9005129db2d80e9863977306f92905e0384
PFM,PFM,OCC_ETF_NAME_CBOE_ABSENT,EU,SAME_AS_UNDERLYING,EXACT_CLASS_ROOT_OBSERVED,true,70,70,4,4,4,2026-10-16,2027-03-19,15,169,8e248fb9e755b5ea20f9bbf1394bffceffa50f26dc597786692bf33cfff1661c
PFXF,PFXF,CBOE_ETF,EU,SAME_AS_UNDERLYING,EXACT_CLASS_ROOT_OBSERVED,true,76,76,4,4,4,2026-10-16,2027-04-16,15,197,cba9871ecbad632056c9dc5bd61926c8d5415b2b507b19bc947798815dc40cd9
PGF,PGF,CBOE_ETF,EU,SAME_AS_UNDERLYING,EXACT_CLASS_ROOT_OBSERVED,true,84,84,4,4,4,2026-10-16,2027-03-19,15,169,c3410363d9c8e5a7b8fd1409ad55534bf7e63f90a061e8c5be7ffb496f2b39ee
PGJ,PGJ,CBOE_ETF,EU,SAME_AS_UNDERLYING,EXACT_CLASS_ROOT_OBSERVED,true,86,86,4,4,4,2026-10-16,2027-03-19,15,169,a1bfbe20b473413d60d0b0170eaf3bfba34f80e5f0fd2eb3197a649c818a517b
PGX,PGX,CBOE_ETF,EU,SAME_AS_UNDERLYING,EXACT_CLASS_ROOT_OBSERVED,true,76,76,4,4,4,2026-10-16,2027-03-19,15,169,03ce0610b03f75ff7ef84c522b52c9a0501686b9bb545fdde7962c7a1a6b1f2c
PHO,PHO,CBOE_ETF,EU,SAME_AS_UNDERLYING,EXACT_CLASS_ROOT_OBSERVED,true,94,94,4,4,4,2026-10-16,2027-03-19,15,169,13b1ce82774cb3dddc4574dfdea73437cfbd8660e24d487305d75353a8cf14ea
PICK,PICK,CBOE_ETF,EU,SAME_AS_UNDERLYING,EXACT_CLASS_ROOT_OBSERVED,true,116,116,4,4,4,2026-10-16,2027-04-16,15,197,c251492fbc59afc50bc3928924ac57dd629f7d1bee90c3f1eb652548fc289f58
PID,PID,CBOE_ETF,EU,SAME_AS_UNDERLYING,EXACT_CLASS_ROOT_OBSERVED,true,76,76,4,4,4,2026-10-16,2027-03-19,15,169,a65e4b236e8a4fdd6dc2e6d88744b68b527f336b37ce68d1ae22bcd57e0ced33
PIE,PIE,CBOE_ETF,EU,SAME_AS_UNDERLYING,EXACT_CLASS_ROOT_OBSERVED,true,78,78,4,4,4,2026-10-16,2027-04-16,15,197,21d6c97ef02f7b90111c71770268c761d2109abb0a2d3f1b4ce744bf077907a3
PINK,PINK,OCC_ETF_NAME_CBOE_ABSENT,EU,SAME_AS_UNDERLYING,EXACT_CLASS_ROOT_OBSERVED,true,84,84,4,4,4,2026-10-16,2027-03-19,15,169,feaaa61e272bf96d1c41c04656cd3599fccfd088793249aa03713b7d4e8f381e
PIO,PIO,OCC_ETF_NAME_CBOE_ABSENT,EU,SAME_AS_UNDERLYING,EXACT_CLASS_ROOT_OBSERVED,true,84,84,4,4,4,2026-10-16,2027-03-19,15,169,d0003d3c91e9003087c9371b869178e6e93c4d034f2d5d9d0415a0404ad1ff78
PIT,PIT,CBOE_ETF,EU,SAME_AS_UNDERLYING,EXACT_CLASS_ROOT_OBSERVED,true,96,96,4,4,4,2026-10-16,2027-05-21,15,232,8ee71ba65f39d4a1733351b1410a11720e4e2346f87dd38342c4c3b2a67a0c8c
PIZ,PIZ,CBOE_ETF,EU,SAME_AS_UNDERLYING,EXACT_CLASS_ROOT_OBSERVED,true,76,76,4,4,4,2026-10-16,2027-03-19,15,169,8b80770e2c69c6c5a33492674c99eaf58b33f674e56c7d6b2f9119dddc152aea
PJP,PJP,CBOE_ETF,EU,SAME_AS_UNDERLYING,EXACT_CLASS_ROOT_OBSERVED,true,123,123,4,4,4,2026-10-16,2027-05-21,15,232,d4e81dfca436c97528dab777df5b5fdf64699d5e025c77268a0ca7beaa1b4d56
PKB,PKB,OCC_ETF_NAME_CBOE_ABSENT,EU,SAME_AS_UNDERLYING,EXACT_CLASS_ROOT_OBSERVED,true,134,134,4,4,4,2026-10-16,2027-03-19,15,169,b6ed51c4570187c1816e516d660b4fd5674ca9b7e4ce90740b04aa9352176e23
PKW,PKW,CBOE_ETF,EU,SAME_AS_UNDERLYING,EXACT_CLASS_ROOT_OBSERVED,true,125,125,4,4,4,2026-10-16,2027-05-21,15,232,baabee28aae7a3486d67d1690bd15fa1f5c682983776727136e5033c12236f0a
PLTD,PLTD,CBOE_ETF,EU,SAME_AS_UNDERLYING,EXACT_CLASS_ROOT_OBSERVED,true,55,55,4,4,4,2026-10-16,2027-05-21,15,232,59f096cbed52074eb87212dab84b4a5298e7619958b73deffae5f644220ac996
PLTG,PLTG,CBOE_ETF,EU,SAME_AS_UNDERLYING,EXACT_CLASS_ROOT_OBSERVED,true,92,92,4,4,4,2026-10-16,2027-03-19,15,169,fa88fc5ea47b8202d507954514d0c756a36b6c40d675f6cfa467f6124adb62bc
PLTU,PLTU,CBOE_ETF,EU,SAME_AS_UNDERLYING,EXACT_CLASS_ROOT_OBSERVED,true,276,276,6,6,6,2026-10-16,2029-01-19,15,841,09216c7a6e33c6fca2efdc7bdcb6289e2066e851fdb47b50e1a03c463d84075c
PLTW,PLTW,CBOE_ETF,EU,SAME_AS_UNDERLYING,EXACT_CLASS_ROOT_OBSERVED,true,89,89,4,4,4,2026-10-16,2027-03-19,15,169,95ebeaadb04c948fef8038c61ba1b9e7a2b3e07e55de2b135df252f61ff7ab45
PLTY,PLTY,CBOE_ETF,EU,SAME_AS_UNDERLYING,EXACT_CLASS_ROOT_OBSERVED,true,232,232,6,6,6,2026-10-16,2028-01-21,15,477,cbbb013440fb7c16088aff684231535fde3b0f942b5ab1edf6b2ebaf58af4c23
PLTZ,PLTZ,CBOE_ETF,EU,SAME_AS_UNDERLYING,EXACT_CLASS_ROOT_OBSERVED,true,72,72,4,4,4,2026-10-16,2027-05-21,15,232,bcdddfbdc5ac5b484d7f07f7a32ad37a4bb317c9c84b7028e797bb3c9ab5f664
PLUL,PLUL,OCC_ETF_NAME_CBOE_ABSENT,EU,SAME_AS_UNDERLYING,EXACT_CLASS_ROOT_OBSERVED,true,83,83,4,4,4,2026-10-16,2027-03-19,15,169,dd5b25cf8169739374f8239df22f02e37f2fa151598f31a9cec0565098d2459f
PLYY,PLYY,OCC_ETF_NAME_CBOE_ABSENT,EU,SAME_AS_UNDERLYING,EXACT_CLASS_ROOT_OBSERVED,true,71,71,4,4,4,2026-10-16,2027-05-21,15,232,5469b1aa6c4a9605aa305b708197bc9a3eba1dcbe96d9a6301b46249890d16c6
PNQI,PNQI,CBOE_ETF,EU,SAME_AS_UNDERLYING,EXACT_CLASS_ROOT_OBSERVED,true,76,76,4,4,4,2026-10-16,2027-03-19,15,169,3a649dcf84872a58714bfd7c49e16f18b3a52eba0720493366442f5a986ed96f
POEL,POEL,CBOE_ETF,EU,SAME_AS_UNDERLYING,EXACT_CLASS_ROOT_OBSERVED,true,119,119,4,4,4,2026-10-16,2027-03-19,15,169,04a3e776d79ef6a2c45a3182a09d45af4ff37faf6707039ab4b31e596e14caec
PONX,PONX,CBOE_ETF,EU,SAME_AS_UNDERLYING,EXACT_CLASS_ROOT_OBSERVED,true,98,98,4,4,4,2026-10-16,2027-03-19,15,169,58be537318e368ab1025142a2dab03de1413777264899d59849da5da06283631
PONX,PONX1,CBOE_ETF,EU,NUMERIC_SUFFIX,EXACT_CLASS_ROOT_OBSERVED,true,24,24,2,2,2,2026-12-18,2027-03-19,78,169,58be537318e368ab1025142a2dab03de1413777264899d59849da5da06283631
POW,POW,OCC_ETF_NAME_CBOE_ABSENT,EU,SAME_AS_UNDERLYING,EXACT_CLASS_ROOT_OBSERVED,true,86,86,4,4,4,2026-10-16,2027-03-19,15,169,4161212fa16677d0459d82019e060bd4a6f4d3e53c128b9ce2196df9279f11b1
POWA,POWA,OCC_ETF_NAME_CBOE_ABSENT,EU,SAME_AS_UNDERLYING,EXACT_CLASS_ROOT_OBSERVED,true,60,60,4,4,4,2026-10-16,2027-03-19,15,169,ed855fc98fc30eda37edc1bbb3a6c7ea785df12dff88bc7b9803790cf98373c1
POWR,POWR,CBOE_ETF,EU,SAME_AS_UNDERLYING,EXACT_CLASS_ROOT_OBSERVED,true,76,76,4,4,4,2026-10-16,2027-05-21,15,232,87496ffc0ff60b1d51c3b4dd9b2af208867a9908155ab194759fbec76d58a978
PPA,PPA,CBOE_ETF,EU,SAME_AS_UNDERLYING,EXACT_CLASS_ROOT_OBSERVED,true,154,154,4,4,4,2026-10-16,2027-03-19,15,169,111df481b49c9dcdf25ef05b12525f2ec97a82bd11252ed185e853db44713c26
PPH,PPH,CBOE_ETF,EU,SAME_AS_UNDERLYING,EXACT_CLASS_ROOT_OBSERVED,true,139,139,4,4,4,2026-10-16,2027-04-16,15,197,7a492dfe490113021d828183b476dc88ced060c5c1adbd5a096862f7f1cbf6cc
PPI,PPI,CBOE_ETF,EU,SAME_AS_UNDERLYING,EXACT_CLASS_ROOT_OBSERVED,true,76,76,4,4,4,2026-10-16,2027-05-21,15,232,a29ad23944a7a49831a371d71e2665708688bad21fa7597a5664138d550ec666
PPLT,PPLT,CBOE_ETF,EU,SAME_AS_UNDERLYING,EXACT_CLASS_ROOT_OBSERVED,true,285,285,7,7,7,2026-10-16,2029-01-19,15,841,c8700258f6bb82edd051f61f96c7111ff07e5e4945ca05bb0d9d3f5066b9c9eb
PRF,PRF,CBOE_ETF,EU,SAME_AS_UNDERLYING,EXACT_CLASS_ROOT_OBSERVED,true,77,77,4,4,4,2026-10-16,2027-03-19,15,169,c27a680f2dcc94e05de0c7aa1545096d3607a6dbbd5a13b5dac36fd9d87cb215
PRFZ,PRFZ,CBOE_ETF,EU,SAME_AS_UNDERLYING,EXACT_CLASS_ROOT_OBSERVED,true,78,78,4,4,4,2026-10-16,2027-03-19,15,169,fb14a4c297528df52d36673287b513a441607fcef432f0eff3d60556600b873d
PRN,PRN,OCC_ETF_NAME_CBOE_ABSENT,EU,SAME_AS_UNDERLYING,EXACT_CLASS_ROOT_OBSERVED,true,152,152,4,4,4,2026-10-16,2027-03-19,15,169,af75f25f99124c78539a2c5fdb7ff5df78909c1f54da3971a3813ac99d2b53ca
PRNT,PRNT,CBOE_ETF,EU,SAME_AS_UNDERLYING,EXACT_CLASS_ROOT_OBSERVED,true,76,76,4,4,4,2026-10-16,2027-05-21,15,232,9f88ef7dda16fb6f86cc1ec37d5424bf9cc456135f4125e0ade481258d9fdc52
PSCC,PSCC,OCC_ETF_NAME_CBOE_ABSENT,EU,SAME_AS_UNDERLYING,EXACT_CLASS_ROOT_OBSERVED,true,48,48,4,4,4,2026-10-16,2027-03-19,15,169,2dae61f410555ed111747bfa1395de47871b2ec10ebda3459a3b0f1acb2d8559
PSCD,PSCD,OCC_ETF_NAME_CBOE_ABSENT,EU,SAME_AS_UNDERLYING,EXACT_CLASS_ROOT_OBSERVED,true,95,95,4,4,4,2026-10-16,2027-03-19,15,169,6b6e4c3837f31bcaa67c6b8fbffbe2b0470bb03851ad1d09e8b83ca2ac251938
PSCE,PSCE,CBOE_ETF,EU,SAME_AS_UNDERLYING,EXACT_CLASS_ROOT_OBSERVED,true,97,97,4,4,4,2026-10-16,2027-05-21,15,232,6c78483a8604769fbd391d21a4f18f63517f0c96cb08d85f71dd3e912555f468
PSCF,PSCF,OCC_ETF_NAME_CBOE_ABSENT,EU,SAME_AS_UNDERLYING,EXACT_CLASS_ROOT_OBSERVED,true,56,56,4,4,4,2026-10-16,2027-03-19,15,169,18c03543223d8749eb4dcd5364847305fdd624b76878cbc79861f704cb5456e7
PSCH,PSCH,CBOE_ETF,EU,SAME_AS_UNDERLYING,EXACT_CLASS_ROOT_OBSERVED,true,86,86,4,4,4,2026-10-16,2027-05-21,15,232,9449364fd7e32634670ad1deef4d1835636f666d6b5a39bf33ffe2714233e3ea
PSCI,PSCI,OCC_ETF_NAME_CBOE_ABSENT,EU,SAME_AS_UNDERLYING,EXACT_CLASS_ROOT_OBSERVED,true,139,139,4,4,4,2026-10-16,2027-03-19,15,169,81fb4e3492c7012c538153162f297aa2072f0a516561801bf58ebc144bd11024
PSCM,PSCM,OCC_ETF_NAME_CBOE_ABSENT,EU,SAME_AS_UNDERLYING,EXACT_CLASS_ROOT_OBSERVED,true,100,100,4,4,4,2026-10-16,2027-03-19,15,169,4e064554edfc0c5ee4f9dec9b15ace2d183c2558da33acd30b2533270c182150
PSCT,PSCT,OCC_ETF_NAME_CBOE_ABSENT,EU,SAME_AS_UNDERLYING,EXACT_CLASS_ROOT_OBSERVED,true,85,85,4,4,4,2026-10-16,2027-03-19,15,169,8969f097e83e0f7f2f822007a0ad4864b2077cbd4e53986deba69b7465f45059
PSI,PSI,CBOE_ETF,EU,SAME_AS_UNDERLYING,EXACT_CLASS_ROOT_OBSERVED,true,199,199,4,4,4,2026-10-16,2027-05-21,15,232,6816901a389688a40c7b73a98a954d10915a76e2e4de6c9a8e287f1d0badf539
PSIL,PSIL,OCC_ETF_NAME_CBOE_ABSENT,EU,SAME_AS_UNDERLYING,EXACT_CLASS_ROOT_OBSERVED,true,84,84,4,4,4,2026-10-16,2027-04-16,15,197,de3e0c50c7b684595f7d5bdcb9f8c5179af4bff64b4d0f27775096abd4bc451b
PSK,PSK,CBOE_ETF,EU,SAME_AS_UNDERLYING,EXACT_CLASS_ROOT_OBSERVED,true,76,76,4,4,4,2026-10-16,2027-04-16,15,197,a044e0c55d434728adde5d9b4ce4cc8c7f8dc9fc3b26eb1a856241e860a3f7a6
PSL,PSL,OCC_ETF_NAME_CBOE_ABSENT,EU,SAME_AS_UNDERLYING,EXACT_CLASS_ROOT_OBSERVED,true,77,77,4,4,4,2026-10-16,2027-03-19,15,169,a6334bb18b68e42ba6e0426441af41fff7259675bc066509a8aa4ce4a0c45694
PSP,PSP,CBOE_ETF,EU,SAME_AS_UNDERLYING,EXACT_CLASS_ROOT_OBSERVED,true,80,80,4,4,4,2026-10-16,2027-03-19,15,169,f28df8dc4eb72e5468513efaf859a3ac5ca38dc1081faec337eef5c9f45b2bf0
PSQ,PSQ,CBOE_ETF,EU,SAME_AS_UNDERLYING,EXACT_CLASS_ROOT_OBSERVED,true,84,84,4,4,4,2026-10-16,2027-04-16,15,197,550614ee7f0915136fc54932dcbd3f4f1d6c399173ac7b5f3c8e3078c8eb28f2
PST,PST,CBOE_ETF,EU,SAME_AS_UNDERLYING,EXACT_CLASS_ROOT_OBSERVED,true,80,80,4,4,4,2026-10-16,2027-04-16,15,197,5edbec5c369fd905b02332a806639c2b11c5eb7d1bfc12817e63fae2d7fe986a
PSWD,PSWD,OCC_ETF_NAME_CBOE_ABSENT,EU,SAME_AS_UNDERLYING,EXACT_CLASS_ROOT_OBSERVED,true,104,104,4,4,4,2026-10-16,2027-04-16,15,197,1f5ae6b7b1505618026fd3a09448bd3a1b1adcd38ea37c8b4b14b795ca4ee82c
PTBD,PTBD,CBOE_ETF,EU,SAME_AS_UNDERLYING,EXACT_CLASS_ROOT_OBSERVED,true,76,76,4,4,4,2026-10-16,2027-03-19,15,169,bcf309cc77bfd0e87531ad0aada10fc311c1bbaa1199f8a3421b5710a911cada
PTF,PTF,CBOE_ETF,EU,SAME_AS_UNDERLYING,EXACT_CLASS_ROOT_OBSERVED,true,187,187,4,4,4,2026-10-16,2027-03-19,15,169,4e41a3c4337496a5c57b46ba422b352ccb94ba582955b597d42deae5bae5413b
PTH,PTH,OCC_ETF_NAME_CBOE_ABSENT,EU,SAME_AS_UNDERLYING,EXACT_CLASS_ROOT_OBSERVED,true,84,84,4,4,4,2026-10-16,2027-03-19,15,169,0c23934ca6c16091668cab6f4c57b2bd9165776c4adec207d09185a45cd967b1
PTIN,PTIN,CBOE_ETF,EU,SAME_AS_UNDERLYING,EXACT_CLASS_ROOT_OBSERVED,true,76,76,4,4,4,2026-10-16,2027-05-21,15,232,8696e9ee1d1eafc206fcdd0a37e68db68957b3bc42a38e5ebf1ededde644c33d
PTIR,PTIR,CBOE_ETF,EU,SAME_AS_UNDERLYING,EXACT_CLASS_ROOT_OBSERVED,true,207,207,6,6,6,2026-10-16,2029-01-19,15,841,0a1939621ed4dcfe398acc3249aed74b5d9f90de77bd64bb1d125d4e056d950d
PTLC,PTLC,CBOE_ETF,EU,SAME_AS_UNDERLYING,EXACT_CLASS_ROOT_OBSERVED,true,77,77,4,4,4,2026-10-16,2027-03-19,15,169,8da3b6c687bb5e85ff2079493abcb9974357318d88c3fa4944168722de071efa
PTNQ,PTNQ,CBOE_ETF,EU,SAME_AS_UNDERLYING,EXACT_CLASS_ROOT_OBSERVED,true,83,83,4,4,4,2026-10-16,2027-03-19,15,169,9950571569ffe006e9a907dbf40ee051cc35b0f3b7e99ca69eb20787010ff477
PTNT,PTNT,CBOE_ETF,EU,SAME_AS_UNDERLYING,EXACT_CLASS_ROOT_OBSERVED,true,72,72,4,4,4,2026-10-16,2027-03-19,15,169,a944755b18b5505d664f70688a31b4438cb3ed4493505173c4dc70f4c4b00e61
PUI,PUI,OCC_ETF_NAME_CBOE_ABSENT,EU,SAME_AS_UNDERLYING,EXACT_CLASS_ROOT_OBSERVED,true,57,57,4,4,4,2026-10-16,2027-03-19,15,169,b6d45303bee0925e09be501eececdee4321f71534b9f62af4fe0ae9b4f67bced
PULS,PULS,OCC_ETF_NAME_CBOE_ABSENT,EU,SAME_AS_UNDERLYING,EXACT_CLASS_ROOT_OBSERVED,true,44,44,4,4,4,2026-10-16,2027-05-21,15,232,9ce24317a6060bb86a8e3544a4ff2379e819a4781128bec69a5f39a786b8bfa4
PWB,PWB,OCC_ETF_NAME_CBOE_ABSENT,EU,SAME_AS_UNDERLYING,EXACT_CLASS_ROOT_OBSERVED,true,160,160,4,4,4,2026-10-16,2027-03-19,15,169,dcea7476ec193177ee04d687006b6402a404f0d9a35231725b5fd228d5ee1646
PWRD,PWRD,CBOE_ETF,EU,SAME_AS_UNDERLYING,EXACT_CLASS_ROOT_OBSERVED,true,130,130,4,4,4,2026-10-16,2027-04-16,15,197,6fa068e8416b33e11d71856ef87cdb8f3e22df4911533c8ef7bc3ad5447019db
PWV,PWV,OCC_ETF_NAME_CBOE_ABSENT,EU,SAME_AS_UNDERLYING,EXACT_CLASS_ROOT_OBSERVED,true,111,111,4,4,4,2026-10-16,2027-05-21,15,232,662dcf8c841798ee03217594e9be548344551eb69ef951fb1d05bdc9311d6161
PWZ,PWZ,CBOE_ETF,EU,SAME_AS_UNDERLYING,EXACT_CLASS_ROOT_OBSERVED,true,76,76,4,4,4,2026-10-16,2027-04-16,15,197,15988e145b49bd76772d34c457036f6e6f826a7e7cf7dea64a551e8e07781b4e
PXE,PXE,CBOE_ETF,EU,SAME_AS_UNDERLYING,EXACT_CLASS_ROOT_OBSERVED,true,81,81,4,4,4,2026-10-16,2027-05-21,15,232,b6f8328091438ea44cd617bb7216afef507cef17a977ea406b03847ce850e1e1
PXF,PXF,OCC_ETF_NAME_CBOE_ABSENT,EU,SAME_AS_UNDERLYING,EXACT_CLASS_ROOT_OBSERVED,true,100,100,4,4,4,2026-10-16,2027-05-21,15,232,503c8f0f4e85fe6eb8a33a139fb741766ba73a0262388e3c0819a3b4886852f5
PXH,PXH,CBOE_ETF,EU,SAME_AS_UNDERLYING,EXACT_CLASS_ROOT_OBSERVED,true,76,76,4,4,4,2026-10-16,2027-05-21,15,232,c11b80e1a5ab19ff6a590895d95e8814792cc1f25004f48df1de780e2c9cabd8
PXI,PXI,OCC_ETF_NAME_CBOE_ABSENT,EU,SAME_AS_UNDERLYING,EXACT_CLASS_ROOT_OBSERVED,true,89,89,4,4,4,2026-10-16,2027-03-19,15,169,bad73adb1133e2e7dabbdebaaaa90483b1fb1b8b3da85eb6e8e032f569cc8a66
PXJ,PXJ,CBOE_ETF,EU,SAME_AS_UNDERLYING,EXACT_CLASS_ROOT_OBSERVED,true,84,84,4,4,4,2026-10-16,2027-03-19,15,169,9ca5dd348f08ce48bcdb7fed79bc31a93fbef21a3a39a2dd779880923e3126e0
PYPG,PYPG,CBOE_ETF,EU,SAME_AS_UNDERLYING,EXACT_CLASS_ROOT_OBSERVED,true,63,63,4,4,4,2026-10-16,2027-03-19,15,169,f0f80578fdc50625ab9fcc4660f25b8d1be4baa4015df17ba3fe6443f3140c2b
PYPY,PYPY,OCC_ETF_NAME_CBOE_ABSENT,EU,SAME_AS_UNDERLYING,EXACT_CLASS_ROOT_OBSERVED,true,49,49,4,4,4,2026-10-16,2027-04-16,15,197,7d3bb55decafd5918a166356534e2c52c1deee02ab8498fa2080e18063b71d3d
PYZ,PYZ,OCC_ETF_NAME_CBOE_ABSENT,EU,SAME_AS_UNDERLYING,EXACT_CLASS_ROOT_OBSERVED,true,99,99,4,4,4,2026-10-16,2027-03-19,15,169,140e3a6bee6dcce51b5b86731ea330d67983400a0b831f2e4843b9cd7b3c52cc
PZA,PZA,OCC_ETF_NAME_CBOE_ABSENT,EU,SAME_AS_UNDERLYING,EXACT_CLASS_ROOT_OBSERVED,true,68,68,4,4,4,2026-10-16,2027-04-16,15,197,651ced8df382909b19decddf3eda2c5607168088f0d31b02fae93d90da95099b
QABA,QABA,CBOE_ETF,EU,SAME_AS_UNDERLYING,EXACT_CLASS_ROOT_OBSERVED,true,82,82,4,4,4,2026-10-16,2027-04-16,15,197,d0f9566eb684e4745fe52dd941ceb7c2323deaf4322eefd6d6da8901861e0991
QAI,QAI,CBOE_ETF,EU,SAME_AS_UNDERLYING,EXACT_CLASS_ROOT_OBSERVED,true,76,76,4,4,4,2026-10-16,2027-03-19,15,169,ce07052ab17f52a1c7b67f98138bf81596cd6302cb369dacac3df2f22827083e
QBTX,QBTX,CBOE_ETF,EU,SAME_AS_UNDERLYING,EXACT_CLASS_ROOT_OBSERVED,true,68,68,4,4,4,2026-10-16,2027-03-19,15,169,d89747d28c838eb58181f8cae77aa7d40d92bc539bcb72955c3c43c6b8090e63
QBTX,QBTX1,CBOE_ETF,EU,NUMERIC_SUFFIX,EXACT_CLASS_ROOT_OBSERVED,true,85,85,4,4,4,2026-10-16,2027-03-19,15,169,d89747d28c838eb58181f8cae77aa7d40d92bc539bcb72955c3c43c6b8090e63
QBTZ,QBTZ,CBOE_ETF,EU,SAME_AS_UNDERLYING,EXACT_CLASS_ROOT_OBSERVED,true,115,115,4,4,4,2026-10-16,2027-03-19,15,169,33fc1140d1fa6529e88a020180e93ca358598e5c2d49d387ae1374cc3920f1dc
QBTZ,QBTZ1,CBOE_ETF,EU,NUMERIC_SUFFIX,UNDERLYING_QUERY_WITH_OPTIONS_CLASS_UNRESOLVED,false,0,0,0,0,0,,,,,33fc1140d1fa6529e88a020180e93ca358598e5c2d49d387ae1374cc3920f1dc
QBTZ,QBTZ2,CBOE_ETF,EU,NUMERIC_SUFFIX,EXACT_CLASS_ROOT_OBSERVED,true,48,48,3,3,3,2026-10-16,2027-03-19,15,169,33fc1140d1fa6529e88a020180e93ca358598e5c2d49d387ae1374cc3920f1dc
QCLN,QCLN,CBOE_ETF,EU,SAME_AS_UNDERLYING,EXACT_CLASS_ROOT_OBSERVED,true,89,89,4,4,4,2026-10-16,2027-03-19,15,169,6c850033bd2657aa2c3d6aa2864f4c9ec8f1eaea499af32293a51af9ccaf567b
QCML,QCML,CBOE_ETF,EU,SAME_AS_UNDERLYING,EXACT_CLASS_ROOT_OBSERVED,true,158,158,4,4,4,2026-10-16,2027-03-19,15,169,790fb914c1371118b56f23e869b224b088a6757f7010f7ee543b2a10811f996e
QDEF,QDEF,CBOE_ETF,EU,SAME_AS_UNDERLYING,EXACT_CLASS_ROOT_OBSERVED,true,78,78,4,4,4,2026-10-16,2027-04-16,15,197,a809984f09cfd29de6425be382d754305fa728ee7020c1fcc287a0cf88226c84
QDF,QDF,OCC_ETF_NAME_CBOE_ABSENT,EU,SAME_AS_UNDERLYING,EXACT_CLASS_ROOT_OBSERVED,true,57,57,4,4,4,2026-10-16,2027-05-21,15,232,e4ccc80fcede0ae46a643a4d078cd3bfcdbd68428516b59d086349b91439a447
QDIV,QDIV,CBOE_ETF,EU,SAME_AS_UNDERLYING,EXACT_CLASS_ROOT_OBSERVED,true,84,84,4,4,4,2026-10-16,2027-04-16,15,197,5c25272d5329512c7fb36fcd94618496589995dd4336071a5be19296981a6c1c
QDPL,QDPL,CBOE_ETF,EU,SAME_AS_UNDERLYING,EXACT_CLASS_ROOT_OBSERVED,true,76,76,4,4,4,2026-10-16,2027-05-21,15,232,b967c63ac0c2bc484393cee6ac57c1cd537444df91e6f1b09462dc6467396043
QDTE,QDTE,CBOE_ETF,EU,SAME_AS_UNDERLYING,EXACT_CLASS_ROOT_OBSERVED,true,84,84,4,4,4,2026-10-16,2027-03-19,15,169,065637b7ffd5559d9dc6b4dbeaa009de2ef9899f883e8cae00a8464b001e31e5
QDVO,QDVO,OCC_ETF_NAME_CBOE_ABSENT,EU,SAME_AS_UNDERLYING,EXACT_CLASS_ROOT_OBSERVED,true,84,84,4,4,4,2026-10-16,2027-03-19,15,169,8ec3fdef28f786761e60fbaa73bbe24083a781c1138d4ad7825044649c583201
QEFA,QEFA,OCC_ETF_NAME_CBOE_ABSENT,EU,SAME_AS_UNDERLYING,EXACT_CLASS_ROOT_OBSERVED,true,59,59,4,4,4,2026-10-16,2027-05-21,15,232,290b1994be8a1296e4c7107532ec895abf198ff4cf60c4150f276734c56894c4
QEMM,QEMM,OCC_ETF_NAME_CBOE_ABSENT,EU,SAME_AS_UNDERLYING,EXACT_CLASS_ROOT_OBSERVED,true,101,101,4,4,4,2026-10-16,2027-04-16,15,197,5b4fe9f48faa397b6e2484798cf23ae7e9155464595626611a8f81c3a644b5ec
QETH,QETH,CBOE_ETF,EU,SAME_AS_UNDERLYING,EXACT_CLASS_ROOT_OBSERVED,true,79,79,4,4,4,2026-10-16,2027-03-19,15,169,5b3e698c3c59e4c9dfc9b303e356e638b1a414647c598c4915d681b96d1fc13f
QGRO,QGRO,CBOE_ETF,EU,SAME_AS_UNDERLYING,EXACT_CLASS_ROOT_OBSERVED,true,98,98,4,4,4,2026-10-16,2027-03-19,15,169,91dca3827992665b03237bcb015d27c7e398d6649a55e65db0c429c336612d65
QGRW,QGRW,CBOE_ETF,EU,SAME_AS_UNDERLYING,EXACT_CLASS_ROOT_OBSERVED,true,101,101,4,4,4,2026-10-16,2027-03-19,15,169,02688c618210d1383a68963e47d4bdd557e300bf0a427de21bccd72e5606db62
QID,QID,CBOE_ETF,EU,SAME_AS_UNDERLYING,EXACT_CLASS_ROOT_OBSERVED,true,167,167,6,6,6,2026-10-16,2029-01-19,15,841,db0cc015561939463d0630ec130d346212c9bc802134e8a58f0db26dc5622eda
QLD,QLD,CBOE_ETF,EU,SAME_AS_UNDERLYING,EXACT_CLASS_ROOT_OBSERVED,true,345,345,6,6,6,2026-10-16,2029-01-19,15,841,1abd1b2aefbb6e9f0ba96366b1aa8ecf485f82a2ca1d0e1e16e33bf48176c78a
QMOM,QMOM,CBOE_ETF,EU,SAME_AS_UNDERLYING,EXACT_CLASS_ROOT_OBSERVED,true,104,104,4,4,4,2026-10-16,2027-04-16,15,197,bc880725cc86bbe882c923533f577a14f2239c69e77609fe9abd603673c76761
QNDX,QNDX,OCC_ETF_NAME_CBOE_ABSENT,EU,SAME_AS_UNDERLYING,EXACT_CLASS_ROOT_OBSERVED,true,148,148,10,10,10,2026-10-02,2027-03-19,1,169,b2a4062a4a906c64ac778bbb88d0b06963b19fd6b6500086b28943158f321d5c
QNTU,QNTU,CBOE_ETF,EU,SAME_AS_UNDERLYING,EXACT_CLASS_ROOT_OBSERVED,true,79,79,4,4,4,2026-10-16,2027-03-19,15,169,6b369f264936aa4a8449aa58bb0a672f467a738c5df96aaa1afab93fb64a2677
QNXT,QNXT,CBOE_ETF,EU,SAME_AS_UNDERLYING,EXACT_CLASS_ROOT_OBSERVED,true,84,84,4,4,4,2026-10-16,2027-03-19,15,169,4fb8e197e9624097108285eb2504becf0a04a2f3027630d956d2609b8d88c240
QPUX,QPUX,CBOE_ETF,EU,SAME_AS_UNDERLYING,EXACT_CLASS_ROOT_OBSERVED,true,135,135,4,4,4,2026-10-16,2027-05-21,15,232,22175e980bf770e403f45900d0e6ad0036c661d6051674ce44dbebadcf75e677
QPUX,QPUX1,CBOE_ETF,EU,NUMERIC_SUFFIX,EXACT_CLASS_ROOT_OBSERVED,true,14,14,1,1,1,2026-11-20,2026-11-20,50,50,22175e980bf770e403f45900d0e6ad0036c661d6051674ce44dbebadcf75e677
QPX,QPX,CBOE_ETF,EU,SAME_AS_UNDERLYING,EXACT_CLASS_ROOT_OBSERVED,true,77,77,4,4,4,2026-10-16,2027-05-21,15,232,a85a6aead54b81ca6984841e6e891a112d5909bb89efbb21383be6141d3ffe70
QQEW,QQEW,CBOE_ETF,EU,SAME_AS_UNDERLYING,EXACT_CLASS_ROOT_OBSERVED,true,168,168,4,4,4,2026-10-16,2027-04-16,15,197,5ba16da555bf064b4a5ef27808ea9dca8239c46f5711a05ae617a5c2c05dd66b
QQH,QQH,OCC_ETF_NAME_CBOE_ABSENT,EU,SAME_AS_UNDERLYING,EXACT_CLASS_ROOT_OBSERVED,true,78,78,4,4,4,2026-10-16,2027-04-16,15,197,c928f28fae2bc07750184a118c3471e6fc5cce79b6395dd861d640dfc82c8947
QQQ,QQQ,CBOE_ETF,EU,SAME_AS_UNDERLYING,EXACT_CLASS_ROOT_OBSERVED,true,5634,5634,33,33,33,2026-10-01,2029-01-19,0,841,a315ea9ecdbd0555891872b254057cebfdc8852bfca78ed4c49c8003b1f3883f
QQQA,QQQA,CBOE_ETF,EU,SAME_AS_UNDERLYING,EXACT_CLASS_ROOT_OBSERVED,true,97,97,4,4,4,2026-10-16,2027-03-19,15,169,d5c85861617c2217411329a78063e2b24ffe4f9c1cde1b6fa9dd41dbfe9d73e4
QQQE,QQQE,CBOE_ETF,EU,SAME_AS_UNDERLYING,EXACT_CLASS_ROOT_OBSERVED,true,150,150,4,4,4,2026-10-16,2027-03-19,15,169,1dcc586df878883da0046bc73cfeca8227087f0b665123f409682639d9c9fbcf
QQQH,QQQH,CBOE_ETF,EU,SAME_AS_UNDERLYING,EXACT_CLASS_ROOT_OBSERVED,true,76,76,4,4,4,2026-10-16,2027-03-19,15,169,b2fe5a513458ba16619a90779e3d3d28067b9ac0b928a9fc9f2c1e7da2c5c627
QQQI,QQQI,CBOE_ETF,EU,SAME_AS_UNDERLYING,EXACT_CLASS_ROOT_OBSERVED,true,148,148,6,6,6,2026-10-16,2029-01-19,15,841,9b2e9d2de9d88985dd018ef69b718286ce04b87137ef8888ad9b103d89bd9d0d
QQQJ,QQQJ,CBOE_ETF,EU,SAME_AS_UNDERLYING,EXACT_CLASS_ROOT_OBSERVED,true,85,85,4,4,4,2026-10-16,2027-03-19,15,169,1360da9f4b4e62ef6b93cfdb51ae97b0f67a522ec37b74ad484852710ce974e8
QQQM,QQQM,CBOE_ETF,EU,SAME_AS_UNDERLYING,EXACT_CLASS_ROOT_OBSERVED,true,646,646,11,11,11,2026-10-16,2029-01-19,15,841,59dc7b875be472641ff95f69f5c5e052b17b4781a5f1b28da97ef35b461114b3
QQQP,QQQP,CBOE_ETF,EU,SAME_AS_UNDERLYING,EXACT_CLASS_ROOT_OBSERVED,true,245,245,4,4,4,2026-10-16,2027-04-16,15,197,a8f0eace2b9e43e23f281e96e2dabb2e5a94075f61b95ab041bf81dde22d355e
QQQT,QQQT,OCC_ETF_NAME_CBOE_ABSENT,EU,SAME_AS_UNDERLYING,EXACT_CLASS_ROOT_OBSERVED,true,84,84,4,4,4,2026-10-16,2027-03-19,15,169,496e1f84c879a591f9b57fe8620cbfb0be5ba484f16aa51c98772ec6468bfaed
QQQY,QQQY,CBOE_ETF,EU,SAME_AS_UNDERLYING,EXACT_CLASS_ROOT_OBSERVED,true,84,84,4,4,4,2026-10-16,2027-03-19,15,169,088f8a446636947f12ff29ff47034503bb7fcf23287f948a164227db06f22f01
QRMI,QRMI,CBOE_ETF,EU,SAME_AS_UNDERLYING,EXACT_CLASS_ROOT_OBSERVED,true,76,76,4,4,4,2026-10-16,2027-04-16,15,197,6974d28f9b2f714e8a8d52bbbb24ab13d9135eed2b7a055f34fcda73bdf790e9
QTEC,QTEC,CBOE_ETF,EU,SAME_AS_UNDERLYING,EXACT_CLASS_ROOT_OBSERVED,true,224,224,4,4,4,2026-10-16,2027-04-16,15,197,80d1f704c18a364d76e6c904307bc21fc198991f460180dfb8a4be1f86226c87
QTOP,QTOP,CBOE_ETF,EU,SAME_AS_UNDERLYING,EXACT_CLASS_ROOT_OBSERVED,true,87,87,4,4,4,2026-10-16,2027-03-19,15,169,69c9a689862e1d941a1490e479584eccbdf111142fc7bca44928f38c2323eb15
QTUM,QTUM,CBOE_ETF,EU,SAME_AS_UNDERLYING,EXACT_CLASS_ROOT_OBSERVED,true,270,270,5,5,5,2026-10-16,2027-04-16,15,197,8e3d40afa4c7d13cb36859a14df0b149c4f2c8d502b8fbffa5decb9a95c2fd07
QUAL,QUAL,CBOE_ETF,EU,SAME_AS_UNDERLYING,EXACT_CLASS_ROOT_OBSERVED,true,124,124,4,4,4,2026-10-16,2027-04-16,15,197,e0763556e6f6a2e87525f3963b6bf1d2a0f21d884d01b86ea325d697b7eeaaf6
QUBX,QUBX,CBOE_ETF,EU,SAME_AS_UNDERLYING,EXACT_CLASS_ROOT_OBSERVED,true,72,72,4,4,4,2026-10-16,2027-03-19,15,169,cec01c3731c67ee84845811c2a5ea5efa734356a62e313d5ef489c3908a5c045
QUBX,QUBX1,CBOE_ETF,EU,NUMERIC_SUFFIX,EXACT_CLASS_ROOT_OBSERVED,true,67,67,4,4,4,2026-10-16,2027-03-19,15,169,cec01c3731c67ee84845811c2a5ea5efa734356a62e313d5ef489c3908a5c045
QUS,QUS,CBOE_ETF,EU,SAME_AS_UNDERLYING,EXACT_CLASS_ROOT_OBSERVED,true,108,108,4,4,4,2026-10-16,2027-04-16,15,197,9e4ab4dc23f393a5cc57dc05ed46cb82622d3fd97f9d3e94498b12e7d6776150
QVMT,QVMT,CBOE_ETF,EU,SAME_AS_UNDERLYING,EXACT_CLASS_ROOT_OBSERVED,true,78,78,4,4,4,2026-10-16,2027-03-19,15,169,c2381455336a7f8839bf9f4c686bb949cbe8a57677391c881a5cf45097ff7178
QYLD,QYLD,CBOE_ETF,EU,SAME_AS_UNDERLYING,EXACT_CLASS_ROOT_OBSERVED,true,84,84,4,4,4,2026-10-16,2027-05-21,15,232,8c30a238b4634984d0ba9f07f7e8a8aafd4bc22f65c4e0bd25d59e9400b8ae28
QYLG,QYLG,CBOE_ETF,EU,SAME_AS_UNDERLYING,EXACT_CLASS_ROOT_OBSERVED,true,85,85,4,4,4,2026-10-16,2027-04-16,15,197,dbd497097f67dcf1a244f5999605195e2238bf001449d0ae341a3875fb2062a0
RAAA,RAAA,OCC_ETF_NAME_CBOE_ABSENT,EU,SAME_AS_UNDERLYING,EXACT_CLASS_ROOT_OBSERVED,true,74,74,4,4,4,2026-10-16,2027-03-19,15,169,54e052f14aed5c285141da1724dc0a9ce4c084ad1df915a4235dfaa1b7da71c1
RAAR,RAAR,OCC_ETF_NAME_CBOE_ABSENT,EU,SAME_AS_UNDERLYING,EXACT_CLASS_ROOT_OBSERVED,true,95,95,4,4,4,2026-10-16,2027-03-19,15,169,666d0641a66b18cba7e8fba49b8b9ce5f00c513aa99c8f7fa76c31a13fac25c8
RAAX,RAAX,CBOE_ETF,EU,SAME_AS_UNDERLYING,EXACT_CLASS_ROOT_OBSERVED,true,76,76,4,4,4,2026-10-16,2027-04-16,15,197,d391e92e1bbc2f1c1daeb0443030bbc6f9f1920642d2e02c132997f03f90b977
RAAY,RAAY,OCC_ETF_NAME_CBOE_ABSENT,EU,SAME_AS_UNDERLYING,EXACT_CLASS_ROOT_OBSERVED,true,116,116,4,4,4,2026-10-16,2027-03-19,15,169,0b31cc2d4146592706cbadde6a1ee6cfa7aa84e6a1394dd66dd2810f14b0e320
RAM,RAM,CBOE_ETF,EU,SAME_AS_UNDERLYING,EXACT_CLASS_ROOT_OBSERVED,true,171,171,6,6,6,2026-10-16,2029-01-19,15,841,5c44cabbb852df94adaec625196b4b59b50d965dd008afb21cfce17429f3f22c
RAML,RAML,OCC_ETF_NAME_CBOE_ABSENT,EU,SAME_AS_UNDERLYING,EXACT_CLASS_ROOT_OBSERVED,true,87,87,4,4,4,2026-10-16,2027-03-19,15,169,9c32615cf325054baa0fec2fc2633f48830a8ab9610f6e98785a4aa1dd7b6c7b
RAMZ,RAMZ,CBOE_ETF,EU,SAME_AS_UNDERLYING,EXACT_CLASS_ROOT_OBSERVED,true,114,114,4,4,4,2026-10-16,2027-03-19,15,169,31d06d7d816fb205a2c942d74c9de8cb89b814e723323d8ac13e0e05574cd563
RBLD,RBLD,OCC_ETF_NAME_CBOE_ABSENT,EU,SAME_AS_UNDERLYING,EXACT_CLASS_ROOT_OBSERVED,true,101,101,4,4,4,2026-10-16,2027-04-16,15,197,baf3c57a89b2bcc3ede178144356ab32014b675af9bf08965e83f68ba2e16179
RBLU,RBLU,CBOE_ETF,EU,SAME_AS_UNDERLYING,EXACT_CLASS_ROOT_OBSERVED,true,60,60,4,4,4,2026-10-16,2027-03-19,15,169,d4c782ad21f16b4ce43f29232cfde760cec84616da96df3c2f3a7d766280a284
RBLY,RBLY,CBOE_ETF,EU,SAME_AS_UNDERLYING,EXACT_CLASS_ROOT_OBSERVED,true,78,78,4,4,4,2026-10-16,2027-03-19,15,169,4b70908cdb0e90f0ffec69ca6fc0629eb8e92a1ded8fb3beeb30d6b2c2f3e73e
RCLO,RCLO,OCC_ETF_NAME_CBOE_ABSENT,EU,SAME_AS_UNDERLYING,EXACT_CLASS_ROOT_OBSERVED,true,74,74,4,4,4,2026-10-16,2027-03-19,15,169,05ee77ffd8e10945ad16dfa7eeb2d07090b77936a6095baa4dd168bc8d5cbe0c
RCLR,RCLR,OCC_ETF_NAME_CBOE_ABSENT,EU,SAME_AS_UNDERLYING,EXACT_CLASS_ROOT_OBSERVED,true,95,95,4,4,4,2026-10-16,2027-03-19,15,169,8fd39ab5a057d0ce54a8b4a973309acafb8c9faf86778dc6d16bd7506703de00
RCLY,RCLY,OCC_ETF_NAME_CBOE_ABSENT,EU,SAME_AS_UNDERLYING,EXACT_CLASS_ROOT_OBSERVED,true,127,127,4,4,4,2026-10-16,2027-03-19,15,169,155438d0d7cd7c122a9d3f9baf40e2a1e97ada8ffe04217dcf8f97b723569949
RDIV,RDIV,OCC_ETF_NAME_CBOE_ABSENT,EU,SAME_AS_UNDERLYING,EXACT_CLASS_ROOT_OBSERVED,true,100,100,4,4,4,2026-10-16,2027-05-21,15,232,b13c6dfa1fda7128551a8ec18f215c3a1505678c10ac25fc467eadb801b74d6b
RDTE,RDTE,CBOE_ETF,EU,SAME_AS_UNDERLYING,EXACT_CLASS_ROOT_OBSERVED,true,76,76,4,4,4,2026-10-16,2027-03-19,15,169,eb65a524380a53c8bf77756e7efbf13e9fc9080f0c058192580637cb47018dbe
RDTL,RDTL,CBOE_ETF,EU,SAME_AS_UNDERLYING,EXACT_CLASS_ROOT_OBSERVED,true,120,120,4,4,4,2026-10-16,2027-03-19,15,169,9795ce345e85056ded50176f18f41ccbf1a78a1bad7c5e8247a9405c2585d9f1
RDVI,RDVI,CBOE_ETF,EU,SAME_AS_UNDERLYING,EXACT_CLASS_ROOT_OBSERVED,true,76,76,4,4,4,2026-10-16,2027-03-19,15,169,61c90caebf21aae321523a9b0eb7d92053b6ea9be7481ac9952fdf6f740e8d2f
RDVY,RDVY,OCC_ETF_NAME_CBOE_ABSENT,EU,SAME_AS_UNDERLYING,EXACT_CLASS_ROOT_OBSERVED,true,72,72,4,4,4,2026-10-16,2027-04-16,15,197,c959d8e1a53780dbe9d326fd186815c947b9164a30859ff9f0b5a2c3393e1bb8
RDWU,RDWU,CBOE_ETF,EU,SAME_AS_UNDERLYING,EXACT_CLASS_ROOT_OBSERVED,true,85,85,4,4,4,2026-10-16,2027-03-19,15,169,64e19aab853b0a78164229f4660947ac43fabf6573e62f223a75a4313ec5c588
REAI,REAI,OCC_ETF_NAME_CBOE_ABSENT,EU,SAME_AS_UNDERLYING,EXACT_CLASS_ROOT_OBSERVED,true,44,44,4,4,4,2026-10-16,2027-04-16,15,197,cf57ebf4278109700afe3b35e0a76126edf8c16977c6e34223fe106c7ac56c91
REET,REET,CBOE_ETF,EU,SAME_AS_UNDERLYING,EXACT_CLASS_ROOT_OBSERVED,true,76,76,4,4,4,2026-10-16,2027-03-19,15,169,5de1f29251b5080736e69ffd140ec27782d06bdb390cc127ecefe8e4766edfab
REGL,REGL,CBOE_ETF,EU,SAME_AS_UNDERLYING,EXACT_CLASS_ROOT_OBSERVED,true,83,83,4,4,4,2026-10-16,2027-04-16,15,197,a8d94ea770ea3fd005705e5d91e604d4274aaa569ce7d36bedde4d7e08a27d29
REK,REK,CBOE_ETF,EU,SAME_AS_UNDERLYING,EXACT_CLASS_ROOT_OBSERVED,true,76,76,4,4,4,2026-10-16,2027-04-16,15,197,b1c7650a5e0cdd248f24a3d3fb81ad53f2745df3c8a0d8b47acccc3bbb2c25b7
REM,REM,CBOE_ETF,EU,SAME_AS_UNDERLYING,EXACT_CLASS_ROOT_OBSERVED,true,83,83,4,4,4,2026-10-16,2027-04-16,15,197,8389f918718c1dfea934a9dd77b391a485d719cabe743e1968d781cd81442c7f
REMX,REMX,CBOE_ETF,EU,SAME_AS_UNDERLYING,EXACT_CLASS_ROOT_OBSERVED,true,178,178,5,5,5,2026-10-16,2027-05-21,15,232,88b57282c589f8b4cbd8b18111f68c76a596852f3f38f8726110aee609fffc16
RETL,RETL,CBOE_ETF,EU,SAME_AS_UNDERLYING,EXACT_CLASS_ROOT_OBSERVED,true,73,73,4,4,4,2026-10-16,2027-03-19,15,169,ce71018b35a3eeaf1ae7b41525154ae14cd156ec84f605c97d89946b9afaae23
REW,REW,CBOE_ETF,EU,SAME_AS_UNDERLYING,EXACT_CLASS_ROOT_OBSERVED,true,78,78,4,4,4,2026-10-16,2027-03-19,15,169,28c256ddf28c22a563032ab35b38e1ea576c97d419e80b759a12a604053c6f03
REW,REW2,CBOE_ETF,EU,NUMERIC_SUFFIX,EXACT_CLASS_ROOT_OBSERVED,true,19,19,1,1,1,2026-12-18,2026-12-18,78,78,28c256ddf28c22a563032ab35b38e1ea576c97d419e80b759a12a604053c6f03
REZ,REZ,CBOE_ETF,EU,SAME_AS_UNDERLYING,EXACT_CLASS_ROOT_OBSERVED,true,81,81,4,4,4,2026-10-16,2027-04-16,15,197,87546426325c61f8c00c8c52d335445e81ffa3d581bfe4f0f0f76341870d0142
RFV,RFV,CBOE_ETF,EU,SAME_AS_UNDERLYING,EXACT_CLASS_ROOT_OBSERVED,true,98,98,4,4,4,2026-10-16,2027-03-19,15,169,82600146efe16610099a4f2bbd273cd39bec744f073db6651cd00279ab810f1f
RGTU,RGTU,CBOE_ETF,EU,SAME_AS_UNDERLYING,EXACT_CLASS_ROOT_OBSERVED,true,119,119,4,4,4,2026-10-16,2027-03-19,15,169,2f06976d7ba707119fda4b99be78fef19f66e374aee6aae639ad1821d4d7ecfd
RGTU,RGTU1,CBOE_ETF,EU,NUMERIC_SUFFIX,UNDERLYING_QUERY_WITH_OPTIONS_CLASS_UNRESOLVED,false,0,0,0,0,0,,,,,2f06976d7ba707119fda4b99be78fef19f66e374aee6aae639ad1821d4d7ecfd
RGTX,RGTX,CBOE_ETF,EU,SAME_AS_UNDERLYING,EXACT_CLASS_ROOT_OBSERVED,true,125,125,4,4,4,2026-10-16,2027-03-19,15,169,9ceec72c972cf2bd926d4ae1b30b84387f04aa3ed9f6deab8b6724ea6ed659cc
RGTX,RGTX1,CBOE_ETF,EU,NUMERIC_SUFFIX,UNDERLYING_QUERY_WITH_OPTIONS_CLASS_UNRESOLVED,false,0,0,0,0,0,,,,,9ceec72c972cf2bd926d4ae1b30b84387f04aa3ed9f6deab8b6724ea6ed659cc
RGTZ,RGTZ,CBOE_ETF,EU,SAME_AS_UNDERLYING,EXACT_CLASS_ROOT_OBSERVED,true,106,106,6,6,6,2026-10-16,2028-01-21,15,477,9bf70d14bd922ee682dabe3692c8d4656dd42d447b3e9fa0f0f4fc40e1f5ad04
RGTZ,RGTZ1,CBOE_ETF,EU,NUMERIC_SUFFIX,EXACT_CLASS_ROOT_OBSERVED,true,124,124,5,5,5,2026-10-16,2028-01-21,15,477,9bf70d14bd922ee682dabe3692c8d4656dd42d447b3e9fa0f0f4fc40e1f5ad04
RIET,RIET,CBOE_ETF,EU,SAME_AS_UNDERLYING,EXACT_CLASS_ROOT_OBSERVED,true,75,75,4,4,4,2026-10-16,2027-04-16,15,197,392f535c46a93cbbc4170c1bf1f02591ba8e33e256aac8930e2693fdb245f5d9
RINF,RINF,OCC_ETF_NAME_CBOE_ABSENT,EU,SAME_AS_UNDERLYING,EXACT_CLASS_ROOT_OBSERVED,true,84,84,4,4,4,2026-10-16,2027-05-21,15,232,cf80b93f620d9c8eda2378c02e67c8016dff2290925706a47fd7cbf9dbc6fead
RING,RING,CBOE_ETF,EU,SAME_AS_UNDERLYING,EXACT_CLASS_ROOT_OBSERVED,true,195,195,4,4,4,2026-10-16,2027-04-16,15,197,eac88ba99c696955d44d12603873b29b9df7a9d836e3e45b6a689d1c7dd7359a
RIOX,RIOX,CBOE_ETF,EU,SAME_AS_UNDERLYING,EXACT_CLASS_ROOT_OBSERVED,true,183,183,4,4,4,2026-10-16,2027-05-21,15,232,db6a11e833855028a1cf19f51ff44dfddbc9275b77cba57b24b2829370ecbad9
RKLX,RKLX,CBOE_ETF,EU,SAME_AS_UNDERLYING,EXACT_CLASS_ROOT_OBSERVED,true,542,542,9,9,9,2026-10-16,2029-01-19,15,841,ba368211f3ed8b8e0e4a514b797c83e325ead3b14978c217303af4ef23c04533
RKLZ,RKLZ,OCC_ETF_NAME_CBOE_ABSENT,EU,SAME_AS_UNDERLYING,EXACT_CLASS_ROOT_OBSERVED,true,88,88,4,4,4,2026-10-16,2027-05-21,15,232,62f4bba74f57a740caa9088344460181a75b084c23af8929574f33e408a10d06
RKLZ,RKLZ1,OCC_ETF_NAME_CBOE_ABSENT,EU,NUMERIC_SUFFIX,EXACT_CLASS_ROOT_OBSERVED,true,23,23,3,3,3,2026-10-16,2027-02-19,15,141,62f4bba74f57a740caa9088344460181a75b084c23af8929574f33e408a10d06
RLY,RLY,CBOE_ETF,EU,SAME_AS_UNDERLYING,EXACT_CLASS_ROOT_OBSERVED,true,76,76,4,4,4,2026-10-16,2027-04-16,15,197,79c7cd17ba430fe19f8be41669d86d39c734dfb47a93203283151ec410dbcf17
RMBX,RMBX,CBOE_ETF,EU,SAME_AS_UNDERLYING,EXACT_CLASS_ROOT_OBSERVED,true,81,81,4,4,4,2026-10-16,2027-03-19,15,169,d692ba03dff672ce0e1b4073a22833cbdf9e3c4e98f8ed97e688be7be04576e7
ROBN,ROBN,CBOE_ETF,EU,SAME_AS_UNDERLYING,EXACT_CLASS_ROOT_OBSERVED,true,418,418,7,7,7,2026-10-16,2029-01-19,15,841,ba830030f8efd3d273ddb31658e2e01aadc6665ea98b1f41ab908522594941a4
ROBO,ROBO,CBOE_ETF,EU,SAME_AS_UNDERLYING,EXACT_CLASS_ROOT_OBSERVED,true,136,136,5,5,5,2026-10-16,2027-03-19,15,169,e9df05742d4146736f6dc76ebb244581a41c94c54964811315042cc5bba956b5
ROBT,ROBT,CBOE_ETF,EU,SAME_AS_UNDERLYING,EXACT_CLASS_ROOT_OBSERVED,true,82,82,4,4,4,2026-10-16,2027-05-21,15,232,64feff2c270b0a4f3b4946ca2f22397f6f87f908d2ef51d9190a5f955e018e11
RODM,RODM,CBOE_ETF,EU,SAME_AS_UNDERLYING,EXACT_CLASS_ROOT_OBSERVED,true,76,76,4,4,4,2026-10-16,2027-03-19,15,169,991639b442b8a10c4a08531708a2480594deb91911253d98a0281023d7586b4c
ROE,ROE,CBOE_ETF,EU,SAME_AS_UNDERLYING,EXACT_CLASS_ROOT_OBSERVED,true,84,84,4,4,4,2026-10-16,2027-03-19,15,169,bfd6d4821cb2fcaf2bf4c417d77850a810fd5c8a75d52649daa05296d2cd974b
ROKT,ROKT,OCC_ETF_NAME_CBOE_ABSENT,EU,SAME_AS_UNDERLYING,EXACT_CLASS_ROOT_OBSERVED,true,132,132,4,4,4,2026-10-16,2027-04-16,15,197,7699c43beedfa2099dcd0a9f048a863374d1da6b2ef27f9c81e5f1b6928b7d7e
ROM,ROM,CBOE_ETF,EU,SAME_AS_UNDERLYING,EXACT_CLASS_ROOT_OBSERVED,true,219,219,4,4,4,2026-10-16,2027-05-21,15,232,08f1b3bb5a0802a06be4d000dfd32ed1888efd6589f79221f5c1ae5c16e75305
RPAR,RPAR,CBOE_ETF,EU,SAME_AS_UNDERLYING,EXACT_CLASS_ROOT_OBSERVED,true,76,76,4,4,4,2026-10-16,2027-03-19,15,169,a297667abe56684f35e37ef30a200a9d903f90533742b272126e078799948e92
RPG,RPG,OCC_ETF_NAME_CBOE_ABSENT,EU,SAME_AS_UNDERLYING,EXACT_CLASS_ROOT_OBSERVED,true,66,66,4,4,4,2026-10-16,2027-04-16,15,197,229562bd3e9467d17b2e609422bdd90b2ab3bb45078afe99f056a4949819850d
RPV,RPV,CBOE_ETF,EU,SAME_AS_UNDERLYING,EXACT_CLASS_ROOT_OBSERVED,true,97,97,4,4,4,2026-10-16,2027-03-19,15,169,8a803a32ec19234ce1158aed7ccad33d80fbae5f065c18099a26d995dd8e886d
RSP,RSP,CBOE_ETF,EU,SAME_AS_UNDERLYING,EXACT_CLASS_ROOT_OBSERVED,true,775,775,17,17,17,2026-10-02,2029-01-19,1,841,5edf1dba8ae3b0ac95521c93c9a5fc7b24d8cf866f10e020395f1010d4931d5a
RSPC,RSPC,OCC_ETF_NAME_CBOE_ABSENT,EU,SAME_AS_UNDERLYING,EXACT_CLASS_ROOT_OBSERVED,true,84,84,4,4,4,2026-10-16,2027-04-16,15,197,7f65f50a34085829f5437e0c8166ccd7431a6533642c90c18bce4b321b4eac64
RSPD,RSPD,CBOE_ETF,EU,SAME_AS_UNDERLYING,EXACT_CLASS_ROOT_OBSERVED,true,76,76,4,4,4,2026-10-16,2027-05-21,15,232,0f6271b4267436362863a398abba53006de616cdb891f34a8c1eaf6d668442c5
RSPF,RSPF,CBOE_ETF,EU,SAME_AS_UNDERLYING,EXACT_CLASS_ROOT_OBSERVED,true,81,81,4,4,4,2026-10-16,2027-03-19,15,169,86fa2286d5e364f2338f7b28ee5abdc01ea26b6f8ff89a64a3f8021735004885
RSPG,RSPG,CBOE_ETF,EU,SAME_AS_UNDERLYING,EXACT_CLASS_ROOT_OBSERVED,true,116,116,4,4,4,2026-10-16,2027-03-19,15,169,5bac2f44ce0dac5fc404f786a621beb526b8ddd7740c35e1a9496c9b6f40fcad
RSPH,RSPH,CBOE_ETF,EU,SAME_AS_UNDERLYING,EXACT_CLASS_ROOT_OBSERVED,true,78,78,4,4,4,2026-10-16,2027-04-16,15,197,f25fb8631896a9fda7c3cdc3e69406ec8b3d269aa6edfbbb08fafffea06e8ea8
RSPM,RSPM,CBOE_ETF,EU,SAME_AS_UNDERLYING,EXACT_CLASS_ROOT_OBSERVED,true,76,76,4,4,4,2026-10-16,2027-03-19,15,169,bb80497e467d7556fa1ea08e16997c428b51682648ede6c8f962ccbae16411f0
RSPN,RSPN,CBOE_ETF,EU,SAME_AS_UNDERLYING,EXACT_CLASS_ROOT_OBSERVED,true,76,76,4,4,4,2026-10-16,2027-03-19,15,169,df4470971c8b7c9f7804648cb80068aa3d2c67fa233c0fb1166d844d99682bdd
RSPR,RSPR,CBOE_ETF,EU,SAME_AS_UNDERLYING,EXACT_CLASS_ROOT_OBSERVED,true,76,76,4,4,4,2026-10-16,2027-03-19,15,169,c6a1150e9606b03db6617a77dcba7573a6a14a892c93b1b5ab7470375a379bc6
RSPS,RSPS,OCC_ETF_NAME_CBOE_ABSENT,EU,SAME_AS_UNDERLYING,EXACT_CLASS_ROOT_OBSERVED,true,74,74,4,4,4,2026-10-16,2027-04-16,15,197,a64bd21e72e9e9603260d830ff514c05a49dadab09a8d52e868a14dd5d5a7d1a
RSPT,RSPT,CBOE_ETF,EU,SAME_AS_UNDERLYING,EXACT_CLASS_ROOT_OBSERVED,true,88,88,4,4,4,2026-10-16,2027-03-19,15,169,314f375c37897e11f2df44b6811d9fdee3555c51bc81c59aebdf91163c351292
RSPU,RSPU,OCC_ETF_NAME_CBOE_ABSENT,EU,SAME_AS_UNDERLYING,EXACT_CLASS_ROOT_OBSERVED,true,96,96,4,4,4,2026-10-16,2027-03-19,15,169,75316a4e35fa6129151290b171202d5462b15ff34d71f3c8aca08a2597ec78a0
RSSB,RSSB,CBOE_ETF,EU,SAME_AS_UNDERLYING,EXACT_CLASS_ROOT_OBSERVED,true,76,76,4,4,4,2026-10-16,2027-03-19,15,169,b7f0bd6daca09d41fec2ca7975a91ae23836dbdf7fab7638d25482fb816762e8
RSSL,RSSL,OCC_ETF_NAME_CBOE_ABSENT,EU,SAME_AS_UNDERLYING,EXACT_CLASS_ROOT_OBSERVED,true,87,87,4,4,4,2026-10-16,2027-05-21,15,232,8839a1e66434235549e6b167796a827f28de650b7b2dd5cf64738e5469d33b43
RSST,RSST,CBOE_ETF,EU,SAME_AS_UNDERLYING,EXACT_CLASS_ROOT_OBSERVED,true,80,80,4,4,4,2026-10-16,2027-03-19,15,169,e6d6b5ec686b327653027edab48ccfb4ced1715f1d4d4aadaa149227e27fe84b
RTH,RTH,CBOE_ETF,EU,SAME_AS_UNDERLYING,EXACT_CLASS_ROOT_OBSERVED,true,100,100,4,4,4,2026-10-16,2027-03-19,15,169,a66bfa4f42b24b87d64024454fe6b83c2c06d46e77f46aaff2047587ea1dcab5
RUNN,RUNN,OCC_ETF_NAME_CBOE_ABSENT,EU,SAME_AS_UNDERLYING,EXACT_CLASS_ROOT_OBSERVED,true,84,84,4,4,4,2026-10-16,2027-03-19,15,169,0254e2ee0412e6b4031a5bec8eb86637296bfc5230e5754eb648d137524d7a61
RWJ,RWJ,CBOE_ETF,EU,SAME_AS_UNDERLYING,EXACT_CLASS_ROOT_OBSERVED,true,82,82,4,4,4,2026-10-16,2027-04-16,15,197,bdf557a6000e488d6ce2b1326af7391c22f7351bf5c08fe9eea7c4f4809a9e30
RWK,RWK,CBOE_ETF,EU,SAME_AS_UNDERLYING,EXACT_CLASS_ROOT_OBSERVED,true,105,105,4,4,4,2026-10-16,2027-04-16,15,197,393795ea9616fad6f25cdf72da6dbac549d7a74f38df947b9139ceeb2fa0ae42
RWL,RWL,CBOE_ETF,EU,SAME_AS_UNDERLYING,EXACT_CLASS_ROOT_OBSERVED,true,99,99,4,4,4,2026-10-16,2027-03-19,15,169,51fd4a18297ad6708a9d77ab91d7666d0eba60edb181aac38244fce2320a01b4
RWM,RWM,CBOE_ETF,EU,SAME_AS_UNDERLYING,EXACT_CLASS_ROOT_OBSERVED,true,86,86,4,4,4,2026-10-16,2027-04-16,15,197,d0409d6b70035c50678b3ab857101bbcf24e8bd073ed16f0bbf1d80adeb03aef
RWR,RWR,CBOE_ETF,EU,SAME_AS_UNDERLYING,EXACT_CLASS_ROOT_OBSERVED,true,111,111,4,4,4,2026-10-16,2027-04-16,15,197,33c9e6aed048b6a17a1b77df9dd3a46e3cb877d5bda645c4b416813191865d00
RWX,RWX,CBOE_ETF,EU,SAME_AS_UNDERLYING,EXACT_CLASS_ROOT_OBSERVED,true,76,76,4,4,4,2026-10-16,2027-04-16,15,197,a48afbed90d08b78820f0af0ebf84c6e922f898f1f4e7facb563f0de0fc6d397
RXD,RXD,CBOE_ETF,EU,SAME_AS_UNDERLYING,EXACT_CLASS_ROOT_OBSERVED,true,68,68,4,4,4,2026-10-16,2027-04-16,15,197,dd14870bf3e3d13cd9066957068bf5800f7a172e3905e59f03bfffc1d5ef2fb7
RXD,RXD1,CBOE_ETF,EU,NUMERIC_SUFFIX,EXACT_CLASS_ROOT_OBSERVED,true,36,36,2,2,2,2026-10-16,2027-01-15,15,106,dd14870bf3e3d13cd9066957068bf5800f7a172e3905e59f03bfffc1d5ef2fb7
RXI,RXI,OCC_ETF_NAME_CBOE_ABSENT,EU,SAME_AS_UNDERLYING,EXACT_CLASS_ROOT_OBSERVED,true,141,141,4,4,4,2026-10-16,2027-04-16,15,197,b39ed688814d1e121164ec93b2c3abfbae34fb114c8fc02a9e3eaae727eaf752
RXL,RXL,CBOE_ETF,EU,SAME_AS_UNDERLYING,EXACT_CLASS_ROOT_OBSERVED,true,97,97,4,4,4,2026-10-16,2027-04-16,15,197,2ca68bc016e51781228d406cd6c5585cc513453315d3c4affa416941dff5fbdc
RYLD,RYLD,CBOE_ETF,EU,SAME_AS_UNDERLYING,EXACT_CLASS_ROOT_OBSERVED,true,84,84,4,4,4,2026-10-16,2027-03-19,15,169,fc06e1ab45d2c2a99c5bb545904b429880b16be4754407df3890efa6051f331a
RYLG,RYLG,CBOE_ETF,EU,SAME_AS_UNDERLYING,EXACT_CLASS_ROOT_OBSERVED,true,76,76,4,4,4,2026-10-16,2027-04-16,15,197,0c48d258a47f25b544068f97616c8a1ac85eb5076bebf9b95be29a1e51cc6faf
RZG,RZG,CBOE_ETF,EU,SAME_AS_UNDERLYING,EXACT_CLASS_ROOT_OBSERVED,true,87,87,4,4,4,2026-10-16,2027-05-21,15,232,af00b6d7a7e80c4848300b8c86156afda216dd8f9dba0223c73e58b818a266fd
RZV,RZV,CBOE_ETF,EU,SAME_AS_UNDERLYING,EXACT_CLASS_ROOT_OBSERVED,true,133,133,4,4,4,2026-10-16,2027-03-19,15,169,38ab8ecca2fccc82be218ff09b73dd3c4179833c4874b39b62a012843202f08c
SAA,SAA,CBOE_ETF,EU,SAME_AS_UNDERLYING,EXACT_CLASS_ROOT_OBSERVED,true,83,83,4,4,4,2026-10-16,2027-03-19,15,169,635e94deb56f90bec06861df8f4c53cf3996cff7020b0386790ecacb80ac175d
SARK,SARK,CBOE_ETF,EU,SAME_AS_UNDERLYING,EXACT_CLASS_ROOT_OBSERVED,true,88,88,4,4,4,2026-10-16,2027-03-19,15,169,d4d9967ffad52cea24f4fc939a2a9105317fe6a2c00bb11a8b935e2360f3c013
SATO,SATO,CBOE_ETF,EU,SAME_AS_UNDERLYING,EXACT_CLASS_ROOT_OBSERVED,true,76,76,4,4,4,2026-10-16,2027-04-16,15,197,bd96182d06472c61b0002e85e916a7b848acbcf86bd961a016386a93da9c20fe
SBB,SBB,CBOE_ETF,EU,SAME_AS_UNDERLYING,EXACT_CLASS_ROOT_OBSERVED,true,74,74,4,4,4,2026-10-16,2027-05-21,15,232,412300a24fa23b0e92b199799fd8c5b3ad143fc09fe0c3d252196561bc5896a2
SBB,SBB1,CBOE_ETF,EU,NUMERIC_SUFFIX,EXACT_CLASS_ROOT_OBSERVED,true,21,21,1,1,1,2026-11-20,2026-11-20,50,50,412300a24fa23b0e92b199799fd8c5b3ad143fc09fe0c3d252196561bc5896a2
SBIO,SBIO,CBOE_ETF,EU,SAME_AS_UNDERLYING,EXACT_CLASS_ROOT_OBSERVED,true,111,111,4,4,4,2026-10-16,2027-04-16,15,197,93541f74c09a90c8673bfc0501312341494c22c59c4f108ac2929deb99a203ab
SBIT,SBIT,CBOE_ETF,EU,SAME_AS_UNDERLYING,EXACT_CLASS_ROOT_OBSERVED,true,137,137,4,4,4,2026-10-16,2027-05-21,15,232,a4e06b0357e74519543d5e14a3264756d8105807e35b09ab93af92917d7af29e
SBTU,SBTU,CBOE_ETF,EU,SAME_AS_UNDERLYING,EXACT_CLASS_ROOT_OBSERVED,true,103,103,4,4,4,2026-10-16,2027-03-19,15,169,ffbec6c5fa65edae7ea1ece53ebfb68e0a6e58a61c3a8049a9d13a872a351dd4
SBTU,SBTU1,CBOE_ETF,EU,NUMERIC_SUFFIX,EXACT_CLASS_ROOT_OBSERVED,true,20,20,3,3,3,2026-10-16,2027-03-19,15,169,ffbec6c5fa65edae7ea1ece53ebfb68e0a6e58a61c3a8049a9d13a872a351dd4
SCHA,SCHA,CBOE_ETF,EU,SAME_AS_UNDERLYING,EXACT_CLASS_ROOT_OBSERVED,true,78,78,4,4,4,2026-10-16,2027-04-16,15,197,00c00eecb275a52e287565cf694534de1544073a343bef1f18eecb2e63b914f9
SCHB,SCHB,CBOE_ETF,EU,SAME_AS_UNDERLYING,EXACT_CLASS_ROOT_OBSERVED,true,76,76,4,4,4,2026-10-16,2027-04-16,15,197,d4f247ff5b9f815c200c59295cf412ee998eeb156aa27a19f8d9110b3f44d58f
SCHC,SCHC,CBOE_ETF,EU,SAME_AS_UNDERLYING,EXACT_CLASS_ROOT_OBSERVED,true,76,76,4,4,4,2026-10-16,2027-03-19,15,169,90f2934ad14279c9e8763cd44effab91c02740e1c706ea454df6d43464dd237a
SCHD,SCHD,CBOE_ETF,EU,SAME_AS_UNDERLYING,EXACT_CLASS_ROOT_OBSERVED,true,333,333,12,12,12,2026-10-02,2029-01-19,1,841,796db71fd55b96aefdea674a7761e8c5743cf3b2a11074289a16a2153b13a177
SCHE,SCHE,CBOE_ETF,EU,SAME_AS_UNDERLYING,EXACT_CLASS_ROOT_OBSERVED,true,76,76,4,4,4,2026-10-16,2027-04-16,15,197,5580f48d3964e61d50eec227cbe731a7eb73345f3c4937b29f4e88bbd6118b88
SCHF,SCHF,CBOE_ETF,EU,SAME_AS_UNDERLYING,EXACT_CLASS_ROOT_OBSERVED,true,76,76,4,4,4,2026-10-16,2027-04-16,15,197,aac9f4b86b0fa9a6db7c399d120f5fde170723517f48ecd13fbda61b6a242895
SCHG,SCHG,CBOE_ETF,EU,SAME_AS_UNDERLYING,EXACT_CLASS_ROOT_OBSERVED,true,84,84,4,4,4,2026-10-16,2027-04-16,15,197,ed3ab6c1c3fbab6b8d1ad188d42b590478d0d670b6eba79bcbe1f05c41649c45
SCHH,SCHH,CBOE_ETF,EU,SAME_AS_UNDERLYING,EXACT_CLASS_ROOT_OBSERVED,true,76,76,4,4,4,2026-10-16,2027-04-16,15,197,d18925a4ef0e2f850f56f837da70036d28e63e99278233d0b286a6f9dc52999c
SCHI,SCHI,CBOE_ETF,EU,SAME_AS_UNDERLYING,EXACT_CLASS_ROOT_OBSERVED,true,84,84,4,4,4,2026-10-16,2027-03-19,15,169,79d5d4cc0418a67b94db9d5181f05ba6d0d6555fb2d4eb51000e590e2d84eb0b
SCHJ,SCHJ,OCC_ETF_NAME_CBOE_ABSENT,EU,SAME_AS_UNDERLYING,EXACT_CLASS_ROOT_OBSERVED,true,44,44,4,4,4,2026-10-16,2027-05-21,15,232,1d8ca47cae3205bcd5b6a46abf794126106f84e5f459054ea6c914c80b82f49d
SCHK,SCHK,CBOE_ETF,EU,SAME_AS_UNDERLYING,EXACT_CLASS_ROOT_OBSERVED,true,76,76,4,4,4,2026-10-16,2027-05-21,15,232,489fae6e5f509990d5b725b61f062760e3c27c446deba317a87b1b152a62a47e
SCHM,SCHM,CBOE_ETF,EU,SAME_AS_UNDERLYING,EXACT_CLASS_ROOT_OBSERVED,true,76,76,4,4,4,2026-10-16,2027-04-16,15,197,3400fee6e52ea1d88bc69fcbf6f59477354b4717ab72fd72594e922e7c1f04ca
SCHO,SCHO,CBOE_ETF,EU,SAME_AS_UNDERLYING,EXACT_CLASS_ROOT_OBSERVED,true,76,76,4,4,4,2026-10-16,2027-05-21,15,232,b346075fd366d57911a6fd923ae9a1a5c2e9366352c711b524f885bff37abf5a
SCHP,SCHP,CBOE_ETF,EU,SAME_AS_UNDERLYING,EXACT_CLASS_ROOT_OBSERVED,true,76,76,4,4,4,2026-10-16,2027-03-19,15,169,63cfd01e44567c16b61adc5f8e63d1b291d328e2c428067bfb33b90565119678
SCHR,SCHR,CBOE_ETF,EU,SAME_AS_UNDERLYING,EXACT_CLASS_ROOT_OBSERVED,true,76,76,4,4,4,2026-10-16,2027-05-21,15,232,092e41be6f4eb166747974f2032c88878a9e0b7249b26ffe5bd271661d266243
SCHV,SCHV,CBOE_ETF,EU,SAME_AS_UNDERLYING,EXACT_CLASS_ROOT_OBSERVED,true,76,76,4,4,4,2026-10-16,2027-03-19,15,169,35bdb46ce0734dba5b8fa1d1ce532c2c7fdc03b7b79b09a56d336da6b3211265
SCHX,SCHX,CBOE_ETF,EU,SAME_AS_UNDERLYING,EXACT_CLASS_ROOT_OBSERVED,true,80,80,4,4,4,2026-10-16,2027-05-21,15,232,88f6f8dbc60cfaa111c1210d0462c7368c195aef3324bcd2783db14a243e4a48
SCHY,SCHY,OCC_ETF_NAME_CBOE_ABSENT,EU,SAME_AS_UNDERLYING,EXACT_CLASS_ROOT_OBSERVED,true,44,44,4,4,4,2026-10-16,2027-03-19,15,169,c8aab938a4fb82b78f8f186719782e691cd20e43fde06ee2fe31df8ff7da6e04
SCHZ,SCHZ,CBOE_ETF,EU,SAME_AS_UNDERLYING,EXACT_CLASS_ROOT_OBSERVED,true,76,76,4,4,4,2026-10-16,2027-05-21,15,232,9c14b1aff4c7eea34410c20ea2103fc4427d18105af551441d87c6b2da80ef60
SCJ,SCJ,CBOE_ETF,EU,SAME_AS_UNDERLYING,EXACT_CLASS_ROOT_OBSERVED,true,96,96,4,4,4,2026-10-16,2027-03-19,15,169,05b0308e6495955149a33617764d97c87216a62b995758504240e0bbc81a3481
SCO,SCO,CBOE_ETF,EU,SAME_AS_UNDERLYING,EXACT_CLASS_ROOT_OBSERVED,true,359,359,12,12,12,2026-10-02,2029-01-19,1,841,c83e3d79cba4beadc678000e094ad6996f869d78719f31bc42681254794d12b7
SCO,SCO1,CBOE_ETF,EU,NUMERIC_SUFFIX,EXACT_CLASS_ROOT_OBSERVED,true,84,84,3,3,3,2026-10-16,2028-01-21,15,477,c83e3d79cba4beadc678000e094ad6996f869d78719f31bc42681254794d12b7
SCYB,SCYB,OCC_ETF_NAME_CBOE_ABSENT,EU,SAME_AS_UNDERLYING,EXACT_CLASS_ROOT_OBSERVED,true,64,64,4,4,4,2026-10-16,2027-05-21,15,232,85664289b35aff726fe589e05fd91078c84499048d46ba030a19c65b5e90c3f6
SCZ,SCZ,CBOE_ETF,EU,SAME_AS_UNDERLYING,EXACT_CLASS_ROOT_OBSERVED,true,94,94,4,4,4,2026-10-16,2027-03-19,15,169,0751106166d2b87fb9ff496b1c240c13ebe1f549a13cb465716d98ba589b6fbd
SDCI,SDCI,CBOE_ETF,EU,SAME_AS_UNDERLYING,EXACT_CLASS_ROOT_OBSERVED,true,76,76,4,4,4,2026-10-16,2027-05-21,15,232,971a1d6edfd0726d533f16f5920a7b7babd60fc98358aec2800afb3d325f039e
SDD,SDD,CBOE_ETF,EU,SAME_AS_UNDERLYING,EXACT_CLASS_ROOT_OBSERVED,true,74,74,4,4,4,2026-10-16,2027-05-21,15,232,51fcef105ecce370eda46fbc6628ca06ff2a38a61b40fc6f2a5c9835bee2698d
SDEM,SDEM,CBOE_ETF,EU,SAME_AS_UNDERLYING,EXACT_CLASS_ROOT_OBSERVED,true,76,76,4,4,4,2026-10-16,2027-05-21,15,232,d9e9137de486e6abb9c0d91c4ef67cbc4e03279c2808df749b6080d88defd32b
SDIV,SDIV,CBOE_ETF,EU,SAME_AS_UNDERLYING,EXACT_CLASS_ROOT_OBSERVED,true,84,84,4,4,4,2026-10-16,2027-03-19,15,169,a66e9f7927df921250541af7c6a9bd2110437aa01de8e24d827994b524ae9e51
SDOG,SDOG,CBOE_ETF,EU,SAME_AS_UNDERLYING,EXACT_CLASS_ROOT_OBSERVED,true,79,79,4,4,4,2026-10-16,2027-04-16,15,197,0ac6899bd4ac2e24c6c8d432c47d91ab5015b9bdc0e9cffac12cd185c27605c0
SDOW,SDOW,CBOE_ETF,EU,SAME_AS_UNDERLYING,EXACT_CLASS_ROOT_OBSERVED,true,193,193,7,7,7,2026-10-16,2029-01-19,15,841,b92fdf495aca345d7defe5edea8b47475d32a6ba620f83ff6efceb3fbf567e49
SDOW,SDOW1,CBOE_ETF,EU,NUMERIC_SUFFIX,EXACT_CLASS_ROOT_OBSERVED,true,25,25,1,1,1,2027-01-15,2027-01-15,106,106,b92fdf495aca345d7defe5edea8b47475d32a6ba620f83ff6efceb3fbf567e49
SDP,SDP,CBOE_ETF,EU,SAME_AS_UNDERLYING,EXACT_CLASS_ROOT_OBSERVED,true,78,78,4,4,4,2026-10-16,2027-05-21,15,232,f1ec824f87245c8738957d61fcd0b4fe9e1ec14912336dbf81f09eb3a38c10d0
SDP,SDP1,CBOE_ETF,EU,NUMERIC_SUFFIX,EXACT_CLASS_ROOT_OBSERVED,true,20,20,1,1,1,2026-11-20,2026-11-20,50,50,f1ec824f87245c8738957d61fcd0b4fe9e1ec14912336dbf81f09eb3a38c10d0
SDS,SDS,CBOE_ETF,EU,SAME_AS_UNDERLYING,EXACT_CLASS_ROOT_OBSERVED,true,235,235,6,6,6,2026-10-16,2028-01-21,15,477,281a5e59d92e5b48f652c7d874d18a84e879eb39886a927b536b32b42755b098
SDS,SDS1,CBOE_ETF,EU,NUMERIC_SUFFIX,EXACT_CLASS_ROOT_OBSERVED,true,45,45,2,2,2,2027-01-15,2028-01-21,106,477,281a5e59d92e5b48f652c7d874d18a84e879eb39886a927b536b32b42755b098
SDVY,SDVY,CBOE_ETF,EU,SAME_AS_UNDERLYING,EXACT_CLASS_ROOT_OBSERVED,true,76,76,4,4,4,2026-10-16,2027-04-16,15,197,5ec041a83a365e7cb538ef10b58347e3da01d98b3113a91a32ea4ad00c3c9863
SDY,SDY,CBOE_ETF,EU,SAME_AS_UNDERLYING,EXACT_CLASS_ROOT_OBSERVED,true,122,122,4,4,4,2026-10-16,2027-04-16,15,197,256c96225b40e8b327738f854f950f25ab7e38cf8212cb121769fd54b3ee6eef
SEA,SEA,CBOE_ETF,EU,SAME_AS_UNDERLYING,EXACT_CLASS_ROOT_OBSERVED,true,76,76,4,4,4,2026-10-16,2027-04-16,15,197,f57a601bb3ed1a65c2f42e8d887957d3b7c1c01c38edf370d6d3db8abe286ae5
SECT,SECT,CBOE_ETF,EU,SAME_AS_UNDERLYING,EXACT_CLASS_ROOT_OBSERVED,true,78,78,4,4,4,2026-10-16,2027-03-19,15,169,71aaf6842a5dbb579e500112e488f2c4914e3c2b9c6314c43950df669cdc3281
SEMY,SEMY,OCC_ETF_NAME_CBOE_ABSENT,EU,SAME_AS_UNDERLYING,EXACT_CLASS_ROOT_OBSERVED,true,70,70,4,4,4,2026-10-16,2027-04-16,15,197,cb3ae69ad637a13e320c8eadfe4f988befdcaeb8e27ce51a0ff7e77b09cef048
SETH,SETH,CBOE_ETF,EU,SAME_AS_UNDERLYING,EXACT_CLASS_ROOT_OBSERVED,true,111,111,4,4,4,2026-10-16,2027-04-16,15,197,e5609c31750523061648de342cee88ac3b7d38058aa8c0555fefa81e5b5bfa3b
SFY,SFY,OCC_ETF_NAME_CBOE_ABSENT,EU,SAME_AS_UNDERLYING,EXACT_CLASS_ROOT_OBSERVED,true,119,119,4,4,4,2026-10-16,2027-03-19,15,169,431c8f49877a8d5f2b9a620e23c4e786a70c072e6fb76bf5f495c8645cd30812
SFYF,SFYF,OCC_ETF_NAME_CBOE_ABSENT,EU,SAME_AS_UNDERLYING,EXACT_CLASS_ROOT_OBSERVED,true,64,64,4,4,4,2026-10-16,2027-05-21,15,232,e69edf3298a37236ea015f8e8bc4a4206de266778d6e1635fde84eb2a8602b7e
SGDJ,SGDJ,OCC_ETF_NAME_CBOE_ABSENT,EU,SAME_AS_UNDERLYING,EXACT_CLASS_ROOT_OBSERVED,true,181,181,4,4,4,2026-10-16,2027-04-16,15,197,a6cefea037b6e392217ce8cb3a5f6b01f47066956aadaba02bc825b0c7d4326a
SGDM,SGDM,CBOE_ETF,EU,SAME_AS_UNDERLYING,EXACT_CLASS_ROOT_OBSERVED,true,157,157,4,4,4,2026-10-16,2027-04-16,15,197,2e948d24153b991ff2baf44549e8bf2fe1eb2a847ebf6be2c24a478e72a0e3f0
SGOL,SGOL,CBOE_ETF,EU,SAME_AS_UNDERLYING,EXACT_CLASS_ROOT_OBSERVED,true,90,90,4,4,4,2026-10-16,2027-03-19,15,169,b523cfa61626d7a518e882e10f63a08ee8999874c8e4ca882c0ac3a2ce4c2099
SGOV,SGOV,CBOE_ETF,EU,SAME_AS_UNDERLYING,EXACT_CLASS_ROOT_OBSERVED,true,265,265,9,9,9,2026-10-16,2028-12-15,15,806,553df1cdba308f6d121cba5449f761e4bbcfbc2451e46191ed115282ed3e3301
SH,SH,CBOE_ETF,EU,SAME_AS_UNDERLYING,EXACT_CLASS_ROOT_OBSERVED,true,150,150,6,6,6,2026-10-16,2028-01-21,15,477,37905105a1d7be3aa07daed6fc7db49fe5844cc0d9933843de312af4285879f2
SH,SH1,CBOE_ETF,EU,NUMERIC_SUFFIX,EXACT_CLASS_ROOT_OBSERVED,true,21,21,1,1,1,2027-01-15,2027-01-15,106,106,37905105a1d7be3aa07daed6fc7db49fe5844cc0d9933843de312af4285879f2
SHE,SHE,OCC_ETF_NAME_CBOE_ABSENT,EU,SAME_AS_UNDERLYING,EXACT_CLASS_ROOT_OBSERVED,true,132,132,4,4,4,2026-10-16,2027-03-19,15,169,c98d392a16be5b488f873876f474a67908759507c050c51f2d13aff12e74a97a
SHLD,SHLD,CBOE_ETF,EU,SAME_AS_UNDERLYING,EXACT_CLASS_ROOT_OBSERVED,true,162,162,6,6,6,2026-10-16,2028-01-21,15,477,492a9c51086c9fdd84fa7c43bd2c5fcc0ad7cc5ecbc40035aa38ec316f69ac1d
SHM,SHM,CBOE_ETF,EU,SAME_AS_UNDERLYING,EXACT_CLASS_ROOT_OBSERVED,true,76,76,4,4,4,2026-10-16,2027-04-16,15,197,9b95048fa77b41d98da9e602d10000799a5a6dc8cee2bd47a26949d3f9d56415
SHV,SHV,CBOE_ETF,EU,SAME_AS_UNDERLYING,EXACT_CLASS_ROOT_OBSERVED,true,76,76,4,4,4,2026-10-16,2027-05-21,15,232,f61c2d93de5dfaf0042142588de90c8a855d7458570b2e28deab640129f29980
SHY,SHY,CBOE_ETF,EU,SAME_AS_UNDERLYING,EXACT_CLASS_ROOT_OBSERVED,true,210,210,7,7,7,2026-10-16,2028-01-21,15,477,a81369512c720458f7383c7c1fe7e8136fd62226e3043633ee60fb1779c4eac6
SHYG,SHYG,CBOE_ETF,EU,SAME_AS_UNDERLYING,EXACT_CLASS_ROOT_OBSERVED,true,76,76,4,4,4,2026-10-16,2027-03-19,15,169,5082bf2b1527769044b4a0fd3d7bde00174ab8d2486ad438dab9fb0cda5ee758
SIJ,SIJ,CBOE_ETF,EU,SAME_AS_UNDERLYING,EXACT_CLASS_ROOT_OBSERVED,true,60,60,4,4,4,2026-10-16,2027-04-16,15,197,71bfcdc8c76081d3e9d0c312ca8ab351abe8c248ccccbecf4a5cb34d88e6266e
SIJ,SIJ1,CBOE_ETF,EU,NUMERIC_SUFFIX,EXACT_CLASS_ROOT_OBSERVED,true,35,35,2,2,2,2026-10-16,2027-01-15,15,106,71bfcdc8c76081d3e9d0c312ca8ab351abe8c248ccccbecf4a5cb34d88e6266e
SIL,SIL,CBOE_ETF,EU,SAME_AS_UNDERLYING,EXACT_CLASS_ROOT_OBSERVED,true,399,399,7,7,7,2026-10-16,2029-01-19,15,841,480c6bf9c1a4f80093b5d653794639647d72b6206a8f49e5bbfd545a19dcfed3
SILJ,SILJ,CBOE_ETF,EU,SAME_AS_UNDERLYING,EXACT_CLASS_ROOT_OBSERVED,true,434,434,13,13,13,2026-10-02,2029-01-19,1,841,3f264b2de3df95004ac3482c3b7573723808ddb1b46ffee1cae0de8172bd3713
SIMS,SIMS,OCC_ETF_NAME_CBOE_ABSENT,EU,SAME_AS_UNDERLYING,EXACT_CLASS_ROOT_OBSERVED,true,57,57,4,4,4,2026-10-16,2027-05-21,15,232,6c25eb3b0645bdd1d4624aee841c54d56b346a5cb185516df22c5abce4880fff
SITX,SITX,CBOE_ETF,EU,SAME_AS_UNDERLYING,EXACT_CLASS_ROOT_OBSERVED,true,100,100,4,4,4,2026-10-16,2027-03-19,15,169,b2935d6f550a215c8c51ec9b2b6106ae11a90b63d1685d49d600c810b6c62b98
SIVR,SIVR,CBOE_ETF,EU,SAME_AS_UNDERLYING,EXACT_CLASS_ROOT_OBSERVED,true,805,805,11,11,11,2026-10-16,2028-12-15,15,806,357225f6d169199f79dcc1a2f7ea19b88eba6b8c7a4250cce9dd0892e01c28f7
SIZE,SIZE,CBOE_ETF,EU,SAME_AS_UNDERLYING,EXACT_CLASS_ROOT_OBSERVED,true,120,120,4,4,4,2026-10-16,2027-03-19,15,169,769e5ad5174f0c53d71027782df1885da1d5d9a5a70491ebc4b395272a4c010b
SJB,SJB,CBOE_ETF,EU,SAME_AS_UNDERLYING,EXACT_CLASS_ROOT_OBSERVED,true,84,84,4,4,4,2026-10-16,2027-04-16,15,197,ee8a379c6ddf75ca509651676b1a5f3a73b5bf6056149e780f82dc71ea15c268
SJNK,SJNK,CBOE_ETF,EU,SAME_AS_UNDERLYING,EXACT_CLASS_ROOT_OBSERVED,true,84,84,4,4,4,2026-10-16,2027-03-19,15,169,0c1bd2956712a413ad5f21ba58ff528e1d9727fe3c496f7b9c9232158b3efa45
SK,SK,CBOE_ETF,EU,SAME_AS_UNDERLYING,EXACT_CLASS_ROOT_OBSERVED,true,150,150,4,4,4,2026-10-16,2027-03-19,15,169,ec2ec64f8da6baa99a7054712346bd53fbf03c70de21c69dc8df499ccf756f79
SKDD,SKDD,CBOE_ETF,EU,SAME_AS_UNDERLYING,EXACT_CLASS_ROOT_OBSERVED,true,101,101,4,4,4,2026-10-16,2027-03-19,15,169,6144fcd63f97fe111d6fbfa31e7e9963dd20706370e625c0638e12d77a1cb0e1
SKF,SKF,CBOE_ETF,EU,SAME_AS_UNDERLYING,EXACT_CLASS_ROOT_OBSERVED,true,94,94,4,4,4,2026-10-16,2027-04-16,15,197,4017bb375ab21f903abd025ea1d244a8b675e03ffee707a650a6b2eb8717d41e
SKHA,SKHA,CBOE_ETF,EU,SAME_AS_UNDERLYING,EXACT_CLASS_ROOT_OBSERVED,true,119,119,4,4,4,2026-10-16,2027-03-19,15,169,b654082f516ac02a0c30d4a786660dd75a8bc575469c0031834ec0b69fe4b4cd
SKHL,SKHL,CBOE_ETF,EU,SAME_AS_UNDERLYING,EXACT_CLASS_ROOT_OBSERVED,true,94,94,4,4,4,2026-10-16,2027-05-21,15,232,4826aafd8849c6fabe7f896427cdac95ec02c21cc56862f558b1e8db93b3c3fe
SKHN,SKHN,CBOE_ETF,EU,SAME_AS_UNDERLYING,EXACT_CLASS_ROOT_OBSERVED,true,116,116,4,4,4,2026-10-16,2027-03-19,15,169,2c45c83f0b4dc3947f59f312d25581947662e512bee8878f66035e1a26ecf27b
SKHU,SKHU,CBOE_ETF,EU,SAME_AS_UNDERLYING,EXACT_CLASS_ROOT_OBSERVED,true,124,124,4,4,4,2026-10-16,2027-05-21,15,232,03452caf45b6eb1d328c20d9ae2a5769ea9cdb2aecdd8682453633e17b1ab55d
SKHX,SKHX,CBOE_ETF,EU,SAME_AS_UNDERLYING,EXACT_CLASS_ROOT_OBSERVED,true,129,129,4,4,4,2026-10-16,2027-03-19,15,169,85aba685416716639fea8d335274990a5dc21651be2620027ba5184a106fd5c8
SKHZ,SKHZ,CBOE_ETF,EU,SAME_AS_UNDERLYING,EXACT_CLASS_ROOT_OBSERVED,true,93,93,4,4,4,2026-10-16,2027-03-19,15,169,b2fa289a85cecab3f2a06d3db810ad587a59d1d6a1d523025ad156af52919027
SKRE,SKRE,CBOE_ETF,EU,SAME_AS_UNDERLYING,EXACT_CLASS_ROOT_OBSERVED,true,52,52,4,4,4,2026-10-16,2027-03-19,15,169,7d6d289eb87d23e1b91ad0ce2f314caa753140a6d1f326e4692a7dbf0327683c
SKUU,SKUU,CBOE_ETF,EU,SAME_AS_UNDERLYING,EXACT_CLASS_ROOT_OBSERVED,true,161,161,4,4,4,2026-10-16,2027-03-19,15,169,bdb960d4b210a904e3f5f100962655da4d5ac00acb7edcd018e9387cb043fadf
SKYU,SKYU,CBOE_ETF,EU,SAME_AS_UNDERLYING,EXACT_CLASS_ROOT_OBSERVED,true,116,116,4,4,4,2026-10-16,2027-04-16,15,197,3661a46413b2fbf05abe6d5df4d5359c7067883e2f776d6a065b048c9f92dfa5
SKYY,SKYY,CBOE_ETF,EU,SAME_AS_UNDERLYING,EXACT_CLASS_ROOT_OBSERVED,true,189,189,4,4,4,2026-10-16,2027-04-16,15,197,7c5ce9bca6f0449e624d79e98fac024a95e0126d0b55ac7eee99c773947ae9ba
SLON,SLON,CBOE_ETF,EU,SAME_AS_UNDERLYING,EXACT_CLASS_ROOT_OBSERVED,true,164,164,4,4,4,2026-10-16,2027-03-19,15,169,10f694c5c4cffebfb46648a9b3947aae9b0e3a3cd68f4d40d2d370ed3045b63a
SLON,SLON1,CBOE_ETF,EU,NUMERIC_SUFFIX,EXACT_CLASS_ROOT_OBSERVED,true,11,11,1,1,1,2026-12-18,2026-12-18,78,78,10f694c5c4cffebfb46648a9b3947aae9b0e3a3cd68f4d40d2d370ed3045b63a
SLV,SLV,CBOE_ETF,EU,SAME_AS_UNDERLYING,EXACT_CLASS_ROOT_OBSERVED,true,2314,2314,27,27,27,2026-10-02,2029-01-19,1,841,a9f36bb704f29e7d69d593eaf0cbcc1ccd0c4633f7b7ad60464918ae093d421d
SLVP,SLVP,CBOE_ETF,EU,SAME_AS_UNDERLYING,EXACT_CLASS_ROOT_OBSERVED,true,102,102,4,4,4,2026-10-16,2027-05-21,15,232,e41b09297562f2f26aee14b7e22963ed09be32b07d48442ea7ec05fa11dadf87
SLVR,SLVR,CBOE_ETF,EU,SAME_AS_UNDERLYING,EXACT_CLASS_ROOT_OBSERVED,true,158,158,4,4,4,2026-10-16,2027-04-16,15,197,7c19128ee49e5c3dc4dab32d642a2b8c9778f757f0107078cd134b36406832e7
SLX,SLX,CBOE_ETF,EU,SAME_AS_UNDERLYING,EXACT_CLASS_ROOT_OBSERVED,true,128,128,4,4,4,2026-10-16,2027-03-19,15,169,7f350fce116df6dd8faca14851c7d5ea1c92717b8bd72781354a0d02cf3535b6
SLYG,SLYG,CBOE_ETF,EU,SAME_AS_UNDERLYING,EXACT_CLASS_ROOT_OBSERVED,true,94,94,4,4,4,2026-10-16,2027-05-21,15,232,76833d347ecaab63dd088b85367baa492aeefa081f99b41cc711f265a2595389
SLYV,SLYV,CBOE_ETF,EU,SAME_AS_UNDERLYING,EXACT_CLASS_ROOT_OBSERVED,true,87,87,4,4,4,2026-10-16,2027-03-19,15,169,ca490818ef10e845b947e8c2cf87e24fb00020f93d4363d74fa5d715a48b2599
SMB,SMB,CBOE_ETF,EU,SAME_AS_UNDERLYING,EXACT_CLASS_ROOT_OBSERVED,true,76,76,4,4,4,2026-10-16,2027-04-16,15,197,d302f8ed4ea9e066a6f00bbc7b5f99ae5840208119def28094b0fcc5b9a5160d
SMCF,SMCF,OCC_ETF_NAME_CBOE_ABSENT,EU,SAME_AS_UNDERLYING,EXACT_CLASS_ROOT_OBSERVED,true,2,2,2,2,0,2027-01-15,2027-04-16,106,197,a741c876706e041f59d4f1d9860d657bec49393edc1eea74319c5547509737ab
SMCL,SMCL,CBOE_ETF,EU,SAME_AS_UNDERLYING,EXACT_CLASS_ROOT_OBSERVED,true,145,145,4,4,4,2026-10-16,2027-03-19,15,169,e2e80268f6b182350ee0780a9e96575f4a35dae432d8e44d406fbb9ab80b6df9
SMCL,SMCL1,CBOE_ETF,EU,NUMERIC_SUFFIX,EXACT_CLASS_ROOT_OBSERVED,true,5,5,1,1,1,2026-12-18,2026-12-18,78,78,e2e80268f6b182350ee0780a9e96575f4a35dae432d8e44d406fbb9ab80b6df9
SMCX,SMCX,CBOE_ETF,EU,SAME_AS_UNDERLYING,EXACT_CLASS_ROOT_OBSERVED,true,221,221,7,7,7,2026-10-16,2029-01-19,15,841,e86f0e61d2a8ea49bfbc9fec689c9ffc399c33ff44de5520a404de4a46e7c479
SMCX,SMCX1,CBOE_ETF,EU,NUMERIC_SUFFIX,EXACT_CLASS_ROOT_OBSERVED,true,164,164,2,2,2,2027-01-15,2028-01-21,106,477,e86f0e61d2a8ea49bfbc9fec689c9ffc399c33ff44de5520a404de4a46e7c479
SMCY,SMCY,CBOE_ETF,EU,SAME_AS_UNDERLYING,EXACT_CLASS_ROOT_OBSERVED,true,48,48,4,4,4,2026-10-16,2027-04-16,15,197,161a6fa45e74e1bff61448cfd1149effb5ab7915b47d774efaf75cac79b6ed39
SMDD,SMDD,CBOE_ETF,EU,SAME_AS_UNDERLYING,EXACT_CLASS_ROOT_OBSERVED,true,69,69,4,4,4,2026-10-16,2027-04-16,15,197,d26c65df1c6dd34b03b7cf5775476037dea6919a32cfd7ff970ea1beb409a2b5
SMDV,SMDV,CBOE_ETF,EU,SAME_AS_UNDERLYING,EXACT_CLASS_ROOT_OBSERVED,true,81,81,4,4,4,2026-10-16,2027-05-21,15,232,a5e21e24c4ec8e689f04d8225a421c009cbd8a28074e538b0171be04d428f424
SMH,SMH,CBOE_ETF,EU,SAME_AS_UNDERLYING,EXACT_CLASS_ROOT_OBSERVED,true,3728,3728,29,29,29,2026-10-01,2029-01-19,0,841,3d6bf25ed44fe7c668f7dfded07ca7e5c1de37cc5685cdee89740590ae6ab7af
SMHC,SMHC,CBOE_ETF,EU,SAME_AS_UNDERLYING,EXACT_CLASS_ROOT_OBSERVED,true,136,136,4,4,4,2026-10-16,2027-04-16,15,197,1bb6070536aef4099b1bcccb249e96135edbb80d7a2a23e4226b25917a8c9fbf
SMHX,SMHX,OCC_ETF_NAME_CBOE_ABSENT,EU,SAME_AS_UNDERLYING,EXACT_CLASS_ROOT_OBSERVED,true,93,93,4,4,4,2026-10-16,2027-04-16,15,197,f8c74eab64b42ba2af7a04b996ce2a1f3df0085dd6f6824092e4faa549652ea0
SMIN,SMIN,OCC_ETF_NAME_CBOE_ABSENT,EU,SAME_AS_UNDERLYING,EXACT_CLASS_ROOT_OBSERVED,true,52,52,4,4,4,2026-10-16,2027-05-21,15,232,81f1b609fd6da54e74a301c1d3d0e3fa3f1cfd896ec20bfe8cda7452a1ac098a
SMLF,SMLF,CBOE_ETF,EU,SAME_AS_UNDERLYING,EXACT_CLASS_ROOT_OBSERVED,true,80,80,4,4,4,2026-10-16,2027-03-19,15,169,45097539998711dd7d81e1695ad5ed4b9c50828661e7816c101f62f4000ee80e
SMLL,SMLL,CBOE_ETF,EU,SAME_AS_UNDERLYING,EXACT_CLASS_ROOT_OBSERVED,true,84,84,4,4,4,2026-10-16,2027-03-19,15,169,a21b36fe18c57ead76828a288d7a15e5830bc9d66640b17f873e1e17978bf926
SMLV,SMLV,OCC_ETF_NAME_CBOE_ABSENT,EU,SAME_AS_UNDERLYING,EXACT_CLASS_ROOT_OBSERVED,true,94,94,4,4,4,2026-10-16,2027-04-16,15,197,0fa70f4ea65cf2affb8c57923bf7f515911b2c1e3e0a6c7a8462306ba09edc28
SMMD,SMMD,OCC_ETF_NAME_CBOE_ABSENT,EU,SAME_AS_UNDERLYING,EXACT_CLASS_ROOT_OBSERVED,true,110,110,4,4,4,2026-10-16,2027-03-19,15,169,452428009e42b767bdbbf27ef2f7896defa892b2fcd5a7473378a29564a8c77d
SMN,SMN,CBOE_ETF,EU,SAME_AS_UNDERLYING,EXACT_CLASS_ROOT_OBSERVED,true,60,60,4,4,4,2026-10-16,2027-04-16,15,197,ea65ece28f3ef7ee22dcdcbd7cdb5675a199cfa6b92eb10b09193f1eca52c717
SMN,SMN1,CBOE_ETF,EU,NUMERIC_SUFFIX,EXACT_CLASS_ROOT_OBSERVED,true,40,40,2,2,2,2026-10-16,2027-01-15,15,106,ea65ece28f3ef7ee22dcdcbd7cdb5675a199cfa6b92eb10b09193f1eca52c717
SMOG,SMOG,CBOE_ETF,EU,SAME_AS_UNDERLYING,EXACT_CLASS_ROOT_OBSERVED,true,148,148,4,4,4,2026-10-16,2027-04-16,15,197,4ee6877fdaca6a768d9d07a125eba32abb391d40a288f6e7cf3a7f0dfd9db7e5
SMOT,SMOT,CBOE_ETF,EU,SAME_AS_UNDERLYING,EXACT_CLASS_ROOT_OBSERVED,true,76,76,4,4,4,2026-10-16,2027-04-16,15,197,2fb506157d69d1803eaecf79d629370da5022236249777786318b6cbe1d77ab6
SMST,SMST,CBOE_ETF,EU,SAME_AS_UNDERLYING,EXACT_CLASS_ROOT_OBSERVED,true,311,311,5,5,5,2026-10-16,2027-03-19,15,169,63b076b41c04a4e3bda241f411bfbf6932f2e4217e2303c7a2e4535cff67a795
SMU,SMU,CBOE_ETF,EU,SAME_AS_UNDERLYING,EXACT_CLASS_ROOT_OBSERVED,true,69,69,4,4,4,2026-10-16,2027-03-19,15,169,2908c7b82de831480a2e7ac65639c08ef8d5a16f7b4860166b868e042fb0a904
SMU,SMU1,CBOE_ETF,EU,NUMERIC_SUFFIX,EXACT_CLASS_ROOT_OBSERVED,true,68,68,4,4,4,2026-10-16,2027-03-19,15,169,2908c7b82de831480a2e7ac65639c08ef8d5a16f7b4860166b868e042fb0a904
SMU,SMU2,CBOE_ETF,EU,NUMERIC_SUFFIX,UNDERLYING_QUERY_WITH_OPTIONS_CLASS_UNRESOLVED,false,0,0,0,0,0,,,,,2908c7b82de831480a2e7ac65639c08ef8d5a16f7b4860166b868e042fb0a904
SMUP,SMUP,CBOE_ETF,EU,SAME_AS_UNDERLYING,EXACT_CLASS_ROOT_OBSERVED,true,50,50,4,4,4,2026-10-16,2027-05-21,15,232,aaaca44752a607274f7d47e1b218061e2f8df9304c2820cb8658d13bb4e05cce
SMZ,SMZ,CBOE_ETF,EU,SAME_AS_UNDERLYING,EXACT_CLASS_ROOT_OBSERVED,true,140,140,4,4,4,2026-10-16,2027-03-19,15,169,86b63ee1c0b4d74b40b047f2a1a12224b658d6461517fd31e550d6814bb46252
SNAG,SNAG,OCC_ETF_NAME_CBOE_ABSENT,EU,SAME_AS_UNDERLYING,EXACT_CLASS_ROOT_OBSERVED,true,54,54,4,4,4,2026-10-16,2027-05-21,15,232,9c7adddfc7ac070ece5aa9aee32318acb194075bad6e69e693d59877e98b8107
SNDC,SNDC,OCC_ETF_NAME_CBOE_ABSENT,EU,SAME_AS_UNDERLYING,EXACT_CLASS_ROOT_OBSERVED,true,64,64,4,4,4,2026-10-16,2027-05-21,15,232,cc718fecabc5471d799d8c7f379fce53d4a458b3cb81a59bd1f452687b8f9a4c
SNDG,SNDG,CBOE_ETF,EU,SAME_AS_UNDERLYING,EXACT_CLASS_ROOT_OBSERVED,true,141,141,6,6,6,2026-10-16,2029-01-19,15,841,de0178e64d15aa33026886c56fc19be824cd8dd709652c83a3850031bee72c01
SNDQ,SNDQ,CBOE_ETF,EU,SAME_AS_UNDERLYING,EXACT_CLASS_ROOT_OBSERVED,true,346,346,10,10,10,2026-10-09,2029-01-19,8,841,04fa98d27f40c49010be8a0f57682b1f33ca94323bec09cba64b776e8b7be785
SNDQ,SNDQ1,CBOE_ETF,EU,NUMERIC_SUFFIX,EXACT_CLASS_ROOT_OBSERVED,true,35,35,2,2,2,2026-12-18,2027-03-19,78,169,04fa98d27f40c49010be8a0f57682b1f33ca94323bec09cba64b776e8b7be785
SNDU,SNDU,CBOE_ETF,EU,SAME_AS_UNDERLYING,EXACT_CLASS_ROOT_OBSERVED,true,234,234,5,5,5,2026-10-16,2029-01-19,15,841,60036f2a4b012d42c25340c86830b6704e02a0979d86c0bbd1f5119177722f24
SNK,SNK,CBOE_ETF,EU,SAME_AS_UNDERLYING,EXACT_CLASS_ROOT_OBSERVED,true,149,150,4,4,4,2026-10-16,2027-03-19,15,169,b98a6050b09d6ef6d8abff4eec868853ec99f13264113a7948f5c238a66902cb
SNOU,SNOU,CBOE_ETF,EU,SAME_AS_UNDERLYING,EXACT_CLASS_ROOT_OBSERVED,true,136,136,4,4,4,2026-10-16,2027-03-19,15,169,f3cb24309d59e8631830e11a3a8efd8851c5274dab2d649e9e5402cfde457d80
SNOY,SNOY,OCC_ETF_NAME_CBOE_ABSENT,EU,SAME_AS_UNDERLYING,EXACT_CLASS_ROOT_OBSERVED,true,49,49,4,4,4,2026-10-16,2027-04-16,15,197,cadf3da7d58619a7d1c52ff8b5fa18f4e91458e87aed185e2379c58068fc814a
SNPE,SNPE,CBOE_ETF,EU,SAME_AS_UNDERLYING,EXACT_CLASS_ROOT_OBSERVED,true,81,81,4,4,4,2026-10-16,2027-05-21,15,232,443ca1c92cd042440709c8246b3138631ad9953358646a4bbcfdd822df5a6787
SNSR,SNSR,OCC_ETF_NAME_CBOE_ABSENT,EU,SAME_AS_UNDERLYING,EXACT_CLASS_ROOT_OBSERVED,true,71,71,4,4,4,2026-10-16,2027-05-21,15,232,b02013c5e95e27c5d0e39c19773c7a71333da8f149a3707283071e98cf927160
SNXX,SNXX,CBOE_ETF,EU,SAME_AS_UNDERLYING,EXACT_CLASS_ROOT_OBSERVED,true,658,658,13,13,13,2026-10-02,2029-01-19,1,841,cbdd7a75fde7e9decba371ab511c6cc82a05d3eb095a658f4010848ebe60ff45
SOCL,SOCL,CBOE_ETF,EU,SAME_AS_UNDERLYING,EXACT_CLASS_ROOT_OBSERVED,true,90,90,4,4,4,2026-10-16,2027-03-19,15,169,b1afb4cb853f18c6086232310d9dbfe1267d2ca6a85ab9bb2a470b1bf5973834
SOEZ,SOEZ,CBOE_ETF,EU,SAME_AS_UNDERLYING,EXACT_CLASS_ROOT_OBSERVED,true,86,86,4,4,4,2026-10-16,2027-03-19,15,169,f0433ee39e86013489a14cbb74c4170e354107c0f2fe59b429dbd1e61aab4e06
SOFX,SOFX,CBOE_ETF,EU,SAME_AS_UNDERLYING,EXACT_CLASS_ROOT_OBSERVED,true,83,83,4,4,4,2026-10-16,2027-03-19,15,169,c3cec46ac06364a7ce9bc5eabee289006707fd6b917926739001eccfdca66ac9
SOLC,SOLC,CBOE_ETF,EU,SAME_AS_UNDERLYING,EXACT_CLASS_ROOT_OBSERVED,true,91,91,4,4,4,2026-10-16,2027-03-19,15,169,dfdf918946d3891144a02df34cbe0a10ccba33a05328ccee618e9d55a7144605
SOLT,SOLT,CBOE_ETF,EU,SAME_AS_UNDERLYING,EXACT_CLASS_ROOT_OBSERVED,true,398,398,6,6,6,2026-10-16,2028-01-21,15,477,f99202f0d52cec892faddebed633f61ee348de97f14b93cb78fd8f6eddde5abf
SOLT,SOLT1,CBOE_ETF,EU,NUMERIC_SUFFIX,EXACT_CLASS_ROOT_OBSERVED,true,82,82,2,2,2,2027-01-15,2028-01-21,106,477,f99202f0d52cec892faddebed633f61ee348de97f14b93cb78fd8f6eddde5abf
SOLZ,SOLZ,CBOE_ETF,EU,SAME_AS_UNDERLYING,EXACT_CLASS_ROOT_OBSERVED,true,146,146,6,6,6,2026-10-16,2028-01-21,15,477,abc4f7f7f8a54c1b109f7996371f98140ea409fdcb62afcbd6218dbc9c6afd76
SOXL,SOXL,CBOE_ETF,EU,SAME_AS_UNDERLYING,EXACT_CLASS_ROOT_OBSERVED,true,1789,1789,17,17,17,2026-10-02,2029-01-19,1,841,2273e32b4eaa247da6f522cb2b7ead97b9f250895defc6b191c49672391f87de
SOXQ,SOXQ,CBOE_ETF,EU,SAME_AS_UNDERLYING,EXACT_CLASS_ROOT_OBSERVED,true,167,167,4,4,4,2026-10-16,2027-04-16,15,197,d1df82181ac6fd2a6124e498e0027eae73ba79c423ca4ba263e19211d0b1fda2
SOXS,SOXS,CBOE_ETF,EU,SAME_AS_UNDERLYING,EXACT_CLASS_ROOT_OBSERVED,true,774,774,13,13,13,2026-10-02,2029-01-19,1,841,ec75b51ac295f5f0fcd08202866b952b1fdde832f0a44d8905b334c7f5733a0f
SOXS,SOXS1,CBOE_ETF,EU,NUMERIC_SUFFIX,EXACT_CLASS_ROOT_OBSERVED,true,72,72,2,2,2,2027-01-15,2028-01-21,106,477,ec75b51ac295f5f0fcd08202866b952b1fdde832f0a44d8905b334c7f5733a0f
SOXS,SOXS2,CBOE_ETF,EU,NUMERIC_SUFFIX,EXACT_CLASS_ROOT_OBSERVED,true,228,228,4,4,4,2026-11-20,2028-01-21,50,477,ec75b51ac295f5f0fcd08202866b952b1fdde832f0a44d8905b334c7f5733a0f
SOXX,SOXX,CBOE_ETF,EU,SAME_AS_UNDERLYING,EXACT_CLASS_ROOT_OBSERVED,true,2713,2713,20,20,20,2026-10-02,2029-01-19,1,841,8d6eb1c5e64b16728e90e2f9c6915f8eeff0462aa4936ed7434e0dd2254606a0
SOXY,SOXY,CBOE_ETF,EU,SAME_AS_UNDERLYING,EXACT_CLASS_ROOT_OBSERVED,true,133,133,4,4,4,2026-10-16,2027-03-19,15,169,b40c0ed7c37d5a13239cf5a966d11c3ff940deaa619b0834354267264e31c566
SOYB,SOYB,CBOE_ETF,EU,SAME_AS_UNDERLYING,EXACT_CLASS_ROOT_OBSERVED,true,129,129,6,6,6,2026-10-16,2027-12-17,15,442,b908de3c5dd26c02779b2d1a3744b4fae005401f66d344db7e60aea05940be92
SPAB,SPAB,CBOE_ETF,EU,SAME_AS_UNDERLYING,EXACT_CLASS_ROOT_OBSERVED,true,76,76,4,4,4,2026-10-16,2027-05-21,15,232,66a4a8e07eb452e62d78df67152e42f0e55117c1aa3e6277d27a88ace4f7297c
SPAL,SPAL,CBOE_ETF,EU,SAME_AS_UNDERLYING,EXACT_CLASS_ROOT_OBSERVED,true,121,121,4,4,4,2026-10-16,2027-03-19,15,169,0630b760365515d60abf6aa8273367565fe6719c21b567719d9f67279f1f260c
SPAX,SPAX,CBOE_ETF,EU,SAME_AS_UNDERLYING,EXACT_CLASS_ROOT_OBSERVED,true,121,121,4,4,4,2026-10-16,2027-04-16,15,197,5a86dde95dc4a7a04ed2640cda108c3cca392f82f504176b6899c5e4af427fee
SPBC,SPBC,OCC_ETF_NAME_CBOE_ABSENT,EU,SAME_AS_UNDERLYING,EXACT_CLASS_ROOT_OBSERVED,true,49,49,4,4,4,2026-10-16,2027-05-21,15,232,e531a2c0c598ced829d219c391df43aeadedaf03a7755101b41777144856f2ca
SPBO,SPBO,CBOE_ETF,EU,SAME_AS_UNDERLYING,EXACT_CLASS_ROOT_OBSERVED,true,76,76,4,4,4,2026-10-16,2027-04-16,15,197,ef62bceec203fc370e4dc2b0f66e856bf7ce1f906e14840d8ddf4b3b2d1338e8
SPCF,SPCF,CBOE_ETF,EU,SAME_AS_UNDERLYING,EXACT_CLASS_ROOT_OBSERVED,true,166,166,4,4,4,2026-10-16,2027-04-16,15,197,dcb4b78b07aed3e464d26800ceb355fc4a16166a5f1dafd86212b393eb47a5e7
SPCG,SPCG,CBOE_ETF,EU,SAME_AS_UNDERLYING,EXACT_CLASS_ROOT_OBSERVED,true,141,141,4,4,4,2026-10-16,2027-03-19,15,169,4db89d9eed0c9e201da9a2f9799bcde366f39697e4179821ffaf277b8e094e0c
SPCH,SPCH,CBOE_ETF,EU,SAME_AS_UNDERLYING,EXACT_CLASS_ROOT_OBSERVED,true,341,341,13,13,13,2026-10-02,2029-01-19,1,841,24853b99ee70993bea0f8a468f5922a13c15b93eaf43d8e7c44c9ac25401f871
SPCI,SPCI,CBOE_ETF,EU,SAME_AS_UNDERLYING,EXACT_CLASS_ROOT_OBSERVED,true,96,96,4,4,4,2026-10-16,2027-03-19,15,169,bba99182d5103d23dcf227678183ac735a1ce2248921fc2c1620b7ce0f3578dd
SPCK,SPCK,CBOE_ETF,EU,SAME_AS_UNDERLYING,EXACT_CLASS_ROOT_OBSERVED,true,84,84,4,4,4,2026-10-16,2027-03-19,15,169,a82696a8bd74983bec6e8610e9a8471f46dafb04dbf3f3d9dee62e9b1fb8c64a
SPCL,SPCL,CBOE_ETF,EU,SAME_AS_UNDERLYING,EXACT_CLASS_ROOT_OBSERVED,true,151,151,4,4,4,2026-10-16,2027-03-19,15,169,3e8cc451e788d3544badf15232e67897b400011716155f7dad43eb2063ce4d17
SPCM,SPCM,CBOE_ETF,EU,SAME_AS_UNDERLYING,EXACT_CLASS_ROOT_OBSERVED,true,147,147,4,4,4,2026-10-16,2027-03-19,15,169,29ae56fc2ae6e69799037068514e082bf6bdd5c68128511baad0b3f7a70727fb
SPCQ,SPCQ,CBOE_ETF,EU,SAME_AS_UNDERLYING,EXACT_CLASS_ROOT_OBSERVED,true,127,127,4,4,4,2026-10-16,2027-03-19,15,169,ede86515eb1ce0c6654b453baf352284a3630afa816d1ad786e49e7cc1696080
SPCU,SPCU,CBOE_ETF,EU,SAME_AS_UNDERLYING,EXACT_CLASS_ROOT_OBSERVED,true,213,213,8,8,8,2026-10-16,2027-12-17,15,442,2e96192b6bd6c51388ff09a4efe822864be2c8762ab4c6b3438c3b2a07cc0ff7
SPD,SPD,OCC_ETF_NAME_CBOE_ABSENT,EU,SAME_AS_UNDERLYING,EXACT_CLASS_ROOT_OBSERVED,true,48,48,4,4,4,2026-10-16,2027-05-21,15,232,3d6385dfdbc9aa134b7c87fe4eddee81cdd890291a4fee7ef6df34c7610278e5
SPDN,SPDN,CBOE_ETF,EU,SAME_AS_UNDERLYING,EXACT_CLASS_ROOT_OBSERVED,true,70,70,4,4,4,2026-10-16,2027-04-16,15,197,77dc85c39d94f8a267f026920691694425de0fea6b160ad078c41470b287fdc8
SPDW,SPDW,CBOE_ETF,EU,SAME_AS_UNDERLYING,EXACT_CLASS_ROOT_OBSERVED,true,76,76,4,4,4,2026-10-16,2027-05-21,15,232,e3cc0b985a234d173f6a3de5ae614daa6c80d05a9caf596745e9501fde642090
SPEM,SPEM,CBOE_ETF,EU,SAME_AS_UNDERLYING,EXACT_CLASS_ROOT_OBSERVED,true,76,76,4,4,4,2026-10-16,2027-03-19,15,169,e4a6183773416b13465191d6a525be6aa0cfb403a7467c06e4529f394f8de7be
SPEU,SPEU,OCC_ETF_NAME_CBOE_ABSENT,EU,SAME_AS_UNDERLYING,EXACT_CLASS_ROOT_OBSERVED,true,44,44,4,4,4,2026-10-16,2027-03-19,15,169,2df4764c19b87bccdaf09ddfccac8d6e3a0d14586309a84b435780ccf1fa554b
SPFF,SPFF,OCC_ETF_NAME_CBOE_ABSENT,EU,SAME_AS_UNDERLYING,EXACT_CLASS_ROOT_OBSERVED,true,44,44,4,4,4,2026-10-16,2027-04-16,15,197,78c4e49af137b7655af55470bf3c216adcf7d7dca55abcddb479e02ebdf3d3ef
SPGM,SPGM,CBOE_ETF,EU,SAME_AS_UNDERLYING,EXACT_CLASS_ROOT_OBSERVED,true,79,79,4,4,4,2026-10-16,2027-04-16,15,197,aaa498067fcb694d22bb4772e882ae12b957e84641c1418192ba4e9b9fd2016a
SPGP,SPGP,CBOE_ETF,EU,SAME_AS_UNDERLYING,EXACT_CLASS_ROOT_OBSERVED,true,87,87,4,4,4,2026-10-16,2027-03-19,15,169,786aa3718b0ec253dfa0d03b6cfa42993d764ceeaab15606234afe3e47315fbd
SPHB,SPHB,CBOE_ETF,EU,SAME_AS_UNDERLYING,EXACT_CLASS_ROOT_OBSERVED,true,157,157,4,4,4,2026-10-16,2027-03-19,15,169,6f0d08c3e9a22944100dc48a1e037531774e6fe2afe11fd8d2a9976911b3166c
SPHD,SPHD,CBOE_ETF,EU,SAME_AS_UNDERLYING,EXACT_CLASS_ROOT_OBSERVED,true,76,76,4,4,4,2026-10-16,2027-03-19,15,169,8cdd20804274bb5c2d154b751f3eadac453267d9d9fb7e7cdef64b46ec7519e9
SPHQ,SPHQ,CBOE_ETF,EU,SAME_AS_UNDERLYING,EXACT_CLASS_ROOT_OBSERVED,true,82,82,4,4,4,2026-10-16,2027-04-16,15,197,5cc28729fe0a8e6878ac2a3041dd31338739b33058efa5e857fa1d73b5e8d285
SPHY,SPHY,CBOE_ETF,EU,SAME_AS_UNDERLYING,EXACT_CLASS_ROOT_OBSERVED,true,76,76,4,4,4,2026-10-16,2027-04-16,15,197,f2ad48db3ac6e8962df36d3cae61deeaed30e27afa5b7f5cfe8694b65eb5d9cc
SPIB,SPIB,CBOE_ETF,EU,SAME_AS_UNDERLYING,EXACT_CLASS_ROOT_OBSERVED,true,76,76,4,4,4,2026-10-16,2027-05-21,15,232,9a0bcce32c650030d2392ced96bb0a5f832f6241df9eeb7034198e7b1f66d6be
SPIP,SPIP,CBOE_ETF,EU,SAME_AS_UNDERLYING,EXACT_CLASS_ROOT_OBSERVED,true,76,76,4,4,4,2026-10-16,2027-05-21,15,232,da2fd251d946ae2e91aaf9a7abb36317d54d2e53d81489dd981e7a06757ad6e4
SPLB,SPLB,CBOE_ETF,EU,SAME_AS_UNDERLYING,EXACT_CLASS_ROOT_OBSERVED,true,76,76,4,4,4,2026-10-16,2027-05-21,15,232,d1ff45a64815a4f5ad6d6a23cdf7f5847a6847d6fc66924a5af399f429a4d2a5
SPLV,SPLV,CBOE_ETF,EU,SAME_AS_UNDERLYING,EXACT_CLASS_ROOT_OBSERVED,true,105,105,4,4,4,2026-10-16,2027-03-19,15,169,add8be76047e2dfc59ae6c52904f8748f4266cf0ba4e392d0a68f742a6d7dd4a
SPMB,SPMB,CBOE_ETF,EU,SAME_AS_UNDERLYING,EXACT_CLASS_ROOT_OBSERVED,true,76,76,4,4,4,2026-10-16,2027-05-21,15,232,f4b66dc912340fac5941b6637268691478c385b93c45a13ffb508082235049b6
SPMD,SPMD,CBOE_ETF,EU,SAME_AS_UNDERLYING,EXACT_CLASS_ROOT_OBSERVED,true,79,79,4,4,4,2026-10-16,2027-05-21,15,232,5fb81f1ce3ce83518090f3cfabf71e1238c8e174a9315fb87acc8063a506902d
SPMO,SPMO,CBOE_ETF,EU,SAME_AS_UNDERLYING,EXACT_CLASS_ROOT_OBSERVED,true,362,362,7,7,7,2026-10-16,2029-01-19,15,841,2d3b086f75cda5052f0d11a8d40baf1ab9cfc24fb64803d96e01751c8c13743d
SPOG,SPOG,CBOE_ETF,EU,SAME_AS_UNDERLYING,EXACT_CLASS_ROOT_OBSERVED,true,68,68,4,4,4,2026-10-16,2027-05-21,15,232,929b7086dfcd41010f3b048cab13d2ff4aa8e345f7221da7bffea2db5fa250cd
SPRX,SPRX,CBOE_ETF,EU,SAME_AS_UNDERLYING,EXACT_CLASS_ROOT_OBSERVED,true,91,91,4,4,4,2026-10-16,2027-03-19,15,169,34b8328b0f1f46e7dca79c42689cefa0c9d34ad60e6d4866e315e5f4c1ab3303
SPSB,SPSB,CBOE_ETF,EU,SAME_AS_UNDERLYING,EXACT_CLASS_ROOT_OBSERVED,true,76,76,4,4,4,2026-10-16,2027-05-21,15,232,7051ab3f6767583dc515c18ef3f6fee74aa994ffa0b0c0d81c400b59d14436cd
SPSM,SPSM,CBOE_ETF,EU,SAME_AS_UNDERLYING,EXACT_CLASS_ROOT_OBSERVED,true,91,91,4,4,4,2026-10-16,2027-03-19,15,169,bc0e6aecc12a83e3cbd8f7edcbbf5ad0df773a707fe66cf52b077a46fd0bb406
SPTI,SPTI,CBOE_ETF,EU,SAME_AS_UNDERLYING,EXACT_CLASS_ROOT_OBSERVED,true,76,76,4,4,4,2026-10-16,2027-05-21,15,232,7dee5fe91b7e458a855c67a2fb7b89507b6d673f5afefcb34ea8363194d46c28
SPTL,SPTL,CBOE_ETF,EU,SAME_AS_UNDERLYING,EXACT_CLASS_ROOT_OBSERVED,true,84,84,4,4,4,2026-10-16,2027-05-21,15,232,52f5a729ebaf070d8f76c812f4a02cef9896c67ad4608a78c2cb03e10a5333d5
SPTM,SPTM,CBOE_ETF,EU,SAME_AS_UNDERLYING,EXACT_CLASS_ROOT_OBSERVED,true,79,79,4,4,4,2026-10-16,2027-03-19,15,169,9dbd6777f4705a795db489fe219a417dae481124cff67c68d0a476579c7b28e3
SPTS,SPTS,CBOE_ETF,EU,SAME_AS_UNDERLYING,EXACT_CLASS_ROOT_OBSERVED,true,76,76,4,4,4,2026-10-16,2027-05-21,15,232,e4b24376754b7810142641675c8f66ba2350b4d229d0e5fddcacdc055f71c768
SPUU,SPUU,CBOE_ETF,EU,SAME_AS_UNDERLYING,EXACT_CLASS_ROOT_OBSERVED,true,173,173,4,4,4,2026-10-16,2027-04-16,15,197,334a15bfd4336a86574f2f3c836408f01a3ece89391f89a33b13f4b2de5872b6
SPVM,SPVM,OCC_ETF_NAME_CBOE_ABSENT,EU,SAME_AS_UNDERLYING,EXACT_CLASS_ROOT_OBSERVED,true,100,100,4,4,4,2026-10-16,2027-05-21,15,232,14d0ec71dfa484d5f3933faa348a9e7b74294e75a52abf10df70ee3b38dc788b
SPXE,SPXE,OCC_ETF_NAME_CBOE_ABSENT,EU,SAME_AS_UNDERLYING,EXACT_CLASS_ROOT_OBSERVED,true,103,103,4,4,4,2026-10-16,2027-04-16,15,197,c328bc0705bd1d7fef0c150682bac1d0856ca160611cd184e242ecdef5e5ff10
SPXL,SPXL,CBOE_ETF,EU,SAME_AS_UNDERLYING,EXACT_CLASS_ROOT_OBSERVED,true,1003,1003,15,15,15,2026-10-02,2029-01-19,1,841,719ceef30db25a7f2b4d61077fe7a16d636ed8ec25ce4304edc46b4cd2163e1c
SPXN,SPXN,CBOE_ETF,EU,SAME_AS_UNDERLYING,EXACT_CLASS_ROOT_OBSERVED,true,80,80,4,4,4,2026-10-16,2027-04-16,15,197,0f9e6c16c988f2c231685050deecfc2d9806b6c8510b4fff97c62901ec4d95d5
SPXS,SPXS,CBOE_ETF,EU,SAME_AS_UNDERLYING,EXACT_CLASS_ROOT_OBSERVED,true,330,330,12,12,12,2026-10-02,2029-01-19,1,841,6c92d4567fefb3399ec5590a59306a05d70d2997521611e33016b32d2a944450
SPXS,SPXS1,CBOE_ETF,EU,NUMERIC_SUFFIX,EXACT_CLASS_ROOT_OBSERVED,true,28,28,2,2,2,2027-01-15,2028-01-21,106,477,6c92d4567fefb3399ec5590a59306a05d70d2997521611e33016b32d2a944450
SPXT,SPXT,CBOE_ETF,EU,SAME_AS_UNDERLYING,EXACT_CLASS_ROOT_OBSERVED,true,82,82,4,4,4,2026-10-16,2027-04-16,15,197,eb184795baf004163a89f9556eaa16d702360e0190a6f31250acbb24891822e2
SPXU,SPXU,CBOE_ETF,EU,SAME_AS_UNDERLYING,EXACT_CLASS_ROOT_OBSERVED,true,256,256,9,9,9,2026-10-16,2029-01-19,15,841,d098ceaa21d15c683ab09331b2779e396eb7add60f48a24dad80c4b9f3ea55b6
SPXU,SPXU2,CBOE_ETF,EU,NUMERIC_SUFFIX,EXACT_CLASS_ROOT_OBSERVED,true,120,123,4,4,4,2027-01-15,2028-01-21,106,477,d098ceaa21d15c683ab09331b2779e396eb7add60f48a24dad80c4b9f3ea55b6
SPXV,SPXV,OCC_ETF_NAME_CBOE_ABSENT,EU,SAME_AS_UNDERLYING,EXACT_CLASS_ROOT_OBSERVED,true,111,111,4,4,4,2026-10-16,2027-04-16,15,197,6d0fbdc5529e46e6b0ac60c77014a4484cd56a29ebfe1661a42650e338186978
SPY,SPY,CBOE_ETF,EU,SAME_AS_UNDERLYING,EXACT_CLASS_ROOT_OBSERVED,true,6549,6549,34,34,34,2026-10-01,2029-01-19,0,841,ace23ae8a26339a5c7cf6580568f0d404bed4510699abd83c85bd134fe0c8924
SPYD,SPYD,CBOE_ETF,EU,SAME_AS_UNDERLYING,EXACT_CLASS_ROOT_OBSERVED,true,86,86,4,4,4,2026-10-16,2027-03-19,15,169,5f207bcd9e701b98ed38fa3eff8b38a8dfdca6df63db2bfa92207190290af4ee
SPYG,SPYG,CBOE_ETF,EU,SAME_AS_UNDERLYING,EXACT_CLASS_ROOT_OBSERVED,true,143,143,4,4,4,2026-10-16,2027-03-19,15,169,a89941ee6bfea218e2eb14487c0b79e3e70e0d7049f74d450e23f9998ec6122d
SPYH,SPYH,CBOE_ETF,EU,SAME_AS_UNDERLYING,EXACT_CLASS_ROOT_OBSERVED,true,76,76,4,4,4,2026-10-16,2027-03-19,15,169,18237d08fe4c50982fb041aa695f53b77f9d3086aa815a64a5e0bab21b4deb6f
SPYI,SPYI,CBOE_ETF,EU,SAME_AS_UNDERLYING,EXACT_CLASS_ROOT_OBSERVED,true,156,156,6,6,6,2026-10-16,2029-01-19,15,841,c193b9b6fcdf1b02623849d75eb024cf74e9f1563ba98a85d0d4f081d8014866
SPYM,SPYM,CBOE_ETF,EU,SAME_AS_UNDERLYING,EXACT_CLASS_ROOT_OBSERVED,true,223,223,7,7,7,2026-10-16,2029-01-19,15,841,223b8ad67e35cf704318c0887cb10197382b2adfb84aa09bee6ecfb2e863f4e4
SPYQ,SPYQ,CBOE_ETF,EU,SAME_AS_UNDERLYING,EXACT_CLASS_ROOT_OBSERVED,true,173,173,4,4,4,2026-10-16,2027-03-19,15,169,343c2de411fd42f54db7ac109154f9d413791719b51a3eab7101362f0b97d381
SPYT,SPYT,CBOE_ETF,EU,SAME_AS_UNDERLYING,EXACT_CLASS_ROOT_OBSERVED,true,84,84,4,4,4,2026-10-16,2027-03-19,15,169,5977dd518c07f4416fa2a0db3e3d3ee4148ad72f3fbfdd1abe959c5a298e14e0
SPYV,SPYV,CBOE_ETF,EU,SAME_AS_UNDERLYING,EXACT_CLASS_ROOT_OBSERVED,true,86,86,4,4,4,2026-10-16,2027-03-19,15,169,e5a93f1060e23b6f91b2dcf9514c9ec51c15051f6dc7945130c4190832850c3a
SPYX,SPYX,CBOE_ETF,EU,SAME_AS_UNDERLYING,EXACT_CLASS_ROOT_OBSERVED,true,78,78,4,4,4,2026-10-16,2027-04-16,15,197,210095799e6a5baf9265349ef8287850aa3439571313d653cbf0af18337d50d8
SQQQ,SQQQ,CBOE_ETF,EU,SAME_AS_UNDERLYING,EXACT_CLASS_ROOT_OBSERVED,true,630,630,13,13,13,2026-10-02,2029-01-19,1,841,17b2979e420f198abcb3014577531a63da1e26b3bdcbddbcec898bdd7e48dc6d
SQQQ,SQQQ1,CBOE_ETF,EU,NUMERIC_SUFFIX,EXACT_CLASS_ROOT_OBSERVED,true,16,16,1,1,1,2027-01-15,2027-01-15,106,106,17b2979e420f198abcb3014577531a63da1e26b3bdcbddbcec898bdd7e48dc6d
SQQQ,SQQQ2,CBOE_ETF,EU,NUMERIC_SUFFIX,EXACT_CLASS_ROOT_OBSERVED,true,81,81,2,2,2,2027-01-15,2028-01-21,106,477,17b2979e420f198abcb3014577531a63da1e26b3bdcbddbcec898bdd7e48dc6d
SRET,SRET,OCC_ETF_NAME_CBOE_ABSENT,EU,SAME_AS_UNDERLYING,EXACT_CLASS_ROOT_OBSERVED,true,68,68,4,4,4,2026-10-16,2027-03-19,15,169,363626b56d4054c268e695cb5d7f60343109cfe332d79ccc28b17bdf330faebd
SRLN,SRLN,CBOE_ETF,EU,SAME_AS_UNDERLYING,EXACT_CLASS_ROOT_OBSERVED,true,86,86,4,4,4,2026-10-16,2027-05-21,15,232,e33b14a8ba05bfe59f1774be43471b97101413554886e2713521fe974fc8bcf1
SRS,SRS,CBOE_ETF,EU,SAME_AS_UNDERLYING,EXACT_CLASS_ROOT_OBSERVED,true,133,133,4,4,4,2026-10-16,2027-04-16,15,197,5ffa05522f1be1b1e8c1ab0015b5bb171ff2b9ac7f33090d21df0b8ad0870aef
SRTY,SRTY,CBOE_ETF,EU,SAME_AS_UNDERLYING,EXACT_CLASS_ROOT_OBSERVED,true,91,91,4,4,4,2026-10-16,2027-05-21,15,232,f1be51dc8f4d3ff93ab41bcae09ff4e2269f9ac4aa09ead2a748934d0729a43d
SRVR,SRVR,CBOE_ETF,EU,SAME_AS_UNDERLYING,EXACT_CLASS_ROOT_OBSERVED,true,76,76,4,4,4,2026-10-16,2027-03-19,15,169,bf52fee739309a662368dfa9dd41250b29a543bedf78b53c51288e1ba136292d
SSG,SSG,CBOE_ETF,EU,SAME_AS_UNDERLYING,EXACT_CLASS_ROOT_OBSERVED,true,93,93,4,4,4,2026-10-16,2027-04-16,15,197,59f62bff955bb93e44ead8526361b611804cbf26ecb12983ead1847102108c47
SSK,SSK,CBOE_ETF,EU,SAME_AS_UNDERLYING,EXACT_CLASS_ROOT_OBSERVED,true,76,76,4,4,4,2026-10-16,2027-03-19,15,169,4a80656facf9983ba466a37621277e8e78be520e1a5709d20f4bd25b45fef323
SSO,SSO,CBOE_ETF,EU,SAME_AS_UNDERLYING,EXACT_CLASS_ROOT_OBSERVED,true,484,484,13,13,13,2026-10-02,2029-01-19,1,841,9685c9681f5de3a1f17c77bfe1353a056084ac00ba31af7f10e0ae518999621a
SSPC,SSPC,CBOE_ETF,EU,SAME_AS_UNDERLYING,EXACT_CLASS_ROOT_OBSERVED,true,158,158,6,6,6,2026-10-16,2029-01-19,15,841,7549110b136ca5a7b2b8bf21f04931459a79cc343440dcac0e3b93264cbd0ccc
SSUS,SSUS,OCC_ETF_NAME_CBOE_ABSENT,EU,SAME_AS_UNDERLYING,EXACT_CLASS_ROOT_OBSERVED,true,52,52,4,4,4,2026-10-16,2027-05-21,15,232,7e1dd5474c64954ae81a69a9a7c469cebe0ede176444edf48938687defd47dc7
STIP,STIP,CBOE_ETF,EU,SAME_AS_UNDERLYING,EXACT_CLASS_ROOT_OBSERVED,true,76,76,4,4,4,2026-10-16,2027-05-21,15,232,27b7aabd93344aee3ad22b810eab5efbddaef85b339ca24dedcfb1950a0a0c89
STPZ,STPZ,CBOE_ETF,EU,SAME_AS_UNDERLYING,EXACT_CLASS_ROOT_OBSERVED,true,76,76,4,4,4,2026-10-16,2027-04-16,15,197,4037f88cbcc97f37a3023fa42ea324b8c845987ed5aff4bd47161efed676881d
STXE,STXE,CBOE_ETF,EU,SAME_AS_UNDERLYING,EXACT_CLASS_ROOT_OBSERVED,true,89,89,4,4,4,2026-10-16,2027-05-21,15,232,d8f19e2053f5337b76d80ba2f9057dfad657b0c91dd99304c398b2762358d941
STXF,STXF,CBOE_ETF,EU,SAME_AS_UNDERLYING,EXACT_CLASS_ROOT_OBSERVED,true,84,84,4,4,4,2026-10-16,2027-03-19,15,169,ad77b88e35633cfd45e88303ae2ccfb22b27ed1487f5843bf64cc4c212689770
STXL,STXL,CBOE_ETF,EU,SAME_AS_UNDERLYING,EXACT_CLASS_ROOT_OBSERVED,true,123,123,4,4,4,2026-10-16,2027-03-19,15,169,a52f72f7f61a23e64effde851dba1a3a1e63155734c4a51dffc3a24e788c6885
STXU,STXU,CBOE_ETF,EU,SAME_AS_UNDERLYING,EXACT_CLASS_ROOT_OBSERVED,true,87,87,4,4,4,2026-10-16,2027-03-19,15,169,8a52e6917b957b0bae7964016cdb49f3f48fee6a247530b8ce090bb0d4cec42a
STXX,STXX,CBOE_ETF,EU,SAME_AS_UNDERLYING,EXACT_CLASS_ROOT_OBSERVED,true,140,140,5,5,5,2026-10-16,2028-12-15,15,806,9e10c66726d9d170deba32a465cb7d8e2d1d14d76a5f189716f760c9f9a899df
STYL,STYL,CBOE_ETF,EU,SAME_AS_UNDERLYING,EXACT_CLASS_ROOT_OBSERVED,true,73,73,4,4,4,2026-10-16,2027-03-19,15,169,b6e34922a09fd3ef4941f702c37a2b32b7bbf32a69e26576d3f0821647e4665e
SUPL,SUPL,CBOE_ETF,EU,SAME_AS_UNDERLYING,EXACT_CLASS_ROOT_OBSERVED,true,76,76,4,4,4,2026-10-16,2027-04-16,15,197,4beea2b0f537467b92a6dcbc81cd319f1fc0039b434a26914686d43f1cc4b473
SUSA,SUSA,CBOE_ETF,EU,SAME_AS_UNDERLYING,EXACT_CLASS_ROOT_OBSERVED,true,99,99,4,4,4,2026-10-16,2027-05-21,15,232,a97b1fe135eb9206ad53feea2010e38b7ef5bdad5b7c755a9977546eff3f0724
SUSB,SUSB,CBOE_ETF,EU,SAME_AS_UNDERLYING,EXACT_CLASS_ROOT_OBSERVED,true,76,76,4,4,4,2026-10-16,2027-04-16,15,197,4302f4ce0d1f922396fe5ab39fe0b845797c5457026ea487cfbeba9faee895f5
SUSL,SUSL,OCC_ETF_NAME_CBOE_ABSENT,EU,SAME_AS_UNDERLYING,EXACT_CLASS_ROOT_OBSERVED,true,50,50,4,4,4,2026-10-16,2027-03-19,15,169,20b48ea036578929ac3f51cb7099e8d12166dde3f59e1cca3b1465f72aa51ad5
SVAL,SVAL,CBOE_ETF,EU,SAME_AS_UNDERLYING,EXACT_CLASS_ROOT_OBSERVED,true,79,79,4,4,4,2026-10-16,2027-05-21,15,232,32fb5e76bb7ff1ec0fe87c6c7dfd6ccabf0f3cfaaefae84d39fcb4aa671c77f2
SVIX,SVIX,CBOE_ETF,EU,SAME_AS_UNDERLYING,EXACT_CLASS_ROOT_OBSERVED,true,622,622,17,17,17,2026-10-02,2029-01-19,1,841,91b4576b27480a8f175b11823d0494d382221316c45482b35f113759e03e805f
SVOL,SVOL,CBOE_ETF,EU,SAME_AS_UNDERLYING,EXACT_CLASS_ROOT_OBSERVED,true,84,84,4,4,4,2026-10-16,2027-03-19,15,169,6181be4884848be0fd7655a83000b7c51eea03530193379857b1c612c9e34e5e
SVXY,SVXY,CBOE_ETF,EU,SAME_AS_UNDERLYING,EXACT_CLASS_ROOT_OBSERVED,true,391,391,9,9,9,2026-10-16,2029-01-19,15,841,01a26d8ebf98417e51cb7c4805577383810e9743f795ec340e284eaa5f02ef9e
SWAN,SWAN,CBOE_ETF,EU,SAME_AS_UNDERLYING,EXACT_CLASS_ROOT_OBSERVED,true,85,85,4,4,4,2026-10-16,2027-04-16,15,197,c6ee69fc803166c265c3f275610030500f24faf0249a74600a2020e5c584f461
SYLD,SYLD,CBOE_ETF,EU,SAME_AS_UNDERLYING,EXACT_CLASS_ROOT_OBSERVED,true,92,92,4,4,4,2026-10-16,2027-05-21,15,232,5f134f8e80150711d9352469e069460f5ed6f5cec839607662946e14cb15c7cf
SZK,SZK,CBOE_ETF,EU,SAME_AS_UNDERLYING,EXACT_CLASS_ROOT_OBSERVED,true,79,79,4,4,4,2026-10-16,2027-05-21,15,232,4a561a079e59c7c27fe55ef22d1b8fd69e741201fc418453025d9f4bde6a8e87
SZK,SZK1,CBOE_ETF,EU,NUMERIC_SUFFIX,EXACT_CLASS_ROOT_OBSERVED,true,23,23,1,1,1,2026-11-20,2026-11-20,50,50,4a561a079e59c7c27fe55ef22d1b8fd69e741201fc418453025d9f4bde6a8e87
TAGS,TAGS,CBOE_ETF,EU,SAME_AS_UNDERLYING,EXACT_CLASS_ROOT_OBSERVED,true,76,76,4,4,4,2026-10-16,2027-05-21,15,232,12d47b4f1e14ea5e0fa3ff912f2410643fae797f1ec50655af21bf274b8ba2ab
TAIL,TAIL,CBOE_ETF,EU,SAME_AS_UNDERLYING,EXACT_CLASS_ROOT_OBSERVED,true,76,76,4,4,4,2026-10-16,2027-03-19,15,169,d141c961073b937720d9e5405e6150a98d377fc95e18ea21fcb5e9d9a7df7f52
TAN,TAN,CBOE_ETF,EU,SAME_AS_UNDERLYING,EXACT_CLASS_ROOT_OBSERVED,true,294,294,6,6,6,2026-10-16,2029-01-19,15,841,5ca42b9739202aaa0e55ecbf4278fd45f68ac9a9dd08af1d9436d0cca07b3eb9
TARK,TARK,CBOE_ETF,EU,SAME_AS_UNDERLYING,EXACT_CLASS_ROOT_OBSERVED,true,120,120,4,4,4,2026-10-16,2027-03-19,15,169,4e3099ef76cd1c0adc99f202ad71a9e789e56b6bd7a805dd5d612b2e57330520
TBF,TBF,CBOE_ETF,EU,SAME_AS_UNDERLYING,EXACT_CLASS_ROOT_OBSERVED,true,84,84,4,4,4,2026-10-16,2027-03-19,15,169,0dca9fd12d7de1fed2553ab57ae932cb0debf5ddd666f33ce74d17368ff8a366
TBLU,TBLU,OCC_ETF_NAME_CBOE_ABSENT,EU,SAME_AS_UNDERLYING,EXACT_CLASS_ROOT_OBSERVED,true,48,48,4,4,4,2026-10-16,2027-04-16,15,197,0b8e5ecd140694af28a8ba46b078a89c747a56307932ae2857f270ca9cfb1339
TBT,TBT,CBOE_ETF,EU,SAME_AS_UNDERLYING,EXACT_CLASS_ROOT_OBSERVED,true,205,205,7,7,7,2026-10-16,2029-01-19,15,841,cf99988b9ad3e1649ee8793c9dcc34faa1d3afbed7ba5ec495a5203ba64d96cd
TCAF,TCAF,OCC_ETF_NAME_CBOE_ABSENT,EU,SAME_AS_UNDERLYING,EXACT_CLASS_ROOT_OBSERVED,true,85,85,4,4,4,2026-10-16,2027-04-16,15,197,5a7c3f98c6ba9857edaf52f8c16b402f1152aa5ebd2fe4c5ff6a4cb111a17abf
TCHI,TCHI,OCC_ETF_NAME_CBOE_ABSENT,EU,SAME_AS_UNDERLYING,EXACT_CLASS_ROOT_OBSERVED,true,44,44,4,4,4,2026-10-16,2027-04-16,15,197,c44e4a778c7e3b98925132bdbfe6736a467ca8144d30d40cc96c38d2d415687b
TDIV,TDIV,CBOE_ETF,EU,SAME_AS_UNDERLYING,EXACT_CLASS_ROOT_OBSERVED,true,125,125,4,4,4,2026-10-16,2027-05-21,15,232,9f0b7dfeb36e779606e7c4cc511c337e161d74de75ba29be1378e377592e0810
TDTT,TDTT,CBOE_ETF,EU,SAME_AS_UNDERLYING,EXACT_CLASS_ROOT_OBSERVED,true,76,76,4,4,4,2026-10-16,2027-05-21,15,232,f46bb763bd8a1574df21a15b3a7b8baf869f84638e93da4c57a53e635654288c
TDV,TDV,CBOE_ETF,EU,SAME_AS_UNDERLYING,EXACT_CLASS_ROOT_OBSERVED,true,92,92,4,4,4,2026-10-16,2027-03-19,15,169,057262fe40203c3e783a12b9a3094f83d4ad6fc663e3e791175a4e93b9376d5c
TECB,TECB,OCC_ETF_NAME_CBOE_ABSENT,EU,SAME_AS_UNDERLYING,EXACT_CLASS_ROOT_OBSERVED,true,86,86,4,4,4,2026-10-16,2027-05-21,15,232,7f165fe42a2fff26eb762e9688ba235e4f36d96e694aac37153048e26c1c4e24
TECL,TECL,CBOE_ETF,EU,SAME_AS_UNDERLYING,EXACT_CLASS_ROOT_OBSERVED,true,946,946,12,12,12,2026-10-16,2029-01-19,15,841,7f39279040ad131ae4674de4130fd72ba13c138632f7512110970e01f1b9222e
TECS,TECS,CBOE_ETF,EU,SAME_AS_UNDERLYING,EXACT_CLASS_ROOT_OBSERVED,true,602,602,9,9,9,2026-10-16,2027-09-17,15,351,9d2b13d4801767167435bbe975a3c220d505ffd3ff35a8978518441dc0f2af53
TECS,TECS1,CBOE_ETF,EU,NUMERIC_SUFFIX,EXACT_CLASS_ROOT_OBSERVED,true,152,152,4,4,4,2026-10-16,2027-03-19,15,169,9d2b13d4801767167435bbe975a3c220d505ffd3ff35a8978518441dc0f2af53
TEK,TEK,OCC_ETF_NAME_CBOE_ABSENT,EU,SAME_AS_UNDERLYING,EXACT_CLASS_ROOT_OBSERVED,true,93,93,4,4,4,2026-10-16,2027-03-19,15,169,492d0279d21478e75eaf69c790b96486eaa9ff09a9302d331c39fbdd159d137b
TEMT,TEMT,CBOE_ETF,EU,SAME_AS_UNDERLYING,EXACT_CLASS_ROOT_OBSERVED,true,148,148,4,4,4,2026-10-16,2027-03-19,15,169,6e96f134d2188e55e738e96eace05b4e232da5beba5533df5c92674c4c1e983a
TEMT,TEMT2,CBOE_ETF,EU,NUMERIC_SUFFIX,UNDERLYING_QUERY_WITH_OPTIONS_CLASS_UNRESOLVED,false,0,0,0,0,0,,,,,6e96f134d2188e55e738e96eace05b4e232da5beba5533df5c92674c4c1e983a
TERG,TERG,CBOE_ETF,EU,SAME_AS_UNDERLYING,EXACT_CLASS_ROOT_OBSERVED,true,132,132,4,4,4,2026-10-16,2027-04-16,15,197,8478b2b87d317bba3a83b2af60d86fc42e32c37de485aa77590ed07959a4be30
TESL,TESL,CBOE_ETF,EU,SAME_AS_UNDERLYING,EXACT_CLASS_ROOT_OBSERVED,true,77,77,4,4,4,2026-10-16,2027-04-16,15,197,161ab9433ddc3510faff6ff994e2491e611acde6bac64ac8c31b6d1e579c7b58
TETH,TETH,CBOE_ETF,EU,SAME_AS_UNDERLYING,EXACT_CLASS_ROOT_OBSERVED,true,76,76,4,4,4,2026-10-16,2027-03-19,15,169,98e2f4c6a4f3a1d45be8dd067cd4881d2bce83dfa64b46a743b3db1eb1745403
TEUP,TEUP,CBOE_ETF,EU,SAME_AS_UNDERLYING,EXACT_CLASS_ROOT_OBSERVED,true,143,143,4,4,4,2026-10-16,2027-03-19,15,169,774d5bc2acb5a368d2aed797ad4aedd47105edde47d3f16901cf8be1e2d0e3ac
TEUP,TEUP1,CBOE_ETF,EU,NUMERIC_SUFFIX,EXACT_CLASS_ROOT_OBSERVED,true,56,56,3,3,3,2026-10-16,2027-03-19,15,169,774d5bc2acb5a368d2aed797ad4aedd47105edde47d3f16901cf8be1e2d0e3ac
TFI,TFI,OCC_ETF_NAME_CBOE_ABSENT,EU,SAME_AS_UNDERLYING,EXACT_CLASS_ROOT_OBSERVED,true,68,68,4,4,4,2026-10-16,2027-03-19,15,169,978f1593555bbf1ac4e5825435f707ae3ac2637d35dac226162dd9c7d9f4fc65
TFLO,TFLO,CBOE_ETF,EU,SAME_AS_UNDERLYING,EXACT_CLASS_ROOT_OBSERVED,true,76,76,4,4,4,2026-10-16,2027-04-16,15,197,86b9a5bd36e2276847be7af9eda7a74f8df99ffcea98fe9654218fa61a724c99
THD,THD,CBOE_ETF,EU,SAME_AS_UNDERLYING,EXACT_CLASS_ROOT_OBSERVED,true,106,106,4,4,4,2026-10-16,2027-03-19,15,169,e22ee55faee04c6d437d1970136dc78d068d4b46ee4c4b5e313e4dd3a5e69d49
THLV,THLV,OCC_ETF_NAME_CBOE_ABSENT,EU,SAME_AS_UNDERLYING,EXACT_CLASS_ROOT_OBSERVED,true,44,44,4,4,4,2026-10-16,2027-04-16,15,197,cb29dbe0ed9ae994338ebeb1735f972246ab5a88de5d523576c75df37f69e036
THNQ,THNQ,CBOE_ETF,EU,SAME_AS_UNDERLYING,EXACT_CLASS_ROOT_OBSERVED,true,116,116,4,4,4,2026-10-16,2027-05-21,15,232,77efcb1bab35c2f224120d3b2b77abd785ffa2dbf8098d4a260f0a2bd0073f1b
THRO,THRO,CBOE_ETF,EU,SAME_AS_UNDERLYING,EXACT_CLASS_ROOT_OBSERVED,true,84,84,4,4,4,2026-10-16,2027-04-16,15,197,df01ac3d26804ae9113662c2e0d91fcf3d25d94dbdeb3c70212e9e3704b13333
THYP,THYP,OCC_ETF_NAME_CBOE_ABSENT,EU,SAME_AS_UNDERLYING,EXACT_CLASS_ROOT_OBSERVED,true,137,137,4,4,4,2026-10-16,2027-03-19,15,169,a4e98715dc129d2bc8b8b505798fd3d3ce59295b6017355440f59f2e16662be6
TILL,TILL,CBOE_ETF,EU,SAME_AS_UNDERLYING,EXACT_CLASS_ROOT_OBSERVED,true,76,76,4,4,4,2026-10-16,2027-04-16,15,197,6a9349b0595c5fc69169aa77345fa6227c4b51ccef8980a7e92898d574d07bc8
TIME,TIME,CBOE_ETF,EU,SAME_AS_UNDERLYING,EXACT_CLASS_ROOT_OBSERVED,true,76,76,4,4,4,2026-10-16,2027-05-21,15,232,d499b396cea25bd7686784348525bd469521db99b08981fdb4e787735e0ef8cf
TINT,TINT,OCC_ETF_NAME_CBOE_ABSENT,EU,SAME_AS_UNDERLYING,EXACT_CLASS_ROOT_OBSERVED,true,86,86,4,4,4,2026-10-16,2027-05-21,15,232,5db03a9f4a4c9131e8dfb62bd830159ab683a57cd89ac808f60551c94554b865
TINY,TINY,OCC_ETF_NAME_CBOE_ABSENT,EU,SAME_AS_UNDERLYING,EXACT_CLASS_ROOT_OBSERVED,true,133,133,4,4,4,2026-10-16,2027-05-21,15,232,c5b897deebb44e14a7663b07a62e46d1dec5c3007cb9596c8d74003967060ed8
TIP,TIP,CBOE_ETF,EU,SAME_AS_UNDERLYING,EXACT_CLASS_ROOT_OBSERVED,true,161,161,5,5,5,2026-10-16,2027-03-19,15,169,b95a8d18832ede1335df4b3d2085ba477acfdb48abb33573d1f3228d328f8f59
TIPX,TIPX,CBOE_ETF,EU,SAME_AS_UNDERLYING,EXACT_CLASS_ROOT_OBSERVED,true,76,76,4,4,4,2026-10-16,2027-05-21,15,232,9b43e0647644ffce7f9d6f6e73290592690212b9a28500446ec5396e8ce33e1e
TLH,TLH,CBOE_ETF,EU,SAME_AS_UNDERLYING,EXACT_CLASS_ROOT_OBSERVED,true,88,88,4,4,4,2026-10-16,2027-03-19,15,169,8f41ec5e08d425aea0a469018ad49b8e11c6cd1d186121221ad2af844ddeeea9
TLT,TLT,CBOE_ETF,EU,SAME_AS_UNDERLYING,EXACT_CLASS_ROOT_OBSERVED,true,1366,1366,31,31,31,2026-10-02,2029-01-19,1,841,4e0d6cb6a2a2452b2b2010efbb5b98f19e9c418584ef6cad133f280ff510d582
TLTI,TLTI,CBOE_ETF,EU,SAME_AS_UNDERLYING,EXACT_CLASS_ROOT_OBSERVED,true,76,76,4,4,4,2026-10-16,2027-03-19,15,169,c14c4dfbcef625576c350438f1fe1724cc9c5c1d44dc6f4be075d501a4aaca75
TMAT,TMAT,CBOE_ETF,EU,SAME_AS_UNDERLYING,EXACT_CLASS_ROOT_OBSERVED,true,76,76,4,4,4,2026-10-16,2027-03-19,15,169,38f93ce507adcd58189d1b1901d7ad31dad585c77c40beaad47fc299fd6839a9
TMF,TMF,CBOE_ETF,EU,SAME_AS_UNDERLYING,EXACT_CLASS_ROOT_OBSERVED,true,423,423,13,13,13,2026-10-02,2029-01-19,1,841,bd4777dbf0d041a83a46c181e4552d060b8f6bf90cf35f44ada5201ee0acea20
TMFC,TMFC,OCC_ETF_NAME_CBOE_ABSENT,EU,SAME_AS_UNDERLYING,EXACT_CLASS_ROOT_OBSERVED,true,78,78,4,4,4,2026-10-16,2027-04-16,15,197,36ac34cc073cbfcf550e2052c359375e3b3d1900ac0b42752b6d6b2295ff2a6f
TMV,TMV,CBOE_ETF,EU,SAME_AS_UNDERLYING,EXACT_CLASS_ROOT_OBSERVED,true,157,157,6,6,6,2026-10-16,2028-01-21,15,477,9ab32a9a819ba421137804fdbb9cf3bb34dbf01cd10cfacaecc3f1b0b683a879
TNA,TNA,CBOE_ETF,EU,SAME_AS_UNDERLYING,EXACT_CLASS_ROOT_OBSERVED,true,686,686,14,14,14,2026-10-02,2029-01-19,1,841,d012dd5651da3a88e14785792f969d7a8ed667cc5c2148840a24a352c1492eec
TOLZ,TOLZ,OCC_ETF_NAME_CBOE_ABSENT,EU,SAME_AS_UNDERLYING,EXACT_CLASS_ROOT_OBSERVED,true,100,100,4,4,4,2026-10-16,2027-04-16,15,197,e617087e3340e19b89c77d36f1786089172d2eebb3affaf02c0179424713f324
TOPT,TOPT,CBOE_ETF,EU,SAME_AS_UNDERLYING,EXACT_CLASS_ROOT_OBSERVED,true,84,84,4,4,4,2026-10-16,2027-05-21,15,232,2489c5e2b2c37a4b3c763b2a79c40488863c80f02b8d15c2882b80457b5f9a46
TOPW,TOPW,CBOE_ETF,EU,SAME_AS_UNDERLYING,EXACT_CLASS_ROOT_OBSERVED,true,87,87,4,4,4,2026-10-16,2027-03-19,15,169,ff8ec1a5593f9d7c29e6f09626c73e999f190db069c94ee8f8e8273d614f3f5f
TOTL,TOTL,CBOE_ETF,EU,SAME_AS_UNDERLYING,EXACT_CLASS_ROOT_OBSERVED,true,76,76,4,4,4,2026-10-16,2027-05-21,15,232,beebf1e76340c2b435367e60dc26d2356905160691ea4c59562ce0568515f570
TPAY,TPAY,CBOE_ETF,EU,SAME_AS_UNDERLYING,EXACT_CLASS_ROOT_OBSERVED,true,76,76,4,4,4,2026-10-16,2027-03-19,15,169,eb916a2e6b822b0b640a052f9ad4b09c3bff3a9d33b0b828afca4b9fe892c457
TPOR,TPOR,CBOE_ETF,EU,SAME_AS_UNDERLYING,EXACT_CLASS_ROOT_OBSERVED,true,96,96,4,4,4,2026-10-16,2027-03-19,15,169,38062f8e47d3690ad17a89b68b79095ec62b2c719c0c1b1d3bb6ebea4993b3ef
TPYP,TPYP,CBOE_ETF,EU,SAME_AS_UNDERLYING,EXACT_CLASS_ROOT_OBSERVED,true,76,76,4,4,4,2026-10-16,2027-03-19,15,169,068e7e7830e4b7981725334b834268e2820d1dabdebfdfa6720eab29bfcad4ff
TQQQ,TQQQ,CBOE_ETF,EU,SAME_AS_UNDERLYING,EXACT_CLASS_ROOT_OBSERVED,true,842,842,16,16,16,2026-10-02,2029-01-19,1,841,dec8a66c62e384635795c8d1f84727f82e249a6bf15047e6a6752cd860283234
TQQY,TQQY,CBOE_ETF,EU,SAME_AS_UNDERLYING,EXACT_CLASS_ROOT_OBSERVED,true,84,84,4,4,4,2026-10-16,2027-05-21,15,232,87d82d77cb54f9a3097047d9475fa019377aa6cc42d436c4bcde99301da1212c
TRFK,TRFK,OCC_ETF_NAME_CBOE_ABSENT,EU,SAME_AS_UNDERLYING,EXACT_CLASS_ROOT_OBSERVED,true,146,146,4,4,4,2026-10-16,2027-05-21,15,232,8ac3ef63157642ab2dcfe1c4c44936efc3225ec2ac709567ef7d4a397184a2cb
TSDD,TSDD,CBOE_ETF,EU,SAME_AS_UNDERLYING,EXACT_CLASS_ROOT_OBSERVED,true,83,83,4,4,4,2026-10-16,2027-03-19,15,169,e5efdb4a146a5a0b2eaca4bc8041cfd0cc18581c3f5acd3a0cf167b06ea0bc64
TSL,TSL,CBOE_ETF,EU,SAME_AS_UNDERLYING,EXACT_CLASS_ROOT_OBSERVED,true,85,85,4,4,4,2026-10-16,2027-03-19,15,169,c201795e56802680e930748b61846ed590fc9616c303898d3add40999c081896
TSLG,TSLG,CBOE_ETF,EU,SAME_AS_UNDERLYING,EXACT_CLASS_ROOT_OBSERVED,true,45,45,4,4,4,2026-10-16,2027-03-19,15,169,937f009007ee82e8db3c7fda34427996b3b5510a3ed8a5f9c0a9fb45dd52a1e0
TSLL,TSLL,CBOE_ETF,EU,SAME_AS_UNDERLYING,EXACT_CLASS_ROOT_OBSERVED,true,367,367,13,13,13,2026-10-02,2029-01-19,1,841,7e501e4ea5b7a82a698e8f2e19f4ea1e10afab5ecd08a095e329a360ec0f52c2
TSLL,TSLL1,CBOE_ETF,EU,NUMERIC_SUFFIX,EXACT_CLASS_ROOT_OBSERVED,true,97,97,2,2,2,2027-01-15,2028-01-21,106,477,7e501e4ea5b7a82a698e8f2e19f4ea1e10afab5ecd08a095e329a360ec0f52c2
TSLP,TSLP,OCC_ETF_NAME_CBOE_ABSENT,EU,SAME_AS_UNDERLYING,EXACT_CLASS_ROOT_OBSERVED,true,55,55,4,4,4,2026-10-16,2027-04-16,15,197,85c9976822878d5b6bbdc3a58d6611541bf64a66f46af43f8641b26096ff1468
TSLQ,TSLQ,CBOE_ETF,EU,SAME_AS_UNDERLYING,EXACT_CLASS_ROOT_OBSERVED,true,210,210,6,6,6,2026-10-16,2028-01-21,15,477,2103474974847a51a878de8314eb83d17f4df7a92123b3299c6e92529e63df9e
TSLQ,TSLQ1,CBOE_ETF,EU,NUMERIC_SUFFIX,EXACT_CLASS_ROOT_OBSERVED,true,44,44,2,2,2,2027-01-15,2028-01-21,106,477,2103474974847a51a878de8314eb83d17f4df7a92123b3299c6e92529e63df9e
TSLR,TSLR,CBOE_ETF,EU,SAME_AS_UNDERLYING,EXACT_CLASS_ROOT_OBSERVED,true,108,108,4,4,4,2026-10-16,2027-03-19,15,169,58c6c5d3da6b967c0c713b0da696c5091b67348a5080308c3817aeb6d52a0357
TSLS,TSLS,CBOE_ETF,EU,SAME_AS_UNDERLYING,EXACT_CLASS_ROOT_OBSERVED,true,164,164,4,4,4,2026-10-16,2027-03-19,15,169,7015865461be47742eb7159c23e7f13a42cabb97fade86ae8b6f6ff1437c83cd
TSLS,TSLS1,CBOE_ETF,EU,NUMERIC_SUFFIX,EXACT_CLASS_ROOT_OBSERVED,true,12,12,1,1,1,2028-01-21,2028-01-21,477,477,7015865461be47742eb7159c23e7f13a42cabb97fade86ae8b6f6ff1437c83cd
TSLT,TSLT,CBOE_ETF,EU,SAME_AS_UNDERLYING,EXACT_CLASS_ROOT_OBSERVED,true,189,189,6,6,6,2026-10-16,2028-01-21,15,477,eb4dcbe262a9027ead2fce8b8dd9676a77df9908e6b5afb6c0555d5f6e45995f
TSLW,TSLW,CBOE_ETF,EU,SAME_AS_UNDERLYING,EXACT_CLASS_ROOT_OBSERVED,true,102,102,4,4,4,2026-10-16,2027-03-19,15,169,f66ed2bdf3cf207e8bbbe12a2458a317bfefd60e5be7a2e37b84e77a70748bde
TSLY,TSLY,CBOE_ETF,EU,SAME_AS_UNDERLYING,EXACT_CLASS_ROOT_OBSERVED,true,182,182,6,6,6,2026-10-16,2028-01-21,15,477,76ba3ec4bb3f299af15747de6ccb93e778f81e5802bea01ae0979adad42d89ef
TSLY,TSLY1,CBOE_ETF,EU,NUMERIC_SUFFIX,EXACT_CLASS_ROOT_OBSERVED,true,36,36,2,2,2,2027-01-15,2028-01-21,106,477,76ba3ec4bb3f299af15747de6ccb93e778f81e5802bea01ae0979adad42d89ef
TSLZ,TSLZ,CBOE_ETF,EU,SAME_AS_UNDERLYING,EXACT_CLASS_ROOT_OBSERVED,true,104,104,4,4,4,2026-10-16,2027-03-19,15,169,5d4f81b056975f2ef966d38cfebe702d135447e37afddf1b26b7f04c15ac4a67
TSMG,TSMG,CBOE_ETF,EU,SAME_AS_UNDERLYING,EXACT_CLASS_ROOT_OBSERVED,true,100,100,4,4,4,2026-10-16,2027-03-19,15,169,d0019a076efdbc70b03e2fbbdab0e7052314aa4d4e8dbfd23aae78f3fdb2c9a1
TSMU,TSMU,CBOE_ETF,EU,SAME_AS_UNDERLYING,EXACT_CLASS_ROOT_OBSERVED,true,138,138,4,4,4,2026-10-16,2027-03-19,15,169,90a5f52c7a46e9f5674a31f94abccad6dddb5bca7155f886121872364b326e2a
TSMY,TSMY,CBOE_ETF,EU,SAME_AS_UNDERLYING,EXACT_CLASS_ROOT_OBSERVED,true,76,76,4,4,4,2026-10-16,2027-04-16,15,197,49c9a20b4de986f441be1768fb29f8476655e441dee4c0fb9d4564a2448a0346
TSPY,TSPY,OCC_ETF_NAME_CBOE_ABSENT,EU,SAME_AS_UNDERLYING,EXACT_CLASS_ROOT_OBSERVED,true,45,45,4,4,4,2026-10-16,2027-03-19,15,169,b4eadad72a2af1573c0bc95d095abb7b436db5253c6276b97090481f8a2b89a5
TSYW,TSYW,CBOE_ETF,EU,SAME_AS_UNDERLYING,EXACT_CLASS_ROOT_OBSERVED,true,78,78,4,4,4,2026-10-16,2027-03-19,15,169,59acb6eaebfadc80cc6332b496bc6cea2fc2ab0a9e2fa6741019a19fbf04babd
TSYY,TSYY,CBOE_ETF,EU,SAME_AS_UNDERLYING,EXACT_CLASS_ROOT_OBSERVED,true,74,74,4,4,4,2026-10-16,2027-05-21,15,232,901a5208c39060c71964506acb2c8c910adca60ec3fcbd4a2a51b87c9492ca62
TSYY,TSYY1,CBOE_ETF,EU,NUMERIC_SUFFIX,EXACT_CLASS_ROOT_OBSERVED,true,7,7,1,1,1,2026-11-20,2026-11-20,50,50,901a5208c39060c71964506acb2c8c910adca60ec3fcbd4a2a51b87c9492ca62
TTDU,TTDU,CBOE_ETF,EU,SAME_AS_UNDERLYING,EXACT_CLASS_ROOT_OBSERVED,true,93,93,4,4,4,2026-10-16,2027-03-19,15,169,1be0b12378a4a6602f3a9895d67183b27c03dc04aeb118b3cf368c327b4a4239
TTDU,TTDU1,CBOE_ETF,EU,NUMERIC_SUFFIX,EXACT_CLASS_ROOT_OBSERVED,true,18,18,3,3,3,2026-10-16,2027-03-19,15,169,1be0b12378a4a6602f3a9895d67183b27c03dc04aeb118b3cf368c327b4a4239
TTMX,TTMX,CBOE_ETF,EU,SAME_AS_UNDERLYING,EXACT_CLASS_ROOT_OBSERVED,true,76,76,4,4,4,2026-10-16,2027-03-19,15,169,bb7c4aca8b493b4b91861eb0df2127cc7a78751a6d81d4b91ce1ddd110b9d9a6
TTT,TTT,CBOE_ETF,EU,SAME_AS_UNDERLYING,EXACT_CLASS_ROOT_OBSERVED,true,119,119,4,4,4,2026-10-16,2027-04-16,15,197,fe0d89934f972d4a8b553138db961215753875fa72305a93836883b2c033a9a6
TUA,TUA,CBOE_ETF,EU,SAME_AS_UNDERLYING,EXACT_CLASS_ROOT_OBSERVED,true,82,82,4,4,4,2026-10-16,2027-03-19,15,169,da8624797b6ee440a485f22d0c2b9eb74dd9b987c5dd7c49b7f2d074df8f21ba
TUR,TUR,CBOE_ETF,EU,SAME_AS_UNDERLYING,EXACT_CLASS_ROOT_OBSERVED,true,94,94,4,4,4,2026-10-16,2027-05-21,15,232,b83bfd54c30c57d98f872c7c71ffab7dcc20f4ad4cf00a260c5b4c241b9ebc49
TWM,TWM,CBOE_ETF,EU,SAME_AS_UNDERLYING,EXACT_CLASS_ROOT_OBSERVED,true,89,89,4,4,4,2026-10-16,2027-04-16,15,197,70320e5f4af555e79bbd06acbb3375ec422b4a505a5918e86f3e9b0c90cd0ba3
TXS,TXS,CBOE_ETF,EU,SAME_AS_UNDERLYING,EXACT_CLASS_ROOT_OBSERVED,true,76,76,4,4,4,2026-10-16,2027-03-19,15,169,4cd443d174fb2aa840b97cc814b917d51961d554ca4cffde20999a3c0ce34221
TXXD,TXXD,OCC_ETF_NAME_CBOE_ABSENT,EU,SAME_AS_UNDERLYING,EXACT_CLASS_ROOT_OBSERVED,true,103,103,4,4,4,2026-10-16,2027-03-19,15,169,d25f8f76bda91524b83bf00becd3e077c06dcc9fb5dd6a3aad62435b682fb464
TXXD,TXXD1,OCC_ETF_NAME_CBOE_ABSENT,EU,NUMERIC_SUFFIX,EXACT_CLASS_ROOT_OBSERVED,true,27,27,3,3,3,2026-10-16,2027-03-19,15,169,d25f8f76bda91524b83bf00becd3e077c06dcc9fb5dd6a3aad62435b682fb464
TXXS,TXXS,OCC_ETF_NAME_CBOE_ABSENT,EU,SAME_AS_UNDERLYING,EXACT_CLASS_ROOT_OBSERVED,true,200,200,4,4,4,2026-10-16,2027-03-19,15,169,a81b9ba473cb9b00405f23be40955cb9f9999b23034c23626b8ec37ef45ec92b
TYD,TYD,CBOE_ETF,EU,SAME_AS_UNDERLYING,EXACT_CLASS_ROOT_OBSERVED,true,84,84,4,4,4,2026-10-16,2027-05-21,15,232,7663d5f4efa9f39498fc143ee3a49ed4a832b0fb1aa5e1c2d1da512a14d74e03
TYLG,TYLG,CBOE_ETF,EU,SAME_AS_UNDERLYING,EXACT_CLASS_ROOT_OBSERVED,true,78,78,4,4,4,2026-10-16,2027-04-16,15,197,b6bb65ef17833113d17e62cc0f31c14a0219e409f1eef130655acf43c13076fd
TYO,TYO,CBOE_ETF,EU,SAME_AS_UNDERLYING,EXACT_CLASS_ROOT_OBSERVED,true,76,76,4,4,4,2026-10-16,2027-05-21,15,232,64bc822a58a8eedb0cc8c97570b3d36678a07ec40dbd5c7bbe74ccfd9caaaef9
TZA,TZA,CBOE_ETF,EU,SAME_AS_UNDERLYING,EXACT_CLASS_ROOT_OBSERVED,true,171,171,7,7,7,2026-10-02,2029-01-19,1,841,b2d459e4e7e451a3cd9d06b2e3e977e1727fe6eaa9cc6aff67e87da36fea4e42
TZA,TZA1,CBOE_ETF,EU,NUMERIC_SUFFIX,EXACT_CLASS_ROOT_OBSERVED,true,71,71,3,3,3,2026-10-16,2028-01-21,15,477,b2d459e4e7e451a3cd9d06b2e3e977e1727fe6eaa9cc6aff67e87da36fea4e42
UAE,UAE,OCC_ETF_NAME_CBOE_ABSENT,EU,SAME_AS_UNDERLYING,EXACT_CLASS_ROOT_OBSERVED,true,77,77,4,4,4,2026-10-16,2027-04-16,15,197,923c7e6d36cb7732500ad8958eca74a67d3f0048b1db8c4a99adeafea09e6559
UBEW,UBEW,CBOE_ETF,EU,SAME_AS_UNDERLYING,EXACT_CLASS_ROOT_OBSERVED,true,80,80,4,4,4,2026-10-16,2027-03-19,15,169,7396647afe7d63bfff2b06520aeeb73f4765544d7ff8fefc8494c2a86a62baf5
UBOT,UBOT,CBOE_ETF,EU,SAME_AS_UNDERLYING,EXACT_CLASS_ROOT_OBSERVED,true,80,80,4,4,4,2026-10-16,2027-05-21,15,232,ab417bc0c4c8fee124a927bd02f6bfbdc9a992e968282851ab533f7c5fa64bbf
UBRL,UBRL,CBOE_ETF,EU,SAME_AS_UNDERLYING,EXACT_CLASS_ROOT_OBSERVED,true,91,91,4,4,4,2026-10-16,2027-04-16,15,197,7fc8571931e160cf8c177cec3b6d5afa2ba97418bbdfcb7789d44a12155748a7
UBT,UBT,CBOE_ETF,EU,SAME_AS_UNDERLYING,EXACT_CLASS_ROOT_OBSERVED,true,76,76,4,4,4,2026-10-16,2027-04-16,15,197,87d0f4c5b82a66106a3957ad9a22067a076ace8006a6d4d964f9f49899a5bd4e
UCO,UCO,CBOE_ETF,EU,SAME_AS_UNDERLYING,EXACT_CLASS_ROOT_OBSERVED,true,489,489,12,12,12,2026-10-16,2029-01-19,15,841,7f1032892ab27aac4b0c68925a5038d8e68ee5f63b696c0a2ffec3ac5ce028b2
UCOP,UCOP,OCC_ETF_NAME_CBOE_ABSENT,EU,SAME_AS_UNDERLYING,EXACT_CLASS_ROOT_OBSERVED,true,88,88,4,4,4,2026-10-16,2027-05-21,15,232,19c26536b613b294d32c3fc9f08c1b12ddbbf47e4b39522bf3d91bb6cb411ed2
UCYB,UCYB,CBOE_ETF,EU,SAME_AS_UNDERLYING,EXACT_CLASS_ROOT_OBSERVED,true,173,173,4,4,4,2026-10-16,2027-04-16,15,197,33fb7324fbb2f959a33e25a275e192b52b8baa4733c60619f1607ea39293a473
UDN,UDN,CBOE_ETF,EU,SAME_AS_UNDERLYING,EXACT_CLASS_ROOT_OBSERVED,true,88,88,4,4,4,2026-10-16,2027-03-19,15,169,567b2bd99dd86bad1824af1b7415ed3ed80cdf9d2b428defcabfe9bf7713f079
UDOW,UDOW,CBOE_ETF,EU,SAME_AS_UNDERLYING,EXACT_CLASS_ROOT_OBSERVED,true,215,215,5,5,5,2026-10-16,2027-03-19,15,169,2444b6dbc278d5b2aa7d18c7b27cc6c927a2c3e876b68e2b9d77bd3a5589dd1f
UFO,UFO,CBOE_ETF,EU,SAME_AS_UNDERLYING,EXACT_CLASS_ROOT_OBSERVED,true,162,162,6,6,6,2026-10-16,2029-01-19,15,841,eb8575f56fbfa4e1019c9c0b3c4f26a2fe582e84a57f06cf63f727ed2bc1881b
UFOX,UFOX,OCC_ETF_NAME_CBOE_ABSENT,EU,SAME_AS_UNDERLYING,EXACT_CLASS_ROOT_OBSERVED,true,138,138,4,4,4,2026-10-16,2027-05-21,15,232,be2d9e49da53c0e5acf98539013d5db1fee4035330ee396f833309d066a793cf
UGA,UGA,CBOE_ETF,EU,SAME_AS_UNDERLYING,EXACT_CLASS_ROOT_OBSERVED,true,454,454,8,8,8,2026-10-16,2027-09-17,15,351,5b083fea0fe7729187774e4b1afdc6bfb9d93cbbd0d4980b294d9ba80d53b039
UGE,UGE,CBOE_ETF,EU,SAME_AS_UNDERLYING,EXACT_CLASS_ROOT_OBSERVED,true,84,84,4,4,4,2026-10-16,2027-05-21,15,232,30abb62a5a1bb0218706c14e233556f6a32c5273712d3ddff6550e387ab0a8d8
UGL,UGL,CBOE_ETF,EU,SAME_AS_UNDERLYING,EXACT_CLASS_ROOT_OBSERVED,true,327,327,8,8,8,2026-10-16,2029-01-19,15,841,3c8ff593f2b554c5ab7580f66bba21afe23f268cb638cbc20289cd4cf7df1d33
UGLD,UGLD,OCC_ETF_NAME_CBOE_ABSENT,EU,SAME_AS_UNDERLYING,EXACT_CLASS_ROOT_OBSERVED,true,64,64,4,4,4,2026-10-16,2027-05-21,15,232,363346e18cb3a26ed0eaf24b71fcab41e44ce0ccd24ab372827991f1f2497d58
ULTY,ULTY,CBOE_ETF,EU,SAME_AS_UNDERLYING,EXACT_CLASS_ROOT_OBSERVED,true,131,131,5,5,5,2026-10-16,2028-01-21,15,477,b9527700f143053263b0eb705481c85cbcaabd241999898b0ea9eaf2922bb95e
ULTY,ULTY1,CBOE_ETF,EU,NUMERIC_SUFFIX,EXACT_CLASS_ROOT_OBSERVED,true,22,22,2,2,2,2027-01-15,2028-01-21,106,477,b9527700f143053263b0eb705481c85cbcaabd241999898b0ea9eaf2922bb95e
UNG,UNG,CBOE_ETF,EU,SAME_AS_UNDERLYING,EXACT_CLASS_ROOT_OBSERVED,true,369,369,14,14,14,2026-10-02,2029-01-19,1,841,8373c4e4b10284f469c6c61661404835479d3aec4a2e44e461e027c9c1874751
UNHG,UNHG,CBOE_ETF,EU,SAME_AS_UNDERLYING,EXACT_CLASS_ROOT_OBSERVED,true,99,99,4,4,4,2026-10-16,2027-03-19,15,169,adc31122446a48060e84927577b06340279267c7f28c601fef7e2d592d22d59d
UNHW,UNHW,CBOE_ETF,EU,SAME_AS_UNDERLYING,EXACT_CLASS_ROOT_OBSERVED,true,89,89,4,4,4,2026-10-16,2027-03-19,15,169,b9accfa0119c4fa5318e7be8a2da345ae88b4b3a173adac8e5d467416cd531e2
UNL,UNL,CBOE_ETF,EU,SAME_AS_UNDERLYING,EXACT_CLASS_ROOT_OBSERVED,true,47,47,4,4,4,2026-10-16,2027-03-19,15,169,99d6c880430d55ebf1bf247c76e69365376c3555d2926bdf70076ced21fd42ee
UNX,UNX,CBOE_ETF,EU,SAME_AS_UNDERLYING,EXACT_CLASS_ROOT_OBSERVED,true,180,180,4,4,4,2026-10-16,2027-03-19,15,169,79fe5f257696073f4ae10637405641acb8a0ee140bc665e01cede2a970846292
UNX,UNX1,CBOE_ETF,EU,NUMERIC_SUFFIX,UNDERLYING_QUERY_WITH_OPTIONS_CLASS_UNRESOLVED,false,0,0,0,0,0,,,,,79fe5f257696073f4ae10637405641acb8a0ee140bc665e01cede2a970846292
UPAL,UPAL,OCC_ETF_NAME_CBOE_ABSENT,EU,SAME_AS_UNDERLYING,EXACT_CLASS_ROOT_OBSERVED,true,101,101,4,4,4,2026-10-16,2027-05-21,15,232,40014d8f71ce3bc2a7ed04c9c91165486a4a14387db6ac05e7026e618b467eeb
UPAR,UPAR,CBOE_ETF,EU,SAME_AS_UNDERLYING,EXACT_CLASS_ROOT_OBSERVED,true,76,76,4,4,4,2026-10-16,2027-03-19,15,169,268a862d878c63fe091d2067aa2108417ecbcedb9e5155f14b425623bcff5569
UPGR,UPGR,OCC_ETF_NAME_CBOE_ABSENT,EU,SAME_AS_UNDERLYING,EXACT_CLASS_ROOT_OBSERVED,true,84,84,4,4,4,2026-10-16,2027-04-16,15,197,642879684ab1131eb04f20932e7a278a708a9a0231bf1a51ce1e04aa679887b4
UPLT,UPLT,OCC_ETF_NAME_CBOE_ABSENT,EU,SAME_AS_UNDERLYING,EXACT_CLASS_ROOT_OBSERVED,true,80,80,4,4,4,2026-10-16,2027-05-21,15,232,269434ef1266b583989086340e09df22f83ab84318b5fa822381a748ff9754e9
UPRO,UPRO,CBOE_ETF,EU,SAME_AS_UNDERLYING,EXACT_CLASS_ROOT_OBSERVED,true,737,737,13,13,13,2026-10-02,2029-01-19,1,841,c8f6886a62ff30238c960f093e929b997fe5a915e8b0edbe4d3c48e41813ee6b
UPSX,UPSX,CBOE_ETF,EU,SAME_AS_UNDERLYING,EXACT_CLASS_ROOT_OBSERVED,true,100,100,4,4,4,2026-10-16,2027-03-19,15,169,f29a850cdf8d59842cb2c07eed8f74f534a89a9dab38f4534133392952ccae1f
UPW,UPW,CBOE_ETF,EU,SAME_AS_UNDERLYING,EXACT_CLASS_ROOT_OBSERVED,true,85,85,4,4,4,2026-10-16,2027-05-21,15,232,eb7c71858271b59a702dfbbc06aeeb637981d47106191194ccd6bde159910c7b
URA,URA,CBOE_ETF,EU,SAME_AS_UNDERLYING,EXACT_CLASS_ROOT_OBSERVED,true,531,531,15,15,15,2026-10-02,2029-01-19,1,841,f48a4749b33f885ea2ad5110e3ea11c7d16e03863f2696dcf199e310ffcededc
URE,URE,CBOE_ETF,EU,SAME_AS_UNDERLYING,EXACT_CLASS_ROOT_OBSERVED,true,116,116,4,4,4,2026-10-16,2027-03-19,15,169,22ab685c202f45f8bdb2d3867fbf29098c4e81b258ec0c2d7da974479d133802
URNJ,URNJ,CBOE_ETF,EU,SAME_AS_UNDERLYING,EXACT_CLASS_ROOT_OBSERVED,true,90,90,4,4,4,2026-10-16,2027-03-19,15,169,1952efc71659f33d73097a5a9d8b310603fd939f33fc652480ad056e4be21a6b
URNM,URNM,CBOE_ETF,EU,SAME_AS_UNDERLYING,EXACT_CLASS_ROOT_OBSERVED,true,229,229,6,6,6,2026-10-16,2028-06-16,15,624,e75d8673bda1a2fe3ea0886f99d98d5c6b946413c0e0a1c91008d41014bc8877
URTH,URTH,CBOE_ETF,EU,SAME_AS_UNDERLYING,EXACT_CLASS_ROOT_OBSERVED,true,110,110,4,4,4,2026-10-16,2027-03-19,15,169,2f409dbd66c53dc37ce503d99ac96ff77bc4a5b02460c8d094be955735029b6e
URTY,URTY,CBOE_ETF,EU,SAME_AS_UNDERLYING,EXACT_CLASS_ROOT_OBSERVED,true,151,151,4,4,4,2026-10-16,2027-05-21,15,232,81138c237c0d3d29d1bbf3885f16f1a36e18a3ea871390584308229caa89e549
USAI,USAI,OCC_ETF_NAME_CBOE_ABSENT,EU,SAME_AS_UNDERLYING,EXACT_CLASS_ROOT_OBSERVED,true,74,74,4,4,4,2026-10-16,2027-05-21,15,232,16c91b0c941401ded382ef07df79f896bc95e0eec69d5c1e13ed1cb1a034fbb7
USAX,USAX,CBOE_ETF,EU,SAME_AS_UNDERLYING,EXACT_CLASS_ROOT_OBSERVED,true,101,101,4,4,4,2026-10-16,2027-03-19,15,169,5c4c7aff5ccf4528daf10c609811eb3d10b07008c8cfdc41220580a872fc92f1
USCI,USCI,CBOE_ETF,EU,SAME_AS_UNDERLYING,EXACT_CLASS_ROOT_OBSERVED,true,136,136,4,4,4,2026-10-16,2027-04-16,15,197,f2f90a7fb8c8ecf11887cfb2269aed648dd525cee0bbccd67a7252bc59e73080
USD,USD,CBOE_ETF,EU,SAME_AS_UNDERLYING,EXACT_CLASS_ROOT_OBSERVED,true,200,200,4,4,4,2026-10-16,2027-05-21,15,232,1a9aa93683ebb22f2f44cb4e6da89dd6c51a41f02c0d5214dba55a024e0f9de0
USDU,USDU,CBOE_ETF,EU,SAME_AS_UNDERLYING,EXACT_CLASS_ROOT_OBSERVED,true,76,76,4,4,4,2026-10-16,2027-04-16,15,197,16e435806f40865f04467c9083d46d5caeeb99721c3e98a2ed8a65fef63e6aa6
USFR,USFR,CBOE_ETF,EU,SAME_AS_UNDERLYING,EXACT_CLASS_ROOT_OBSERVED,true,76,76,4,4,4,2026-10-16,2027-05-21,15,232,3b9ca490954ceca83e2071a4f5f14cf7c2c54c59613a3f09920e16e5b535210a
USG,USG,CBOE_ETF,EU,SAME_AS_UNDERLYING,EXACT_CLASS_ROOT_OBSERVED,true,86,86,4,4,4,2026-10-16,2027-05-21,15,232,ec5c98d85795ba800176da0518f15c98eab834eb2317e4ecbadcb8cb8251b0e4
USGG,USGG,OCC_ETF_NAME_CBOE_ABSENT,EU,SAME_AS_UNDERLYING,EXACT_CLASS_ROOT_OBSERVED,true,76,76,4,4,4,2026-10-16,2027-05-21,15,232,7e58bcc01f7e425de5be86f0410462f2f8b531d47bb4c08c3b488f6723864f6e
USHY,USHY,CBOE_ETF,EU,SAME_AS_UNDERLYING,EXACT_CLASS_ROOT_OBSERVED,true,100,100,4,4,4,2026-10-16,2027-03-19,15,169,8f83922f5137e39a98954b944f5d40e3391e88df5d3b1a64566d6303d292c7c8
USIG,USIG,CBOE_ETF,EU,SAME_AS_UNDERLYING,EXACT_CLASS_ROOT_OBSERVED,true,76,76,4,4,4,2026-10-16,2027-04-16,15,197,6bf630f2272cbdbcc60febe9f416c9cd6de6b158a673e87366a68114f39c7ffc
USL,USL,CBOE_ETF,EU,SAME_AS_UNDERLYING,EXACT_CLASS_ROOT_OBSERVED,true,119,119,4,4,4,2026-10-16,2027-04-16,15,197,7a3bf3538719c59826de475233ce10e1ebb612f802ace5c55c7e650a1668ea79
USLV,USLV,OCC_ETF_NAME_CBOE_ABSENT,EU,SAME_AS_UNDERLYING,EXACT_CLASS_ROOT_OBSERVED,true,91,91,4,4,4,2026-10-16,2027-05-21,15,232,8b2bbaa1302472a8bcb01adaedf2bf935dc99adbcf717b85ea97a6ca859f57f2
USMC,USMC,CBOE_ETF,EU,SAME_AS_UNDERLYING,EXACT_CLASS_ROOT_OBSERVED,true,78,78,4,4,4,2026-10-16,2027-03-19,15,169,20651a4cebe83e90c762c3969ead97297118375905f02df713c8d4866c7b7d5a
USMV,USMV,CBOE_ETF,EU,SAME_AS_UNDERLYING,EXACT_CLASS_ROOT_OBSERVED,true,97,97,4,4,4,2026-10-16,2027-03-19,15,169,60b05825538a60200b74810e78e5d3c2239138be60f55283d895392179f6086a
USO,USO,CBOE_ETF,EU,SAME_AS_UNDERLYING,EXACT_CLASS_ROOT_OBSERVED,true,2785,2785,23,23,23,2026-10-02,2029-01-19,1,841,5f7934565d4c7f7325c0c8941f5119923cf47a30223b024b87c9329b36a94d0d
USOY,USOY,CBOE_ETF,EU,SAME_AS_UNDERLYING,EXACT_CLASS_ROOT_OBSERVED,true,62,62,4,4,4,2026-10-16,2027-03-19,15,169,cfe8f5a4c79086db887e71b7c4443b8f7cf038c4bac0e68be45ca3aea6699d57
USPX,USPX,OCC_ETF_NAME_CBOE_ABSENT,EU,SAME_AS_UNDERLYING,EXACT_CLASS_ROOT_OBSERVED,true,100,100,4,4,4,2026-10-16,2027-05-21,15,232,614e95d01517d1f6fd4c7bc241ff7944e7874bb82b446b01139f145a9c2b63bc
USRT,USRT,CBOE_ETF,EU,SAME_AS_UNDERLYING,EXACT_CLASS_ROOT_OBSERVED,true,79,79,4,4,4,2026-10-16,2027-05-21,15,232,b211100575eef4c6d5ebda1d93c75d1167753f24030ebef240f04b8610269d5f
UST,UST,CBOE_ETF,EU,SAME_AS_UNDERLYING,EXACT_CLASS_ROOT_OBSERVED,true,76,76,4,4,4,2026-10-16,2027-05-21,15,232,9dd7ba8637e178f0b49cf8b388065b42cf6a7f33ebd9dd05d5448bc01b0c442e
USXF,USXF,OCC_ETF_NAME_CBOE_ABSENT,EU,SAME_AS_UNDERLYING,EXACT_CLASS_ROOT_OBSERVED,true,100,100,4,4,4,2026-10-16,2027-05-21,15,232,acc2fe48c0eee8a9040fd7e575a54fcd4dff2d884bc943f11e1c4e89fafc368d
UTEN,UTEN,OCC_ETF_NAME_CBOE_ABSENT,EU,SAME_AS_UNDERLYING,EXACT_CLASS_ROOT_OBSERVED,true,84,84,4,4,4,2026-10-16,2027-03-19,15,169,41a7830e19d5da85b490f13bfae8fd7098027c6f4cbbb4008bc7c5b574c30ec7
UTES,UTES,CBOE_ETF,EU,SAME_AS_UNDERLYING,EXACT_CLASS_ROOT_OBSERVED,true,102,102,4,4,4,2026-10-16,2027-03-19,15,169,5d8aadc5e96caa0f77e5ebb67743ffc913b1236019bcbc381ec4ed892cfbf367
UTHY,UTHY,CBOE_ETF,EU,SAME_AS_UNDERLYING,EXACT_CLASS_ROOT_OBSERVED,true,84,84,4,4,4,2026-10-16,2027-03-19,15,169,3315a7a93033e8c446458157dbde6010d5e9fc993d91494cadf6cae8925fae64
UTSL,UTSL,CBOE_ETF,EU,SAME_AS_UNDERLYING,EXACT_CLASS_ROOT_OBSERVED,true,152,152,4,4,4,2026-10-16,2027-05-21,15,232,7c7922b636aacfbef7302e252f62dd0d144c41372191960fd73f203c5e0906e1
UTWO,UTWO,OCC_ETF_NAME_CBOE_ABSENT,EU,SAME_AS_UNDERLYING,EXACT_CLASS_ROOT_OBSERVED,true,87,87,4,4,4,2026-10-16,2027-03-19,15,169,b8781749cd21f9457b46a10bc7fd26c74e3dd43b58a2dd927aa252a55d0ab629
UTWY,UTWY,CBOE_ETF,EU,SAME_AS_UNDERLYING,EXACT_CLASS_ROOT_OBSERVED,true,84,84,4,4,4,2026-10-16,2027-03-19,15,169,e1cd8e3ba22538f2008d1a1ad2ca56566b09e7c6ba6d131ef31d46b563f51e18
UUP,UUP,CBOE_ETF,EU,SAME_AS_UNDERLYING,EXACT_CLASS_ROOT_OBSERVED,true,154,154,7,7,7,2026-10-16,2029-01-19,15,841,5b4cb4e1c83d2130c27446f2043dcaa7ae7ff28f9e1778b0f645d2420908feec
UUUG,UUUG,OCC_ETF_NAME_CBOE_ABSENT,EU,SAME_AS_UNDERLYING,EXACT_CLASS_ROOT_OBSERVED,true,64,64,4,4,4,2026-10-16,2027-04-16,15,197,b72ddadf8d98b67b3be9454c0a416e4cd26542567eea9651a6fd1c5b84b66059
UVIX,UVIX,CBOE_ETF,EU,SAME_AS_UNDERLYING,EXACT_CLASS_ROOT_OBSERVED,true,533,533,15,15,15,2026-10-02,2029-01-19,1,841,f2091af95686beec9c3474008d227e7f14372b5cc5e192f2ae5faaeb4d37c763
UVIX,UVIX1,CBOE_ETF,EU,NUMERIC_SUFFIX,EXACT_CLASS_ROOT_OBSERVED,true,156,156,3,3,3,2026-12-18,2028-01-21,78,477,f2091af95686beec9c3474008d227e7f14372b5cc5e192f2ae5faaeb4d37c763
UVIX,UVIX3,CBOE_ETF,EU,NUMERIC_SUFFIX,EXACT_CLASS_ROOT_OBSERVED,true,11,11,1,1,1,2027-01-15,2027-01-15,106,106,f2091af95686beec9c3474008d227e7f14372b5cc5e192f2ae5faaeb4d37c763
UVXY,UVXY,CBOE_ETF,EU,SAME_AS_UNDERLYING,EXACT_CLASS_ROOT_OBSERVED,true,689,689,14,14,14,2026-10-02,2029-01-19,1,841,fc0b3503a6055a63158ab040e51bb9c528bd924351a35389732c08d1d3977478
UVXY,UVXY1,CBOE_ETF,EU,NUMERIC_SUFFIX,EXACT_CLASS_ROOT_OBSERVED,true,91,91,2,2,2,2027-01-15,2028-01-21,106,477,fc0b3503a6055a63158ab040e51bb9c528bd924351a35389732c08d1d3977478
UWM,UWM,CBOE_ETF,EU,SAME_AS_UNDERLYING,EXACT_CLASS_ROOT_OBSERVED,true,117,117,4,4,4,2026-10-16,2027-04-16,15,197,da3fabcb7633925a470009c8150f25022482bd42269cf0e53828144b30889602
UX,UX,CBOE_ETF,EU,SAME_AS_UNDERLYING,EXACT_CLASS_ROOT_OBSERVED,true,76,76,4,4,4,2026-10-16,2027-03-19,15,169,cf14a5939c9cf0059dd93b696537aadf114ec7f15704914d93e180393a7a8376
UXRP,UXRP,CBOE_ETF,EU,SAME_AS_UNDERLYING,EXACT_CLASS_ROOT_OBSERVED,true,107,107,4,4,4,2026-10-16,2027-03-19,15,169,297bba32cdca7bde83c828f321cb52bca104c120075a5e8d574100fd95e0ef88
UXRP,UXRP1,CBOE_ETF,EU,NUMERIC_SUFFIX,EXACT_CLASS_ROOT_OBSERVED,true,8,8,1,1,1,2026-12-18,2026-12-18,78,78,297bba32cdca7bde83c828f321cb52bca104c120075a5e8d574100fd95e0ef88
UYG,UYG,CBOE_ETF,EU,SAME_AS_UNDERLYING,EXACT_CLASS_ROOT_OBSERVED,true,131,131,4,4,4,2026-10-16,2027-03-19,15,169,7f5cb41cff5cee6dd85db6a6804692214864eeec56ddcdc9aeed16bb9b4924a3
UYM,UYM,CBOE_ETF,EU,SAME_AS_UNDERLYING,EXACT_CLASS_ROOT_OBSERVED,true,92,92,4,4,4,2026-10-16,2027-05-21,15,232,0962d0a4824b169b09c8156e13f6d72235152ac98da41ca60c1e12205de97b5b
VALG,VALG,OCC_ETF_NAME_CBOE_ABSENT,EU,SAME_AS_UNDERLYING,EXACT_CLASS_ROOT_OBSERVED,true,87,87,4,4,4,2026-10-16,2027-05-21,15,232,226f9002a19b1307b14599f3fbd83ed0defc7034c3ff1275bf8b689e72b67a7b
VALQ,VALQ,OCC_ETF_NAME_CBOE_ABSENT,EU,SAME_AS_UNDERLYING,EXACT_CLASS_ROOT_OBSERVED,true,56,56,4,4,4,2026-10-16,2027-04-16,15,197,4b40cda19ccc52fc806a0ca7c6ca9f4772e5433c26e4801163a038d75995c307
VAW,VAW,CBOE_ETF,EU,SAME_AS_UNDERLYING,EXACT_CLASS_ROOT_OBSERVED,true,160,160,4,4,4,2026-10-16,2027-05-21,15,232,7d8d5106666bc72a8c0a85a28f12d8627f8b8d8f1d9cbdfe946a5a387b2f1820
VB,VB,CBOE_ETF,EU,SAME_AS_UNDERLYING,EXACT_CLASS_ROOT_OBSERVED,true,126,126,4,4,4,2026-10-16,2027-03-19,15,169,9efd4403df1811281b463d372598eda337ac987065f9caa38e39815b9763b591
VBK,VBK,CBOE_ETF,EU,SAME_AS_UNDERLYING,EXACT_CLASS_ROOT_OBSERVED,true,147,147,4,4,4,2026-10-16,2027-03-19,15,169,08dd8a0c741d748f3f0081a6eef7ca99822261f99481cc20ab2f37fe1f8855c6
VBR,VBR,CBOE_ETF,EU,SAME_AS_UNDERLYING,EXACT_CLASS_ROOT_OBSERVED,true,108,108,4,4,4,2026-10-16,2027-03-19,15,169,321658981257a1786ce384f85a8027a35707cc0e2c918fc3b693d38f09acf733
VCEB,VCEB,CBOE_ETF,EU,SAME_AS_UNDERLYING,EXACT_CLASS_ROOT_OBSERVED,true,76,76,4,4,4,2026-10-16,2027-03-19,15,169,d3a06413a89abf0f84b13468f124690f273c73991575d1e352ef02ee2682ca5a
VCIT,VCIT,CBOE_ETF,EU,SAME_AS_UNDERLYING,EXACT_CLASS_ROOT_OBSERVED,true,100,100,4,4,4,2026-10-16,2027-05-21,15,232,4417c880d4df05fd99697f443a7dc302f176431014f30cd77b5bd9edfcb49281
VCLT,VCLT,CBOE_ETF,EU,SAME_AS_UNDERLYING,EXACT_CLASS_ROOT_OBSERVED,true,86,86,4,4,4,2026-10-16,2027-03-19,15,169,dc840fe11dab91ad3739fdcdb757cba07eb08ff3b9be2be7e1a242d64908570d
VCR,VCR,CBOE_ETF,EU,SAME_AS_UNDERLYING,EXACT_CLASS_ROOT_OBSERVED,true,182,182,4,4,4,2026-10-16,2027-03-19,15,169,d4ffecb1571946e06446959097f059939d2da0055a18db3c133d1d3b47efb664
VCSH,VCSH,CBOE_ETF,EU,SAME_AS_UNDERLYING,EXACT_CLASS_ROOT_OBSERVED,true,76,76,4,4,4,2026-10-16,2027-05-21,15,232,73bb0e3b4c1723ca14739fbd4443dc4756b265f26345ecfa1e9207db896b2ad0
VDC,VDC,CBOE_ETF,EU,SAME_AS_UNDERLYING,EXACT_CLASS_ROOT_OBSERVED,true,111,111,4,4,4,2026-10-16,2027-04-16,15,197,0bc58ae238ea1c6c5f262b32184b7b1ce9acab296d8a61ee9bba66b938e0f845
VDE,VDE,CBOE_ETF,EU,SAME_AS_UNDERLYING,EXACT_CLASS_ROOT_OBSERVED,true,183,183,4,4,4,2026-10-16,2027-03-19,15,169,395e37e1cfa830d27052a873a34a5812fd882b44e767e4c6c19eb4b0b461b27b
VEA,VEA,CBOE_ETF,EU,SAME_AS_UNDERLYING,EXACT_CLASS_ROOT_OBSERVED,true,130,130,4,4,4,2026-10-16,2027-03-19,15,169,15519808bcc734f29c8f06b386120701e7feabfc1020dd61bd151fc678ad7145
VEGI,VEGI,CBOE_ETF,EU,SAME_AS_UNDERLYING,EXACT_CLASS_ROOT_OBSERVED,true,76,76,4,4,4,2026-10-16,2027-03-19,15,169,f8deef356bdebf3f253c0bacb49ddfe320c8140f55d128c6f588b198580347c2
VEGN,VEGN,OCC_ETF_NAME_CBOE_ABSENT,EU,SAME_AS_UNDERLYING,EXACT_CLASS_ROOT_OBSERVED,true,81,81,4,4,4,2026-10-16,2027-04-16,15,197,17a938d3f3252d9e5757f0f5fbd235e68cd7506d0d51e1ffcaff45b451e91a1d
VERS,VERS,CBOE_ETF,EU,SAME_AS_UNDERLYING,EXACT_CLASS_ROOT_OBSERVED,true,113,113,4,4,4,2026-10-16,2027-04-16,15,197,0817b6241d5da3c685cbcd0eae02df277c8461896f56a927cdabfaf09f900862
VEU,VEU,CBOE_ETF,EU,SAME_AS_UNDERLYING,EXACT_CLASS_ROOT_OBSERVED,true,88,88,4,4,4,2026-10-16,2027-03-19,15,169,b30c5503066d5dd4aea6fa371ba8a519a3414157d9babfe1ee5d0d92e6dc046d
VFH,VFH,CBOE_ETF,EU,SAME_AS_UNDERLYING,EXACT_CLASS_ROOT_OBSERVED,true,128,128,4,4,4,2026-10-16,2027-05-21,15,232,292206c3bf37ede801ad496c5df672fa0cd2cda51ed2798b13fbb66b36fd5879
VFLO,VFLO,OCC_ETF_NAME_CBOE_ABSENT,EU,SAME_AS_UNDERLYING,EXACT_CLASS_ROOT_OBSERVED,true,74,74,4,4,4,2026-10-16,2027-03-19,15,169,891c44c348779df121420e3cead32f4a114a2830b2d0c7f9bcfe8a8d858805a8
VFMF,VFMF,CBOE_ETF,EU,SAME_AS_UNDERLYING,EXACT_CLASS_ROOT_OBSERVED,true,155,155,4,4,4,2026-10-16,2027-04-16,15,197,ec3673ace4b8a63b375c87a44658a5d0944d859e78c0572a45ed117401be191a
VFMO,VFMO,CBOE_ETF,EU,SAME_AS_UNDERLYING,EXACT_CLASS_ROOT_OBSERVED,true,143,143,4,4,4,2026-10-16,2027-04-16,15,197,f56f9337aa330b5316228bd1a850c63106df1d7de4b69165d02ffb871d8cffc8
VFMV,VFMV,OCC_ETF_NAME_CBOE_ABSENT,EU,SAME_AS_UNDERLYING,EXACT_CLASS_ROOT_OBSERVED,true,68,68,4,4,4,2026-10-16,2027-04-16,15,197,dd9d11b726f95976cbd13c0784323d15373f523ba103dca6e16fd4d7a5898e4b
VFQY,VFQY,CBOE_ETF,EU,SAME_AS_UNDERLYING,EXACT_CLASS_ROOT_OBSERVED,true,133,133,4,4,4,2026-10-16,2027-04-16,15,197,ca9ae49cbf8e9591d2336d315a101cafccf5e341d23bef612ea4cb6c40274acc
VFVA,VFVA,OCC_ETF_NAME_CBOE_ABSENT,EU,SAME_AS_UNDERLYING,EXACT_CLASS_ROOT_OBSERVED,true,96,96,4,4,4,2026-10-16,2027-03-19,15,169,effd48c1a14ae7871c8ce0fb45b1a8b7efcbc35b014b37b4d5767fe112342acf
VGIT,VGIT,CBOE_ETF,EU,SAME_AS_UNDERLYING,EXACT_CLASS_ROOT_OBSERVED,true,76,76,4,4,4,2026-10-16,2027-04-16,15,197,f46dba588059c1588f8ff11cd1c2736a2b4e4c152fee503d61238ac20a43295b
VGK,VGK,CBOE_ETF,EU,SAME_AS_UNDERLYING,EXACT_CLASS_ROOT_OBSERVED,true,98,98,4,4,4,2026-10-16,2027-03-19,15,169,97ae2bf026586f3723922b9d2689e90471abc15615e98bca6f0e7dae4d0a091f
VGLT,VGLT,CBOE_ETF,EU,SAME_AS_UNDERLYING,EXACT_CLASS_ROOT_OBSERVED,true,100,100,4,4,4,2026-10-16,2027-05-21,15,232,ac4a2f93302c07a3334a6b07a5e5866dd0290af12ad0cf7b116d4eb8b729fdf9
VGSH,VGSH,CBOE_ETF,EU,SAME_AS_UNDERLYING,EXACT_CLASS_ROOT_OBSERVED,true,76,76,4,4,4,2026-10-16,2027-03-19,15,169,3f3715b3c8e929a4182d81371f133dd395f76ac5a9b6ce8352d5893f11d0164c
VGT,VGT,CBOE_ETF,EU,SAME_AS_UNDERLYING,EXACT_CLASS_ROOT_OBSERVED,true,1090,1090,13,13,13,2026-10-16,2029-01-19,15,841,28d46b2291fcf08d9a8c61f23727c9f270be0c955d3f8b1fc692a6f07612af67
VHT,VHT,CBOE_ETF,EU,SAME_AS_UNDERLYING,EXACT_CLASS_ROOT_OBSERVED,true,121,121,4,4,4,2026-10-16,2027-03-19,15,169,144b95a84e225109b6aa1fecd9f18ed6b789efbf28e8ae010c21ace1d673e6d7
VICE,VICE,OCC_ETF_NAME_CBOE_ABSENT,EU,SAME_AS_UNDERLYING,QUERY_EMPTY_CLASS_UNRESOLVED,false,0,0,0,0,0,,,,,1f658520ea6652ca12d7aa281f2bf6ffe81b3f3f096fdaa9ebcfa8bec364ed11
VIG,VIG,CBOE_ETF,EU,SAME_AS_UNDERLYING,EXACT_CLASS_ROOT_OBSERVED,true,168,168,5,5,5,2026-10-16,2027-05-21,15,232,1b04b9b6543b0ffe9eed19f04fa5c61a4f171541297bbda4a817d16ab4bf4787
VIGI,VIGI,CBOE_ETF,EU,SAME_AS_UNDERLYING,EXACT_CLASS_ROOT_OBSERVED,true,82,82,4,4,4,2026-10-16,2027-05-21,15,232,ac7cb2b53460307105c07b1d4d48a817d82a4df81135da90e2cc658db41898f4
VIOG,VIOG,OCC_ETF_NAME_CBOE_ABSENT,EU,SAME_AS_UNDERLYING,EXACT_CLASS_ROOT_OBSERVED,true,113,113,4,4,4,2026-10-16,2027-04-16,15,197,a5f3183e2f14fe99acbdee45d52c23bfa917e365874db9f0a2b62c5ec52e0424
VIS,VIS,CBOE_ETF,EU,SAME_AS_UNDERLYING,EXACT_CLASS_ROOT_OBSERVED,true,185,185,4,4,4,2026-10-16,2027-05-21,15,232,52a09b917deadd9925a4607d45e6be06163f2f4d29e1e10c8d7d2da7dfb884cd
VIXM,VIXM,CBOE_ETF,EU,SAME_AS_UNDERLYING,EXACT_CLASS_ROOT_OBSERVED,true,206,206,8,8,8,2026-10-16,2027-09-17,15,351,266d15717bcbff63b52d6ca06507a3aa4070647526f8f9317487d144f193ae84
VIXY,VIXY,CBOE_ETF,EU,SAME_AS_UNDERLYING,EXACT_CLASS_ROOT_OBSERVED,true,288,288,7,7,7,2026-10-16,2029-01-19,15,841,0cf37d39cae004d4d84f50ddf00f7f47deef396b1f73800a97f777ad96772111
VIXY,VIXY2,CBOE_ETF,EU,NUMERIC_SUFFIX,EXACT_CLASS_ROOT_OBSERVED,true,24,24,1,1,1,2027-01-15,2027-01-15,106,106,0cf37d39cae004d4d84f50ddf00f7f47deef396b1f73800a97f777ad96772111
VLU,VLU,OCC_ETF_NAME_CBOE_ABSENT,EU,SAME_AS_UNDERLYING,EXACT_CLASS_ROOT_OBSERVED,true,48,48,4,4,4,2026-10-16,2027-03-19,15,169,3b75aeada1f38aade6a01a123b64d584adee25a440a24f4c1db3ad343f7b9c92
VLUE,VLUE,CBOE_ETF,EU,SAME_AS_UNDERLYING,EXACT_CLASS_ROOT_OBSERVED,true,183,183,4,4,4,2026-10-16,2027-03-19,15,169,5fa61bf3cd2cf683885be7509bbfcbe2ee2047fdfacf4f12e526ee0d0cfd4f16
VMBS,VMBS,CBOE_ETF,EU,SAME_AS_UNDERLYING,EXACT_CLASS_ROOT_OBSERVED,true,76,76,4,4,4,2026-10-16,2027-05-21,15,232,d0a5733dfb7ac29a5273e08bffc52967838a2c8c13034ec1522395a66656d30f
VNAM,VNAM,OCC_ETF_NAME_CBOE_ABSENT,EU,SAME_AS_UNDERLYING,EXACT_CLASS_ROOT_OBSERVED,true,79,79,4,4,4,2026-10-16,2027-03-19,15,169,ac3a56d06304b5c627691a73015d7e49994bfce55958dd25d1bcc33ea63e4ec5
VNLA,VNLA,OCC_ETF_NAME_CBOE_ABSENT,EU,SAME_AS_UNDERLYING,EXACT_CLASS_ROOT_OBSERVED,true,44,44,4,4,4,2026-10-16,2027-05-21,15,232,c3a861b0f292ae4a6ca5b152b4c765d180fbfbc77a5eb7f5ec97f383b1748e77
VNM,VNM,CBOE_ETF,EU,SAME_AS_UNDERLYING,EXACT_CLASS_ROOT_OBSERVED,true,90,90,4,4,4,2026-10-16,2027-03-19,15,169,e6847c47a528cde34fad1897cb9b468e337763fd825fa844771523f70ae75ee0
VNQ,VNQ,CBOE_ETF,EU,SAME_AS_UNDERLYING,EXACT_CLASS_ROOT_OBSERVED,true,232,232,7,7,7,2026-10-16,2029-01-19,15,841,86b62cffd55b5f0bea60eb2040188c47a5e5abaaa921e0717e13b17ccd2eb1d6
VNQI,VNQI,CBOE_ETF,EU,SAME_AS_UNDERLYING,EXACT_CLASS_ROOT_OBSERVED,true,78,78,4,4,4,2026-10-16,2027-04-16,15,197,f05a402c70b9359f9f6899713650dc9e604452f4ac08885ec387428dc3f72f1f
VO,VO,CBOE_ETF,EU,SAME_AS_UNDERLYING,EXACT_CLASS_ROOT_OBSERVED,true,108,108,4,4,4,2026-10-16,2027-04-16,15,197,33b9ae68e4aae78c1a70c85e31fe15359494cbda4312d48ac64a3811d9b7a7c5
VOE,VOE,CBOE_ETF,EU,SAME_AS_UNDERLYING,EXACT_CLASS_ROOT_OBSERVED,true,125,125,4,4,4,2026-10-16,2027-04-16,15,197,7d339f2ea7d5b15036d83d73a0689cb9ab5af4d46ee2f9ea79f1b56404322b12
VOLT,VOLT,OCC_ETF_NAME_CBOE_ABSENT,EU,SAME_AS_UNDERLYING,EXACT_CLASS_ROOT_OBSERVED,true,91,91,4,4,4,2026-10-16,2027-03-19,15,169,c49ebe11c9e9ed9d3fe0beea7b3c10740e9d79f88208efb26cb6380e1e1b9c27
VONE,VONE,CBOE_ETF,EU,SAME_AS_UNDERLYING,EXACT_CLASS_ROOT_OBSERVED,true,184,184,4,4,4,2026-10-16,2027-04-16,15,197,b93103c0ccf2acb76a6a97d6dadb87764a609e13a258885ccb8acf22cf6a0032
VONG,VONG,OCC_ETF_NAME_CBOE_ABSENT,EU,SAME_AS_UNDERLYING,EXACT_CLASS_ROOT_OBSERVED,true,118,118,4,4,4,2026-10-16,2027-05-21,15,232,5b3b3961ff23c48a5baf6d10d2d08fada095541f3bacffa5012f64fb2ce6a98b
VONV,VONV,OCC_ETF_NAME_CBOE_ABSENT,EU,SAME_AS_UNDERLYING,EXACT_CLASS_ROOT_OBSERVED,true,100,100,4,4,4,2026-10-16,2027-03-19,15,169,554374ef996f2c084005a6d2a496885cbe309549e303c429091aa9de0ebea3a5
VOO,VOO,CBOE_ETF,EU,SAME_AS_UNDERLYING,EXACT_CLASS_ROOT_OBSERVED,true,1606,1606,16,16,16,2026-10-02,2029-01-19,1,841,a3658b68bc8870a14834c715ce7b54419f4010df2f00043fca1a70ef5acd56bf
VOOG,VOOG,CBOE_ETF,EU,SAME_AS_UNDERLYING,EXACT_CLASS_ROOT_OBSERVED,true,127,127,4,4,4,2026-10-16,2027-03-19,15,169,ff89b5f87263069194e8d15ef4e07459ce403ae84f85a2eb744693df10073069
VOOV,VOOV,CBOE_ETF,EU,SAME_AS_UNDERLYING,EXACT_CLASS_ROOT_OBSERVED,true,76,76,4,4,4,2026-10-16,2027-03-19,15,169,366d4b4de3f53090cebe1006913817a08390c05cc1c3671e2a73d8a40256392f
VOT,VOT,CBOE_ETF,EU,SAME_AS_UNDERLYING,EXACT_CLASS_ROOT_OBSERVED,true,119,119,4,4,4,2026-10-16,2027-03-19,15,169,44546a1bae2eecf17051959f0c416db640b0c194314fbf201f2810ce5f95f1d6
VOX,VOX,CBOE_ETF,EU,SAME_AS_UNDERLYING,EXACT_CLASS_ROOT_OBSERVED,true,147,147,4,4,4,2026-10-16,2027-04-16,15,197,967ed7d9dbd79f7641f16734658fff4fa23c1ab846b8098225b214443ca6ab86
VPL,VPL,CBOE_ETF,EU,SAME_AS_UNDERLYING,EXACT_CLASS_ROOT_OBSERVED,true,128,128,4,4,4,2026-10-16,2027-03-19,15,169,8ba51e20cdca76c48300be16e15107873f8982607b59c33c9fa4bd26fb3a12ab
VPLS,VPLS,CBOE_ETF,EU,SAME_AS_UNDERLYING,EXACT_CLASS_ROOT_OBSERVED,true,84,84,4,4,4,2026-10-16,2027-03-19,15,169,71488b770952de44c2289a12600a30b328bf01976ffafb494e12538862acb843
VPU,VPU,CBOE_ETF,EU,SAME_AS_UNDERLYING,EXACT_CLASS_ROOT_OBSERVED,true,136,136,4,4,4,2026-10-16,2027-03-19,15,169,976d077eb4ace73c4d66035cc259d4dc668310ccd434624305f54db1eb41ade0
VRP,VRP,CBOE_ETF,EU,SAME_AS_UNDERLYING,EXACT_CLASS_ROOT_OBSERVED,true,76,76,4,4,4,2026-10-16,2027-04-16,15,197,585dcec2d9c59b754486bce57836f403e96bad55eced8e04152674a3ba46646a
VRTL,VRTL,CBOE_ETF,EU,SAME_AS_UNDERLYING,EXACT_CLASS_ROOT_OBSERVED,true,161,161,4,4,4,2026-10-16,2027-03-19,15,169,2578478d28088c1f2134173bad413c0d76cab388a493d0dae380d583dd5c803b
VSDA,VSDA,CBOE_ETF,EU,SAME_AS_UNDERLYING,EXACT_CLASS_ROOT_OBSERVED,true,77,77,4,4,4,2026-10-16,2027-04-16,15,197,8349b6aa8057294a961f3f49b996c579b0fd34215b79db3975793ac2600f0a9e
VSGX,VSGX,CBOE_ETF,EU,SAME_AS_UNDERLYING,EXACT_CLASS_ROOT_OBSERVED,true,81,81,4,4,4,2026-10-16,2027-05-21,15,232,ba4ad067fd95573d9c7cd28a9a89bd3ad055b1d0f13055ea95d9f31ba24e9547
VSOL,VSOL,CBOE_ETF,EU,SAME_AS_UNDERLYING,EXACT_CLASS_ROOT_OBSERVED,true,96,96,4,4,4,2026-10-16,2027-03-19,15,169,96103b59b27a868fb77fef87bdf04d1fc9fdb95dfb6e9274f60d3e3c009c3c0c
VSS,VSS,CBOE_ETF,EU,SAME_AS_UNDERLYING,EXACT_CLASS_ROOT_OBSERVED,true,156,156,4,4,4,2026-10-16,2027-05-21,15,232,96167e26d96c05ae9919cd13c09f951d278dbd633a921f288cea3200f3a368ea
VT,VT,CBOE_ETF,EU,SAME_AS_UNDERLYING,EXACT_CLASS_ROOT_OBSERVED,true,162,162,4,4,4,2026-10-16,2027-05-21,15,232,6a3c8b441267b3751592732faf7b3f835ad15fe41c28debc70c6c12e641e3577
VTC,VTC,CBOE_ETF,EU,SAME_AS_UNDERLYING,EXACT_CLASS_ROOT_OBSERVED,true,76,76,4,4,4,2026-10-16,2027-05-21,15,232,0918545d4a597780670f3fafeed6e4d65d107bb6d0bdadf73c085c888d4ccf54
VTEB,VTEB,CBOE_ETF,EU,SAME_AS_UNDERLYING,EXACT_CLASS_ROOT_OBSERVED,true,76,76,4,4,4,2026-10-16,2027-05-21,15,232,43d0921b4ed59b60bf161b1657faab28e716adc3f9ff8d86f25c8761a1fe65ad
VTEC,VTEC,CBOE_ETF,EU,SAME_AS_UNDERLYING,EXACT_CLASS_ROOT_OBSERVED,true,76,76,4,4,4,2026-10-16,2027-03-19,15,169,36a5c4485dd0b7447bfe8e266854690434bdd31c87ad4c6664b579b7f55a053c
VTEI,VTEI,CBOE_ETF,EU,SAME_AS_UNDERLYING,EXACT_CLASS_ROOT_OBSERVED,true,76,76,4,4,4,2026-10-16,2027-03-19,15,169,a950588967d5871f4339ad61af452bfffd1bdfd8e3a7d77b0077236fe1051e86
VTES,VTES,CBOE_ETF,EU,SAME_AS_UNDERLYING,EXACT_CLASS_ROOT_OBSERVED,true,76,76,4,4,4,2026-10-16,2027-03-19,15,169,f74ce257b6427025f37abbd0ba5ee507952674cb30a180818f6cb74cfb2e3f11
VTI,VTI,CBOE_ETF,EU,SAME_AS_UNDERLYING,EXACT_CLASS_ROOT_OBSERVED,true,554,554,9,9,9,2026-10-16,2029-01-19,15,841,9bb4470b09bfe4634775c6413576c2c1574b5bedfb6beabb2ae0ecb333d70240
VTIP,VTIP,CBOE_ETF,EU,SAME_AS_UNDERLYING,EXACT_CLASS_ROOT_OBSERVED,true,76,76,4,4,4,2026-10-16,2027-05-21,15,232,41eda0a68d9292b626dc1a8c85fe6e0438f2794862188fae678c8aabc01481a0
VTV,VTV,CBOE_ETF,EU,SAME_AS_UNDERLYING,EXACT_CLASS_ROOT_OBSERVED,true,141,141,4,4,4,2026-10-16,2027-05-21,15,232,1b12d1f159de577417a273689d6c9335afca3488db93f373a17828103218354a
VTWG,VTWG,CBOE_ETF,EU,SAME_AS_UNDERLYING,EXACT_CLASS_ROOT_OBSERVED,true,143,143,4,4,4,2026-10-16,2027-03-19,15,169,6a037b0a136024cd6f9f20820c31a1111014c2cf1a39afbc93998960792fac77
VTWO,VTWO,CBOE_ETF,EU,SAME_AS_UNDERLYING,EXACT_CLASS_ROOT_OBSERVED,true,123,123,4,4,4,2026-10-16,2027-03-19,15,169,a3e9342f76b39fe969b81e95c3c56c66a020de9b7600717ba33a5b1049464011
VUG,VUG,CBOE_ETF,EU,SAME_AS_UNDERLYING,EXACT_CLASS_ROOT_OBSERVED,true,220,220,6,6,6,2026-10-16,2029-01-19,15,841,80f5c5ae131126217337dcdb71472819c9a18c58584849fe86d5515f8d18659b
VUSB,VUSB,CBOE_ETF,EU,SAME_AS_UNDERLYING,EXACT_CLASS_ROOT_OBSERVED,true,76,76,4,4,4,2026-10-16,2027-03-19,15,169,147b3f828766675cbd253957d1e6ac606e691977ba71131bd21631cd7a2af0ff
VV,VV,CBOE_ETF,EU,SAME_AS_UNDERLYING,EXACT_CLASS_ROOT_OBSERVED,true,153,153,4,4,4,2026-10-16,2027-04-16,15,197,1b4ed1bba9ee865d1ce037147d2f7a1befad0fe1b447872c2729c9ec1773434e
VWO,VWO,CBOE_ETF,EU,SAME_AS_UNDERLYING,EXACT_CLASS_ROOT_OBSERVED,true,222,222,7,7,7,2026-10-16,2029-01-19,15,841,7f055c4d81cf2929f23054bf8d99e3a8f32ce12815f9ab9f8f25aed456de96c9
VWOB,VWOB,CBOE_ETF,EU,SAME_AS_UNDERLYING,EXACT_CLASS_ROOT_OBSERVED,true,76,76,4,4,4,2026-10-16,2027-05-21,15,232,d03336fabca98b0eaeab991767605856077917ef595718c9ef9a3011bbbf5994
VXF,VXF,CBOE_ETF,EU,SAME_AS_UNDERLYING,EXACT_CLASS_ROOT_OBSERVED,true,104,104,4,4,4,2026-10-16,2027-03-19,15,169,46cc91cf6f20d235437c2b30aa952867e64061f3011fe9e00dfea9c61dc09bdc
VXUS,VXUS,CBOE_ETF,EU,SAME_AS_UNDERLYING,EXACT_CLASS_ROOT_OBSERVED,true,245,245,8,8,8,2026-10-02,2027-04-16,1,197,7928496d6556de086c0f630e9fe59edc0ab39bb699ecc3af8bb4741d939c50ff
VXX,VXX,CBOE_ETF,EU,SAME_AS_UNDERLYING,EXACT_CLASS_ROOT_OBSERVED,true,554,554,13,13,13,2026-10-02,2029-01-19,1,841,f8fb85c10b3d53e5e34c44bbe2a4c833e2d89ed19eace1e9feabefb099294c73
VXZ,VXZ,CBOE_ETF,EU,SAME_AS_UNDERLYING,EXACT_CLASS_ROOT_OBSERVED,true,315,315,8,8,8,2026-10-16,2027-09-17,15,351,b93df0f23c2ea1ddc0c40cda3e326912f4f9a4d59f17775eae1e08bdd7b1fdfc
VYM,VYM,CBOE_ETF,EU,SAME_AS_UNDERLYING,EXACT_CLASS_ROOT_OBSERVED,true,154,154,4,4,4,2026-10-16,2027-04-16,15,197,f07836b96c06ca64aea74449293e280eb571c8d37dd3c2d17db56392a35f1ba9
VYMI,VYMI,CBOE_ETF,EU,SAME_AS_UNDERLYING,EXACT_CLASS_ROOT_OBSERVED,true,87,87,4,4,4,2026-10-16,2027-05-21,15,232,5fc88c647fe026d96f8c0f5e7ee3612c365d2efe362560f928f9daf1a785b619
WANT,WANT,CBOE_ETF,EU,SAME_AS_UNDERLYING,EXACT_CLASS_ROOT_OBSERVED,true,98,98,4,4,4,2026-10-16,2027-05-21,15,232,c07f4edbc92500d4d88a701aae6df95168af9e081a65527d848054fd0985a494
WATS,WATS,CBOE_ETF,EU,SAME_AS_UNDERLYING,EXACT_CLASS_ROOT_OBSERVED,true,103,103,4,4,4,2026-10-16,2027-03-19,15,169,d1f90a6cd8b4e109bf0f2f00631d1440ee95e254aef003217910790081502481
WCLD,WCLD,CBOE_ETF,EU,SAME_AS_UNDERLYING,EXACT_CLASS_ROOT_OBSERVED,true,95,95,4,4,4,2026-10-16,2027-03-19,15,169,f202c81550eb9b97b2cab6b8a93341d67e901c84edfe56dcff6845ac86bfe575
WDCX,WDCX,CBOE_ETF,EU,SAME_AS_UNDERLYING,EXACT_CLASS_ROOT_OBSERVED,true,241,241,6,6,6,2026-10-16,2029-01-19,15,841,aee414c0feeaf3c919a90712ffc25b54be90a184c5366288ef225fedafa96afb
WDIV,WDIV,OCC_ETF_NAME_CBOE_ABSENT,EU,SAME_AS_UNDERLYING,EXACT_CLASS_ROOT_OBSERVED,true,100,100,4,4,4,2026-10-16,2027-04-16,15,197,fabee139ec9bd0bb3bdd2b524b2bfbb0fabe2187938d425bc0085763d43a9a9a
WDTE,WDTE,CBOE_ETF,EU,SAME_AS_UNDERLYING,EXACT_CLASS_ROOT_OBSERVED,true,94,94,4,4,4,2026-10-16,2027-03-19,15,169,9571d975ffa4e6753b7f98b6fc23409d0e062576454c349da3da7caf19a1565f
WEAT,WEAT,CBOE_ETF,EU,SAME_AS_UNDERLYING,EXACT_CLASS_ROOT_OBSERVED,true,184,184,8,8,8,2026-10-16,2029-01-19,15,841,39543d0167406d2ebce63d58bc72981f7b2e44168c5461377f31da6bd2d77ca2
WEAT,WEAT1,CBOE_ETF,EU,NUMERIC_SUFFIX,EXACT_CLASS_ROOT_OBSERVED,true,10,10,1,1,1,2027-01-15,2027-01-15,106,106,39543d0167406d2ebce63d58bc72981f7b2e44168c5461377f31da6bd2d77ca2
WEBL,WEBL,CBOE_ETF,EU,SAME_AS_UNDERLYING,EXACT_CLASS_ROOT_OBSERVED,true,90,90,4,4,4,2026-10-16,2027-05-21,15,232,e29ffbefde90c3471950bd206495e2fa82c4c565d1b6994141088a30f01e3c2a
WEED,WEED,CBOE_ETF,EU,SAME_AS_UNDERLYING,EXACT_CLASS_ROOT_OBSERVED,true,99,99,4,4,4,2026-10-16,2027-03-19,15,169,bc03ea219d758c54d9e166f454d410d0063fe405ceed302c813e94085449c4f1
WGMI,WGMI,CBOE_ETF,EU,SAME_AS_UNDERLYING,EXACT_CLASS_ROOT_OBSERVED,true,286,286,6,6,6,2026-10-16,2029-01-19,15,841,940e35bb8fa0fc76016d52dbbd62af6edcc7e218c261ff0851382ee95132e745
WIP,WIP,CBOE_ETF,EU,SAME_AS_UNDERLYING,EXACT_CLASS_ROOT_OBSERVED,true,76,76,4,4,4,2026-10-16,2027-04-16,15,197,119b4011bf8e2a830a243c81e11a33fe544fd2f332467095543b2aecfd99845a
WISE,WISE,OCC_ETF_NAME_CBOE_ABSENT,EU,SAME_AS_UNDERLYING,EXACT_CLASS_ROOT_OBSERVED,true,94,94,4,4,4,2026-10-16,2027-03-19,15,169,9fa42102c2b9e1d229ff0c44e5411820bad7764e447d538b9a2d49f9a59912a7
WMTI,WMTI,CBOE_ETF,EU,SAME_AS_UNDERLYING,EXACT_CLASS_ROOT_OBSERVED,true,78,78,4,4,4,2026-10-16,2027-03-19,15,169,f39840217dedeac86563802fe3170bf8839176a56e9cb9aa5c4531e1537d24e7
WNDR,WNDR,CBOE_ETF,EU,SAME_AS_UNDERLYING,EXACT_CLASS_ROOT_OBSERVED,true,72,72,4,4,4,2026-10-16,2027-03-19,15,169,32643da8affdc35fe1aa0b14f9ea1f8ac6fa3fb24c41530b79adddd7c4decb1a
WNTR,WNTR,CBOE_ETF,EU,SAME_AS_UNDERLYING,EXACT_CLASS_ROOT_OBSERVED,true,101,101,4,4,4,2026-10-16,2027-03-19,15,169,b27410cb4617b700e0cba20e8336fec8f363ae1c21a6791677f4fa5f4e933edd
WOOD,WOOD,CBOE_ETF,EU,SAME_AS_UNDERLYING,EXACT_CLASS_ROOT_OBSERVED,true,102,102,4,4,4,2026-10-16,2027-05-21,15,232,bbacdaabcebd4afe7ba58ef2fffeedfeda6cf42cf48cf6fe37f036816834abf1
WQTM,WQTM,CBOE_ETF,EU,SAME_AS_UNDERLYING,EXACT_CLASS_ROOT_OBSERVED,true,54,54,4,4,4,2026-10-16,2027-03-19,15,169,de941cb001e9c071d8683a235c7dbfcdd82a99d887bfabaa7e2e2a2f0332821c
WR,WR,CBOE_ETF,EU,SAME_AS_UNDERLYING,EXACT_CLASS_ROOT_OBSERVED,true,72,72,4,4,4,2026-10-16,2027-03-19,15,169,1b20c252f07ba81ba272f3a65a2b85294557f4823c92b996ece6827aa00cbbb1
WTAI,WTAI,CBOE_ETF,EU,SAME_AS_UNDERLYING,EXACT_CLASS_ROOT_OBSERVED,true,102,102,4,4,4,2026-10-16,2027-05-21,15,232,ceb9bc503c5799c3e6692c690576f466d369f88844de7ff2fa84782c43e0a867
WTV,WTV,CBOE_ETF,EU,SAME_AS_UNDERLYING,EXACT_CLASS_ROOT_OBSERVED,true,94,94,4,4,4,2026-10-16,2027-05-21,15,232,3b4fd15d81d5d19cc60d5bbe2ef41cefc77309c3b508c1dacda43387a944f97b
WULX,WULX,CBOE_ETF,EU,SAME_AS_UNDERLYING,EXACT_CLASS_ROOT_OBSERVED,true,131,131,4,4,4,2026-10-16,2027-03-19,15,169,16e5ab5fe76bf2ba9e2f5d471bd7415cd63254bd04ea983b913be3b5627efe6d
WXET,WXET,OCC_ETF_NAME_CBOE_ABSENT,EU,SAME_AS_UNDERLYING,EXACT_CLASS_ROOT_OBSERVED,true,84,84,4,4,4,2026-10-16,2027-05-21,15,232,56ee0bd8e1cf7a536ffa74aa53d43ba0e78ca6cc3eb9a7f66a69f09200b91325
XA,XA,CBOE_ETF,EU,SAME_AS_UNDERLYING,EXACT_CLASS_ROOT_OBSERVED,true,90,90,4,4,4,2026-10-16,2027-03-19,15,169,f0b3dcb7133d94fa9a502b2d91aa70b342c545ff1e1c347512910167afb08f63
XAIX,XAIX,CBOE_ETF,EU,SAME_AS_UNDERLYING,EXACT_CLASS_ROOT_OBSERVED,true,101,101,4,4,4,2026-10-16,2027-03-19,15,169,bf7ca1c51114d37ee5ddf055e630c22ce3a4968df83b7467161fefa7ba0c2dda
XAR,XAR,CBOE_ETF,EU,SAME_AS_UNDERLYING,EXACT_CLASS_ROOT_OBSERVED,true,183,183,4,4,4,2026-10-16,2027-04-16,15,197,7e438bea139a2085f3dbb889f5c668a9ed41aeb4432b3a03cdf1b0ef85ccd50a
XBI,XBI,CBOE_ETF,EU,SAME_AS_UNDERLYING,EXACT_CLASS_ROOT_OBSERVED,true,1103,1103,16,16,16,2026-10-02,2029-01-19,1,841,3e02e4934ed4f30a75ad792aea0cd0105f2bf3bfdde572bc7fc2a8e4597c9d69
XBIL,XBIL,CBOE_ETF,EU,SAME_AS_UNDERLYING,EXACT_CLASS_ROOT_OBSERVED,true,84,84,4,4,4,2026-10-16,2027-03-19,15,169,22eb46147e23b06d3e9030030006612f7bb4e419c2048c5dae24257ba72251d6
XBOX,XBOX,CBOE_ETF,EU,SAME_AS_UNDERLYING,EXACT_CLASS_ROOT_OBSERVED,true,74,74,4,4,4,2026-10-16,2027-03-19,15,169,943777e064cd7af10b9fb5e5183d41376e83334a01fd89b2c08863bfb88f10dd
XBTY,XBTY,OCC_ETF_NAME_CBOE_ABSENT,EU,SAME_AS_UNDERLYING,EXACT_CLASS_ROOT_OBSERVED,true,47,47,4,4,4,2026-10-16,2027-03-19,15,169,d8a065902d083e623aa3ec6256dccd2c525c2dda3de990d0d423c938f785b199
XCEM,XCEM,CBOE_ETF,EU,SAME_AS_UNDERLYING,EXACT_CLASS_ROOT_OBSERVED,true,91,91,4,4,4,2026-10-16,2027-03-19,15,169,a3507c8021de8c0d8ee141f9640d0f4500dd2f3ffc738ca52611e7940aca85bb
XDAT,XDAT,OCC_ETF_NAME_CBOE_ABSENT,EU,SAME_AS_UNDERLYING,EXACT_CLASS_ROOT_OBSERVED,true,84,84,4,4,4,2026-10-16,2027-04-16,15,197,6c43c9e110fdfb1e613aeb2fddf8d62b11c1b54f117da74dd7f68490ae7f1323
XDIV,XDIV,CBOE_ETF,EU,SAME_AS_UNDERLYING,EXACT_CLASS_ROOT_OBSERVED,true,76,76,4,4,4,2026-10-16,2027-03-19,15,169,a0f73c1379890724e56aefeb8c43858795696d8c8dc72b7998c5a0e7cc2c7c2c
XDTE,XDTE,CBOE_ETF,EU,SAME_AS_UNDERLYING,EXACT_CLASS_ROOT_OBSERVED,true,84,84,4,4,4,2026-10-16,2027-03-19,15,169,5f9ae9dd125590e67805806f641a8d9c36f847f9d4a812fc10326873c32c7f5d
XES,XES,CBOE_ETF,EU,SAME_AS_UNDERLYING,EXACT_CLASS_ROOT_OBSERVED,true,143,143,4,4,4,2026-10-16,2027-03-19,15,169,cd2a2d4ff8b4da1d7ccfdc09940250b72dcfe68767f71cd6d6de3c6fa6a9753e
XHB,XHB,CBOE_ETF,EU,SAME_AS_UNDERLYING,EXACT_CLASS_ROOT_OBSERVED,true,680,680,15,15,15,2026-10-02,2029-01-19,1,841,8017fea790c95acc89dac2ce6cc2bb0536666f8193cd1d1bd0361f58ab8ad8fa
XHE,XHE,CBOE_ETF,EU,SAME_AS_UNDERLYING,EXACT_CLASS_ROOT_OBSERVED,true,100,100,4,4,4,2026-10-16,2027-05-21,15,232,a6e146be14f1308582f96c4bdcfbea2e57587917d0a77280b3414cd55de0d1bc
XHS,XHS,OCC_ETF_NAME_CBOE_ABSENT,EU,SAME_AS_UNDERLYING,EXACT_CLASS_ROOT_OBSERVED,true,94,94,4,4,4,2026-10-16,2027-03-19,15,169,cf764fddc7fdd324e575dbf382fea378c58bf0ce348d621adb05a3d37508358e
XLB,XLB,CBOE_ETF,EU,SAME_AS_UNDERLYING,EXACT_CLASS_ROOT_OBSERVED,true,512,512,14,14,14,2026-10-02,2029-01-19,1,841,951f6a8ff55b5fb7224608d63d616f32ab3c3ec262799fbd51a6643db7f5f385
XLC,XLC,CBOE_ETF,EU,SAME_AS_UNDERLYING,EXACT_CLASS_ROOT_OBSERVED,true,570,570,13,13,13,2026-10-02,2029-01-19,1,841,726625146eae37e2e1ffcdc7fa921b271978979def7e9e7a1c0c934fa3126f86
XLE,XLE,CBOE_ETF,EU,SAME_AS_UNDERLYING,EXACT_CLASS_ROOT_OBSERVED,true,977,977,24,24,24,2026-10-02,2029-01-19,1,841,a5ed834cf451f5f9e2d707dcbd2e25a8abd7ee83b58601590b4a9333927e2dcd
XLF,XLF,CBOE_ETF,EU,SAME_AS_UNDERLYING,EXACT_CLASS_ROOT_OBSERVED,true,1203,1203,30,30,30,2026-10-01,2029-01-19,0,841,c11d4b105196b14c011c0ce97ef5a3fcb10fd579214e7d64d8de62715f8367a3
XLG,XLG,CBOE_ETF,EU,SAME_AS_UNDERLYING,EXACT_CLASS_ROOT_OBSERVED,true,89,89,4,4,4,2026-10-16,2027-03-19,15,169,1af94ea30991814dda4b6cbb9ff78f2677c4687b9e32ac576c84b4d61c76206d
XLI,XLI,CBOE_ETF,EU,SAME_AS_UNDERLYING,EXACT_CLASS_ROOT_OBSERVED,true,1029,1029,15,15,15,2026-10-02,2029-01-19,1,841,ac27ab6ef6feb5f95add5cf8c9b6a899a858ac41fcdbbe05cddc3ab5a1a925de
XLK,XLK,CBOE_ETF,EU,SAME_AS_UNDERLYING,EXACT_CLASS_ROOT_OBSERVED,true,1233,1233,19,19,19,2026-10-02,2029-01-19,1,841,b6b2536871a0768a55af5c4df4af9c755cba4ae46fac088308875b4ae044c1ba
XLP,XLP,CBOE_ETF,EU,SAME_AS_UNDERLYING,EXACT_CLASS_ROOT_OBSERVED,true,582,582,14,14,14,2026-10-02,2029-01-19,1,841,46af464d5f6928314fbf2061c030903339bb6aa217760a161797b985f3d609f7
XLRE,XLRE,CBOE_ETF,EU,SAME_AS_UNDERLYING,EXACT_CLASS_ROOT_OBSERVED,true,110,110,5,5,5,2026-10-16,2027-05-21,15,232,3e144468ef80cf29e531df672c61857be0107cff3e894b2b7614f59e73090d0b
XLSR,XLSR,CBOE_ETF,EU,SAME_AS_UNDERLYING,EXACT_CLASS_ROOT_OBSERVED,true,78,78,4,4,4,2026-10-16,2027-05-21,15,232,9c01a50ec5bfc4ee451ccf3dfd0c59b1f2656af3754dec40b5f5547aee312609
XLU,XLU,CBOE_ETF,EU,SAME_AS_UNDERLYING,EXACT_CLASS_ROOT_OBSERVED,true,557,557,18,18,18,2026-10-02,2029-01-19,1,841,f7e59cd539bacfe3f4772ec02f35b3c3a880ad2c32ba4ecf9953caa056253ab9
XLV,XLV,CBOE_ETF,EU,SAME_AS_UNDERLYING,EXACT_CLASS_ROOT_OBSERVED,true,820,820,15,15,15,2026-10-02,2029-01-19,1,841,5026dfcafad274a43677d7fb28fe46b1b9525ece7076f79ffb31e09157de2c84
XLY,XLY,CBOE_ETF,EU,SAME_AS_UNDERLYING,EXACT_CLASS_ROOT_OBSERVED,true,722,722,15,15,15,2026-10-02,2029-01-19,1,841,a938f6fdb031b4ab954abc2254fe927298ee89870fccdf7a54a997637c79a009
XMAG,XMAG,CBOE_ETF,EU,SAME_AS_UNDERLYING,EXACT_CLASS_ROOT_OBSERVED,true,84,84,4,4,4,2026-10-16,2027-03-19,15,169,7f5917410f0421f4f41b4e9a88a73dd8728fb34f812a662b2c662ca112a7d371
XME,XME,CBOE_ETF,EU,SAME_AS_UNDERLYING,EXACT_CLASS_ROOT_OBSERVED,true,589,589,9,9,9,2026-10-16,2029-01-19,15,841,83e607ea6689587da9ed9f32e2f6c483769a82d51fc98902f7d8e807d3c94cce
XMHQ,XMHQ,CBOE_ETF,EU,SAME_AS_UNDERLYING,EXACT_CLASS_ROOT_OBSERVED,true,110,110,4,4,4,2026-10-16,2027-03-19,15,169,c2fd6a53678f8699dd3b9b5f1ad60250f0c74b72b5ae2c39e6ba90495d4a0cde
XMLV,XMLV,CBOE_ETF,EU,SAME_AS_UNDERLYING,EXACT_CLASS_ROOT_OBSERVED,true,76,76,4,4,4,2026-10-16,2027-03-19,15,169,e83c644f8e2dbb17adc76b0f477a95302a63096b193b841f152a4effd18460b2
XMMO,XMMO,CBOE_ETF,EU,SAME_AS_UNDERLYING,EXACT_CLASS_ROOT_OBSERVED,true,143,143,4,4,4,2026-10-16,2027-03-19,15,169,adcaccb991f32326ec4f18deff200996d05b2cb903b380a3ca2fed8a1004cc60
XMVM,XMVM,CBOE_ETF,EU,SAME_AS_UNDERLYING,EXACT_CLASS_ROOT_OBSERVED,true,78,78,4,4,4,2026-10-16,2027-03-19,15,169,e24555fdc4b038c5fd5b2ecac3000616c3a01f1e7b99e0269f39bb301d69642e
XNDX,XNDX,CBOE_ETF,EU,SAME_AS_UNDERLYING,EXACT_CLASS_ROOT_OBSERVED,true,82,82,4,4,4,2026-10-16,2027-03-19,15,169,4c8bea0ab8d466a9ad225471a3c783432db70490d24d35bc9dff0ff3f4a42d40
XNTK,XNTK,OCC_ETF_NAME_CBOE_ABSENT,EU,SAME_AS_UNDERLYING,EXACT_CLASS_ROOT_OBSERVED,true,177,177,4,4,4,2026-10-16,2027-03-19,15,169,565b6ce3615470cd04c16c792f0a88c38b431409200ed0967b332ab8e5134cd4
XOMO,XOMO,OCC_ETF_NAME_CBOE_ABSENT,EU,SAME_AS_UNDERLYING,EXACT_CLASS_ROOT_OBSERVED,true,44,44,4,4,4,2026-10-16,2027-04-16,15,197,2f2369e2daf37ff91bcda31c547d522df0ad34a1e0d27e1115b3a033126a3765
XOP,XOP,CBOE_ETF,EU,SAME_AS_UNDERLYING,EXACT_CLASS_ROOT_OBSERVED,true,1136,1136,16,16,16,2026-10-02,2029-01-19,1,841,ea8c69c9cacb5b0ec101a7deb363cca3f9a201a652b0c378858ba9d8393f8826
XOVR,XOVR,CBOE_ETF,EU,SAME_AS_UNDERLYING,EXACT_CLASS_ROOT_OBSERVED,true,244,244,11,11,11,2026-10-09,2029-01-19,8,841,66c6d738d33304a81b74574a77d3465f35355eae44a1331b430592884a23f00b
XPEG,XPEG,OCC_ETF_NAME_CBOE_ABSENT,EU,SAME_AS_UNDERLYING,EXACT_CLASS_ROOT_OBSERVED,true,54,54,4,4,4,2026-10-16,2027-04-16,15,197,9534a8a2f54d472c85c05ab03349bbdac1ac62c2b29188c3e28948205540da27
XPH,XPH,CBOE_ETF,EU,SAME_AS_UNDERLYING,EXACT_CLASS_ROOT_OBSERVED,true,102,102,4,4,4,2026-10-16,2027-04-16,15,197,af547181a4a5a2b26897e0836a2f9be246bc38ade3c12d1d31fa9d7646b5d388
XPND,XPND,OCC_ETF_NAME_CBOE_ABSENT,EU,SAME_AS_UNDERLYING,EXACT_CLASS_ROOT_OBSERVED,true,48,48,4,4,4,2026-10-16,2027-04-16,15,197,6c00af4d8ed9788beb4469c0783626cad5f2edc1b738ca00ac4cc456fe720fb9
XPP,XPP,CBOE_ETF,EU,SAME_AS_UNDERLYING,EXACT_CLASS_ROOT_OBSERVED,true,82,82,4,4,4,2026-10-16,2027-04-16,15,197,28bc860d6d1b732aaaa4812b7b6767995015b4bbea7f4bd1c35135fe9495b09f
XRMI,XRMI,CBOE_ETF,EU,SAME_AS_UNDERLYING,EXACT_CLASS_ROOT_OBSERVED,true,76,76,4,4,4,2026-10-16,2027-04-16,15,197,d8a386b9e3a6ddf14903377107e2de4a8127a99acb1be1fedb3c6ac35aa8db19
XRP,XRP,CBOE_ETF,EU,SAME_AS_UNDERLYING,EXACT_CLASS_ROOT_OBSERVED,true,106,106,4,4,4,2026-10-16,2027-05-21,15,232,fa7e4974c151d2c5b6c050c0ac4a9b9a8f700aa99d985f2502e37e9c0f0638d7
XRPC,XRPC,CBOE_ETF,EU,SAME_AS_UNDERLYING,EXACT_CLASS_ROOT_OBSERVED,true,110,110,4,4,4,2026-10-16,2027-03-19,15,169,992064c9f1e4fac056c7d5371f7185ba70669e11e5a7fd0a16573536e85d5ba2
XRPI,XRPI,CBOE_ETF,EU,SAME_AS_UNDERLYING,EXACT_CLASS_ROOT_OBSERVED,true,53,53,4,4,4,2026-10-16,2027-03-19,15,169,a9a38714d124f2b6fc1499ff8964ca9b23fb9efc683fc75b55be47a531a15cdd
XRPR,XRPR,CBOE_ETF,EU,SAME_AS_UNDERLYING,EXACT_CLASS_ROOT_OBSERVED,true,73,73,4,4,4,2026-10-16,2027-03-19,15,169,b68c0a5ed910ddc6de4aef957d274dcf0585dd4a4a8abc8b5e5b3da2ef0df097
XRPT,XRPT,CBOE_ETF,EU,SAME_AS_UNDERLYING,EXACT_CLASS_ROOT_OBSERVED,true,135,135,4,4,4,2026-10-16,2027-03-19,15,169,af10a489a5fec185dcbd8c6c07e5a325915c5a9af4cb604abf00cd3115c49d5d
XRPT,XRPT1,CBOE_ETF,EU,NUMERIC_SUFFIX,UNDERLYING_QUERY_WITH_OPTIONS_CLASS_UNRESOLVED,false,0,0,0,0,0,,,,,af10a489a5fec185dcbd8c6c07e5a325915c5a9af4cb604abf00cd3115c49d5d
XRPZ,XRPZ,CBOE_ETF,EU,SAME_AS_UNDERLYING,EXACT_CLASS_ROOT_OBSERVED,true,106,106,4,4,4,2026-10-16,2027-03-19,15,169,18200eaed5b215fdefe451eae766b4f9294bbe82daf95a66671d1217f08420db
XRT,XRT,CBOE_ETF,EU,SAME_AS_UNDERLYING,EXACT_CLASS_ROOT_OBSERVED,true,535,535,14,14,14,2026-10-02,2029-01-19,1,841,355ad0ec523b004127a2ece09e0de95e8fe01403c4386602f1acf7c97a638c4a
XSD,XSD,CBOE_ETF,EU,SAME_AS_UNDERLYING,EXACT_CLASS_ROOT_OBSERVED,true,613,613,5,5,5,2026-10-16,2027-04-16,15,197,ca2b773c4b8c42f33b9c148b515d7514391c34108ee37d63ed9dde223b036be1
XSHD,XSHD,CBOE_ETF,EU,SAME_AS_UNDERLYING,EXACT_CLASS_ROOT_OBSERVED,true,76,76,4,4,4,2026-10-16,2027-05-21,15,232,71215c923b69baa47e3fadc5bc093ec72a4f31ab2ce78405a1f22127ade2ab23
XSHQ,XSHQ,OCC_ETF_NAME_CBOE_ABSENT,EU,SAME_AS_UNDERLYING,EXACT_CLASS_ROOT_OBSERVED,true,84,84,4,4,4,2026-10-16,2027-04-16,15,197,83e8c2d81f08e099ea4bddb22011de351581cac698d160d7283e1f63dfcfb64c
XSLV,XSLV,OCC_ETF_NAME_CBOE_ABSENT,EU,SAME_AS_UNDERLYING,EXACT_CLASS_ROOT_OBSERVED,true,68,68,4,4,4,2026-10-16,2027-03-19,15,169,3595bd57df2c8d1e236da1c7a99eda4a523e700fdbc063a0612e3c508a101e4a
XSMO,XSMO,OCC_ETF_NAME_CBOE_ABSENT,EU,SAME_AS_UNDERLYING,EXACT_CLASS_ROOT_OBSERVED,true,99,99,4,4,4,2026-10-16,2027-04-16,15,197,d86c4a879aaa21f0e92a3dfc3b11ff8d148dc8d134a36a4c5c510b90236cc422
XSOE,XSOE,CBOE_ETF,EU,SAME_AS_UNDERLYING,EXACT_CLASS_ROOT_OBSERVED,true,78,78,4,4,4,2026-10-16,2027-04-16,15,197,98806e7974a1129778e45f78082171cf8f959b41a1f3bbdf0b19554c510081e9
XSVM,XSVM,CBOE_ETF,EU,SAME_AS_UNDERLYING,EXACT_CLASS_ROOT_OBSERVED,true,84,84,4,4,4,2026-10-16,2027-05-21,15,232,fa7cae89a646b69a90871aed4c7dfee58bc670c08400e4be4aec16c68766db18
XSW,XSW,CBOE_ETF,EU,SAME_AS_UNDERLYING,EXACT_CLASS_ROOT_OBSERVED,true,191,191,4,4,4,2026-10-16,2027-04-16,15,197,9e99db4201d818190e0f393096a66376ed8bc5515e93da43fc1dc16b76d11a9e
XT,XT,CBOE_ETF,EU,SAME_AS_UNDERLYING,EXACT_CLASS_ROOT_OBSERVED,true,100,100,4,4,4,2026-10-16,2027-04-16,15,197,ba7ed37722245aacccc74a229a72dcbe8184e16a97f14435e78ff568ff9277c5
XTL,XTL,CBOE_ETF,EU,SAME_AS_UNDERLYING,EXACT_CLASS_ROOT_OBSERVED,true,185,185,4,4,4,2026-10-16,2027-04-16,15,197,e92e9f8a2dd23f1dec32f804266a1598a92eaee43ceb21d1f78338faeb9edf60
XTN,XTN,CBOE_ETF,EU,SAME_AS_UNDERLYING,EXACT_CLASS_ROOT_OBSERVED,true,138,138,4,4,4,2026-10-16,2027-04-16,15,197,e708deb216c9d6dbfeb7a2746d98b87394d78b5e725de61c73a24195b2d308be
XVV,XVV,OCC_ETF_NAME_CBOE_ABSENT,EU,SAME_AS_UNDERLYING,EXACT_CLASS_ROOT_OBSERVED,true,100,100,4,4,4,2026-10-16,2027-04-16,15,197,29475df9f03c6200a0a7e58286935c4d5f02398359645ad25ea71c0c50f54592
XXRP,XXRP,CBOE_ETF,EU,SAME_AS_UNDERLYING,EXACT_CLASS_ROOT_OBSERVED,true,143,143,4,4,4,2026-10-16,2027-03-19,15,169,525aa68c535ee61cf0d9d42dab16482bfeb252bedbbcdf0ee913e1045f1481e3
XXRP,XXRP1,CBOE_ETF,EU,NUMERIC_SUFFIX,EXACT_CLASS_ROOT_OBSERVED,true,8,8,1,1,1,2026-12-18,2026-12-18,78,78,525aa68c535ee61cf0d9d42dab16482bfeb252bedbbcdf0ee913e1045f1481e3
XYLD,XYLD,CBOE_ETF,EU,SAME_AS_UNDERLYING,EXACT_CLASS_ROOT_OBSERVED,true,76,76,4,4,4,2026-10-16,2027-05-21,15,232,d53ad4ae8af2ad9e6bcffd7238a61e1bc807dffb4024718dcc7303a0b94fed4a
XYLG,XYLG,CBOE_ETF,EU,SAME_AS_UNDERLYING,EXACT_CLASS_ROOT_OBSERVED,true,76,76,4,4,4,2026-10-16,2027-04-16,15,197,ce9e84091c1a55c1d1456f5438e9026f4a32e21b877f5aad4a82d46c3a8ca71c
XYZG,XYZG,CBOE_ETF,EU,SAME_AS_UNDERLYING,EXACT_CLASS_ROOT_OBSERVED,true,84,84,4,4,4,2026-10-16,2027-03-19,15,169,f620632efd304ac5159122e421ff5593ec1438732d360ae34c7f99a0121f54db
XYZY,XYZY,OCC_ETF_NAME_CBOE_ABSENT,EU,SAME_AS_UNDERLYING,EXACT_CLASS_ROOT_OBSERVED,true,66,66,4,4,4,2026-10-16,2027-04-16,15,197,c0c6bcdcffd61032cf5715c991ac1253f0c2e18ecb6952a097bb4f00ee6e8da7
YALL,YALL,OCC_ETF_NAME_CBOE_ABSENT,EU,SAME_AS_UNDERLYING,EXACT_CLASS_ROOT_OBSERVED,true,86,86,4,4,4,2026-10-16,2027-04-16,15,197,e47efc1ebc97b64aa34d202665e55f06a3df0dc696f7ad7b4aa509b6a3d3e1d8
YANG,YANG,CBOE_ETF,EU,SAME_AS_UNDERLYING,EXACT_CLASS_ROOT_OBSERVED,true,191,191,5,5,5,2026-10-16,2028-01-21,15,477,405f15161af8530a7366e8e56636595336cf82edfc3900302f081eb87cd437e5
YANG,YANG1,CBOE_ETF,EU,NUMERIC_SUFFIX,EXACT_CLASS_ROOT_OBSERVED,true,17,17,1,1,1,2027-01-15,2027-01-15,106,106,405f15161af8530a7366e8e56636595336cf82edfc3900302f081eb87cd437e5
YBIT,YBIT,OCC_ETF_NAME_CBOE_ABSENT,EU,SAME_AS_UNDERLYING,EXACT_CLASS_ROOT_OBSERVED,true,70,70,4,4,4,2026-10-16,2027-05-21,15,232,6957c1961427bac1a9f7a7e7be491dbf1906ba8af0a724d28945c290d6bca88a
YBTC,YBTC,CBOE_ETF,EU,SAME_AS_UNDERLYING,EXACT_CLASS_ROOT_OBSERVED,true,76,76,4,4,4,2026-10-16,2027-03-19,15,169,f916e97832f142309f768f7dbd0a4e0ebb90e0bfc56dfbc8a3687e92eb4ecc6c
YCL,YCL,CBOE_ETF,EU,SAME_AS_UNDERLYING,EXACT_CLASS_ROOT_OBSERVED,true,76,76,4,4,4,2026-10-16,2027-03-19,15,169,1c96329f9ed9ade875b1d635b388e07db0e14aab6054dbe32cbe359bba2f56b0
YCS,YCS,CBOE_ETF,EU,SAME_AS_UNDERLYING,EXACT_CLASS_ROOT_OBSERVED,true,92,92,4,4,4,2026-10-16,2027-05-21,15,232,f8d0628807cd7f47f4608e7006d383c8f4f4919ebd5155b53fa17bb04760d207
YETH,YETH,CBOE_ETF,EU,SAME_AS_UNDERLYING,EXACT_CLASS_ROOT_OBSERVED,true,74,74,4,4,4,2026-10-16,2027-03-19,15,169,7e073f770b17190c470e16fa86b69762c1be6ff6f41eb7d5fccf402a6a16de5a
YINN,YINN,CBOE_ETF,EU,SAME_AS_UNDERLYING,EXACT_CLASS_ROOT_OBSERVED,true,421,421,12,12,12,2026-10-02,2029-01-19,1,841,3090745076b4b3ab2d216c556e8bf45f5fe383bfc2148ef542fd513e1570d4e8
YLD,YLD,CBOE_ETF,EU,SAME_AS_UNDERLYING,EXACT_CLASS_ROOT_OBSERVED,true,76,76,4,4,4,2026-10-16,2027-03-19,15,169,7fcf2c83d9c85ba4ce5f536e6dd09ce2bb41dd09b87587ba4e164bd5301911ed
YMAG,YMAG,CBOE_ETF,EU,SAME_AS_UNDERLYING,EXACT_CLASS_ROOT_OBSERVED,true,84,84,4,4,4,2026-10-16,2027-04-16,15,197,3ada80b62d1fa13e9f9629acabbbdad57ff11f76fb1f85a7783c266630ca8963
YMAX,YMAX,CBOE_ETF,EU,SAME_AS_UNDERLYING,EXACT_CLASS_ROOT_OBSERVED,true,63,63,4,4,4,2026-10-16,2027-04-16,15,197,a23e78e3d37673e7232fc4b3a369c83e5fe003349f614e1d33e3bef62e5d473a
YOLO,YOLO,CBOE_ETF,EU,SAME_AS_UNDERLYING,EXACT_CLASS_ROOT_OBSERVED,true,24,24,4,4,4,2026-10-16,2027-05-21,15,232,1c426ad0dec6da2c187c35b4b77d1aa9f773a3d9ec8a9148939a92dd24d43054
YQQQ,YQQQ,OCC_ETF_NAME_CBOE_ABSENT,EU,SAME_AS_UNDERLYING,EXACT_CLASS_ROOT_OBSERVED,true,44,44,4,4,4,2026-10-16,2027-03-19,15,169,85a257f8265b74bca1bc05773d1bab47aa39bb3a2790c5940c49c82b2956aff4
YUNG,YUNG,CBOE_ETF,EU,SAME_AS_UNDERLYING,EXACT_CLASS_ROOT_OBSERVED,true,72,72,4,4,4,2026-10-16,2027-03-19,15,169,6b49942a004ac45d28667702609b128fca8f7f5e2fc2a67f6d3d661234d08846
YXI,YXI,CBOE_ETF,EU,SAME_AS_UNDERLYING,EXACT_CLASS_ROOT_OBSERVED,true,76,76,4,4,4,2026-10-16,2027-05-21,15,232,d06c60657fc20d1a0be2260e9609b909ab36e30914098f32a874b7a6a94e8c60
YYY,YYY,OCC_ETF_NAME_CBOE_ABSENT,EU,SAME_AS_UNDERLYING,EXACT_CLASS_ROOT_OBSERVED,true,44,44,4,4,4,2026-10-16,2027-05-21,15,232,8aed7ca2168a5197cc6c3f90e5b49c80a9af74a17c22f8f5ee2597c344dcb369
ZAP,ZAP,OCC_ETF_NAME_CBOE_ABSENT,EU,SAME_AS_UNDERLYING,EXACT_CLASS_ROOT_OBSERVED,true,94,94,4,4,4,2026-10-16,2027-05-21,15,232,572eb1848d83542eccf100a5503fc37dafabdfbca4aa7e2d288eba02e922f18a
ZCSH,ZCSH,CBOE_ETF,EU,SAME_AS_UNDERLYING,EXACT_CLASS_ROOT_OBSERVED,true,568,568,4,4,4,2026-10-16,2027-03-19,15,169,9ce14aac2b91294f3bc88ec6409d871717dcc509bd61ce8b94b26f1ad5c58515
ZHDG,ZHDG,OCC_ETF_NAME_CBOE_ABSENT,EU,SAME_AS_UNDERLYING,EXACT_CLASS_ROOT_OBSERVED,true,44,44,4,4,4,2026-10-16,2027-04-16,15,197,8e8d4fbb0167231f262cb756da98700b0ee76e310dfd5634a9135746f715ca49
ZROZ,ZROZ,CBOE_ETF,EU,SAME_AS_UNDERLYING,EXACT_CLASS_ROOT_OBSERVED,true,101,101,4,4,4,2026-10-16,2027-03-19,15,169,54244599e330bc98771c9319ef9725e0bdc04efd5f83fe099e405e1da06fa48d
ZSL,ZSL,CBOE_ETF,EU,SAME_AS_UNDERLYING,EXACT_CLASS_ROOT_OBSERVED,true,266,266,8,8,8,2026-10-02,2029-01-19,1,841,d0abc5603ad7aa6dd186e199fe93b3a61c9cfc6c561f03ac03bf5c8b743fea4c
ZSL,ZSL1,CBOE_ETF,EU,NUMERIC_SUFFIX,EXACT_CLASS_ROOT_OBSERVED,true,8,8,2,2,2,2027-01-15,2028-01-21,106,477,d0abc5603ad7aa6dd186e199fe93b3a61c9cfc6c561f03ac03bf5c8b743fea4c
