ticker,name,description
FNGU,MicroSectors FANG+ 3X Leveraged ETNs,"The fund seeks daily 3x leveraged investment results before fees and expenses, tracking FANG+ Leveraged. Because of the daily objective, compounding will cause longer-term returns to differ from the stated multiple. As an exchange-traded note, the product is an unsecured debt obligation of the issuer and carries issuer credit risk."
BDRY,Breakwave Dry Bulk Shipping ETF,"Dry-bulk shipping freight futures, providing exposure to ocean freight rates rather than shipping-company equities."
NAIL,Direxion Daily Homebuilders & Supplies Bull 3X ETF,"The fund seeks daily 3x leveraged investment results before fees and expenses, tracking Homebuilders & Supplies. Because of the daily objective, compounding will cause longer-term returns to differ from the stated multiple."
DRN,Direxion Daily Real Estate Bull 3X ETF,"The fund seeks daily 3x leveraged investment results before fees and expenses, tracking Real Estate. Because of the daily objective, compounding will cause longer-term returns to differ from the stated multiple."
UCO,ProShares Ultra Bloomberg Crude Oil,"The fund seeks daily 2x leveraged investment results before fees and expenses, tracking Bloomberg Crude Oil. Because of the daily objective, compounding will cause longer-term returns to differ from the stated multiple. Exposure is obtained through futures contracts rather than physical holdings; therefore, contract rolls cause performance to differ from the spot commodity price."
GUSH,Direxion Daily S&P Oil & Gas Exp. & Prod. Bull 2X ETF,"The fund seeks daily 2x leveraged investment results before fees and expenses, tracking S&P Oil & Gas Exp. & Prod. Because of the daily objective, compounding will cause longer-term returns to differ from the stated multiple."
SOXL,Direxion Daily Semiconductor Bull 3X ETF,"The fund seeks daily 3x leveraged investment results before fees and expenses, tracking Semiconductor. Because of the daily objective, compounding will cause longer-term returns to differ from the stated multiple."
FAS,Direxion Financial Bull 3X ETF,"The fund seeks daily 3x leveraged investment results before fees and expenses, tracking Direxion Financial. Because of the daily objective, compounding will cause longer-term returns to differ from the stated multiple."
DIG,ProShares Ultra Energy,"The fund seeks daily 2x leveraged investment results before fees and expenses, tracking Energy. Because of the daily objective, compounding will cause longer-term returns to differ from the stated multiple."
TECL,Direxion Daily Technology Bull 3X ETF,"The fund seeks daily 3x leveraged investment results before fees and expenses, tracking Technology. Because of the daily objective, compounding will cause longer-term returns to differ from the stated multiple."
ERX,Direxion Energy Bull 2X ETF,"The fund seeks daily 2x leveraged investment results before fees and expenses, tracking Direxion Energy. Because of the daily objective, compounding will cause longer-term returns to differ from the stated multiple."
DPST,Direxion Daily Regional Banks Bull 3X ETF,"The fund seeks daily 3x leveraged investment results before fees and expenses, tracking Regional Banks. Because of the daily objective, compounding will cause longer-term returns to differ from the stated multiple."
TPOR,Direxion Daily Transportation Bull 3X ETF,"The fund seeks daily 3x leveraged investment results before fees and expenses, tracking Transportation. Because of the daily objective, compounding will cause longer-term returns to differ from the stated multiple."
USD,ProShares Ultra Semiconductors,"The fund seeks daily 2x leveraged investment results before fees and expenses, tracking Semiconductors. Because of the daily objective, compounding will cause longer-term returns to differ from the stated multiple."
RETL,Direxion Daily Retail Bull 3X ETF,"The fund seeks daily 3x leveraged investment results before fees and expenses, tracking Retail. Because of the daily objective, compounding will cause longer-term returns to differ from the stated multiple."
FCG,First Trust Natural Gas ETF,"U.S. natural gas exploration and production companies, weighted equally rather than by market capitalization."
SPXL,Direxion Daily S&P 500 Bull 3X ETF,"The fund seeks daily 3x leveraged investment results before fees and expenses, tracking S&P 500. Because of the daily objective, compounding will cause longer-term returns to differ from the stated multiple."
UPRO,ProShares UltraPro S&P 500,"The fund seeks daily 3x leveraged investment results before fees and expenses, tracking S&P 500. Because of the daily objective, compounding will cause longer-term returns to differ from the stated multiple."
PXE,Invesco Energy Exploration & Production ETF,"U.S. energy exploration and production companies, utilizing a fundamentally weighted methodology based on price momentum and value."
URE,ProShares Ultra Real Estate,"The fund seeks daily 2x leveraged investment results before fees and expenses, tracking Real Estate. Because of the daily objective, compounding will cause longer-term returns to differ from the stated multiple."
CURE,Direxion Daily Healthcare Bull 3X ETF,"The fund seeks daily 3x leveraged investment results before fees and expenses, tracking Healthcare. Because of the daily objective, compounding will cause longer-term returns to differ from the stated multiple."
WANT,Direxion Daily Consumer Discretionary Bull 3X ETF,"The fund seeks daily 3x leveraged investment results before fees and expenses, tracking Consumer Discretionary. Because of the daily objective, compounding will cause longer-term returns to differ from the stated multiple."
TQQQ,ProShares UltraPro QQQ,"The fund seeks three times (3x) the daily return of the Nasdaq-100 Index before fees and expenses. Because of the daily objective, compounding will cause longer-term returns to differ from the stated multiple."
REMX,VanEck Rare Earth and Strategic Metals ETF,The fund tracks the performance of Rare Earth and Strategic Metals.
ROM,ProShares Ultra Technology,"The fund seeks daily 2x leveraged investment results before fees and expenses, tracking Technology. Because of the daily objective, compounding will cause longer-term returns to differ from the stated multiple."
IEO,iShares U.S. Oil & Gas Exploration & Production ETF,The fund tracks the performance of U.S. Oil & Gas Exploration & Production.
PXI,Invesco Dorsey Wright Energy Momentum ETF,The fund tracks the performance of Dorsey Wright Energy Momentum.
UMDD,UltraPro MidCap400,"The fund seeks daily 3x leveraged investment results before fees and expenses, tracking MidCap400. Because of the daily objective, compounding will cause longer-term returns to differ from the stated multiple."
MIDU,Direxion Mid Cap Bull 3X ETF,"The fund seeks daily 3x leveraged investment results before fees and expenses, tracking Direxion Mid Cap. Because of the daily objective, compounding will cause longer-term returns to differ from the stated multiple."
FTXN,First Trust Nasdaq Oil & Gas ETF,The fund tracks the performance of Nasdaq Oil & Gas.
UGA,United States Gasoline Fund LP,The fund tracks the performance of United States Gasoline LP.
SMHB,ETRACS Monthly Pay 2x Leveraged Small Cap High Dividend ETN Series B,"The fund seeks daily 2x leveraged investment results before fees and expenses, tracking ETRACS Monthly Pay Leveraged Small Cap High Dividend ETN Series B. Because of the daily objective, compounding will cause longer-term returns to differ from the stated multiple. As an exchange-traded note, the product is an unsecured debt obligation of the issuer and carries issuer credit risk."
UYG,ProShares Ultra Financials,"The fund seeks daily 2x leveraged investment results before fees and expenses, tracking Financials. Because of the daily objective, compounding will cause longer-term returns to differ from the stated multiple."
XOP,State Street SPDR S&P Oil & Gas Exploration & Production ETF,The fund tracks the performance of State Street S&P Oil & Gas Exploration & Production.
UDOW,ProShares UltraPro Dow30,"The fund seeks daily 3x leveraged investment results before fees and expenses, tracking Dow30. Because of the daily objective, compounding will cause longer-term returns to differ from the stated multiple."
USO,United States Oil Fund,"The fund tracks the performance of United States Oil. Exposure is obtained through futures contracts rather than physical holdings; therefore, contract rolls cause performance to differ from the spot commodity price."
OILK,ProShares K-1 Free Crude Oil ETF,"The fund tracks the performance of K-1 Free Crude Oil. Exposure is obtained through futures contracts rather than physical holdings; therefore, contract rolls cause performance to differ from the spot commodity price."
BNO,"United States Brent Oil Fund, LP ETV","The fund tracks the performance of United States Brent Oil , LP ETV. Exposure is obtained through futures contracts rather than physical holdings; therefore, contract rolls cause performance to differ from the spot commodity price."
USL,United States 12 Month Oil,"The fund tracks the performance of United States 12 Month Oil. Exposure is obtained through futures contracts rather than physical holdings; therefore, contract rolls cause performance to differ from the spot commodity price."
SPUU,Direxion Daily S&P 500 Bull 2X ETF,"The fund seeks daily 2x leveraged investment results before fees and expenses, tracking S&P 500. Because of the daily objective, compounding will cause longer-term returns to differ from the stated multiple."
DUSL,Direxion Daily Industrials Bull 3X ETF,"The fund seeks daily 3x leveraged investment results before fees and expenses, tracking Industrials. Because of the daily objective, compounding will cause longer-term returns to differ from the stated multiple."
GBTC,Grayscale Bitcoin Trust (BTC),The fund tracks the performance of Bitcoin. The product is a grantor trust that holds bitcoin directly rather than shares of a company or futures contracts.
SSO,ProShares Ultra S&P500,"The fund seeks daily 2x leveraged investment results before fees and expenses, tracking S&P500. Because of the daily objective, compounding will cause longer-term returns to differ from the stated multiple."
DBO,Invesco DB Oil Fund,"The fund tracks the performance of DB Oil. Exposure is obtained through futures contracts rather than physical holdings; therefore, contract rolls cause performance to differ from the spot commodity price."
PSCE,Invesco S&P SmallCap Energy ETF,"Small-cap U.S. energy companies, providing targeted exposure to the smallest constituents of the S&P SmallCap 600 energy sector."
URA,Global X Uranium ETF,"Global uranium mining and nuclear industry companies, capturing the broader nuclear energy supply chain."
RSPG,Invesco S&P 500 Equal Weight Energy ETF,The fund tracks the performance of S&P 500 Equal Weight Energy.
DBE,Invesco DB Energy Fund,"The fund tracks the performance of DB Energy. Exposure is obtained through futures contracts rather than physical holdings; therefore, contract rolls cause performance to differ from the spot commodity price."
XSVM,Invesco S&P SmallCap Value with Momentum ETF,"Small-cap U.S. value stocks exhibiting price momentum, combining value and momentum factors to distinguish improving value stocks from weak-price names."
VDE,Vanguard Energy ETF,"Broad U.S. energy sector, tracking the MSCI US IMI Energy Index to provide comprehensive all-cap exposure."
FENY,Fidelity MSCI Energy Index ETF,"Broad U.S. energy sector, tracking the MSCI USA IMI Energy Index to provide comprehensive all-cap exposure."
UYM,ProShares Ultra Materials,"The fund seeks daily 2x leveraged investment results before fees and expenses, tracking Materials. Because of the daily objective, compounding will cause longer-term returns to differ from the stated multiple."
QLD,ProShares Ultra QQQ,"The fund seeks daily 2x leveraged investment results before fees and expenses, tracking QQQ. Because of the daily objective, compounding will cause longer-term returns to differ from the stated multiple."
INDS,Pacer Industrial Real Estate ETF,"U.S. industrial real estate, specifically targeting logistics, warehousing, and e-commerce distribution REITs."
MEXX,Direxion Daily MSCI Mexico Bull 3X ETF,"The fund seeks daily 3x leveraged investment results before fees and expenses, tracking MSCI Mexico. Because of the daily objective, compounding will cause longer-term returns to differ from the stated multiple."
IYE,iShares U.S. Energy ETF,"Broad U.S. energy sector, tracking the Dow Jones U.S. Energy Index."
XLE,State Street Energy Select Sector SPDR ETF,The fund tracks the performance of State Street Energy Select Sector. The portfolio owns shares of energy-sector companies and does not obtain exposure through commodity futures.
NURE,Nuveen Short-Term REIT ETF,"U.S. REITs concentrated in property types with shorter lease durations, such as apartments and hotels, allowing rents to reset more frequently than long-lease property sectors."
RWJ,Invesco S&P SmallCap 600 Revenue ETF,"Small-cap U.S. equities, weighted by revenue rather than market cap to emphasize top-line sales."
AMZA,InfraCap MLP ETF,"Actively managed master limited partnerships (MLPs), utilizing leverage and options strategies to enhance yield."
FXN,First Trust Energy AlphaDEX Fund,"U.S. energy companies, selected and weighted based on growth and value factors rather than market cap."
SAA,ProShares Ultra SmallCap600,"The fund seeks daily 2x leveraged investment results before fees and expenses, tracking SmallCap600. Because of the daily objective, compounding will cause longer-term returns to differ from the stated multiple."
UNL,United States 12 Month Natural Gas Fund,"The fund tracks the performance of United States 12 Month Natural Gas. Exposure is obtained through futures contracts rather than physical holdings; therefore, contract rolls cause performance to differ from the spot commodity price."
XHB,SPDR S&P Homebuilders ETF,"U.S. homebuilders and building products, equally weighted to provide balanced exposure across the housing supply chain."
RSPR,Invesco S&P 500 Equal Weight Real Estate ETF,"S&P 500 real estate companies, equally weighted to reduce concentration in the largest telecom and cell tower REITs."
ITB,iShares U.S. Home Construction ETF,"U.S. home construction and related stocks, market-cap weighted to emphasize the largest national homebuilders."
SVXY,ProShares Short VIX Short Term Futures ETF,"The fund seeks approximately half (-0.5x) the daily inverse return of the S&P 500 VIX Short-Term Futures Index before fees and expenses. Because of the daily objective, compounding will cause longer-term returns to differ from the stated multiple. Exposure is achieved using volatility futures contracts; the product does not directly track the reported VIX level."
MVV,ProShares Ultra MidCap400,"The fund seeks daily 2x leveraged investment results before fees and expenses, tracking MidCap400. Because of the daily objective, compounding will cause longer-term returns to differ from the stated multiple."
UTSL,Direxion Daily Utilities Bull 3X ETF,"The fund seeks daily 3x leveraged investment results before fees and expenses, tracking Utilities. Because of the daily objective, compounding will cause longer-term returns to differ from the stated multiple."
SYLD,Cambria Shareholder Yield ETF,"U.S. companies returning cash to shareholders, combining dividend yield, share buybacks, and debt paydown metrics."
RXL,ProShares Ultra Health Care,"The fund seeks daily 2x leveraged investment results before fees and expenses, tracking Health Care. Because of the daily objective, compounding will cause longer-term returns to differ from the stated multiple."
REZ,iShares Residential and Multisector Real Estate ETF,"Residential, healthcare, and self-storage REITs, deliberately excluding retail and office properties."
EURL,Direxion Daily FTSE Europe Bull 3X ETF,"The fund seeks daily 3x leveraged investment results before fees and expenses, tracking FTSE Europe. Because of the daily objective, compounding will cause longer-term returns to differ from the stated multiple."
PSI,Invesco Semiconductor ETF,"U.S. semiconductor manufacturers, utilizing a smart-beta methodology evaluating volatility, value, and growth."
RZV,Invesco S&P SmallCap 600 Pure Value ETF,"Small-cap U.S. stocks, focusing exclusively on companies with deep value characteristics within the S&P 600."
XLRE,Real Estate Select Sector SPDR Fund,"U.S. large-cap real estate companies, limited exclusively to the S&P 500 index constituents."
RWR,SPDR Dow Jones REIT ETF,"U.S. real estate investment trusts, tracking the Dow Jones U.S. Select REIT Index to capture the broad equity REIT market."
UAE,iShares MSCI UAE ETF,"United Arab Emirates equities, providing single-country exposure to the UAE market."
SMIN,iShares MSCI India Small-Cap ETF,"Indian small-cap equities, capturing the small-cap segment of the Indian stock market rather than large-cap benchmarks."
SOXX,iShares Semiconductor ETF,"Broad U.S.-listed semiconductor industry, market-cap-weighted with a cap on the largest components to maintain diversification."
ICF,iShares Cohen & Steers REIT ETF,"Large-cap U.S. REITs, focusing on the 30 largest and most liquid real estate companies."
POWR,iShares US Power Infrastructure ETF,"U.S. power infrastructure companies spanning utilities, grid infrastructure, renewable generation, and related power-system businesses."
USRT,iShares Core U.S. REIT ETF,"Broad U.S. REIT exposure, tracking the FTSE Nareit Equity REITs Index to capture the entire domestic equity real estate market."
BBRE,JPMorgan BetaBuilders MSCI U.S. REIT ETF,"U.S. real estate investment trusts, designed as a broad U.S. REIT allocation."
XRT,SPDR S&P Retail ETF,"Equal-weighted U.S. retail companies, reducing concentration in the largest retailers."
XSD,SPDR S&P Semiconductor ETF,"Equal-weighted U.S. semiconductor companies, providing more mid- and small-cap exposure than market-cap-weighted semiconductor funds."
FRI,First Trust S&P REIT Index Fund,"U.S. real estate investment trusts, tracking the S&P United States REIT Index to cover broad property sectors."
COWZ,Pacer US Cash Cows 100 ETF,"Large- and mid-cap U.S. companies, selected and weighted based on high free-cash-flow yield."
UGE,ProShares Ultra Consumer Staples,"The fund seeks daily 2x leveraged investment results before fees and expenses, tracking Consumer Staples. Because of the daily objective, compounding will cause longer-term returns to differ from the stated multiple."
SMH,VanEck Semiconductor ETF,"Largest and most liquid U.S.-listed semiconductor companies, including substantial exposure to non-U.S. semiconductor firms through U.S.-listed securities."
DVLU,First Trust Dorsey Wright Momentum & Value ETF,"U.S. equities exhibiting both value and momentum traits, selected through a relative strength matrix methodology."
PDBC,Invesco Optimum Yield Diversified Commodity Strategy No K-1 ETF,"The fund tracks the performance of Optimum Yield Diversified Commodity Strategy No K-1. Exposure is obtained through futures contracts rather than physical holdings; therefore, contract rolls cause performance to differ from the spot commodity price."
IDGT,iShares US Digital Infra & Real Estate ETF,"U.S. digital infrastructure and real estate, specifically focusing on data centers and telecom towers."
DDM,ProShares Ultra Dow30,"The fund seeks daily 2x leveraged investment results before fees and expenses, tracking Dow30. Because of the daily objective, compounding will cause longer-term returns to differ from the stated multiple."
PSR,Invesco Active U.S. Real Estate ETF,"Actively managed U.S. real estate securities, adjusting property sector weightings based on macroeconomic conditions."
DBC,Invesco DB Commodity Index Tracking Fund,"The fund tracks the performance of DB Commodity Tracking. Exposure is obtained through futures contracts rather than physical holdings; therefore, contract rolls cause performance to differ from the spot commodity price."
SCHH,Schwab U.S. REIT ETF,"Broad U.S. REIT exposure tracking the Dow Jones U.S. Select REIT Index, explicitly excluding mortgage REITs."
HOMZ,Hoya Capital Housing ETF,"U.S. housing ecosystem companies, spanning homebuilders, rental operators, home improvement, and real estate services."
IXC,iShares Global Energy ETF,"Global energy sector companies, providing exposure to major integrated oil and gas companies worldwide."
ATMP,iPath Select MLP ETN,"The fund tracks the performance of iPath Select MLP ETN. As an exchange-traded note, the product is an unsecured debt obligation of the issuer and carries issuer credit risk."
INDL,Direxion Daily MSCI India Bull 2X ETF,"The fund seeks daily 2x leveraged investment results before fees and expenses, tracking MSCI India. Because of the daily objective, compounding will cause longer-term returns to differ from the stated multiple."
SPHB,Invesco S&P 500 High Beta ETF,"S&P 500 stocks with the highest sensitivity to market movements, isolating the high-beta factor."
FTXO,First Trust Nasdaq Bank ETF,"U.S. banking companies, selected for liquidity and weighted using a smart-beta mix of volatility, value, and growth factors."
FREL,Fidelity MSCI Real Estate Index ETF,"Broad U.S. real estate sector, tracking the MSCI USA IMI Real Estate Index to provide comprehensive all-cap exposure."
CALF,Pacer US Small Cap Cash Cows 100 ETF,"Small-cap U.S. companies, selected and weighted based on high free-cash-flow yield."
IAI,iShares U.S. Broker-Dealers & Securities Exchanges ETF,"U.S. investment banks, discount brokerages, and exchanges, isolating capital markets from traditional retail banking."
VNQ,Vanguard Real Estate ETF,U.S. equity REITs across major property sectors; broad Vanguard real-estate exposure.
LTL,ProShares Ultra Communication Services,"The fund seeks daily 2x leveraged investment results before fees and expenses, tracking Communication Services. Because of the daily objective, compounding will cause longer-term returns to differ from the stated multiple."
KCE,SPDR S&P Capital Markets ETF,"U.S. capital markets industry, equally weighted to balance exposure between large investment banks and smaller financial services firms."
PPTY,U.S. Diversified Real Estate ETF,"U.S. real estate equities, using a rule-based methodology that weights by location, property type, and leverage rather than market cap."
CSEN,Cohen & Steers Future of Energy Active ETF,"Actively managed energy transition companies, focusing on the future of energy and decarbonization rather than traditional fossil fuels."
MLPA,Global X MLP ETF,"Master Limited Partnerships (MLPs) in energy infrastructure, tracking an index of midstream pipeline and storage companies."
DDIV,First Trust Dorsey Wright Momentum & Dividend ETF,"High dividend-yielding U.S. stocks, combining dividend yield with relative-strength momentum."
MLPX,Global X MLP & Energy Infrastructure ETF,"Energy infrastructure corporations and MLPs, structured to avoid the K-1 tax form associated with pure MLP funds."
ENFR,Alerian Energy Infrastructure ETF,"North American energy infrastructure companies, including both MLPs and C-corps for broad midstream exposure."
KRE,SPDR S&P Regional Banking ETF,"U.S. regional banks, equally weighted to reduce the dominance of the largest national institutions."
AMLP,Alerian MLP ETF,"Midstream energy Master Limited Partnerships, tracking the benchmark Alerian MLP Index."
IGE,iShares North American Natural Resources ETF,"North American natural resource companies, spanning energy, metals, and mining sectors."
GSG,iShares GSCI Commodity-Indexed Trust Fund,"The fund tracks the performance of GSCI Commodity-ed Trust. Exposure is obtained through futures contracts rather than physical holdings; therefore, contract rolls cause performance to differ from the spot commodity price."
IAT,iShares U.S. Regional Banks ETF,"U.S. regional banks, heavily concentrated in the largest regional players rather than equally weighted."
AMUB,"ETRACS Alerian MLP Index ETN Series B due July 18, 2042","The fund tracks the performance of ETRACS Alerian MLP ETN Series B due July 18, 2042. As an exchange-traded note, the product is an unsecured debt obligation of the issuer and carries issuer credit risk."
CORN,Teucrium Corn Fund ETV,"The fund tracks the performance of Teucrium Corn ETV. Exposure is obtained through futures contracts rather than physical holdings; therefore, contract rolls cause performance to differ from the spot commodity price."
IYR,iShares U.S. Real Estate ETF,"Broad U.S. real estate sector, including specialty REITs and real estate management firms not found in strict equity-REIT indices."
KBWB,Invesco KBW Bank ETF,"Large U.S. national and regional banks, weighted by a modified market capitalization to capture the bellwethers of the banking industry."
EINC,VanEck Energy Income ETF,"Income-oriented U.S. and Canadian energy companies, focusing on sustainable dividend payers within the energy sector."
FXO,First Trust Financials AlphaDEX Fund,"U.S. financial companies, selected and weighted based on growth and value factors rather than market cap."
USOI,"ETRACS Crude Oil Shares Covered Call ETNs due April 24, 2037","The fund tracks the performance of ETRACS Crude Oil Covered Call due April 24, 2037. As an exchange-traded note, the product is an unsecured debt obligation of the issuer and carries issuer credit risk. The fund owns assets and simultaneously sells call options to generate income, a strategy that may limit upside participation. Exposure is obtained through futures contracts rather than physical holdings; therefore, contract rolls cause performance to differ from the spot commodity price."
PSCD,Invesco S&P SmallCap Consumer Discretionary ETF,"Small-cap U.S. consumer discretionary sector, isolating the smallest consumer-focused components of the S&P 600."
LIT,Global X Lithium & Battery Tech ETF,"Global lithium mining and battery technology companies, spanning the full electric vehicle supply chain."
UCIB,"ETRACS UBS Bloomberg Constant Maturity Commodity Index (CMCI) Total Return ETN Series B due April 5, 2038","The fund tracks the performance of ETRACS UBS Bloomberg Constant Maturity Commodity (CMCI) Total Return ETN Series B due April 5, 2038. As an exchange-traded note, the product is an unsecured debt obligation of the issuer and carries issuer credit risk. Exposure is obtained through futures contracts rather than physical holdings; therefore, contract rolls cause performance to differ from the spot commodity price."
CANE,Teucrium Sugar Fund,"Sugar futures contracts, providing direct exposure to sugar commodity prices rather than agricultural equities."
VFVA,Vanguard U.S. Value Factor ETF,"Actively managed U.S. value stocks, relying on a systematic quantitative model to target deep value factor characteristics."
ONEY,SPDR Russell 1000 Yield Focus ETF,"Large-cap U.S. dividend-paying stocks, leveraging a multi-factor model (value, quality, size) from the Russell 1000 universe."
USAI,Pacer American Energy Independence ETF,"U.S. midstream energy infrastructure companies, focusing on C-corps to provide broad energy transport exposure without K-1 tax forms."
BIZD,VanEck BDC Income ETF,"Business Development Companies (BDCs), providing access to high-yielding private debt and middle-market lending."
COMT,iShares GSCI Commodity Dynamic Roll Strategy ETF,"The fund tracks the performance of GSCI Commodity Dynamic Roll Strategy. Exposure is obtained through futures contracts rather than physical holdings; therefore, contract rolls cause performance to differ from the spot commodity price."
RSPF,Invesco S&P 500 Equal Weight Financials ETF,"S&P 500 financial sector, equally weighted to reduce concentration in the largest financial companies."
MLPB,"ETRACS Alerian MLP Infrastructure Index ETN Series B due April 2, 2040","The fund tracks the performance of ETRACS Alerian MLP Infrastructure ETN Series B due April 2, 2040. As an exchange-traded note, the product is an unsecured debt obligation of the issuer and carries issuer credit risk."
PAVE,Global X U.S. Infrastructure Development ETF,"U.S. infrastructure and construction companies, targeting the physical build-out (materials, heavy equipment) rather than utilities."
FDIQ,Invesco Bloomberg Financial Data Providers ETF,"Companies providing financial data, exchanges, and infrastructure, targeting the technology backbone of the financial sector."
NANR,SPDR S&P North American Natural Resources ETF,"Large-cap North American natural resource companies, capturing the largest energy and materials firms in the US and Canada."
SDCI,USCF SummerHaven Dynamic Commodity Strategy No K-1 Fund,"The fund tracks the performance of USCF SummerHaven Dynamic Commodity Strategy No K-1. Exposure is obtained through futures contracts rather than physical holdings; therefore, contract rolls cause performance to differ from the spot commodity price."
SQLV,Royce Quant Small-Cap Quality Value ETF,"U.S. small-cap equities, actively managed using a systematic quantitative model to identify high-quality, undervalued stocks."
SPGP,Invesco S&P 500 GARP ETF,"S&P 500 stocks exhibiting Growth at a Reasonable Price (GARP), balancing earnings growth metrics with value screens."
VUSE,Vident U.S. Equity Strategy ETF,"Broad U.S. equities, utilizing a proprietary rule-based methodology to balance risk and manage sector exposures."
DEEP,Acquirers Small and Micro Deep Value ETF,"Deeply undervalued U.S. small and micro-cap stocks, utilizing the Acquirer's Multiple."
RDOG,ALPS REIT Dividend Dogs ETF,"High-yielding U.S. real estate investment trusts, applying an equal-weight strategy to REIT segments analogous to the Dogs of the Dow."
FLSA,Franklin FTSE Saudi Arabia ETF,"Saudi Arabian equities, providing single-country exposure to the Saudi market."
QVMT,Invesco S&P 500 Concentrated QVM ETF,"S&P 500 stocks, actively screening for a concentrated portfolio exhibiting Quality, Value, and Momentum factors."
QTUM,Defiance Quantum ETF,"Global companies involved in quantum computing and machine learning technology, capturing next-generation computing architecture."
VFH,Vanguard Financials ETF,"Broad U.S. financial sector, tracking the MSCI US IMI Financials Index to capture large, mid, and small-cap financials."
IYW,iShares U.S. Technology ETF,"Broad U.S. technology sector, heavily market-cap weighted toward the largest U.S. technology companies."
XMVM,Invesco S&P MidCap Value with Momentum ETF,"Mid-cap U.S. value stocks, combining value and momentum factors to distinguish improving value stocks from weak-price names within the S&P 400."
EQRR,ProShares Equities for Rising Rates ETF,"U.S. large-cap equities, systematically overweighting sectors historically correlated with rising interest rates."
FNCL,Fidelity MSCI Financials Index ETF,"Broad U.S. financial sector, tracking the MSCI USA IMI Financials Index to provide comprehensive all-cap exposure."
FTXL,First Trust Nasdaq Semiconductor ETF,"U.S. semiconductor companies, selected for liquidity and weighted using a smart-beta mix of volatility, value, and growth factors."
XME,SPDR S&P Metals & Mining ETF,"U.S. metals and mining industry, equally weighted to balance exposure between steel, coal, and precious metal miners."
XLF,Financial Select Sector SPDR Fund,"U.S. large-cap financial companies, limited exclusively to the S&P 500 index constituents."
PY,Principal Value ETF,"Actively managed U.S. large and mid-cap equities, utilizing a quantitative model to identify quality value stocks."
TPYP,Tortoise North American Pipeline Fund,"North American pipeline companies, structured to provide midstream exposure without the K-1 tax form burden."
UNG,United States Natural Gas Fund LP,"The fund tracks the performance of United States Natural Gas LP. Exposure is obtained through futures contracts rather than physical holdings; therefore, contract rolls cause performance to differ from the spot commodity price."
FDM,First Trust Dow Jones Select MicroCap Index Fund,"U.S. micro-cap equities, screening micro-cap companies for profitability and fundamental quality."
BDCZ,"ETRACS MarketVector Business Development Companies Liquid Index ETN due April 26, 2041","The fund tracks the performance of ETRACS MetVector Business Development Companies Liquid ETN due April 26, 2041. As an exchange-traded note, the product is an unsecured debt obligation of the issuer and carries issuer credit risk."
XLK,Technology Select Sector SPDR Fund,"S&P 500 technology companies, providing market-cap-weighted exposure to the largest tech hardware and software firms."
UXI,ProShares Ultra Industrials,"The fund seeks daily 2x leveraged investment results before fees and expenses, tracking Industrials. Because of the daily objective, compounding will cause longer-term returns to differ from the stated multiple."
EES,WisdomTree U.S. SmallCap Fund,"U.S. small-cap equities, weighting constituents by earnings rather than market cap to emphasize profitability."
RWK,Invesco S&P MidCap 400 Revenue ETF,"Mid-cap U.S. equities, weighted by revenue to emphasize top-line sales over market capitalization."
QVAL,Alpha Architect U.S. Quantitative Value ETF,"Actively managed U.S. large-cap equities, using a systematic quantitative value model to identify equities exhibiting deep value characteristics."
RPV,Invesco S&P 500 Pure Value ETF,"S&P 500 stocks, focusing exclusively on companies with deep, pure value characteristics, weighted by the strength of their value scores."
QABA,First Trust NASDAQ ABA Community Bank Index Fund,"U.S. community and regional banks, explicitly excluding the largest national money-center banks and brokerages."
XTN,SPDR S&P Transportation ETF,"U.S. transportation sector, equally weighted to balance exposure across airlines, railroads, and logistics companies."
KSA,iShares MSCI Saudi Arabia ETF,"Broad Saudi Arabian equities, providing market-cap-weighted exposure to the Saudi market."
FNK,First Trust Mid Cap Value AlphaDEX Fund,The fund tracks the performance of Mid Cap Value AlphaDEX.
KBE,State Street SPDR S&P Bank ETF,The fund tracks the performance of State Street S&P Bank.
MAGA,Point Bridge America First ETF,The fund tracks the performance of Point Bridge America First.
USCI,United States Commodity Index Fund ETV,"The fund tracks the performance of United States Commodity ETV. Exposure is obtained through futures contracts rather than physical holdings; therefore, contract rolls cause performance to differ from the spot commodity price."
RFV,Invesco S&P MidCap 400 Pure Value ETF,The fund tracks the performance of S&P MidCap 400 Pure Value.
AIRR,First Trust RBA American Industrial Renaissance ETF,The fund tracks the performance of RBA American Industrial Renaissance.
CDL,VictoryShares US Large Cap High Div Volatility Wtd ETF,The fund tracks the performance of Victory US Large Cap High Div Volatility Wtd.
CDC,VictoryShares US EQ Income Enhanced Volatility Wtd ETF,The fund tracks the performance of Victory US EQ Income Enhanced Volatility Wtd.
VPC,Virtus Private Credit Strategy ETF,"The fund tracks the performance of Virtus Private Credit Strategy. The underlying portfolio consists of fixed-income debt securities, making market value highly sensitive to interest rates and credit risk."
IMCV,iShares Morningstar Mid-Cap Value ETF,The fund tracks the performance of Morningstar Mid-Cap Value.
PKB,Invesco Building & Construction ETF,The fund tracks the performance of Building & Construction.
CSM,ProShares Large Cap Core Plus,The fund tracks the performance of Large Cap Core Plus.
PYZ,Invesco Dorsey Wright Basic Materials Momentum ETF,The fund tracks the performance of Dorsey Wright Basic Materials Momentum.
SPYD,State Street SPDR Portfolio S&P 500 High Dividend ETF,The fund tracks the performance of State Street Portfolio S&P 500 High Dividend.
HTUS,Hull Tactical US ETF,The fund tracks the performance of Hull Tactical US.
UPW,ProShares Ultra Utilities,"The fund seeks daily 2x leveraged investment results before fees and expenses, tracking Utilities. Because of the daily objective, compounding will cause longer-term returns to differ from the stated multiple."
PKW,Invesco BuyBack Achievers ETF,The fund tracks the performance of BuyBack Achievers.
BCD,abrdn Bloomberg All Commodity Longer Dated Strategy K-1 Free ETF,"The fund tracks the performance of abrdn Bloomberg All Commodity Longer Dated Strategy K-1 Free. Exposure is obtained through futures contracts rather than physical holdings; therefore, contract rolls cause performance to differ from the spot commodity price."
PSC,Principal U.S. Small-Cap ETF,The fund tracks the performance of Principal U.S. Small-Cap.
UPV,ProShares Ultra FTSE Europe,"The fund seeks daily 2x leveraged investment results before fees and expenses, tracking FTSE Europe. Because of the daily objective, compounding will cause longer-term returns to differ from the stated multiple."
REET,iShares Global REIT ETF,The fund tracks the performance of Global REIT.
VAMO,Cambria Value and Momentum ETF,The fund tracks the performance of Cambria Value and Momentum.
SPYG,State Street SPDR Portfolio S&P 500 Growth ETF,The fund tracks the performance of State Street Portfolio S&P 500 Growth.
FIW,First Trust Water ETF,The fund tracks the performance of Water.
VOOG,Vanguard S&P 500 Growth ETF,The fund tracks the performance of S&P 500 Growth.
KBWD,Invesco KBW High Dividend Yield Financial ETF,The fund tracks the performance of KBW High Dividend Yield Financial.
FQAL,Fidelity Quality Factor ETF,"U.S. large and mid-cap stocks, selected for high quality characteristics based on profitability and cash flow metrics rather than market cap."
IUS,Invesco RAFI Strategic US ETF,"U.S. large-cap equities, weighted by fundamental measures such as sales and operating cash flow rather than market capitalization."
IVW,iShares S&P 500 Growth ETF,"U.S. large-cap growth stocks, specifically tracking the growth segment of the S&P 500 index."
LVDS,JPMorgan Fundamental Data Science Large Value ETF,"U.S. large-cap value stocks, actively managed using fundamental data science and quantitative insights to select holdings."
GQRE,FlexShares Global Quality Real Estate Index Fund,"Global real estate equities, incorporating fundamental quality and dividend-yield screens to select holdings."
USSG,Xtrackers MSCI USA ESG Leaders Equity ETF,"U.S. large and mid-cap equities, applying environmental, social, and governance (ESG) screening to the broader market universe."
DVY,iShares Select Dividend ETF,"U.S. high-dividend-yielding equities, restricted strictly to companies with a five-year track record of paying dividends."
BLOK,Amplify Transformational Data Sharing ETF,"Global equities, actively managed to target companies involved in blockchain technology and digital assets."
QARP,Xtrackers Russell 1000 US QARP ETF,"U.S. large-cap equities, systematically selecting stocks that exhibit both high fundamental quality and attractive valuation metrics."
FNDX,Schwab Fundamental U.S. Large Company Index ETF,"U.S. large-cap equities, weighted by fundamental metrics like retained operating cash flow, adjusted sales, and dividends plus buybacks rather than market cap."
FNDB,Schwab Fundamental U.S. Broad Market Index ETF,"Broad U.S. equity market, weighted by fundamental metrics rather than market capitalization to provide alternative total-market exposure."
JVAL,JPMorgan U.S. Value Factor ETF,"U.S. large-cap value stocks, utilizing a multi-factor approach based on relative valuation metrics."
IYF,iShares U.S. Financials ETF,"U.S. financial sector companies, providing broad exposure across banks, insurers, and diversified financial services."
CGW,Invesco S&P Global Water Index ETF,"Global water industry companies, spanning water utilities, infrastructure, equipment, and materials."
DIVB,iShares U.S. Dividend and Buyback ETF,"U.S. equities, targeting companies that return capital to shareholders through a combination of dividends and stock repurchases."
DSI,iShares MSCI KLD 400 Social ETF,"U.S. equities, tracking an index of socially responsible companies while strictly excluding controversial sectors like weapons and tobacco."
IUSG,iShares Core S&P U.S. Growth ETF,"U.S. growth stocks, providing a broad, market-cap-weighted allocation across the large and mid-cap segments of the S&P 900."
PHO,Invesco Water Resources ETF,"U.S. water industry companies, focusing specifically on domestic water resources, conservation, and purification."
RSPM,Invesco S&P 500 Equal Weight Materials ETF,"S&P 500 materials companies, equally weighted to reduce concentration in the largest chemical and mining firms."
NUMV,Nuveen ESG Mid-Cap Value ETF,"U.S. mid-cap value stocks, integrating environmental, social, and governance (ESG) criteria into the factor selection process."
RDVY,First Trust Rising Dividend Achievers ETF,"U.S. large-cap companies, explicitly targeting constituents with a history of increasing dividends, high cash-to-debt ratios, and strong balance sheets."
DJP,iPath Bloomberg Commodity Index Total Return ETN,"The fund tracks the performance of iPath Bloomberg Commodity Total Return ETN. As an exchange-traded note, the product is an unsecured debt obligation of the issuer and carries issuer credit risk. Exposure is obtained through futures contracts rather than physical holdings; therefore, contract rolls cause performance to differ from the spot commodity price."
KBWY,Invesco KBW Premium Yield Equity REIT ETF,"U.S. small and mid-cap equity REITs, weighted by competitive dividend yield to emphasize income generation over market size."
PRF,Invesco FTSE RAFI US 1000 ETF,"Largest 1,000 U.S. stocks, weighted by fundamental factors such as book value, cash flow, sales, and dividends."
FNDA,Schwab Fundamental U.S. Small Company Index ETF,"U.S. small-cap equities, weighted by fundamental metrics rather than market cap to mitigate size-based volatility."
VLU,SPDR S&P 1500 Value Tilt ETF,"Broad U.S. equities, tilting a comprehensive market index toward value characteristics rather than strictly excluding growth stocks."
IWY,iShares Russell Top 200 Growth ETF,"U.S. mega-cap growth stocks, isolating the 200 largest growth-oriented companies in the Russell 1000 index."
ROSC,Hartford Multifactor Small Cap ETF,"U.S. small-cap equities, employing a multi-factor model to target value, momentum, and quality traits within smaller companies."
ULVM,VictoryShares US EQ Income Enhanced Volatility Wtd ETF,"U.S. dividend-paying equities, weighted by inverse volatility to prioritize historically stable price action over sheer market cap."
EQIN,Invesco Russell 1000 Equal Weight ETF,"U.S. large and mid-cap equities, equally weighting the constituents of the Russell 1000 to provide broad market exposure without mega-cap concentration."
FXZ,First Trust Materials AlphaDEX Fund,"U.S. materials companies, selected and weighted based on growth and value factors rather than market capitalization."
DIV,Global X SuperDividend U.S. ETF,"U.S. high-dividend-yielding equities, equally weighting 50 high-yielding constituents across various sectors to minimize single-stock risk."
DFNL,Davis Select Financial ETF,"U.S. financial sector companies, actively managed to identify high-conviction financial equities across banks and specialized financial firms."
EZM,WisdomTree U.S. MidCap Fund,"U.S. mid-cap equities, weighting constituents by earnings rather than market capitalization to emphasize absolute profitability."
RWO,SPDR Dow Jones Global Real Estate ETF,"Global real estate equities, providing comprehensive market-cap-weighted exposure to both U.S. and international real estate investment trusts."
EWO,iShares MSCI Austria ETF,"Austrian equities, providing single-country, market-cap-weighted exposure to the Austrian stock market."
VIOV,Vanguard S&P Small-Cap 600 Value ETF,"U.S. small-cap value stocks, tracking the strict value segment of the S&P SmallCap 600 index."
BEDY,Brown Advisory Equity Income ETF,"U.S. dividend-paying equities, actively managed to target companies with a history of fundamental stability and sustainable yield."
SLYV,SPDR S&P 600 Small Cap Value ETF,"U.S. small-cap value stocks, specifically tracking the value segment of the S&P SmallCap 600 index."
ABFL,AllianceBernstein U.S. Large Cap Growth ETF,"U.S. large-cap growth stocks, actively managed using fundamental research to identify sustainable long-term growth opportunities."
KARS,KraneShares Electric Vehicles and Future Mobility Index ETF,"Global electric vehicle and future mobility companies, capturing the entire supply chain from battery materials to autonomous technology."
FVAL,Fidelity Value Factor ETF,"U.S. large and mid-cap value stocks, utilizing a proprietary quantitative model evaluating fundamentally discounted equities."
FAB,First Trust Multi Cap Value AlphaDEX Fund,"U.S. multi-cap value equities, targeting the multi-factor AlphaDEX selection methodology across market capitalizations."
BFOR,Barron's 400 ETF,"U.S. equities, tracking an index that selects financially strong companies based on strict screens for growth, value, profitability, and cash flow."
XLG,Invesco S&P 500 Top 50 ETF,"U.S. mega-cap equities, restricting exposure strictly to the 50 largest companies within the S&P 500 index."
IJS,iShares S&P Small-Cap 600 Value ETF,"U.S. small-cap value stocks, tracking the precise value segment of the S&P SmallCap 600 index."
IVOV,Vanguard S&P Mid-Cap 400 Value ETF,"U.S. mid-cap value stocks, specifically tracking the value segment of the S&P MidCap 400 index."
MDYV,SPDR S&P 400 Mid Cap Value ETF,"U.S. mid-cap value stocks, specifically tracking the value segment of the S&P MidCap 400 index."
FTEC,Fidelity MSCI Information Technology Index ETF,"Broad U.S. technology sector, tracking the MSCI USA IMI Information Technology Index to provide comprehensive all-cap exposure."
VGT,Vanguard Information Technology ETF,"Broad U.S. technology sector, tracking the MSCI US IMI Information Technology Index to cover large, mid, and small-cap tech companies."
IJJ,iShares S&P Mid-Cap 400 Value ETF,"U.S. mid-cap value stocks, tracking the specific value segment of the S&P MidCap 400 index."
IYG,iShares U.S. Financial Services ETF,"U.S. financial services companies, targeting a specific subset of financials focused on asset management, investment banking, and credit services."
SUSA,iShares MSCI USA ESG Select ETF,"U.S. equities, actively applying environmental, social, and governance (ESG) screening and weighting adjustments to a broad market universe."
RWL,Invesco S&P 500 Revenue ETF,"S&P 500 equities, weighted by revenue rather than market capitalization to emphasize top-line sales volume."
WTV,WisdomTree U.S. Value Fund,"U.S. equities, actively managed utilizing a quantitative model to evaluate shareholder yield and intrinsic value traits."
DON,WisdomTree U.S. MidCap Dividend Fund,"U.S. mid-cap equities, weighted by dividends rather than market capitalization to emphasize income-paying mid-sized companies."
VFMF,Vanguard U.S. Multifactor ETF,"U.S. equities, actively managed to target a quantitative blend of value, momentum, quality, and low volatility factors."
DVOL,First Trust Dorsey Wright Momentum & Low Volatility ETF,"U.S. equities, selecting companies demonstrating strong relative strength while filtering for historically low volatility."
PSCU,Invesco S&P SmallCap Utilities & Communication Services ETF,"U.S. small-cap utility and telecommunication sector, isolating the smallest infrastructure-focused components of the S&P 600."
PEXL,Pacer US Export Leaders ETF,"U.S. large and mid-cap companies, specifically selected for high foreign sales and significant export revenue."
IETC,iShares Evolved U.S. Technology ETF,"U.S. technology sector companies, actively managed using natural language processing to identify evolving technology classifications."
SCHD,Schwab U.S. Dividend Equity ETF,"U.S. dividend-paying equities, selected for strong dividend growth histories and fundamental strength relative to industry peers."
IFRA,iShares U.S. Infrastructure ETF,"U.S. infrastructure companies, targeting firms involved in both the ownership and physical construction of infrastructure assets."
FLTW,Franklin FTSE Taiwan ETF,"Taiwanese equities, providing single-country, market-cap-weighted exposure to the Taiwanese market."
TDIV,First Trust NASDAQ Technology Dividend Index Fund,"U.S. technology and telecommunications companies, explicitly restricting exposure to dividend-paying tech stocks."
SHRY,SPDR Portfolio Short Term Corporate Bond ETF,"U.S. short-term corporate bonds, tracking a market-weighted index of investment-grade corporate debt with maturities between 1 and 3 years."
FYT,First Trust Small Cap Value AlphaDEX Fund,"U.S. small-cap value equities, targeting the fundamental selection and weighting of the AlphaDEX methodology."
TBLU,Tortoise Global Water ESG Fund,"Global water industry companies, tracking an index of water utilities and infrastructure while applying environmental and social screens."
XSLV,Invesco S&P SmallCap Low Volatility ETF,"U.S. small-cap equities, isolating the 120 least volatile constituents within the S&P SmallCap 600 index."
IXN,iShares Global Tech ETF,"Global technology sector companies, providing unified exposure to major hardware and software companies across U.S. and international markets."
SPDV,AAM S&P 500 High Dividend Value ETF,"S&P 500 dividend-paying equities, selecting the top yielders across all 11 GICS sectors while focusing on high free cash flow."
RPG,Invesco S&P 500 Pure Growth ETF,"S&P 500 growth stocks, focusing exclusively on companies with deep, pure growth characteristics, weighted by the strength of their growth scores."
RSP,Invesco S&P 500 Equal Weight ETF,"S&P 500 companies, equally weighted to reduce structural concentration in the largest mega-cap index constituents."
FDVV,Fidelity High Dividend ETF,"U.S. large and mid-cap equities, emphasizing historically high dividend-yielding companies across various sectors with a focus on payout sustainability."
EQL,ALPS Equal Sector Weight ETF,"U.S. large-cap equities, equally weighting the major GICS sectors rather than individual stocks to eliminate broad sector biases."
FTA,First Trust Large Cap Value AlphaDEX Fund,"U.S. large-cap value equities, selected and weighted based on growth and value factors rather than market capitalization."
JPME,JPMorgan Diversified Return U.S. Mid Cap Equity ETF,"U.S. mid-cap equities, structurally weighting risk equally across economic sectors while screening for value and quality factors."
GLIN,VanEck India Growth Leaders ETF,"Indian equities, targeting growth-oriented companies based on fundamental measures rather than simple market capitalization."
SDVY,First Trust SMID Cap Rising Dividend Achievers ETF,"U.S. small and mid-cap dividend-paying equities, targeting companies with a history of growing dividends and strong earnings momentum."
ISCV,iShares Morningstar Small-Cap Value ETF,"U.S. small-cap value stocks, tracking the Morningstar US Small Cap Broad Value Index to provide targeted factor exposure."
PSET,Principal Quality ETF,"U.S. large and mid-cap equities, actively managed using a quantitative model to identify companies with high profitability and low leverage."
JPSE,JPMorgan Diversified Return U.S. Small Cap Equity ETF,"U.S. small-cap equities, structurally weighting risk equally across economic sectors while screening for value, momentum, and quality."
OEF,iShares S&P 100 ETF,"U.S. large-cap equities, restricting exposure strictly to the 100 largest and most established companies in the S&P 500."
FLCA,Franklin FTSE Canada ETF,"Canadian equities, providing single-country, market-cap-weighted exposure to the Canadian market."
RDIV,Invesco S&P Ultra Dividend Revenue ETF,"U.S. equities, screening the highest dividend-yielding stocks and subsequently weighting them by revenue generation."
ONEV,SPDR Russell 1000 Low Volatility Focus ETF,"U.S. large-cap value stocks, utilizing a multi-factor model targeting low volatility, value, quality, and size within the Russell 1000."
VLUE,iShares MSCI USA Value Factor ETF,"U.S. large and mid-cap value stocks, applying a sector-neutral factor model to target value while avoiding structural sector biases."
OMFL,Invesco Russell 1000 Dynamic Multifactor ETF,"U.S. large-cap equities, dynamically rotating weightings across value, momentum, quality, and size factors based on leading economic indicators."
PWV,Invesco Dynamic Large Cap Value ETF,"U.S. large-cap value equities, actively managed using a quantitative model evaluating fundamental strength and timeliness."
JPUS,JPMorgan Diversified Return U.S. Equity ETF,"U.S. large-cap equities, structurally weighting risk equally across economic sectors while screening for value, quality, and momentum."
DSTL,Distillate U.S. Fundamental Stability & Value ETF,"U.S. large-cap stocks, utilizing a proprietary fundamental methodology focused on free cash flow generation and balance sheet stability."
SECT,Main Sector Rotation ETF,"U.S. equities, actively managed to rotate sector exposure based on a proprietary model evaluating relative strength and fundamental trends."
CATH,Global X S&P 500 Catholic Values ETF,"U.S. large-cap equities, explicitly screening the S&P 500 constituents to align with the socially responsible investment guidelines of the Catholic Church."
SPVM,Invesco S&P 500 Value with Momentum ETF,"S&P 500 value stocks exhibiting price momentum, combining two specific smart-beta factors to identify recovering value equities."
JQUA,JPMorgan U.S. Quality Factor ETF,"U.S. large and mid-cap equities, systematically focusing on quality metrics such as absolute profitability and earnings quality."
ISHP,iShares 1-5 Year Investment Grade Corporate Bond ETF,"U.S. short-term corporate bonds, providing market-weighted exposure to investment-grade debt maturing within five years."
URTY,ProShares UltraPro Russell2000,"The fund seeks daily 3x leveraged investment results before fees and expenses, tracking Russell2000. Because of the daily objective, compounding will cause longer-term returns to differ from the stated multiple."
OMFS,Invesco Russell 2000 Dynamic Multifactor ETF,"U.S. small-cap equities, dynamically rotating factor exposures across the Russell 2000 based on leading economic indicators."
SSPY,Sydell S&P 500 Strategy ETF,"U.S. large-cap equities, utilizing an active options-overlay strategy on the S&P 500 index to generate income."
RSPD,Invesco S&P 500 Equal Weight Dividend ETF,"S&P 500 dividend-paying companies, utilizing an equal-weight strategy applied specifically to the dividend-yielding constituents of the index."
VOE,Vanguard Mid-Cap Value ETF,"U.S. mid-cap value stocks, tracking the CRSP US Mid Cap Value Index to capture deep-value characteristics within medium-sized companies."
SPYM,State Street SPDR Portfolio S&P 500 ETF,The fund tracks the performance of State Street Portfolio S&P 500.
PFI,Invesco DWA Financial Momentum ETF,"U.S. financial sector companies, selecting and weighting constituents based strictly on relative strength and price momentum."
DBB,Invesco DB Base Metals Fund,"The fund tracks the performance of DB Base Metals. Exposure is obtained through futures contracts rather than physical holdings; therefore, contract rolls cause performance to differ from the spot commodity price."
IVV,iShares Core S&P 500 ETF,"U.S. large-cap equities, tracking the S&P 500 index to provide broad market exposure."
VOO,Vanguard S&P 500 ETF,"U.S. large-cap equities, tracking the S&P 500 index to provide broad market exposure."
SPXV,ProShares S&P 500 Ex-Health Care ETF,"S&P 500 companies, explicitly excluding the health care sector."
SPY,SPDR S&P 500 ETF Trust,"U.S. large-cap equities, tracking the S&P 500 index structured as a unit investment trust."
QDIV,Global X S&P 500 Quality Dividend ETF,"S&P 500 dividend-paying equities, isolating companies that score in the top tier for both dividend yield and fundamental quality."
ESG,FlexShares STOXX US ESG Select Index Fund,"U.S. equities, applying environmental, social, and governance screens to optimize ESG scoring while minimizing tracking error to the broader market."
FLQM,Franklin U.S. Mid Cap Multifactor Index ETF,"U.S. mid-cap equities, utilizing a multi-factor model targeting quality, value, momentum, and low volatility."
QLC,FlexShares US Quality Large Cap Index Fund,"U.S. large-cap equities, targeting companies that exhibit strong fundamental quality characteristics based on profitability, management efficiency, and cash flow."
MGK,Vanguard Mega Cap Growth ETF,"U.S. mega-cap growth stocks, specifically isolating the largest growth-oriented companies within the CRSP US Mega Cap Index."
SPTM,SPDR Portfolio S&P 1500 Composite Stock Market ETF,"Broad U.S. equities, tracking the S&P 1500 Composite Index to cover the large, mid, and small-cap segments of the market."
PSCC,Invesco S&P SmallCap Consumer Staples ETF,"Small-cap U.S. consumer staples sector, isolating the smallest consumer-defensive components of the S&P 600."
RSPT,Invesco S&P 500 Equal Weight Technology ETF,"S&P 500 technology companies, equally weighted to reduce concentration in the largest tech hardware and software firms."
PRFZ,Invesco FTSE RAFI US 1500 Small-Mid ETF,"U.S. small and mid-cap equities, weighted by fundamental factors such as book value, cash flow, sales, and dividends rather than market capitalization."
ISMD,Inspire Small/Mid Cap Impact ETF,"U.S. small and mid-cap equities, applying biblically responsible investing screens to exclude companies misaligned with specific religious values."
EWT,iShares MSCI Taiwan ETF,"Taiwanese equities, providing market-cap-weighted exposure to the broader Taiwan stock market."
GRID,First Trust NASDAQ Clean Edge Smart Grid Infrastructure Index Fund,"Global smart grid and electrical infrastructure companies, targeting firms involved in the modernization of energy grids and power technologies."
SLX,VanEck Steel ETF,"Global steel sector companies, capturing firms involved in steel production, iron ore mining, and steel manufacturing."
WBIY,WBI Power Factor High Dividend ETF,"U.S. dividend-paying equities, actively managed using a quantitative model to select high-yielding stocks with strong fundamental characteristics."
EQWL,Invesco S&P 100 Equal Weight ETF,"U.S. mega-cap equities, equally weighting the 100 largest and most established companies in the S&P 500."
VTWV,Vanguard Russell 2000 Value ETF,"U.S. small-cap value stocks, tracking the strict value segment of the Russell 2000 index."
NULG,Nuveen ESG Large-Cap Growth ETF,"U.S. large-cap growth stocks, integrating environmental, social, and governance (ESG) criteria into the selection of growth-oriented equities."
COM,Direxion Auspice Broad Commodity Strategy ETF,"The fund tracks the performance of Direxion Auspice Broad Commodity Strategy. Exposure is obtained through futures contracts rather than physical holdings; therefore, contract rolls cause performance to differ from the spot commodity price."
SPYX,SPDR S&P 500 Fossil Fuel Reserves Free ETF,"S&P 500 companies, explicitly excluding firms that own fossil fuel reserves."
FTGC,First Trust Global Tactical Commodity Strategy Fund,"The fund tracks the performance of Global Tactical Commodity Strategy. Exposure is obtained through futures contracts rather than physical holdings; therefore, contract rolls cause performance to differ from the spot commodity price."
TNA,Direxion Small Cap Bull 3X ETF,"The fund seeks daily 3x leveraged investment results before fees and expenses, tracking Direxion Small Cap. Because of the daily objective, compounding will cause longer-term returns to differ from the stated multiple."
VBR,Vanguard Small-Cap Value ETF,"U.S. small-cap value stocks, tracking the CRSP US Small Cap Value Index to capture deep-value characteristics within smaller companies."
SCHG,Schwab U.S. Large-Cap Growth ETF,"U.S. large-cap growth stocks, tracking the Dow Jones U.S. Large-Cap Growth Total Stock Market Index."
LFEQ,VanEck Long/Flat Trend ETF,"U.S. large-cap equities, utilizing a trend-following strategy that shifts to cash or cash equivalents during severe market downtrends."
IWS,iShares Russell Mid-Cap Value ETF,"U.S. mid-cap value stocks, capturing the specifically value-oriented segment of the Russell Midcap index."
EPI,WisdomTree India Earnings Fund,"Indian equities, weighting constituents by fundamental earnings rather than market capitalization to emphasize absolute profitability."
PSCF,Invesco S&P SmallCap Financials ETF,"Small-cap U.S. financial sector companies, isolating the smallest regional banks and financial services components of the S&P 600."
DRIV,Global X Autonomous & Electric Vehicles ETF,"Global autonomous and electric vehicle companies, capturing the supply chain of EV components, software, and manufacturing."
VFQY,Vanguard U.S. Quality Factor ETF,"U.S. equities, actively managed utilizing a quantitative model to target fundamental quality characteristics like strong profitability and healthy balance sheets."
IWN,iShares Russell 2000 Value ETF,The fund tracks the performance of Russell 2000 Value.
SPHQ,Invesco S&P 500 Quality ETF,"S&P 500 equities, targeting the 100 constituents with the highest fundamental quality scores based on return on equity, accruals ratio, and financial leverage."
PTLC,Pacer Trendpilot US Large Cap ETF,"U.S. large-cap equities, utilizing a trend-following moving-average strategy to toggle exposure between equities and Treasury bills."
OSCV,Opus Small Cap Value ETF,"U.S. small-cap value equities, actively managed focusing on high-quality operating businesses trading at a fundamental discount."
SMLV,SPDR SSGA US Small Cap Low Volatility Index ETF,"U.S. small-cap equities, systematically selecting constituents that exhibit lower historical volatility than the broader small-cap market."
TAGS,Teucrium Agricultural Strategy No K-1 ETF,"Agricultural commodity futures, providing exposure to corn, wheat, soybean, and sugar prices structured to avoid K-1 tax forms."
XLY,Consumer Discretionary Select Sector SPDR Fund,"U.S. large-cap consumer discretionary companies, limited exclusively to the S&P 500 index constituents."
KRMA,Global X Conscious Companies ETF,"U.S. large-cap equities, tracking an index of companies recognized for positive social impact and stakeholder outcomes based on the Concinnity framework."
LGLV,SPDR SSGA US Large Cap Low Volatility Index ETF,"U.S. large-cap equities, systematically selecting constituents that exhibit lower historical volatility than the broader large-cap market."
EVX,VanEck Environmental Services ETF,"U.S. environmental services companies, focusing on waste management, pollution control, and recycling operations."
SPXE,ProShares S&P 500 Ex-Energy ETF,"S&P 500 companies, explicitly excluding the energy sector."
IWL,iShares Russell Top 200 ETF,"U.S. mega-cap equities, isolating the 200 largest companies within the Russell 1000 index."
BIBL,Inspire 100 ETF,"U.S. large-cap equities, tracking an index of 100 companies aligned with biblically responsible investing screens."
BBCA,JPMorgan BetaBuilders Canada ETF,"Canadian equities, designed as a broad, market-cap-weighted allocation to the Canadian stock market."
FMAT,Fidelity MSCI Materials Index ETF,"Broad U.S. materials sector, tracking the MSCI USA IMI Materials Index to provide comprehensive all-cap exposure."
MGC,Vanguard Mega Cap ETF,"U.S. mega-cap equities, specifically isolating the largest companies within the CRSP US Mega Cap Index."
VONG,Vanguard Russell 1000 Growth ETF,"U.S. large-cap growth stocks, specifically tracking the growth segment of the Russell 1000 index."
TILT,FlexShares Morningstar US Market Factor Tilt Index Fund,"Broad U.S. equities, tracking the Morningstar US Market index while actively overweighting small-cap and value stocks."
FYX,First Trust Small Cap Core AlphaDEX Fund,"U.S. small-cap equities, selected and weighted using the multi-factor AlphaDEX fundamental methodology rather than market capitalization."
EPS,WisdomTree U.S. LargeCap Fund,"U.S. large-cap equities, weighting constituents by fundamental earnings rather than market capitalization to emphasize absolute profitability."
XLB,Materials Select Sector SPDR Fund,"U.S. large-cap materials companies, limited exclusively to the S&P 500 index constituents."
PEX,ProShares Global Listed Private Equity ETF,"Global private equity firms, targeting publicly traded companies that actively invest in and manage private equity assets."
FNGO,"MicroSectors FANG  Index 2X Leveraged ETNs due January 8, 2038","The fund seeks daily 2x leveraged investment results before fees and expenses, tracking FANG Leveraged due January 8, 2038. Because of the daily objective, compounding will cause longer-term returns to differ from the stated multiple. As an exchange-traded note, the product is an unsecured debt obligation of the issuer and carries issuer credit risk."
KNGZ,US Equity Dividend Select ETF,"U.S. dividend-paying equities, actively managed to target companies with sustainable dividend yields and fundamental stability."
IWF,iShares Russell 1000 Growth ETF,"U.S. large-cap growth stocks, specifically tracking the growth segment of the Russell 1000 index."
CSB,VictoryShares US Small Cap High Div Volatility Wtd ETF,"U.S. small-cap dividend-paying equities, weighted by inverse volatility to prioritize historically stable price action over sheer market cap."
CZA,Invesco Zacks Mid-Cap ETF,"U.S. mid-cap equities, actively selected based on the Zacks quantitative rating model evaluating fundamental strength and valuation."
VAW,Vanguard Materials ETF,"Broad U.S. materials sector, tracking the MSCI US IMI Materials Index to capture large, mid, and small-cap companies."
VUG,Vanguard Growth ETF,"U.S. large-cap growth stocks, tracking the CRSP US Large Cap Growth Index to capture companies with strong historical and projected growth metrics."
QQQ,Invesco QQQ Trust,"U.S. large-cap equities, tracking the NASDAQ-100 index to provide concentrated exposure to non-financial technology and consumer-growth companies."
BKCG,BNY Mellon US Large Cap Core Equity ETF,"U.S. large-cap equities, actively managed to provide core market exposure using fundamental and quantitative analysis."
AUSF,Global X Adaptive U.S. Factor ETF,"U.S. equities, utilizing a dynamic rotation model that allocates among value, momentum, and minimum volatility factors based on market conditions."
GSLC,Goldman Sachs ActiveBeta U.S. Large Cap Equity ETF,"U.S. large-cap equities, utilizing a multi-factor methodology targeting value, momentum, quality, and low volatility."
ROUS,Hartford Multifactor US Equity ETF,"U.S. large-cap equities, employing a multi-factor model targeting value, momentum, and quality while seeking to reduce overall volatility."
VALQ,American Century STOXX U.S. Quality Value ETF,"U.S. large-cap equities, applying a multi-factor quantitative model to select undervalued stocks with strong fundamental quality."
SPXN,ProShares S&P 500 Ex-Financials ETF,"S&P 500 companies, explicitly excluding the financial sector."
NACP,Impact Shares NAACP Minority Empowerment ETF,"U.S. large and mid-cap equities, explicitly screening for companies with strong racial and ethnic diversity policies and practices."
VV,Vanguard Large-Cap ETF,"U.S. large-cap equities, tracking the CRSP US Large Cap Index to capture the largest 85% of the U.S. equity market."
BBUS,JPMorgan BetaBuilders U.S. Equity ETF,"U.S. large and mid-cap equities, designed as a broad, market-cap-weighted allocation to the U.S. stock market."
CMDY,iShares Bloomberg Roll Select Commodity Strategy ETF,"The fund tracks the performance of Bloomberg Roll Select Commodity Strategy. Exposure is obtained through futures contracts rather than physical holdings; therefore, contract rolls cause performance to differ from the spot commodity price."
PSP,Invesco Global Listed Private Equity ETF,"Global private equity firms, targeting publicly traded companies that actively invest in and manage private equity assets."
QTEC,First Trust NASDAQ-100-Technology Sector Index Fund,"NASDAQ-100 technology companies, equally weighted to balance exposure across hardware, software, and semiconductor firms."
NETL,NETLease Corporate Real Estate ETF,"U.S. real estate investment trusts, focusing exclusively on REITs utilizing net lease structures where tenants pay taxes, insurance, and maintenance."
QUAL,iShares MSCI USA Quality Factor ETF,"U.S. large and mid-cap equities, systematically focusing on quality metrics such as high return on equity, stable earnings, and low financial leverage."
PBUS,Invesco PureBeta MSCI USA ETF,"U.S. large and mid-cap equities, tracking the MSCI USA Index as a straightforward, market-cap-weighted broad allocation."
GUSE,WisdomTree U.S. ESG Fund,"U.S. equities, integrating environmental, social, and governance (ESG) screens into a fundamentally weighted equity portfolio."
JHML,John Hancock Multifactor Large Cap ETF,"U.S. large-cap equities, utilizing a quantitative model designed to tilt toward smaller size, lower valuation, and higher profitability."
PBJ,Invesco Dynamic Food & Beverage ETF,"U.S. food and beverage sector companies, utilizing a quantitative model evaluating fundamental strength and price momentum."
COMB,GraniteShares Bloomberg Commodity Broad Strategy No K-1 ETF,"The fund tracks the performance of Bloomberg Commodity Broad Strategy No K-1. Exposure is obtained through futures contracts rather than physical holdings; therefore, contract rolls cause performance to differ from the spot commodity price."
FEX,First Trust Large Cap Core AlphaDEX Fund,"U.S. large-cap equities, selected and weighted using the multi-factor AlphaDEX fundamental methodology rather than market capitalization."
ESGU,iShares ESG Aware MSCI USA ETF,"U.S. large and mid-cap equities, applying environmental, social, and governance (ESG) screens while maintaining a risk profile similar to the broad market."
SPSM,SPDR Portfolio S&P 600 Small Cap ETF,"U.S. small-cap equities, tracking the S&P SmallCap 600 index for broad small-company exposure."
SCHX,Schwab U.S. Large-Cap ETF,"U.S. large-cap equities, tracking the Dow Jones U.S. Large-Cap Total Stock Market Index."
EWC,iShares MSCI Canada ETF,"Canadian equities, providing market-cap-weighted exposure to the broader Canadian stock market."
DES,WisdomTree U.S. SmallCap Dividend Fund,"U.S. small-cap dividend-paying equities, weighting constituents by aggregate cash dividends rather than market capitalization."
QUS,SPDR MSCI USA StrategicFactors ETF,"U.S. large and mid-cap equities, combining value, low volatility, and quality factors into a single integrated quantitative model."
IAK,iShares U.S. Insurance ETF,"U.S. insurance sector companies, providing targeted exposure across life, property, casualty, and full-line insurance providers."
DTRE,ALPS Disruptive Technologies ETF,"Global technology and infrastructure equities, capturing companies driving disruptive technological innovation and real estate."
FLQL,Franklin LibertyQ U.S. Equity ETF,"U.S. large and mid-cap equities, utilizing a quantitative multi-factor model focusing primarily on high fundamental quality along with value, momentum, and low volatility."
IJR,iShares Core S&P Small-Cap ETF,"U.S. small-cap equities, strictly tracking the S&P SmallCap 600 index for broad small-company exposure."
JUST,Goldman Sachs JUST U.S. Large Cap Equity ETF,"U.S. large-cap equities, selecting companies based on fair corporate behavior metrics regarding employees, customers, and the environment."
VIOO,Vanguard S&P Small-Cap 600 ETF,"U.S. small-cap equities, strictly tracking the S&P SmallCap 600 index."
YANG,Direxion Daily FTSE China Bear 3X ETF,"The fund seeks daily 3x inverse (short) investment results before fees and expenses, tracking FTSE China. Because of the daily objective, compounding will cause longer-term returns to differ from the stated multiple."
GRPM,Invesco S&P MidCap 400 GARP ETF,"U.S. mid-cap equities, exhibiting Growth at a Reasonable Price (GARP) by balancing earnings growth metrics with valuation screens."
FLQS,Franklin LibertyQ U.S. Small Cap Equity ETF,"U.S. small-cap equities, applying a multi-factor model that emphasizes fundamental quality alongside value, momentum, and low volatility."
FTCS,First Trust Capital Strength ETF,"U.S. large-cap equities, explicitly screening for strong balance sheets, high levels of cash, and low volatility."
QDF,FlexShares Quality Dividend Index Fund,"U.S. dividend-paying equities, utilizing a multi-factor model to target high-quality companies with sustainable dividend yields."
ILCV,iShares Morningstar Value ETF,"U.S. large-cap value equities, tracking the Morningstar US Large-Mid Cap Broad Value Index to target deep-value characteristics."
FSCS,Fidelity Select Software & IT Services Portfolio,"U.S. technology sector companies, focusing specifically on software and information technology services."
DGRO,iShares Core Dividend Growth ETF,"U.S. dividend-paying equities, targeting companies with a sustained history of consistent dividend growth and payout stability."
DEUS,Xtrackers Russell 1000 Comprehensive Factor ETF,"U.S. large-cap equities, integrating value, momentum, quality, low volatility, and size factors into a single comprehensive model."
LVHD,Legg Mason Low Volatility High Dividend ETF,"U.S. large-cap equities, specifically targeting companies that exhibit historically low price volatility combined with high dividend yields."
ONEO,SPDR Russell 1000 Momentum Focus ETF,"U.S. large-cap equities, leveraging a multi-factor model that emphasizes strong price momentum alongside value and quality factors."
SMLF,iShares US Small-Cap Equity Factor ETF,"U.S. small-cap equities, utilizing a multi-factor model to target value, quality, momentum, and small size."
PSCT,Invesco S&P SmallCap Information Technology ETF,"Small-cap U.S. technology companies, isolating the smallest software, hardware, and semiconductor components of the S&P 600."
VTV,Vanguard Value ETF,"U.S. large-cap value stocks, tracking the CRSP US Large Cap Value Index to capture dividend-paying and low-valuation equities."
ESGV,Vanguard ESG U.S. Stock ETF,"Broad U.S. equities, tracking an index that applies environmental, social, and governance screens while maintaining comprehensive market-cap coverage."
VONE,Vanguard Russell 1000 ETF,"U.S. large and mid-cap equities, tracking the Russell 1000 index to cover the top tier of the U.S. stock market."
IYT,iShares Transportation Average ETF,"U.S. transportation sector, tracking an index of airlines, railroads, trucking, and delivery logistics companies."
BCI,abrdn Bloomberg All Commodity Strategy K-1 Free ETF,"The fund tracks the performance of abrdn Bloomberg All Commodity Strategy K-1 Free. Exposure is obtained through futures contracts rather than physical holdings; therefore, contract rolls cause performance to differ from the spot commodity price."
IWB,iShares Russell 1000 ETF,"U.S. large and mid-cap equities, tracking the Russell 1000 index to provide broad exposure to the largest domestic companies."
NFTY,Defiance Digital Revolution ETF,"Global equities, targeting companies involved in blockchain technology, digital assets, and next-generation infrastructure."
IYY,iShares U.S. Total Market ETF,"Broad U.S. equity market, tracking the Dow Jones U.S. Total Stock Market Index across large, mid, and small caps."
USMC,Principal U.S. Mega-Cap ETF,"U.S. mega-cap equities, utilizing a quantitative model to isolate the largest, most fundamentally stable domestic companies."
TCV,TrustCo Bank Corp NY,"U.S. regional banking and financial services equities, representing a specific banking institution security rather than a diversified fund."
VYM,Vanguard High Dividend Yield ETF,"U.S. high-dividend-yielding equities, tracking the FTSE High Dividend Yield Index to emphasize above-average payout stocks."
DTD,WisdomTree U.S. Total Dividend Fund,"Broad U.S. dividend-paying equities, weighting constituents by aggregate cash dividends rather than market capitalization."
SCHK,Schwab 1000 Index ETF,"U.S. large and mid-cap equities, tracking the Schwab 1000 Index to cover the primary tier of the domestic equity market."
RSPN,Invesco S&P 500 Equal Weight Health Care ETF,"S&P 500 health care companies, equally weighted to reduce concentration in major pharmaceutical and biotech giants."
CFO,VictoryShares US 500 Enhanced Volatility Wtd ETF,"U.S. large-cap equities, weighted by inverse volatility to prioritize historically stable price action over sheer market capitalization."
CFA,VictoryShares US 500 Volatility Wtd ETF,"U.S. large-cap equities, weighting constituents based on fundamental financial strength combined with volatility screening."
MMTM,SPDR S&P 500 Momentum ETF,"S&P 500 equities, systematically selecting the top constituents exhibiting the strongest price momentum characteristics."
FSMD,Fidelity Small-Mid Multifactor ETF,"U.S. small and mid-cap equities, utilizing a multi-factor quantitative model targeting value, momentum, and quality factors."
SPXT,S&P 500 Total Return Index,"U.S. large-cap benchmark, representing the total return index performance of the S&P 500 including reinvested dividends."
PEY,Invesco High Yield Equity Dividend Achievers ETF,"U.S. high-dividend-yielding equities, selecting companies with a consecutive history of increasing dividend payments."
FDRR,Fidelity Dividend ETF for Rising Rates,"U.S. large and mid-cap dividend-paying equities, explicitly selecting companies with strong dividend growth histories and positive correlation to rising interest rates."
HUSV,Hartford Quality US Equity ETF,"U.S. large-cap equities, actively managed using a quantitative model emphasizing fundamental quality and downside protection."
XLV,Health Care Select Sector SPDR Fund,"U.S. large-cap health care companies, limited exclusively to the S&P 500 index constituents."
QDEF,FlexShares Quality Dividend Defensive Index Fund,"U.S. dividend-paying equities, utilizing a multi-factor model to target high-quality companies with sustainable yields and lower volatility."
MGV,Vanguard Mega Cap Value ETF,"U.S. mega-cap value stocks, specifically isolating the value-oriented segment of the CRSP US Mega Cap Index."
FTRI,First Trust Indxx Global Natural Resources Income ETF,"Global natural resources companies, focusing on high-dividend-yielding firms across energy, metals, and agriculture."
PIO,Invesco Global Water ETF,"Global water industry companies, tracking an index of firms involved in water purification, treatment, and infrastructure."
IOO,iShares Global 100 ETF,"Global large-cap equities, tracking the S&P Global 100 Index to capture the world's largest multinational corporations."
SCHB,Schwab U.S. Broad Market ETF,"Broad U.S. equity market, tracking the Dow Jones U.S. Broad Market Total Stock Market Index."
FSGS,First Trust Small Cap Growth AlphaDEX Fund,"U.S. small-cap growth equities, selected and weighted using the multi-factor AlphaDEX fundamental methodology."
WLDR,SPDR S&P Kensho Smart Home ETF,"Global smart home technology companies, focusing on firms providing connected home automation and security systems."
RFDA,First Trust RiverFront Dynamic Developed International ETF,"Developed international equities, actively managed to adjust regional and factor exposures based on macroeconomic indicators."
VTI,Vanguard Total Stock Market ETF,"Broad U.S. equity market, tracking the CRSP US Total Market Index to cover large, mid, small, and micro-cap stocks."
GUNR,FlexShares Morningstar Global Upstream Natural Resources Index Fund,"Global upstream natural resources companies, focusing on physical asset extraction across energy, metals, and agriculture."
IGM,iShares Expanded Tech Sector ETF,"U.S. technology sector companies, expanding beyond traditional software and hardware to include internet and digital media services."
ITOT,iShares Core S&P Total U.S. Stock Market ETF,"Broad U.S. equity market, tracking the S&P Total Market Index for comprehensive domestic coverage."
UFOX,AdvisorShares Vice ETF,"U.S. equities, actively managed to target companies operating in industries with steady consumer demand such as alcohol, gaming, and entertainment."
DLN,WisdomTree U.S. LargeCap Dividend Fund,"U.S. large-cap dividend-paying equities, weighting constituents by aggregate cash dividends rather than market capitalization."
VSMV,VictoryShares US Multi-Factor Minimum Volatility ETF,"U.S. equities, utilizing a quantitative model that combines multi-factor selection with a focus on minimizing overall price volatility."
PRN,Invesco Industrial AlphaDEX Fund,"U.S. industrial companies, selected and weighted based on growth and value factors rather than market capitalization."
PSCI,Invesco S&P SmallCap Industrials ETF,"Small-cap U.S. industrial sector, isolating the smallest manufacturing and commercial service components of the S&P 600."
VTHR,Vanguard Russell 3000 ETF,"Broad U.S. equity market, tracking the Russell 3000 index to cover approximately 98% of the investable domestic stock market."
EUSA,iShares MSCI USA Equal Weighted ESG Screened ETF,"U.S. large and mid-cap equities, equally weighting the broad market while applying environmental, social, and governance screens."
IYM,iShares U.S. Basic Materials ETF,"U.S. basic materials sector, tracking an index of chemical, mining, and metal manufacturing companies."
HAP,VanEck Vectors High Income MLP ETF,"Master Limited Partnerships (MLPs) in energy infrastructure, emphasizing high current distribution yields."
NOBL,ProShares S&P 500 Dividend Aristocrats ETF,"U.S. large-cap equities, restricting exposure strictly to S&P 500 constituents with a consecutive history of increasing dividends for at least 25 years."
SCHV,Schwab U.S. Large-Cap Value ETF,"U.S. large-cap value stocks, tracking the Dow Jones U.S. Large-Cap Value Total Stock Market Index."
IWV,iShares Russell 3000 ETF,"Broad U.S. equity market, tracking the Russell 3000 index across large, mid, and small-cap segments."
CPER,United States Copper Index Fund ETV,The fund tracks the performance of United States Copper ETV.
SDY,SPDR S&P Dividend ETF,"U.S. high-dividend-yielding equities, tracking an index of companies with a consecutive history of increasing dividends for at least 20 years."
GSEW,Invesco S&P 500 Equal Weight Select Sector ETF,"S&P 500 major GICS sectors, equally weighted to eliminate individual stock and sector market-cap concentration biases."
TMFC,Motley Fool 100 Index ETF,"U.S. large-cap growth equities, tracking an index of high-conviction recommendations based on proprietary fundamental research."
FXR,First Trust Industrials AlphaDEX Fund,"U.S. industrial companies, selected and weighted based on growth and value factors rather than market capitalization."
IUSV,iShares Core S&P U.S. Value ETF,"U.S. large-cap value stocks, tracking the value segment of the S&P 900 index for low-cost value exposure."
CVY,Invesco Zacks Multi-Asset Income ETF,"Global multi-asset income securities, investing across high-yielding equities, REITs, preferred stocks, and master limited partnerships."
IXG,iShares Global Financials ETF,"Global financial sector companies, tracking an index of major international banks, insurers, and financial service firms."
FTDS,First Trust Indxx Global Digital Payment Infrastructure ETF,"Global digital payment and financial technology infrastructure companies, targeting firms powering electronic transactions."
JMOM,John Hancock Multifactor Momentum ETF,"U.S. large-cap equities, utilizing a quantitative model that tilts toward companies exhibiting strong price momentum characteristics."
VONV,Vanguard Russell 1000 Value ETF,"U.S. large-cap value stocks, tracking the value segment of the Russell 1000 index."
SIZE,iShares MSCI USA Size Factor ETF,"U.S. large and mid-cap equities, systematically overweighting smaller-capitalization stocks within the broad market universe."
FNX,First Trust Mid Cap Core AlphaDEX Fund,"U.S. mid-cap equities, selected and weighted using the multi-factor AlphaDEX fundamental methodology rather than market capitalization."
GVLE,iShares ESG Aware Global Infrastructure ETF,"Global infrastructure companies, incorporating environmental, social, and governance screens into a broad infrastructure portfolio."
RTH,VanEck Retail ETF,"U.S. retail sector companies, concentrating heavily on large-cap brick-and-mortar and e-commerce retail giants."
IWD,iShares Russell 1000 Value ETF,"U.S. large-cap value stocks, tracking the value segment of the Russell 1000 index."
POWA,ProShares S&P 500 Power ETF,"S&P 500 utilities and power-generation companies, isolating energy infrastructure and electricity providers within the index."
VCR,Vanguard Consumer Discretionary ETF,"Broad U.S. consumer discretionary sector, tracking the MSCI US IMI Consumer Discretionary Index across all market caps."
FVD,First Trust Value Line Dividend Index Fund,"U.S. dividend-paying equities, selecting companies evaluated favorably by the Value Line safety and financial strength ranking system."
DYNF,BlackRock U.S. Equity Dividend & Dynamic Factor ETF,"U.S. large-cap equities, actively managed to balance dividend income with dynamic multi-factor factor tilting."
LRGF,iShares MSCI USA Multifactor ETF,"U.S. large-cap equities, utilizing a multi-factor model combining value, momentum, quality, and size factors."
SPHD,Invesco S&P 500 High Dividend Low Volatility ETF,"S&P 500 dividend-paying equities, isolating the 50 high-yielding constituents that exhibit the lowest historical price volatility."
SPYV,SPDR S&P 500 Value ETF,"U.S. large-cap value stocks, tracking the strict value segment of the S&P 500 index."
FLIN,Franklin FTSE India ETF,"Indian equities, providing market-cap-weighted single-country exposure to the broader Indian stock market."
TNGY,ProShares S&P Kensho Transformative Technologies ETF,"Global technology companies, focusing on transformative innovations such as autonomy, robotics, and clean energy tech."
FDL,First Trust Morningstar Dividend Leaders Index Fund,"U.S. high-dividend-yielding equities, restricting exposure to companies with proven dividend payment consistency and financial health."
VOOV,Vanguard S&P Mid-Cap 400 Value ETF,"U.S. mid-cap value stocks, tracking the strict value segment of the S&P MidCap 400 index."
SPMD,SPDR Portfolio S&P 400 Mid Cap ETF,"U.S. mid-cap equities, tracking the S&P MidCap 400 index for broad mid-sized company exposure."
WOMN,Impact Shares YWCA Women's Empowerment ETF,"U.S. large and mid-cap equities, explicitly screening for companies demonstrating strong gender equality and workplace diversity practices."
IJH,iShares Core S&P Mid-Cap ETF,"U.S. mid-cap equities, strictly tracking the S&P MidCap 400 index for broad mid-sized company exposure."
IVE,iShares S&P 500 Value ETF,"U.S. large-cap value stocks, tracking the value segment of the S&P 500 index."
XSHQ,Invesco S&P SmallCap Quality ETF,"Small-cap U.S. equities, isolating the 100 highest-quality constituents within the S&P SmallCap 600 based on return on equity and accruals."
IVOO,Vanguard S&P Mid-Cap 400 ETF,"U.S. mid-cap equities, strictly tracking the S&P MidCap 400 index."
QGRO,American Century U.S. Quality Growth ETF,"U.S. large-cap growth stocks, utilizing a quantitative model to select growth companies with strong fundamental profitability and earnings stability."
AKRE,Akre Focus ETF,"U.S. large-cap equities, actively managed using a concentrated, long-term fundamental approach focusing on exceptional business models."
USVM,VictoryShares USA Value Momentum ETF,"U.S. equities, utilizing a quantitative model that combines fundamental value screens with relative-strength price momentum."
VO,Vanguard Mid-Cap ETF,"U.S. mid-cap equities, tracking the CRSP US Mid Cap Index for broad exposure across medium-sized domestic companies."
MDY,SPDR S&P MidCap 400 ETF Trust,"U.S. mid-cap equities, tracking the S&P MidCap 400 index structured as a unit investment trust."
DGRW,WisdomTree U.S. Dividend Growth Fund,"U.S. dividend-paying equities, selecting companies with high cash flow-based profitability and strong dividend growth potential."
JHMM,John Hancock Multifactor Mid Cap ETF,"U.S. mid-cap equities, utilizing a quantitative model designed to tilt toward smaller size, lower valuation, and higher profitability within the mid-cap space."
SDOG,ALPS Sector Dividend Dogs ETF,"U.S. large-cap dividend-paying equities, applying an equal-weight strategy to the highest-yielding stock in each of the 10 major GICS sectors."
FTC,First Trust Large Cap Growth AlphaDEX Fund,"U.S. large-cap growth equities, selected and weighted using the multi-factor AlphaDEX fundamental methodology rather than market capitalization."
KNG,FT Vest S&P 500 Dividend Aristocrats Target Income ETF,The fund tracks the performance of FT Vest S&P 500 Dividend Aristocrats Target Income.
IHF,iShares U.S. Healthcare Providers ETF,"U.S. healthcare services sector, focusing specifically on health insurers, managed care providers, and medical facility operators."
FDIS,Fidelity MSCI Consumer Discretionary Index ETF,"Broad U.S. consumer discretionary sector, tracking the MSCI USA IMI Consumer Discretionary Index to provide comprehensive all-cap exposure."
GNR,SPDR S&P Global Natural Resources ETF,"Global natural resources companies, tracking an index of large-cap firms across energy, metals, and agriculture."
PID,Invesco International Dividend Achievers ETF,"Developed international high-dividend-yielding equities, restricting exposure to companies with a consecutive history of increasing dividends."
FTXR,First Trust Nasdaq Transportation ETF,"U.S. transportation sector, selected for liquidity and weighted using a smart-beta mix of volatility, value, and growth factors."
ILCG,iShares Morningstar Growth ETF,"U.S. large-cap growth equities, tracking the Morningstar US Large-Mid Cap Broad Growth Index to target growth characteristics."
UPGD,ProShares S&P 500 Ex-Rate Sensitive ETF,"S&P 500 companies, explicitly filtering out constituents highly sensitive to fluctuations in interest rates."
AIVL,Royce Quant Value ETF,"U.S. large and mid-cap value stocks, utilizing a systematic quantitative model to identify undervalued companies with strong balance sheets."
MOAT,VanEck Morningstar Wide Moat ETF,"U.S. large-cap equities, focusing on companies identified by Morningstar as possessing sustainable long-term competitive advantages."
MOO,VanEck Agribusiness ETF,The fund tracks the performance of VanEck Agribusiness.
PFFA,Virtus InfraCap U.S. Preferred Stock ETF,The fund tracks the performance of Virtus InfraCap U.S. Preferred Stock.
SPLV,Invesco S&P 500 Low Volatility ETF,The fund tracks the performance of S&P 500 Low Volatility. Exposure is achieved using volatility futures contracts; the product does not directly track the reported VIX level.
GSSC,Goldman Sachs ActiveBeta U.S. Small Cap Equity ETF,"U.S. small-cap equities, utilizing a multi-factor methodology targeting value, momentum, quality, and low volatility within the small-cap segment."
COPX,Global X Copper Miners ETF,"Global copper mining companies, capturing firms involved in the extraction, refining, and exploration of copper."
VRAI,Virtus Real Asset Income ETF,The fund tracks the performance of Virtus Real Asset Income.
ILCB,iShares Morningstar Large-Cap ETF,The fund tracks the performance of Morningstar Large-Cap.
IMVP,Invesco India ETF,The fund tracks the performance of India.
MFUS,PIMCO RAFI Dynamic Multi-Factor U.S. Equity ETF,The fund tracks the performance of PIMCO RAFI Dynamic Multi-Factor U.S. Equity.
UWM,ProShares Ultra Russell2000,"The fund seeks daily 2x leveraged investment results before fees and expenses, tracking Russell2000. Because of the daily objective, compounding will cause longer-term returns to differ from the stated multiple."
SNSR,Global X Internet of Things ETF,The fund tracks the performance of Internet of Things.
FDLO,Fidelity Low Volatility Factor ETF,The fund tracks the performance of Fidelity Low Volatility Factor.
OUSA,ALPS O'Shares U.S. Quality Dividend ETF,The fund tracks the performance of ALPS O' U.S. Quality Dividend.
SPIT,F/m Emerald Special Situations ETF,The fund tracks the performance of F/m Emerald Special Situations.
VIG,Vanguard Div Appreciation ETF,The fund tracks the performance of Div Appreciation.
TOK,iShares MSCI Kokusai ETF,The fund tracks the performance of MSCI Kokusai.
HEDJ,WisdomTree Europe Hedged Equity Fund,The fund tracks the performance of Europe Hedged Equity.
ESGG,FlexShares STOXX Global ESG Select Index Fund,The fund tracks the performance of Flex STOXX Global ESG Select.
ALTY,Global X Alternative Income ETF,The fund tracks the performance of Alternative Income.
FXP,ProShares UltraShort FTSE China 50,"The fund seeks daily 2x inverse (short) investment results before fees and expenses, tracking FTSE China 50. Because of the daily objective, compounding will cause longer-term returns to differ from the stated multiple."
BLES,Inspire Global Hope ETF,The fund tracks the performance of Inspire Global Hope.
FLEU,Franklin FTSE Eurozone ETF,The fund tracks the performance of Franklin FTSE Eurozone.
IYH,iShares U.S. Healthcare ETF,The fund tracks the performance of U.S. Healthcare.
ACSI,American Customer Satisfaction ETF,The fund tracks the performance of American Customer Satisfaction.
NULV,Nuveen ESG Large-Cap Value ETF,The fund tracks the performance of Nuveen ESG Large-Cap Value.
DBEU,Xtrackers MSCI Europe Hedged Equity ETF,The fund tracks the performance of Xtrackers MSCI Europe Hedged Equity.
INCE,Franklin Income Equity Focus ETF,The fund tracks the performance of Franklin Income Equity Focus.
HEZU,iShares Currency Hedged MSCI Eurozone ETF,The fund tracks the performance of Currency Hedged MSCI Eurozone.
DGRS,WisdomTree U.S. SmallCap Quality Dividend Growth Fund,The fund tracks the performance of U.S. SmallCap Quality Dividend Growth.
EIS,iShares MSCI Israel ETF,The fund tracks the performance of MSCI Israel.
IWX,iShares Russell Top 200 Value ETF,The fund tracks the performance of Russell Top 200 Value.
PFM,Invesco Dividend Achievers ETF,The fund tracks the performance of Dividend Achievers.
SURE,AdvisorShares Insider Advantage ETF,The fund tracks the performance of Advisor Insider Advantage.
EQAL,Invesco Russell 1000 Equal Weight ETF,The fund tracks the performance of Russell 1000 Equal Weight.
XMLV,Invesco S&P MidCap Low Volatility ETF,The fund tracks the performance of S&P MidCap Low Volatility.
RLY,State Street Multi-Asset Real Return ETF,The fund tracks the performance of State Street Multi-Asset Real Return.
DHS,WisdomTree U.S. High Dividend Fund,The fund tracks the performance of U.S. High Dividend.
DBEZ,Xtrackers MSCI Eurozone Hedged Equity ETF,The fund tracks the performance of Xtrackers MSCI Eurozone Hedged Equity.
BOUT,CapForce IBD Breakout Opportunities ETF,The fund tracks the performance of CapForce IBD Breakout Opportunities.
RSPH,Invesco S&P 500 Equal Weight Health Care ETF,The fund tracks the performance of S&P 500 Equal Weight Health Care.
LRGE,ClearBridge Large Cap Growth Select ETF,The fund tracks the performance of ClearBridge Large Cap Growth Select.
PEJ,Invesco Leisure and Entertainment ETF,The fund tracks the performance of Leisure and Entertainment.
EMLP,First Trust North American Energy Infrastructure Fund,The fund tracks the performance of North American Energy Infrastructure.
DIVO,Amplify CWP Enhanced Dividend Income ETF,The fund tracks the performance of Amplify CWP Enhanced Dividend Income.
IMCB,iShares Morningstar Mid-Cap ETF,The fund tracks the performance of Morningstar Mid-Cap.
KIE,State Street SPDR S&P Insurance ETF,The fund tracks the performance of State Street S&P Insurance.
SPMO,Invesco S&P 500 Momentum ETF,The fund tracks the performance of S&P 500 Momentum.
OPPE,WisdomTree European Opportunities Fund,The fund tracks the performance of European Opportunities.
FXD,First Trust Cons. Discret. AlphaDEX,The fund tracks the performance of Cons. Discret. AlphaDEX.
CHGX,Stance Sustainable Beta ETF,The fund tracks the performance of Stance Sustainable Beta.
VNM,VanEck Vietnam ETF,The fund tracks the performance of VanEck Vietnam.
VIOG,Vanguard S&P Small-Cap 600 Growth ETF,The fund tracks the performance of S&P Small-Cap 600 Growth.
SLYG,State Street SPDR S&P 600 Small Cap Growth ETF,The fund tracks the performance of State Street S&P 600 Small Cap Growth.
INDA,iShares MSCI India ETF,The fund tracks the performance of MSCI India.
IJT,iShares S&P SmallCap 600 Growth ETF,The fund tracks the performance of S&P SmallCap 600 Growth.
EWN,iShares MSCI Netherlands Index Fund,The fund tracks the performance of MSCI Netherlands.
YCS,ProShares UltraShort Yen New,"The fund seeks daily 2x inverse (short) investment results before fees and expenses, tracking Yen New. Because of the daily objective, compounding will cause longer-term returns to differ from the stated multiple."
ONEQ,Fidelity Nasdaq Composite Index ETF,The fund tracks the performance of Fidelity Nasdaq Composite.
IWR,iShares Russell Mid-Cap ETF,The fund tracks the performance of Russell Mid-Cap.
PICK,iShares MSCI Global Select Metals & Mining Producers Fund,The fund tracks the performance of MSCI Global Select Metals & Mining Producers. The portfolio owns publicly traded equity shares of mining companies rather than physical metal.
DJD,Invesco Dow Jones Industrial Average Dividend ETF,The fund tracks the performance of Dow Jones Industrial Average Dividend.
YLDE,Franklin ClearBridge Enhanced Income ETF,The fund tracks the performance of Franklin ClearBridge Enhanced Income.
DBA,Invesco DB Agriculture Fund,"The fund tracks the performance of DB Agriculture. Exposure is obtained through futures contracts rather than physical holdings; therefore, contract rolls cause performance to differ from the spot commodity price."
DALI,First Trust Dorsey Wright DALI Equity ETF,The fund tracks the performance of Dorsey Wright DALI Equity.
LSAF,LeaderShares AlphaFactor US Core Equity ETF,The fund tracks the performance of Leader AlphaFactor US Core Equity.
RFFC,ALPS Active Equity Opportunity ETF,The fund tracks the performance of ALPS Active Equity Opportunity.
HIPS,GraniteShares HIPS US High Income ETF,The fund tracks the performance of HIPS US High Income.
FDMO,Fidelity Momentum Factor ETF,The fund tracks the performance of Fidelity Momentum Factor.
VEGI,iShares MSCI Agriculture Producers ETF,The fund tracks the performance of MSCI Agriculture Producers.
NTSX,WisdomTree U.S. Efficient Core Fund,The fund tracks the performance of U.S. Efficient Core.
GSGO,Goldman Sachs Growth Opportunities ETF,The fund tracks the performance of Goldman Sachs Growth Opportunities.
EWD,iShares MSCI Sweden ETF,The fund tracks the performance of MSCI Sweden.
URTH,iShares MSCI World ETF,The fund tracks the performance of MSCI World.
SRVR,Pacer Data & Infrastructure Real Estate ETF,The fund tracks the performance of Pacer Data & Infrastructure Real Estate.
NXTG,First Trust Indxx NextG ETF,The fund tracks the performance of Indxx NextG.
KNCT,Invesco Next Gen Connectivity ETF,The fund tracks the performance of Next Gen Connectivity.
VSDA,VictoryShares Dividend Accelerator ETF,The fund tracks the performance of Victory Dividend Accelerator.
FYC,First Trust Small Cap Growth AlphaDEX Fund,The fund tracks the performance of Small Cap Growth AlphaDEX.
BOIL,ProShares Ultra Bloomberg Natural Gas,"The fund seeks daily 2x leveraged investment results before fees and expenses, tracking Bloomberg Natural Gas. Because of the daily objective, compounding will cause longer-term returns to differ from the stated multiple. Exposure is obtained through futures contracts rather than physical holdings; therefore, contract rolls cause performance to differ from the spot commodity price."
GTOP,Goldman Sachs Technology Opportunities ETF,The fund tracks the performance of Goldman Sachs Technology Opportunities.
FV,First Trust Dorsey Wright Focus 5 ETF,The fund tracks the performance of Dorsey Wright Focus 5.
FXG,First Trust Cons. Staples AlphaDEX,The fund tracks the performance of Cons. Staples AlphaDEX.
FVC,First Trust Dorsey Wright Dynamic Focus 5 ETF,The fund tracks the performance of Dorsey Wright Dynamic Focus 5.
OUSM,ALPS O'Shares U.S. Small-Cap Quality Dividend ETF,The fund tracks the performance of ALPS O' U.S. Small-Cap Quality Dividend.
KAT,Scharf ETF,The fund tracks the performance of Scharf.
RAAX,VanEck Real Assets ETF,The fund tracks the performance of VanEck Real Assets.
TLG,Touchstone Large Company Growth ETF,The fund tracks the performance of Touchstone Large Company Growth.
IEDI,iShares U.S. Consumer Focused ETF,The fund tracks the performance of U.S. Consumer Focused.
OEFA,ALPS O'Shares International Developed Quality Dividend ETF,The fund tracks the performance of ALPS O' International Developed Quality Dividend.
XTL,State Street SPDR S&P Telecom ETF,The fund tracks the performance of State Street S&P Telecom.
QWLD,State Street SPDR MSCI World StrategicFactors ETF,The fund tracks the performance of State Street MSCI World StrategicFactors.
CWS,AdvisorShares Focused Equity ETF,The fund tracks the performance of Advisor Focused Equity.
OIH,VanEck Oil Services ETF,The fund tracks the performance of VanEck Oil Services.
FCTR,First Trust Lunt U.S. Factor Rotation ETF,The fund tracks the performance of Lunt U.S. Factor Rotation.
WTPI,WisdomTree Equity Premium Income Fund,The fund tracks the performance of Equity Premium Income.
DGT,State Street SPDR Global Dow ETF,The fund tracks the performance of State Street Global Dow.
FIDU,Fidelity MSCI Industrials Index ETF,The fund tracks the performance of Fidelity MSCI Industrials.
SMCP,SMART Mid Cap ETF,The fund tracks the performance of SMART Mid Cap.
EWQ,iShares MSCI France Index Fund,The fund tracks the performance of MSCI France.
USMF,WisdomTree U.S. Multifactor Fund,The fund tracks the performance of U.S. Multifactor.
IHI,iShares U.S. Medical Devices ETF,The fund tracks the performance of U.S. Medical Devices.
RZG,Invesco S&P SmallCap 600 Pure Growth ETF,The fund tracks the performance of S&P SmallCap 600 Pure Growth.
XLI,State Street Industrial Select Sector SPDR ETF,The fund tracks the performance of State Street Industrial Select Sector.
XMHQ,Invesco S&P MidCap Quality ETF,The fund tracks the performance of S&P MidCap Quality.
UCC,ProShares Ultra Consumer Discretionary,"The fund seeks daily 2x leveraged investment results before fees and expenses, tracking Consumer Discretionary. Because of the daily objective, compounding will cause longer-term returns to differ from the stated multiple."
EWW,iShares MSCI Mexico ETF,The fund tracks the performance of MSCI Mexico.
USMV,iShares MSCI USA Min Vol Factor ETF,The fund tracks the performance of MSCI USA Min Vol Factor.
PIZ,Invesco Dorsey Wright Developed Markets Momentum ETF,The fund tracks the performance of Dorsey Wright Developed Mets Momentum.
DIA,State Street SPDR Dow Jones Industrial Average ETF Trust,The fund tracks the performance of State Street Dow Jones Industrial Average Trust.
VFMV,Vanguard U.S. Minimum Volatility ETF,The fund tracks the performance of U.S. Minimum Volatility.
FAD,First Trust Multi Cap Growth AlphaDEX Fund,The fund tracks the performance of Multi Cap Growth AlphaDEX.
VIS,Vanguard Industrials ETF,The fund tracks the performance of Industrials.
UTES,Virtus Reaves Utilities ETF,The fund tracks the performance of Virtus Reaves Utilities.
XLSR,State Street US Sector Rotation ETF,The fund tracks the performance of State Street US Sector Rotation.
VHT,Vanguard Health Care ETF,The fund tracks the performance of Health Care.
TOLZ,ProShares DJ Brookfield Global Infrastructure ETF,The fund tracks the performance of DJ Brookfield Global Infrastructure.
DEW,WisdomTree Global High Dividend Fund,The fund tracks the performance of Global High Dividend.
VOT,Vanguard Mid-Cap Growth ETF,The fund tracks the performance of Mid-Cap Growth.
FLSW,Franklin FTSE Switzerland ETF,The fund tracks the performance of Franklin FTSE Switzerland.
FGD,First Trust DJ Global Select Dividend,The fund tracks the performance of DJ Global Select Dividend.
FLMX,Franklin FTSE Mexico ETF,The fund tracks the performance of Franklin FTSE Mexico.
FHLC,Fidelity MSCI Health Care Index ETF,The fund tracks the performance of Fidelity MSCI Health Care.
REGL,ProShares S&P MidCap 400 Dividend Aristocrats ETF,The fund tracks the performance of S&P MidCap 400 Dividend Aristocrats.
ADME,Aptus Drawdown Managed Equity ETF,The fund tracks the performance of Aptus Drawdown Managed Equity.
KBWP,Invesco KBW Property & Casualty Insurance ETF,The fund tracks the performance of KBW Property & Casualty Insurance.
SPGM,State Street SPDR Portfolio MSCI Global Stock Market ETF,The fund tracks the performance of State Street Portfolio MSCI Global Stock Met.
DWAS,Invesco Dorsey Wright SmallCap Momentum ETF,The fund tracks the performance of Dorsey Wright SmallCap Momentum.
PEZ,Invesco Dorsey Wright Consumer Cyclicals Momentum ETF,The fund tracks the performance of Dorsey Wright Consumer Cyclicals Momentum.
EFO,ProShares Ultra MSCI EAFE,"The fund seeks daily 2x leveraged investment results before fees and expenses, tracking MSCI EAFE. Because of the daily objective, compounding will cause longer-term returns to differ from the stated multiple."
PBP,Invesco S&P 500 BuyWrite ETF,"The fund tracks the performance of S&P 500 BuyWrite. The fund owns assets and simultaneously sells call options to generate income, a strategy that may limit upside participation."
WEAT,Teucrium Wheat Fund ETV,"The fund tracks the performance of Teucrium Wheat ETV. Exposure is obtained through futures contracts rather than physical holdings; therefore, contract rolls cause performance to differ from the spot commodity price."
IHDG,WisdomTree International Hedged Quality Dividend Growth Fund,The fund tracks the performance of International Hedged Quality Dividend Growth.
INCO,Columbia India Consumer ETF,The fund tracks the performance of Columbia India Consumer.
XYLD,Global X S&P 500 Covered Call ETF,"The fund tracks the performance of S&P 500 Covered Call. The fund owns assets and simultaneously sells call options to generate income, a strategy that may limit upside participation."
FSZ,First Trust Switzerland AlphaDEX Fund,The fund tracks the performance of Switzerland AlphaDEX.
IYC,iShares U.S. Consumer Discretionary ETF,The fund tracks the performance of U.S. Consumer Discretionary.
PWB,Invesco Large Cap Growth ETF,The fund tracks the performance of Large Cap Growth.
CIBR,First Trust NASDAQ Cybersecurity ETF,The fund tracks the performance of NASDAQ Cybersecurity.
UDIV,Franklin U.S. Core Dividend Tilt Index ETF,The fund tracks the performance of Franklin U.S. Core Dividend Tilt.
JHSC,John Hancock Multifactor Small Cap ETF,The fund tracks the performance of John Hancock Multifactor Small Cap.
IXJ,iShares Global Healthcare ETF,The fund tracks the performance of Global Healthcare.
FTLS,First Trust Long/Short Equity,The fund tracks the performance of Long/Short Equity.
USPX,Franklin U.S. Equity Index ETF,The fund tracks the performance of Franklin U.S. Equity.
HEFA,iShares Currency Hedged MSCI EAFE ETF,The fund tracks the performance of Currency Hedged MSCI EAFE.
HDV,iShares Core High Dividend ETF,The fund tracks the performance of Core High Dividend.
SCHM,Schwab U.S. Mid Cap ETF,The fund tracks the performance of Schwab U.S. Mid Cap.
ESML,iShares ESG Aware MSCI USA Small-Cap ETF,The fund tracks the performance of ESG Aware MSCI USA Small-Cap.
XSMO,Invesco S&P SmallCap Momentum ETF,The fund tracks the performance of S&P SmallCap Momentum.
INDY,iShares India 50 ETF,The fund tracks the performance of India 50.
BMVP,Invesco Bloomberg MVP Multi-factor ETF,The fund tracks the performance of Bloomberg MVP Multi-factor.
EWL,iShares MSCI Switzerland ETF,The fund tracks the performance of MSCI Switzerland.
DBEF,Xtrackers MSCI EAFE Hedged Equity ETF,The fund tracks the performance of Xtrackers MSCI EAFE Hedged Equity.
ASCI,abrdn International Small Cap Active ETF,The fund tracks the performance of abrdn International Small Cap Active.
EUFN,iShares MSCI Europe Financials ETF,The fund tracks the performance of MSCI Europe Financials.
FCEF,First Trust Income Opportunities ETF,The fund tracks the performance of Income Opportunities.
VFMO,Vanguard U.S. Momentum Factor ETF,The fund tracks the performance of U.S. Momentum Factor.
SMDV,ProShares Russell 2000 Dividend Growers ETF,The fund tracks the performance of Russell 2000 Dividend Growers.
FKU,First Trust United Kingdom AlphaDEX Fund,The fund tracks the performance of United Kingdom AlphaDEX.
EUDV,ProShares MSCI Europe Dividend Growers ETF,The fund tracks the performance of MSCI Europe Dividend Growers.
IWC,iShares Microcap ETF,The fund tracks the performance of Microcap.
YYY,Amplify CEF High Income ETF,The fund tracks the performance of Amplify CEF High Income.
IVOG,Vanguard S&P Mid-Cap 400 Growth ETF,The fund tracks the performance of S&P Mid-Cap 400 Growth.
MDYG,State Street SPDR S&P 400 Mid Cap Growth ETF,The fund tracks the performance of State Street S&P 400 Mid Cap Growth.
IJK,iShares S&P Mid-Cap 400 Growth ETF,The fund tracks the performance of S&P Mid-Cap 400 Growth.
EDOW,First Trust Dow 30 Equal Weight ETF,The fund tracks the performance of Dow 30 Equal Weight.
GLOF,iShares Global Equity Factor ETF,The fund tracks the performance of Global Equity Factor.
LVHI,Franklin International Low Volatility High Dividend Index ETF,The fund tracks the performance of Franklin International Low Volatility High Dividend.
ACWI,iShares MSCI ACWI ETF,The fund tracks the performance of MSCI ACWI.
CRBN,iShares Low Carbon Optimized MSCI ACWI ETF,The fund tracks the performance of Low Carbon Optimized MSCI ACWI.
GMOM,Cambria Global Momentum ETF,The fund tracks the performance of Cambria Global Momentum.
NZAC,State Street SPDR MSCI ACWI Climate Paris Aligned ETF,The fund tracks the performance of State Street MSCI ACWI Climate Paris Aligned.
BDYN,iShares Dynamic Equity Active ETF,The fund tracks the performance of Dynamic Equity Active.
WBIL,WBI BullBear Quality 3000 ETF,The fund tracks the performance of WBI Quality 3000.
DXJ,WisdomTree Japan Hedged Equity Fund,The fund tracks the performance of Japan Hedged Equity.
XSHD,Invesco S&P SmallCap High Dividend Low Volatility ETF,The fund tracks the performance of S&P SmallCap High Dividend Low Volatility.
FXL,First Trust Technology AlphaDEX,The fund tracks the performance of Technology AlphaDEX.
PSCM,Invesco S&P SmallCap Materials ETF,The fund tracks the performance of S&P SmallCap Materials.
VT,Vanguard Total World Stock Index ETF,The fund tracks the performance of Total World Stock.
DFE,WisdomTree Europe SmallCap Dividend Fund,The fund tracks the performance of Europe SmallCap Dividend.
NORW,Global X MSCI Norway ETF,The fund tracks the performance of MSCI Norway.
SMMD,iShares Russell 2500 ETF,The fund tracks the performance of Russell 2500.
PTF,Invesco Dorsey Wright Technology Momentum ETF,The fund tracks the performance of Dorsey Wright Technology Momentum.
EEMS,iShares MSCI Emerging Markets Small Cap ETF,The fund tracks the performance of MSCI Emerging Mets Small Cap.
QQQE,Direxion NASDAQ-100 Equal Weighted Index ETF,The fund tracks the performance of Direxion NASDAQ-100 Equal Weighted.
ASHS,Xtrackers Harvest CSI 500 China A-Shares Small Cap ETF,The fund tracks the performance of Xtrackers Harvest CSI 500 China A- Small Cap.
FTAG,First Trust Indxx Global Agriculture ETF,The fund tracks the performance of Indxx Global Agriculture.
ENOR,iShares MSCI Norway ETF,The fund tracks the performance of MSCI Norway.
EWU,iShares MSCI United Kingdom ETF,The fund tracks the performance of MSCI United Kingdom.
NUSC,Nuveen ESG Small-Cap ETF,The fund tracks the performance of Nuveen ESG Small-Cap.
PPH,VanEck Pharmaceutical ETF,The fund tracks the performance of VanEck Pharmaceutical.
LEGR,First Trust Indxx Innovative Transaction & Process ETF,The fund tracks the performance of Indxx Innovative Transaction & Process.
HSCZ,iShares Currency Hedged MSCI EAFE Small-Cap ETF,The fund tracks the performance of Currency Hedged MSCI EAFE Small-Cap.
VB,Vanguard Small-Cap ETF,The fund tracks the performance of Small-Cap.
FXU,First Trust Utilities AlphaDEX Fund,The fund tracks the performance of Utilities AlphaDEX.
FYLD,Cambria Foreign Shareholder Yield ETF,The fund tracks the performance of Cambria Foreign Shareholder Yield.
QQEW,First Trust Nasdaq-100 Select Equal Weight ETF,The fund tracks the performance of Nasdaq-100 Select Equal Weight.
DUSA,Davis Select U.S. Equity ETF,The fund tracks the performance of Davis Select U.S. Equity.
CARZ,First Trust S-Network Future Vehicles & Technology ETF,The fund tracks the performance of S-Network Future Vehicles & Technology.
XNTK,State Street SPDR NYSE Technology ETF,The fund tracks the performance of State Street NYSE Technology.
ISCB,iShares Morningstar Small-Cap ETF,The fund tracks the performance of Morningstar Small-Cap.
XLU,State Street Utilities Select Sector SPDR ETF,The fund tracks the performance of State Street Utilities Select Sector.
EXI,iShares Global Industrials ETF,The fund tracks the performance of Global Industrials.
FSTA,Fidelity MSCI Consumer Staples Index ETF,The fund tracks the performance of Fidelity MSCI Consumer Staples.
VDC,Vanguard Consumer Staples ETF,The fund tracks the performance of Consumer Staples.
OBOR,KraneShares MSCI One Belt One Road Index ETF,The fund tracks the performance of Krane MSCI One Belt One Road.
FUTY,Fidelity MSCI Utilities Index ETF,The fund tracks the performance of Fidelity MSCI Utilities.
VPU,Vanguard Utilities ETF,The fund tracks the performance of Utilities.
FIDI,Fidelity International High Dividend ETF,The fund tracks the performance of Fidelity International High Dividend.
IYK,iShares U.S. Consumer Staples ETF,The fund tracks the performance of U.S. Consumer Staples.
DIVI,Franklin International Core Dividend Tilt Index ETF,The fund tracks the performance of Franklin International Core Dividend Tilt.
BDVL,iShares Disciplined Volatility Equity Active ETF,The fund tracks the performance of Disciplined Volatility Equity Active.
FLGB,Franklin FTSE United Kingdom ETF,The fund tracks the performance of Franklin FTSE United Kingdom.
XLP,State Street Consumer Staples Select Sector SPDR ETF,The fund tracks the performance of State Street Consumer Staples Select Sector.
AIQ,Global X Artificial Intelligence & Technology ETF,The fund tracks the performance of Artificial Intelligence & Technology.
RSPU,Invesco S&P 500 Equal Weight Utilities ETF,The fund tracks the performance of S&P 500 Equal Weight Utilities.
IYJ,iShares U.S. Industrials ETF,The fund tracks the performance of U.S. Industrials.
EWX,State Street SPDR S&P Emerging Markets Small Cap ETF,The fund tracks the performance of State Street S&P Emerging Mets Small Cap.
WBIF,WBI BullBear Value 3000 ETF,The fund tracks the performance of WBI Value 3000.
SOYB,Teucrium Soybean Fund ETV,The fund tracks the performance of Teucrium Soybean ETV.
GSEU,Goldman Sachs ActiveBeta Europe Equity ETF,The fund tracks the performance of Goldman Sachs ActiveBeta Europe Equity.
XMMO,Invesco S&P MidCap Momentum ETF,The fund tracks the performance of S&P MidCap Momentum.
IDU,iShares U.S. Utilities ETF,The fund tracks the performance of U.S. Utilities.
BATT,Amplify Lithium & Battery Technology ETF,The fund tracks the performance of Amplify Lithium & Battery Technology.
WOOD,iShares Global Timber & Forestry ETF,The fund tracks the performance of Global Timber & Forestry.
SMMV,iShares MSCI USA Small-Cap Min Vol Factor ETF,The fund tracks the performance of MSCI USA Small-Cap Min Vol Factor.
BBEU,JPMorgan BetaBuilders Europe ETF,The fund tracks the performance of JPMorgan BetaBuilders Europe.
GYLD,Arrow Dow Jones Global Yield ETF ETF,The fund tracks the performance of Arrow Dow Jones Global Yield.
GKAT,Scharf Global Opportunity ETF,The fund tracks the performance of Scharf Global Opportunity.
FEP,First Trust Europe AlphaDEX Fund,The fund tracks the performance of Europe AlphaDEX.
REM,iShares Mortgage Real Estate ETF,The fund tracks the performance of Mortgage Real Estate.
VGK,Vanguard FTSEEuropean ETF,The fund tracks the performance of FTSEEuropean.
SCHA,Schwab U.S. Small-Cap ETF,The fund tracks the performance of Schwab U.S. Small-Cap.
IEV,iShares Europe ETF,The fund tracks the performance of Europe.
XT,iShares Future Exponential Technologies ETF,The fund tracks the performance of Future Exponential Technologies.
RFDI,First Trust RiverFront Dynamic Developed International ETF,The fund tracks the performance of RiverFront Dynamic Developed International.
CEFZ,RiverNorth Active Income ETF,The fund tracks the performance of RiverNorth Active Income.
SPEU,State Street SPDR Portfolio Europe ETF,The fund tracks the performance of State Street Portfolio Europe.
MDIV,Multi-Asset Diversified Income Index Fund,The fund tracks the performance of Multi-Asset Diversified Income.
FLEE,Franklin FTSE Europe ETF,The fund tracks the performance of Franklin FTSE Europe.
IEUR,iShares Core MSCI Europe ETF,The fund tracks the performance of Core MSCI Europe.
RINF,ProShares Inflation Expectations ETF,The fund tracks the performance of Inflation Expectations.
DDLS,WisdomTree Dynamic International SmallCap Equity Fund,The fund tracks the performance of Dynamic International SmallCap Equity.
EUDG,WisdomTree Europe Quality Dividend Growth Fund,The fund tracks the performance of Europe Quality Dividend Growth.
FIVA,Fidelity International Value Factor ETF,The fund tracks the performance of Fidelity International Value Factor.
MORT,VanEck Mortgage REIT Income ETF,The fund tracks the performance of VanEck Mortgage REIT Income.
XLC,State Street Communication Services Select Sector SPDR ETF,The fund tracks the performance of State Street Communication Services Select Sector.
IEZ,iShares U.S. Oil Equipment & Services ETF,The fund tracks the performance of U.S. Oil Equipment & Services.
WBIG,WBI BullBear Yield 3000 ETF,The fund tracks the performance of WBI Yield 3000.
DNL,WisdomTree Global ex-U.S. Quality Growth Fund,The fund tracks the performance of Global ex-U.S. Quality Growth.
RXI,iShares Global Consumer Discretionary ETF,The fund tracks the performance of Global Consumer Discretionary.
PHDG,Invesco S&P 500 Downside Hedged ETF,The fund tracks the performance of S&P 500 Downside Hedged.
CEFS,Saba Closed-End Funds ETF,The fund tracks the performance of Saba Closed-End s.
DGS,WisdomTree Emerging Market SmallCap Fund,The fund tracks the performance of Emerging Met SmallCap.
TRTY,Cambria Trinity ETF,The fund tracks the performance of Cambria Trinity.
DURA,VanEck Durable High Dividend ETF,The fund tracks the performance of VanEck Durable High Dividend.
AOA,iShares Core 80/20 Aggressive Allocation ETF,The fund tracks the performance of Core 80/20 Aggressive Allocation.
IMCG,iShares Morningstar Mid-Cap Growth ETF,The fund tracks the performance of Morningstar Mid-Cap Growth.
MXI,iShares Global Materials ETF,The fund tracks the performance of Global Materials.
IVLU,iShares MSCI Intl Value Factor ETF,The fund tracks the performance of MSCI Intl Value Factor.
ROBO,ROBO Global Robotics and Automation Index ETF,The fund tracks the performance of ROBO Global Robotics and Automation.
EMM,Global X Emerging Markets ex-China ETF,The fund tracks the performance of Emerging Mets ex-China.
PCEF,Invesco CEF Income Composite ETF,The fund tracks the performance of CEF Income Composite.
PXF,Invesco RAFI Developed Markets ex-U.S. ETF,The fund tracks the performance of RAFI Developed Mets ex-U.S.
FXH,First Trust Health Care AlphaDEX,The fund tracks the performance of Health Care AlphaDEX.
SHE,State Street SPDR MSCI USA Gender Diversity ETF,The fund tracks the performance of State Street MSCI USA Gender Diversity.
FDD,First Trust STOXX European Select Dividend Index Fund,The fund tracks the performance of STOXX European Select Dividend.
VYMI,Vanguard International High Dividend Yield ETF,The fund tracks the performance of International High Dividend Yield.
PUI,Invesco Dorsey Wright Utilities Momentum ETF,The fund tracks the performance of Dorsey Wright Utilities Momentum.
VTWO,Vanguard Russell 2000 ETF,The fund tracks the performance of Russell 2000.
BOCT,Innovator U.S. Equity Buffer ETF - October,The fund tracks the performance of U.S. Equity Buffer - October. The defined-outcome strategy uses options to provide a downside buffer against losses while capping potential upside gains over a specific outcome period.
IEUS,iShares MSCI Europe Small-Cap ETF,The fund tracks the performance of MSCI Europe Small-Cap.
MOTG,VanEck Morningstar Global Wide Moat ETF,The fund tracks the performance of VanEck Morningstar Global Wide Moat.
EELV,Invesco S&P Emerging Markets Low Volatility ETF,The fund tracks the performance of S&P Emerging Mets Low Volatility.
EUO,ProShares UltraShort Euro,"The fund seeks daily 2x inverse (short) investment results before fees and expenses, tracking Euro. Because of the daily objective, compounding will cause longer-term returns to differ from the stated multiple."
PWS,Pacer WealthShield ETF,The fund tracks the performance of Pacer WealthShield.
IWM,iShares Russell 2000 Index Fund,The fund tracks the performance of Russell 2000.
RSPS,Invesco S&P 500 Equal Weight Consumer Staples ETF,The fund tracks the performance of S&P 500 Equal Weight Consumer Staples.
FEZ,State Street SPDR EURO STOXX 50 ETF,The fund tracks the performance of State Street EURO STOXX 50.
FNDF,Schwab Fundamental International Equity ETF,The fund tracks the performance of Schwab amental International Equity.
FITE,State Street SPDR S&P Kensho Future Security ETF,The fund tracks the performance of State Street S&P Kensho Future Security.
PJP,Invesco Pharmaceuticals ETF,The fund tracks the performance of Pharmaceuticals.
RSPC,Invesco S&P 500 Equal Weight Communication Services ETF,The fund tracks the performance of S&P 500 Equal Weight Communication Services.
WDIV,State Street SPDR S&P Global Dividend ETF,The fund tracks the performance of State Street S&P Global Dividend.
DDWM,WisdomTree Dynamic International Equity Fund,The fund tracks the performance of Dynamic International Equity.
IDMO,Invesco S&P International Developed Momentum ETF,The fund tracks the performance of S&P International Developed Momentum.
YXI,ProShares Short FTSE China 50,"The fund seeks daily inverse (short) investment results before fees and expenses, tracking FTSE China 50. Because of the daily objective, compounding will cause longer-term returns to differ from the stated multiple."
EDEN,iShares MSCI Denmark ETF,The fund tracks the performance of MSCI Denm.
BLDX,Impax Global Sustainable Infrastructure ETF,The fund tracks the performance of Impax Global Sustainable Infrastructure.
FNDE,Schwab Fundamental Emerging Markets Equity ETF,The fund tracks the performance of Schwab amental Emerging Mets Equity.
MILN,Global X Millennial Consumer ETF,The fund tracks the performance of Millennial Consumer.
SRET,Global X SuperDividend REIT ETF,The fund tracks the performance of SuperDividend REIT.
BJAN,Innovator U.S. Equity Buffer ETF - January,The fund tracks the performance of U.S. Equity Buffer - January. The defined-outcome strategy uses options to provide a downside buffer against losses while capping potential upside gains over a specific outcome period.
ACWV,iShares MSCI Global Min Vol Factor ETF,The fund tracks the performance of MSCI Global Min Vol Factor.
HFXI,NYLI FTSE International Equity Currency Neutral ETF,The fund tracks the performance of NYLI FTSE International Equity Currency Neutral.
GCOW,Pacer Global Cash Cows Dividend ETF,The fund tracks the performance of Pacer Global Cash Cows Dividend.
QAT,iShares MSCI Qatar ETF,The fund tracks the performance of MSCI Qatar.
FCOM,Fidelity MSCI Communication Services Index ETF,The fund tracks the performance of Fidelity MSCI Communication Services.
EWI,iShares MSCI Italy ETF,The fund tracks the performance of MSCI Italy.
RFG,Invesco S&P MidCap 400 Pure Growth ETF,The fund tracks the performance of S&P MidCap 400 Pure Growth.
VOX,Vanguard Communication Services  ETF,The fund tracks the performance of Communication Services.
EIRL,iShares MSCI Ireland ETF,The fund tracks the performance of MSCI Ireland.
PTNQ,Pacer Trendpilot 100 ETF,The fund tracks the performance of Pacer Trendpilot 100.
EZU,iShares MSCI Eurozone ETF,The fund tracks the performance of MSCI Eurozone.
NLR,VanEck Uranium and Nuclear ETF,The fund tracks the performance of VanEck Uranium and Nuclear.
FAAR,First Trust Alternative Absolute Return Strategy ETF,The fund tracks the performance of Alternative Absolute Return Strategy.
RBLD,First Trust Alerian US NextGen Infrastructure ETF,The fund tracks the performance of Alerian US NextGen Infrastructure.
KXI,iShares Global Consumer Staples ETF,The fund tracks the performance of Global Consumer Staples.
MTUM,iShares MSCI USA Momentum Factor ETF,The fund tracks the performance of MSCI USA Momentum Factor.
FNY,First Trust Mid Cap Growth AlphaDEX Fund,The fund tracks the performance of Mid Cap Growth AlphaDEX.
PIE,Invesco Dorsey Wright Emerging Markets Momentum ETF,The fund tracks the performance of Dorsey Wright Emerging Mets Momentum.
FTHI,First Trust BuyWrite Income ETF,"The fund tracks the performance of BuyWrite Income. The fund owns assets and simultaneously sells call options to generate income, a strategy that may limit upside participation."
ISCF,iShares International Small-Cap Equity Factor ETF,The fund tracks the performance of International Small-Cap Equity Factor.
CSD,Invesco S&P Spin-Off ETF,The fund tracks the performance of S&P Spin-Off.
KNO,AXS Knowledge Leaders ETF,The fund tracks the performance of AXS Knowledge Leaders.
GSIE,Goldman Sachs ActiveBeta International Equity ETF,The fund tracks the performance of Goldman Sachs ActiveBeta International Equity.
EWUS,iShares MSCI United Kingdom Small Cap ETF,The fund tracks the performance of MSCI United Kingdom Small Cap.
HAWX,iShares Currency Hedged MSCI ACWI ex U.S. ETF,The fund tracks the performance of Currency Hedged MSCI ACWI ex U.S.
OCIO,ClearShares OCIO ETF,The fund tracks the performance of Clear OCIO.
FID,First Trust S&P International Dividend Aristocrats ETF,The fund tracks the performance of S&P International Dividend Aristocrats.
EWK,iShares MSCI Belgium ETF,The fund tracks the performance of MSCI Belgium.
HEDG,Equable Shares Hedged Equity ETF,The fund tracks the performance of Equable Hedged Equity.
DBAW,Xtrackers MSCI All World ex US Hedged Equity ETF,The fund tracks the performance of Xtrackers MSCI All World ex US Hedged Equity.
FEUZ,First Trust Eurozone AlphaDEX ETF,The fund tracks the performance of Eurozone AlphaDEX.
DBJP,Xtrackers MSCI Japan Hedged Equity ETF,The fund tracks the performance of Xtrackers MSCI Japan Hedged Equity.
PTEU,Pacer TrendpilotTM European Index ETF,The fund tracks the performance of Pacer TrendpilotTM European.
IHE,iShares U.S. Pharmaceutical ETF,The fund tracks the performance of U.S. Pharmaceutical.
VSS,Vanguard FTSE All-Wld ex-US SmCp Idx ETF,The fund tracks the performance of FTSE All-Wld ex-US SmCp Idx.
HEWJ,iShares Currency Hedged MSCI Japan ETF,The fund tracks the performance of Currency Hedged MSCI Japan.
FLJH,Franklin FTSE Japan Hedged ETF,The fund tracks the performance of Franklin FTSE Japan Hedged.
IQLT,iShares MSCI Intl Quality Factor ETF,The fund tracks the performance of MSCI Intl Quality Factor.
IXP,iShares Global Comm Services ETF,The fund tracks the performance of Global Comm Services.
DFEN,Direxion Daily Aerospace & Defense Bull 3X ETF,"The fund seeks daily 3x leveraged investment results before fees and expenses, tracking Aerospace & Defense. Because of the daily objective, compounding will cause longer-term returns to differ from the stated multiple."
IDEV,iShares Core MSCI International Developed Markets ETF,The fund tracks the performance of Core MSCI International Developed Mets.
NUMG,Nuveen ESG Mid-Cap Growth ETF,The fund tracks the performance of Nuveen ESG Mid-Cap Growth.
IWP,iShares Russell Midcap Growth ETF,The fund tracks the performance of Russell Midcap Growth.
VXF,Vanguard Extended Market ETF,The fund tracks the performance of Extended Met.
VIGI,Vanguard International Dividend Appreciation ETF,The fund tracks the performance of International Dividend Appreciation.
QEFA,State Street SPDR MSCI EAFE StrategicFactors ETF,The fund tracks the performance of State Street MSCI EAFE StrategicFactors.
FTXG,First Trust Nasdaq Food & Beverage ETF,The fund tracks the performance of Nasdaq Food & Beverage.
IQDG,WisdomTree International Quality Dividend Growth Fund,The fund tracks the performance of International Quality Dividend Growth.
CUT,Invesco MSCI Global Timber ETF,The fund tracks the performance of MSCI Global Timber.
GAL,State Street Global Allocation ETF,The fund tracks the performance of State Street Global Allocation.
TLTD,FlexShares Morningstar Developed Markets ex-US Factor Tilt Index Fund,The fund tracks the performance of Flex Morningstar Developed Mets ex-US Factor Tilt.
IGV,iShares Expanded Tech-Software Sector ETF,The fund tracks the performance of Expanded Tech-Software Sector.
VEGA,AdvisorShares STAR Global Buy-Write ETF,The fund tracks the performance of Advisor STAR Global Buy-Write.
EPOL,iShares MSCI Poland ETF,The fund tracks the performance of MSCI Poland.
SCHC,Schwab International Small-Cap Equity ETF,The fund tracks the performance of Schwab International Small-Cap Equity.
BAPR,Innovator U.S. Equity Buffer ETF - April,The fund tracks the performance of U.S. Equity Buffer - April. The defined-outcome strategy uses options to provide a downside buffer against losses while capping potential upside gains over a specific outcome period.
PTMC,Pacer Trendpilot US Mid Cap ETF,The fund tracks the performance of Pacer Trendpilot US Mid Cap.
EDOG,ALPS Emerging Sector Dividend Dogs ETF,The fund tracks the performance of ALPS Emerging Sector Dividend Dogs.
XES,State Street SPDR S&P Oil & Gas Equipment & Services ETF,The fund tracks the performance of State Street S&P Oil & Gas Equipment & Services.
OPPJ,WisdomTree Japan Opportunities Fund,The fund tracks the performance of Japan Opportunities.
IDV,iShares International Select Dividend ETF,The fund tracks the performance of International Select Dividend.
FFTY,CapForce IBD 50 ETF,The fund tracks the performance of CapForce IBD 50.
EFAS,Global X MSCI SuperDividend EAFE ETF,The fund tracks the performance of MSCI SuperDividend EAFE.
GVIP,Goldman Sachs Hedge Industry VIP ETF,The fund tracks the performance of Goldman Sachs Hedge Industry VIP.
IQDY,FlexShares International Quality Dividend Dynamic Index Fund,The fund tracks the performance of Flex International Quality Dividend Dynamic.
QQXT,First Trust NASDAQ-100 Ex-Technology Sector Index Fund,The fund tracks the performance of NASDAQ-100 Ex-Technology Sector.
BBH,VanEck Biotech ETF,The fund tracks the performance of VanEck Biotech.
UIVM,VictoryShares International Value Momentum ETF,The fund tracks the performance of Victory International Value Momentum.
EYLD,Cambria Emerging Shareholder Yield ETF,The fund tracks the performance of Cambria Emerging Shareholder Yield.
DEM,WisdomTree Emerging Markets High Dividend Fund,The fund tracks the performance of Emerging Mets High Dividend.
IYZ,iShares U.S. Telecommunications ETF,The fund tracks the performance of U.S. Telecommunications.
VIDI,Vident International Equity Strategy ETF,The fund tracks the performance of Vident International Equity Strategy.
JHMD,John Hancock Multifactor Developed International ETF,The fund tracks the performance of John Hancock Multifactor Developed International.
DLS,WisdomTree International SmallCap Fund,The fund tracks the performance of International SmallCap.
ESGD,iShares ESG Aware MSCI EAFE ETF,The fund tracks the performance of ESG Aware MSCI EAFE.
PFXF,VanEck Preferred Securities ex Financials ETF,The fund tracks the performance of VanEck Preferred Securities ex Financials.
VEA,Vanguard FTSE Developed Markets ETF,The fund tracks the performance of FTSE Developed Mets.
INTF,iShares International Equity Factor ETF,The fund tracks the performance of International Equity Factor.
SCHF,Schwab International Equity ETF,The fund tracks the performance of Schwab International Equity.
IDOG,ALPS International Sector Dividend Dogs ETF,The fund tracks the performance of ALPS International Sector Dividend Dogs.
PXJ,Invesco Oil & Gas Services ETF,The fund tracks the performance of Oil & Gas Services.
EASG,Xtrackers MSCI EAFE Selection Equity ETF,The fund tracks the performance of Xtrackers MSCI EAFE Selection Equity.
IDHQ,Invesco S&P International Developed Quality ETF,The fund tracks the performance of S&P International Developed Quality.
IEFA,iShares Core MSCI EAFE ETF,The fund tracks the performance of Core MSCI EAFE.
SPDW,State Street SPDR Portfolio Developed World ex-US ETF,The fund tracks the performance of State Street Portfolio Developed World ex-US.
JHMU,John Hancock Dynamic Municipal Bond ETF,"The fund tracks the performance of John Hancock Dynamic Municipal Bond. The underlying portfolio consists of fixed-income debt securities, making market value highly sensitive to interest rates and credit risk."
EFA,iShares MSCI EAFE ETF,The fund tracks the performance of MSCI EAFE.
IGF,iShares Global Infrastructure ETF,The fund tracks the performance of Global Infrastructure.
CRAK,VanEck Oil Refiners ETF,The fund tracks the performance of VanEck Oil Refiners.
JDST,Direxion Daily Junior Gold Miners Index Bear 2X ETF,"The fund seeks daily 2x inverse (short) investment results before fees and expenses, tracking Junior Gold Miners. Because of the daily objective, compounding will cause longer-term returns to differ from the stated multiple. The portfolio owns publicly traded equity shares of mining companies rather than physical metal."
GII,State Street SPDR S&P Global Infrastructure ETF,The fund tracks the performance of State Street S&P Global Infrastructure.
AOR,iShares Core 60/40 Balanced Allocation ETF,The fund tracks the performance of Core 60/40 Balanced Allocation.
FDTS,First Trust Developed Markets ex-US Small Cap AlphaDEX Fund,The fund tracks the performance of Developed Mets ex-US Small Cap AlphaDEX.
MFEM,PIMCO RAFI Dynamic Multi-Factor Emerging Markets Equity ETF,The fund tracks the performance of PIMCO RAFI Dynamic Multi-Factor Emerging Mets Equity.
IPKW,Invesco International BuyBack Achievers ETF,The fund tracks the performance of International BuyBack Achievers.
DOL,WisdomTree True Developed International Fund,The fund tracks the performance of True Developed International.
DVYE,iShares Emerging Markets Dividend Index Fund Exchange Traded Fund,The fund tracks the performance of Emerging Mets Dividend Exchange Traded.
MFDX,PIMCO RAFI Dynamic Multi-Factor International Equity ETF,The fund tracks the performance of PIMCO RAFI Dynamic Multi-Factor International Equity.
EFG,iShares MSCI EAFE Growth ETF,The fund tracks the performance of MSCI EAFE Growth.
EDIV,State Street SPDR S&P Emerging Markets Dividend ETF,The fund tracks the performance of State Street S&P Emerging Mets Dividend.
FDEV,Fidelity International Multifactor ETF,The fund tracks the performance of Fidelity International Multifactor.
PAWZ,ProShares Pet Care ETF,The fund tracks the performance of Pet Care.
JXI,iShares Global Utilities ETF,The fund tracks the performance of Global Utilities.
EFV,iShares MSCI EAFE Value ETF,The fund tracks the performance of MSCI EAFE Value.
RODM,Hartford Multifactor Developed Markets (ex-US) ETF,The fund tracks the performance of Hartford Multifactor Developed Mets (ex-US.
GVAL,Cambria Global Value ETF,The fund tracks the performance of Cambria Global Value.
EFAX,State Street SPDR MSCI EAFE Fossil Fuel Reserves Free ETF,The fund tracks the performance of State Street MSCI EAFE Fossil Fuel Reserves Free.
DWMF,WisdomTree International Multifactor Fund,The fund tracks the performance of International Multifactor.
GGME,Invesco Next Gen Media and Gaming ETF,The fund tracks the performance of Next Gen Media and Gaming.
UEVM,VictoryShares Emerging Markets Value Momentum ETF,The fund tracks the performance of Victory Emerging Mets Value Momentum.
BJUL,Innovator U.S. Equity Buffer ETF - July,The fund tracks the performance of U.S. Equity Buffer - July. The defined-outcome strategy uses options to provide a downside buffer against losses while capping potential upside gains over a specific outcome period.
FDT,First Trust Developed Markets Ex-US AlphaDEX Fund,The fund tracks the performance of Developed Mets Ex-US AlphaDEX.
ICOW,Pacer Developed Markets International Cash Cows 100 ETF,The fund tracks the performance of Pacer Developed Mets International Cash Cows 100.
SKYY,First Trust Cloud Computing ETF,The fund tracks the performance of Cloud Computing.
GAA,Cambria Global Asset Allocation ETF,The fund tracks the performance of Cambria Global Asset Allocation.
DWM,WisdomTree International Equity Fund,The fund tracks the performance of International Equity.
SWAN,Amplify BlackSwan Growth & Treasury Core ETF,"The fund tracks the performance of Amplify BlackSwan Growth & Treasury Core. The underlying portfolio consists of fixed-income debt securities, making market value highly sensitive to interest rates and credit risk."
QYLD,Global X NASDAQ 100 Covered Call ETF,"The fund tracks the performance of NASDAQ 100 Covered Call. The fund owns assets and simultaneously sells call options to generate income, a strategy that may limit upside participation."
DWX,State Street SPDR S&P International Dividend ETF,The fund tracks the performance of State Street S&P International Dividend.
ISRA,VanEck Israel ETF,The fund tracks the performance of VanEck Israel.
INEQ,Columbia International Equity Income ETF,The fund tracks the performance of Columbia International Equity Income.
NUDM,Nuveen ESG International Developed Markets Equity ETF,The fund tracks the performance of Nuveen ESG International Developed Mets Equity.
SCZ,iShares MSCI EAFE Small-Cap ETF,The fund tracks the performance of MSCI EAFE Small-Cap.
HOLA,JPMorgan International Hedged Equity Laddered Overlay ETF,The fund tracks the performance of JPMorgan International Hedged Equity Laddered Overlay.
ROBT,First Trust Nasdaq Artificial Intelligence and Robotics ETF,The fund tracks the performance of Nasdaq Artificial Intelligence and Robotics.
EFNL,iShares MSCI Finland ETF,The fund tracks the performance of MSCI Finland.
FLAU,Franklin FTSE Australia ETF,The fund tracks the performance of Franklin FTSE Australia.
FTQI,First Trust Nasdaq BuyWrite Income ETF,"The fund tracks the performance of Nasdaq BuyWrite Income. The fund owns assets and simultaneously sells call options to generate income, a strategy that may limit upside participation."
CCOR,Core Alternative ETF,The fund tracks the performance of Core Alternative.
LEND,SEI High Yield Bond & Alternative Credit ETF,"The fund tracks the performance of SEI High Yield Bond & Alternative Credit. The underlying portfolio consists of fixed-income debt securities, making market value highly sensitive to interest rates and credit risk."
XHS,State Street SPDR S&P Health Care Services ETF,The fund tracks the performance of State Street S&P Health Care Services.
FNDC,Schwab Fundamental International Small Equity ETF,The fund tracks the performance of Schwab amental International Small Equity.
IGRO,iShares International Dividend Growth ETF,The fund tracks the performance of International Dividend Growth.
UBOT,"Direxion Daily Robotics, Artificial Intelligence & Automation Index Bull 2X ETF","The fund seeks daily 2x leveraged investment results before fees and expenses, tracking Robotics, Artificial Intelligence & Automation. Because of the daily objective, compounding will cause longer-term returns to differ from the stated multiple."
NFRA,FlexShares STOXX Global Broad Infrastructure Index Fund,The fund tracks the performance of Flex STOXX Global Broad Infrastructure.
PRNT,3D Printing (The) ETF,The fund tracks the performance of 3D Printing (The.
FPXE,First Trust IPOX Europe Equity Opportunities ETF,The fund tracks the performance of IPOX Europe Equity Opportunities.
IQDF,FlexShares International Quality Dividend Index Fund,The fund tracks the performance of Flex International Quality Dividend.
IDLV,Invesco S&P International Developed Low Volatility ETF,The fund tracks the performance of S&P International Developed Low Volatility.
HISF,First Trust High Income Strategic Focus ETF,The fund tracks the performance of High Income Strategic Focus.
ROAM,Hartford Multifactor Emerging Markets ETF,The fund tracks the performance of Hartford Multifactor Emerging Mets.
AIVI,WisdomTree International AI Enhanced Value Fund,The fund tracks the performance of International AI Enhanced Value.
HAUZ,Xtrackers International Real Estate ETF,The fund tracks the performance of Xtrackers International Real Estate.
ITA,iShares U.S. Aerospace & Defense ETF,The fund tracks the performance of U.S. Aerospace & Defense.
HNDL,Strategy Shares Nasdaq 7HANDL Index ETF,The fund tracks the performance of Strategy Nasdaq 7HANDL.
GWX,State Street SPDR S&P International Small Cap ETF,The fund tracks the performance of State Street S&P International Small Cap.
DEEF,Xtrackers FTSE Developed ex US Multifactor ETF,The fund tracks the performance of Xtrackers FTSE Developed ex US Multifactor.
DIM,WisdomTree International MidCap Dividend Fund,The fund tracks the performance of International MidCap Dividend.
POCT,Innovator U.S. Equity Power Buffer ETF - October,The fund tracks the performance of U.S. Equity Power Buffer - October. The defined-outcome strategy uses options to provide a downside buffer against losses while capping potential upside gains over a specific outcome period.
EWA,iShares MSCI Australia Index Fund,The fund tracks the performance of MSCI Australia.
RWX,State Street SPDR Dow Jones International Real Estate ETF,The fund tracks the performance of State Street Dow Jones International Real Estate.
SIMS,State Street SPDR S&P Kensho Intelligent Structures ETF,The fund tracks the performance of State Street S&P Kensho Intelligent Structures.
YLD,Principal Active High Yield ETF,"The fund tracks the performance of Principal Active High Yield. The underlying portfolio consists of fixed-income debt securities, making market value highly sensitive to interest rates and credit risk."
WTMF,WisdomTree Managed Futures Strategy Fund,The fund tracks the performance of Managed Futures Strategy.
PJAN,Innovator U.S. Equity Power Buffer ETF - January,The fund tracks the performance of U.S. Equity Power Buffer - January. The defined-outcome strategy uses options to provide a downside buffer against losses while capping potential upside gains over a specific outcome period.
QINT,American Century Quality Diversified International ETF,The fund tracks the performance of American Century Quality Diversified International.
BOTZ,Global X Robotics & Artificial Intelligence ETF,The fund tracks the performance of Robotics & Artificial Intelligence.
VXUS,Vanguard Total International Stock ETF,The fund tracks the performance of Total International Stock.
EMXC,iShares MSCI Emerging Markets ex China ETF,The fund tracks the performance of MSCI Emerging Mets ex China.
DTH,WisdomTree International High Dividend Fund,The fund tracks the performance of International High Dividend.
VICE,AdvisorShares Vice ETF,The fund tracks the performance of Advisor Vice.
JSMD,Janus Henderson Small/Mid Cap Growth Alpha ETF,The fund tracks the performance of Janus Henderson Small/Mid Cap Growth Alpha.
INKM,State Street Income Allocation ETF,The fund tracks the performance of State Street Income Allocation.
IXUS,iShares Core MSCI Total International Stock ETF,The fund tracks the performance of Core MSCI Total International Stock.
BUFF,Innovator Laddered Allocation Power Buffer ETF,The fund tracks the performance of Laddered Allocation Power Buffer. The defined-outcome strategy uses options to provide a downside buffer against losses while capping potential upside gains over a specific outcome period.
CWI,State Street SPDR MSCI ACWI ex-US ETF,The fund tracks the performance of State Street MSCI ACWI ex-US.
PDN,Invesco RAFI Developed Markets ex-U.S. Small-Mid ETF,The fund tracks the performance of RAFI Developed Mets ex-U.S. Small-Mid.
CNXT,VanEck ChiNext Innovators ETF,The fund tracks the performance of VanEck ChiNext s.
VEU,Vanguard FTSE All World Ex US ETF,The fund tracks the performance of FTSE All World Ex US.
MFLX,First Trust Flexible Municipal High Income ETF,The fund tracks the performance of Flexible Municipal High Income.
PXH,Invesco RAFI Emerging Markets ETF,The fund tracks the performance of RAFI Emerging Mets.
IFGL,iShares International Developed Real Estate ETF,The fund tracks the performance of International Developed Real Estate.
GURU,Global X Guru Index ETF,The fund tracks the performance of Guru.
XMPT,VanEck CEF Muni Income ETF,The fund tracks the performance of VanEck CEF Muni Income.
XCEM,Columbia EM Core ex-China ETF,The fund tracks the performance of Columbia EM Core ex-China.
FEM,First Trust Emerging Markets AlphaDEX Fund,The fund tracks the performance of Emerging Mets AlphaDEX.
EFAD,ProShares MSCI EAFE Dividend Growers ETF,The fund tracks the performance of MSCI EAFE Dividend Growers.
PDP,Invesco Dorsey Wright Momentum ETF,The fund tracks the performance of Dorsey Wright Momentum.
LOUP,Innovator Deepwater Frontier Tech ETF,The fund tracks the performance of Deepwater Frontier Tech.
XSW,State Street SPDR S&P Software & Services ETF,The fund tracks the performance of State Street S&P Software & Services.
FMHI,First Trust Municipal High Income ETF,The fund tracks the performance of Municipal High Income.
JPEM,JPMorgan Diversified Return Emerging Markets Equity ETF,The fund tracks the performance of JPMorgan Diversified Return Emerging Mets Equity.
ACWX,iShares MSCI ACWI ex U.S. ETF,The fund tracks the performance of MSCI ACWI ex U.S.
EZA,iShares MSCI South Africa Index Fund,The fund tracks the performance of MSCI South Africa.
PAPR,Innovator U.S. Equity Power Buffer ETF - April,The fund tracks the performance of U.S. Equity Power Buffer - April. The defined-outcome strategy uses options to provide a downside buffer against losses while capping potential upside gains over a specific outcome period.
ANGL,VanEck Fallen Angel High Yield Bond ETF,"The fund tracks the performance of VanEck Fallen Angel High Yield Bond. The underlying portfolio consists of fixed-income debt securities, making market value highly sensitive to interest rates and credit risk."
PPA,Invesco Aerospace & Defense ETF,The fund tracks the performance of Aerospace & Defense.
VSGX,Vanguard ESG International Stock ETF,The fund tracks the performance of ESG International Stock.
DAX,Global X DAX Germany ETF,The fund tracks the performance of DAX Germany.
PFF,iShares Preferred and Income Securities ETF,The fund tracks the performance of Preferred and Income Securities.
HACK,Amplify Cybersecurity ETF,The fund tracks the performance of Amplify Cybersecurity.
PFFR,InfraCap REIT Preferred ETF,The fund tracks the performance of InfraCap REIT Preferred.
EFAV,iShares MSCI EAFE Min Vol Factor ETF,The fund tracks the performance of MSCI EAFE Min Vol Factor.
LTPZ,Pimco 15  Year U.S. TIPS Index Exchange-Traded Fund,The fund tracks the performance of Pimco 15 Year U.S. TIPS Exchange-Traded.
AOM,iShares Core 40/60 Moderate Allocation ETF,The fund tracks the performance of Core 40/60 Moderate Allocation.
LQDI,iShares Inflation Hedged Corporate Bond ETF,"The fund tracks the performance of Inflation Hedged Corporate Bond. The underlying portfolio consists of fixed-income debt securities, making market value highly sensitive to interest rates and credit risk."
HDEF,Xtrackers MSCI EAFE High Dividend Yield Equity ETF,The fund tracks the performance of Xtrackers MSCI EAFE High Dividend Yield Equity.
HDMV,First Trust Horizon Managed Volatility Developed International ETF,The fund tracks the performance of Horizon Managed Volatility Developed International.
DIEM,Franklin Emerging Market Core Dividend Tilt Index ETF,The fund tracks the performance of Franklin Emerging Met Core Dividend Tilt.
ARTY,iShares Future AI & Tech ETF,The fund tracks the performance of Future AI & Tech.
PFFL,"ETRACS 2xMonthly Pay Leveraged Preferred Stock Index ETN due September 25, 2048","The fund seeks daily 2x leveraged investment results before fees and expenses, tracking ETRACS Monthly Pay Leveraged Preferred Stock ETN due September 25, 2048. Because of the daily objective, compounding will cause longer-term returns to differ from the stated multiple. As an exchange-traded note, the product is an unsecured debt obligation of the issuer and carries issuer credit risk."
PJUL,Innovator U.S. Equity Power Buffer ETF - July,The fund tracks the performance of U.S. Equity Power Buffer - July. The defined-outcome strategy uses options to provide a downside buffer against losses while capping potential upside gains over a specific outcome period.
BZQ,ProShares UltraShort MSCI Brazil Capped,"The fund seeks daily 2x inverse (short) investment results before fees and expenses, tracking MSCI Brazil Capped. Because of the daily objective, compounding will cause longer-term returns to differ from the stated multiple."
PSL,Invesco Dorsey Wright Consumer Staples Momentum ETF,The fund tracks the performance of Dorsey Wright Consumer Staples Momentum.
IMTM,iShares MSCI Intl Momentum Factor ETF,The fund tracks the performance of MSCI Intl Momentum Factor.
JPIN,JPMorgan Diversified Return International Equity ETF,The fund tracks the performance of JPMorgan Diversified Return International Equity.
FDN,First Trust DJ Internet Index Fund,The fund tracks the performance of DJ Internet.
UJB,ProShares Ultra High Yield ETF,"The fund seeks daily 2x leveraged investment results before fees and expenses, tracking High Yield. Because of the daily objective, compounding will cause longer-term returns to differ from the stated multiple. The underlying portfolio consists of fixed-income debt securities, making market value highly sensitive to interest rates and credit risk."
EMGF,iShares Emerging Markets Equity Factor ETF,The fund tracks the performance of Emerging Mets Equity Factor.
AADR,AdvisorShares Dorsey Wright ADR ETF,The fund tracks the performance of Advisor Dorsey Wright ADR.
EMCR,Xtrackers Emerging Markets Carbon Reduction and Climate Improvers ETF,The fund tracks the performance of Xtrackers Emerging Mets Carbon Reduction and Climate Improvers.
PHYL,PGIM Active High Yield Bond ETF,"The fund tracks the performance of PGIM Active High Yield Bond. The underlying portfolio consists of fixed-income debt securities, making market value highly sensitive to interest rates and credit risk."
EWJV,iShares MSCI Japan Value ETF,The fund tracks the performance of MSCI Japan Value.
HYGV,FlexShares High Yield Value-Scored Bond Index Fund,"The fund tracks the performance of Flex High Yield Value-Scored Bond. The underlying portfolio consists of fixed-income debt securities, making market value highly sensitive to interest rates and credit risk."
IFV,First Trust Dorsey Wright International Focus 5 ETF,The fund tracks the performance of Dorsey Wright International Focus 5.
CBON,VanEck China Bond ETF,"The fund tracks the performance of VanEck China Bond. The underlying portfolio consists of fixed-income debt securities, making market value highly sensitive to interest rates and credit risk."
FTXH,First Trust Nasdaq Pharmaceuticals ETF,The fund tracks the performance of Nasdaq Pharmaceuticals.
QEMM,State Street SPDR MSCI Emerging Markets StrategicFactors ETF,The fund tracks the performance of State Street MSCI Emerging Mets StrategicFactors.
EMMF,WisdomTree Emerging Markets Multifactor Fund,The fund tracks the performance of Emerging Mets Multifactor.
UJAN,Innovator U.S. Equity Ultra Buffer ETF - January,"The fund tracks the performance of U.S. Equity Ultra Buffer - January. The defined-outcome strategy uses options to provide a downside buffer against losses while capping potential upside gains over a specific outcome period, with enhanced (not daily-reset) upside participation."
SPHY,State Street SPDR Portfolio High Yield Bond ETF,"The fund tracks the performance of State Street Portfolio High Yield Bond. The underlying portfolio consists of fixed-income debt securities, making market value highly sensitive to interest rates and credit risk."
UOCT,Innovator U.S. Equity Ultra Buffer ETF - October,"The fund tracks the performance of U.S. Equity Ultra Buffer - October. The defined-outcome strategy uses options to provide a downside buffer against losses while capping potential upside gains over a specific outcome period, with enhanced (not daily-reset) upside participation."
SPIP,State Street SPDR Portfolio TIPS ETF,The fund tracks the performance of State Street Portfolio TIPS.
SCHP,Schwab U.S. TIPS ETF,The fund tracks the performance of Schwab U.S. TIPS.
HYZD,WisdomTree Interest Rate Hedged High Yield Bond Fund,"The fund tracks the performance of Interest Rate Hedged High Yield Bond. The underlying portfolio consists of fixed-income debt securities, making market value highly sensitive to interest rates and credit risk."
FALN,iShares Fallen Angels USD Bond ETF,"The fund tracks the performance of Fallen Angels USD Bond. The underlying portfolio consists of fixed-income debt securities, making market value highly sensitive to interest rates and credit risk."
FGM,First Trust Germany AlphaDEX Fund,The fund tracks the performance of Germany AlphaDEX.
HYGH,iShares Interest Rate Hedged High Yield Bond ETF,"The fund tracks the performance of Interest Rate Hedged High Yield Bond. The underlying portfolio consists of fixed-income debt securities, making market value highly sensitive to interest rates and credit risk."
VBK,Vanguard Small-Cap Growth ETF,The fund tracks the performance of Small-Cap Growth.
TIPZ,PIMCO Broad U.S. TIPS Index Exchange-Traded Fund,The fund tracks the performance of PIMCO Broad U.S. TIPS Exchange-Traded.
GREK,Global X MSCI Greece ETF,The fund tracks the performance of MSCI Greece.
UUP,Invesco DB USD Index Bullish Fund ETF,The fund tracks the performance of DB USD ish.
VNQI,Vanguard Global ex-U.S. Real Estate ETF,The fund tracks the performance of Global ex-U.S. Real Estate.
PSCH,Invesco S&P SmallCap Health Care ETF,The fund tracks the performance of S&P SmallCap Health Care.
GTIP,Goldman Sachs Access Inflation Protected USD Bond ETF,"The fund tracks the performance of Goldman Sachs Access Inflation Protected USD Bond. The underlying portfolio consists of fixed-income debt securities, making market value highly sensitive to interest rates and credit risk."
TYO,Direxion Daily 10-Yr Treasury Bear 3x Shrs,"The fund seeks daily 3x inverse (short) investment results before fees and expenses, tracking 10-Yr Treasury Shrs. Because of the daily objective, compounding will cause longer-term returns to differ from the stated multiple. The underlying portfolio consists of fixed-income debt securities, making market value highly sensitive to interest rates and credit risk."
RNEM,Emerging Markets Equity Select ETF,The fund tracks the performance of Emerging Mets Equity Select.
TIP,iShares TIPS Bond ETF,"The fund tracks the performance of TIPS Bond. The underlying portfolio consists of fixed-income debt securities, making market value highly sensitive to interest rates and credit risk."
HYHG,ProShares High Yield Interest Rate Hedged,"The fund tracks the performance of High Yield Interest Rate Hedged. The underlying portfolio consists of fixed-income debt securities, making market value highly sensitive to interest rates and credit risk."
STIP,iShares 0-5 Year TIPS Bond ETF,"The fund tracks the performance of 0-5 Year TIPS Bond. The underlying portfolio consists of fixed-income debt securities, making market value highly sensitive to interest rates and credit risk."
TIPX,State Street SPDR Bloomberg 1a??10 Year TIPS ETF,The fund tracks the performance of State Street Bloomberg 1a??10 Year TIPS.
MRGR,ProShares Merger ETF,The fund tracks the performance of Merger.
KGRN,KraneShares MSCI China Clean Technology Index ETF,The fund tracks the performance of Krane MSCI China Clean Technology.
HYMB,State Street SPDR Nuveen ICE High Yield Municipal Bond ETF,"The fund tracks the performance of State Street Nuveen ICE High Yield Municipal Bond. The underlying portfolio consists of fixed-income debt securities, making market value highly sensitive to interest rates and credit risk."
PBTP,Invesco 0-5 Yr US TIPS ETF,The fund tracks the performance of 0-5 Yr US TIPS.
TDTT,FlexShares iBoxx 3 Year Target Duration TIPS Index Fund,The fund tracks the performance of Flex iBoxx 3 Year Target Duration TIPS.
TLTE,FlexShares Morningstar Emerging Markets Factor Tilt Index Fund,The fund tracks the performance of Flex Morningstar Emerging Mets Factor Tilt.
STPZ,PIMCO 1-5 Year U.S. TIPS Index Exchange-Traded Fund,The fund tracks the performance of PIMCO 1-5 Year U.S. TIPS Exchange-Traded.
BBAX,JPMorgan BetaBuilders Developed Asia Pacific-ex Japan ETF,The fund tracks the performance of JPMorgan BetaBuilders Developed Asia Pacific-ex Japan.
SPFF,Global X SuperIncome Preferred ETF,The fund tracks the performance of SuperIncome Preferred.
VTIP,Vanguard Short-Term Inflation-Protected Securities Index Fund ETF Shares,"The fund tracks the performance of Short-Term Inflation-Protected Securities. The underlying portfolio consists of fixed-income debt securities, making market value highly sensitive to interest rates and credit risk."
TDTF,FlexShares iBoxx 5 Year Target Duration TIPS Index Fund,The fund tracks the performance of Flex iBoxx 5 Year Target Duration TIPS.
SJNK,State Street SPDR Bloomberg Short Term High Yield Bond ETF,"The fund tracks the performance of State Street Bloomberg Short Term High Yield Bond. The underlying portfolio consists of fixed-income debt securities, making market value highly sensitive to interest rates and credit risk."
FLGR,Franklin FTSE Germany ETF,The fund tracks the performance of Franklin FTSE Germany.
HYUP,Xtrackers High Beta High Yield Bond ETF,"The fund tracks the performance of Xtrackers High Beta High Yield Bond. The underlying portfolio consists of fixed-income debt securities, making market value highly sensitive to interest rates and credit risk."
HYDB,iShares High Yield Systematic Bond ETF,"The fund tracks the performance of High Yield Systematic Bond. The underlying portfolio consists of fixed-income debt securities, making market value highly sensitive to interest rates and credit risk."
ASEA,Global X FTSE Southeast Asia ETF,The fund tracks the performance of FTSE Southeast Asia.
EWS,iShares MSCI Singapore ETF,The fund tracks the performance of MSCI Singapore.
USHY,iShares Broad USD High Yield Corporate Bond ETF,"The fund tracks the performance of Broad USD High Yield Corporate Bond. The underlying portfolio consists of fixed-income debt securities, making market value highly sensitive to interest rates and credit risk."
VSHY,Virtus Newfleet Short Duration High Yield Bond ETF,"The fund tracks the performance of Virtus Newfleet Short Duration High Yield Bond. The underlying portfolio consists of fixed-income debt securities, making market value highly sensitive to interest rates and credit risk."
DTEC,ALPS Disruptive Technologies ETF,The fund tracks the performance of ALPS Disruptive Technologies.
HYD,VanEck High Yield Muni ETF,"The fund tracks the performance of VanEck High Yield Muni. The underlying portfolio consists of fixed-income debt securities, making market value highly sensitive to interest rates and credit risk."
SHYG,iShares 0-5 Year High Yield Corporate Bond ETF,"The fund tracks the performance of 0-5 Year High Yield Corporate Bond. The underlying portfolio consists of fixed-income debt securities, making market value highly sensitive to interest rates and credit risk."
UAPR,Innovator U.S. Equity Ultra Buffer ETF - April,"The fund tracks the performance of U.S. Equity Ultra Buffer - April. The defined-outcome strategy uses options to provide a downside buffer against losses while capping potential upside gains over a specific outcome period, with enhanced (not daily-reset) upside participation."
FPEI,First Trust Institutional Preferred Securities and Income ETF,The fund tracks the performance of Institutional Preferred Securities and Income.
FPE,First Trust Preferred Securities and Income ETF ETF,The fund tracks the performance of Preferred Securities and Income.
SRLN,State Street Blackstone Senior Loan ETF,The fund tracks the performance of State Street Blackstone Senior Loan.
PFFD,Global X U.S. Preferred ETF,The fund tracks the performance of U.S. Preferred.
EWG,iShares MSCI Germany Index Fund,The fund tracks the performance of MSCI Germany.
AOK,iShares Core 30/70 Conservative Allocation ETF,The fund tracks the performance of Core 30/70 Conservative Allocation.
HYS,PIMCO 0-5 Year High Yield Corporat Bond Index Exchange-Traded Fund,"The fund tracks the performance of PIMCO 0-5 Year High Yield Corporat Bond Exchange-Traded. The underlying portfolio consists of fixed-income debt securities, making market value highly sensitive to interest rates and credit risk."
ROKT,State Street SPDR S&P Kensho Final Frontiers ETF,The fund tracks the performance of State Street S&P Kensho Final Frontiers.
FDHY,Fidelity Enhanced High Yield ETF,"The fund tracks the performance of Fidelity Enhanced High Yield. The underlying portfolio consists of fixed-income debt securities, making market value highly sensitive to interest rates and credit risk."
QHY,WisdomTree U.S. High Yield Corporate Bond Fund,"The fund tracks the performance of U.S. High Yield Corporate Bond. The underlying portfolio consists of fixed-income debt securities, making market value highly sensitive to interest rates and credit risk."
SHYL,Xtrackers Short Duration High Yield Bond ETF,"The fund tracks the performance of Xtrackers Short Duration High Yield Bond. The underlying portfolio consists of fixed-income debt securities, making market value highly sensitive to interest rates and credit risk."
BSJQ,Invesco BulletShares 2026 High Yield Corporate Bond ETF,"The fund tracks the performance of et 2026 High Yield Corporate Bond. The underlying portfolio consists of fixed-income debt securities, making market value highly sensitive to interest rates and credit risk."
EEMV,iShares MSCI Emerging Markets Min Vol Factor ETF,The fund tracks the performance of MSCI Emerging Mets Min Vol Factor.
FLHY,Franklin High Yield Corporate ETF,"The fund tracks the performance of Franklin High Yield Corporate. The underlying portfolio consists of fixed-income debt securities, making market value highly sensitive to interest rates and credit risk."
UJUL,Innovator U.S. Equity Ultra Buffer ETF - July,"The fund tracks the performance of U.S. Equity Ultra Buffer - July. The defined-outcome strategy uses options to provide a downside buffer against losses while capping potential upside gains over a specific outcome period, with enhanced (not daily-reset) upside participation."
EPP,iShares MSCI Pacific Ex-Japan Index Fund,The fund tracks the performance of MSCI Pacific Ex-Japan.
JNK,State Street SPDR Bloomberg High Yield Bond ETF,"The fund tracks the performance of State Street Bloomberg High Yield Bond. The underlying portfolio consists of fixed-income debt securities, making market value highly sensitive to interest rates and credit risk."
GDMA,Gadsden Dynamic Multi-Asset ETF,The fund tracks the performance of Gadsden Dynamic Multi-Asset.
DVYA,iShares Asia / Pacific Dividend 30 Index Fund Exchange Traded Fund,The fund tracks the performance of Asia / Pacific Dividend 30 Exchange Traded.
PST,ProShares UltraShort Lehman 7-10 Year Treasury,"The fund seeks daily 2x inverse (short) investment results before fees and expenses, tracking Lehman 7-10 Year Treasury. Because of the daily objective, compounding will cause longer-term returns to differ from the stated multiple. The underlying portfolio consists of fixed-income debt securities, making market value highly sensitive to interest rates and credit risk."
HYG,iShares iBoxx $ High Yield Corporate Bond ETF,"The fund tracks the performance of iBoxx $ High Yield Corporate Bond. The underlying portfolio consists of fixed-income debt securities, making market value highly sensitive to interest rates and credit risk."
HYLB,Xtrackers USD High Yield Corporate Bond ETF,"The fund tracks the performance of Xtrackers USD High Yield Corporate Bond. The underlying portfolio consists of fixed-income debt securities, making market value highly sensitive to interest rates and credit risk."
VRP,Invesco Variable Rate Preferred ETF,The fund tracks the performance of Variable Rate Preferred.
BBHY,JPMorgan BetaBuilders USD High Yield Corporate Bond ETF,"The fund tracks the performance of JPMorgan BetaBuilders USD High Yield Corporate Bond. The underlying portfolio consists of fixed-income debt securities, making market value highly sensitive to interest rates and credit risk."
FTSL,First Trust Senior Loan Fund,The fund tracks the performance of Senior Loan.
FLMI,Franklin Dynamic Municipal Bond ETF,"The fund tracks the performance of Franklin Dynamic Municipal Bond. The underlying portfolio consists of fixed-income debt securities, making market value highly sensitive to interest rates and credit risk."
FLBL,Franklin Senior Loan ETF,The fund tracks the performance of Franklin Senior Loan.
USDU,WisdomTree Bloomberg U.S. Dollar Bullish Fund,The fund tracks the performance of Bloomberg U.S. Dollar ish.
FMF,First Trust Managed Futures Strategy Fund,The fund tracks the performance of Managed Futures Strategy.
AFK,VanEck Africa Index ETF,The fund tracks the performance of VanEck Africa.
AAVM,Alpha Architect Global Factor Equity ETF,The fund tracks the performance of Alpha Architect Global Factor Equity.
KOMP,State Street SPDR S&P Kensho New Economies Composite ETF,The fund tracks the performance of State Street S&P Kensho New Economies Composite.
FEMS,First Trust Emerging Markets Small Cap AlphaDEX Fund,The fund tracks the performance of Emerging Mets Small Cap AlphaDEX.
FCVT,First Trust SSI Strategic Convertible Securities ETF,The fund tracks the performance of SSI Strategic Convertible Securities.
FPX,First Trust US Equity Opportunities ETF,The fund tracks the performance of US Equity Opportunities.
SHYD,VanEck Short High Yield Muni ETF,"The fund tracks the performance of VanEck Short High Yield Muni. The underlying portfolio consists of fixed-income debt securities, making market value highly sensitive to interest rates and credit risk."
AGNG,Global X Aging Population ETF,The fund tracks the performance of Aging Population.
HYLS,First Trust Tactical High Yield ETF,"The fund tracks the performance of Tactical High Yield. The underlying portfolio consists of fixed-income debt securities, making market value highly sensitive to interest rates and credit risk."
GHYB,Goldman Sachs Access High Yield Corporate Bond ETF,"The fund tracks the performance of Goldman Sachs Access High Yield Corporate Bond. The underlying portfolio consists of fixed-income debt securities, making market value highly sensitive to interest rates and credit risk."
SDIV,Global X SuperDividend ETF,The fund tracks the performance of SuperDividend.
BMOP,BNY Mellon Municipal Opportunities ETF,The fund tracks the performance of BNY Mellon Municipal Opportunities.
ARGT,Global X MSCI Argentina ETF,The fund tracks the performance of MSCI Argentina.
FLRT,Pacer Aristotle Pacific Floating Rate High Income ETF,The fund tracks the performance of Pacer Aristotle Pacific Floating Rate High Income.
IFLN,Invesco Bloomberg Enhanced Fallen Angels ETF,The fund tracks the performance of Bloomberg Enhanced Fallen Angels.
IYLD,iShares Morningstar Multi-Asset Income ETF,The fund tracks the performance of Morningstar Multi-Asset Income.
FCAL,First Trust California Municipal High income ETF,The fund tracks the performance of California Municipal High income.
XHE,State Street SPDR S&P Health Care Equipment ETF,The fund tracks the performance of State Street S&P Health Care Equipment.
TBT,ProShares UltraShort Lehman 20  Year Treasury,"The fund seeks daily 2x inverse (short) investment results before fees and expenses, tracking Lehman 20 Year Treasury. Because of the daily objective, compounding will cause longer-term returns to differ from the stated multiple. The underlying portfolio consists of fixed-income debt securities, making market value highly sensitive to interest rates and credit risk."
ECNS,iShares MSCI China Small-Cap ETF,The fund tracks the performance of MSCI China Small-Cap.
PGX,Invesco Preferred ETF,The fund tracks the performance of Preferred.
IPAC,iShares Core MSCI Pacific ETF,The fund tracks the performance of Core MSCI Pacific.
CNYA,iShares MSCI China A ETF,The fund tracks the performance of MSCI China A.
HYXF,iShares ESG Advanced High Yield Corporate Bond ETF,"The fund tracks the performance of ESG Advanced High Yield Corporate Bond. The underlying portfolio consists of fixed-income debt securities, making market value highly sensitive to interest rates and credit risk."
HYDW,Xtrackers Low Beta High Yield Bond ETF,"The fund tracks the performance of Xtrackers Low Beta High Yield Bond. The underlying portfolio consists of fixed-income debt securities, making market value highly sensitive to interest rates and credit risk."
TAXF,American Century Diversified Municipal Bond ETF,"The fund tracks the performance of American Century Diversified Municipal Bond. The underlying portfolio consists of fixed-income debt securities, making market value highly sensitive to interest rates and credit risk."
RVNU,Xtrackers Municipal Infrastructure Revenue Bond ETF,"The fund tracks the performance of Xtrackers Municipal Infrastructure Revenue Bond. The underlying portfolio consists of fixed-income debt securities, making market value highly sensitive to interest rates and credit risk."
VTWG,Vanguard Russell 2000 Growth ETF,The fund tracks the performance of Russell 2000 Growth.
FPA,First Trust Asia Pacific Ex-Japan AlphaDEX Fund,The fund tracks the performance of Asia Pacific Ex-Japan AlphaDEX.
HDG,ProShares Hedge Replication ETF,The fund tracks the performance of Hedge Replication.
JSML,Janus Henderson Small Cap Growth Alpha ETF,The fund tracks the performance of Janus Henderson Small Cap Growth Alpha.
IGBH,iShares Interest Rate Hedged Long-Term Corporate Bond ETF,"The fund tracks the performance of Interest Rate Hedged Long-Term Corporate Bond. The underlying portfolio consists of fixed-income debt securities, making market value highly sensitive to interest rates and credit risk."
ARKQ,ARK Autonomous Technology & Robotics ETF,The fund tracks the performance of Autonomous Technology & Robotics.
IWO,iShares Russell 2000 Growth Fund,The fund tracks the performance of Russell 2000 Growth.
KBA,KraneShares Bosera MSCI China A 50 Connect Index ETF,The fund tracks the performance of Krane Bosera MSCI China A 50 Connect.
DZZ,"DB Gold Double Short ETN due February 15, 2038","The fund seeks daily 2x inverse (short) investment results before fees and expenses, tracking DB Gold Double Short ETN due February 15, 2038. Because of the daily objective, compounding will cause longer-term returns to differ from the stated multiple. As an exchange-traded note, the product is an unsecured debt obligation of the issuer and carries issuer credit risk."
SECU,iShares Securitized Income Active ETF,The fund tracks the performance of Securitized Income Active.
BKLN,Invesco Senior Loan ETF,The fund tracks the performance of Senior Loan.
TTT,ProShares UltraPro Short 20 Year Treasury,"The fund seeks daily 3x inverse (short) investment results before fees and expenses, tracking Short 20 Year Treasury. Because of the daily objective, compounding will cause longer-term returns to differ from the stated multiple. The underlying portfolio consists of fixed-income debt securities, making market value highly sensitive to interest rates and credit risk."
PZT,Invesco New York AMT-Free Municipal Bond ETF,"The fund tracks the performance of New York AMT-Free Municipal Bond. The underlying portfolio consists of fixed-income debt securities, making market value highly sensitive to interest rates and credit risk."
FMB,First Trust Managed Municipal ETF,The fund tracks the performance of Managed Municipal.
BGGG,Baillie Gifford Long Term Global Growth ETF,The fund tracks the performance of Baillie Gifford Long Term Global Growth.
FTPA,Franklin Pennsylvania Municipal Income ETF,The fund tracks the performance of Franklin Pennsylvania Municipal Income.
MUST,Columbia Multi-Sector Municipal Income ETF,The fund tracks the performance of Columbia Multi-Sector Municipal Income.
EMIF,iShares Emerging Markets Infrastructure ETF,The fund tracks the performance of Emerging Mets Infrastructure.
PGF,Invesco Financial Preferred ETF,The fund tracks the performance of Financial Preferred.
XAR,State Street SPDR S&P Aerospace & Defense ETF,The fund tracks the performance of State Street S&P Aerospace & Defense.
DGRE,WisdomTree Emerging Markets Quality Dividend Growth Fund,The fund tracks the performance of Emerging Mets Quality Dividend Growth.
AMUN,abrdn Ultra Short Municipal Income Active ETF,"The fund tracks the performance of abrdn Ultra Short Municipal Income Active. The underlying portfolio consists of fixed-income debt securities, making market value highly sensitive to interest rates and credit risk."
CWB,State Street SPDR Bloomberg Convertible Securities ETF,The fund tracks the performance of State Street Bloomberg Convertible Securities.
PZA,Invesco National AMT-Free Municipal Bond ETFo,"The fund tracks the performance of National AMT-Free Municipal Bond o. The underlying portfolio consists of fixed-income debt securities, making market value highly sensitive to interest rates and credit risk."
FTNJ,Franklin New Jersey Municipal Income ETF,The fund tracks the performance of Franklin New Jersey Municipal Income.
MLN,VanEck Long Muni ETF,The fund tracks the performance of VanEck Long Muni.
ERTH,Invesco MSCI Sustainable Future ETF,The fund tracks the performance of MSCI Sustainable Future.
HAIL,State Street SPDR S&P Kensho Smart Mobility ETF,The fund tracks the performance of State Street S&P Kensho Smart Mobility.
LABD,Direxion Daily S&P Biotech Bear 3X ETF,"The fund seeks daily 3x inverse (short) investment results before fees and expenses, tracking S&P Biotech. Because of the daily objective, compounding will cause longer-term returns to differ from the stated multiple."
PREF,Principal Spectrum Preferred Securities Active ETF,The fund tracks the performance of Principal Spectrum Preferred Securities Active.
SDEM,Global X MSCI SuperDividend Emerging Markets ETF,The fund tracks the performance of MSCI SuperDividend Emerging Mets.
PWZ,Invesco California AMT-Free Municipal Bond Portfolio,"The fund tracks the performance of California AMT-Free Municipal Bond Portfolio. The underlying portfolio consists of fixed-income debt securities, making market value highly sensitive to interest rates and credit risk."
GHYG,iShares US & Intl High Yield Corp Bond ETF,"The fund tracks the performance of US & Intl High Yield Corp Bond. The underlying portfolio consists of fixed-income debt securities, making market value highly sensitive to interest rates and credit risk."
FTOH,Franklin Ohio Municipal Income ETF,The fund tracks the performance of Franklin Ohio Municipal Income.
TBF,ProShares Short 20+ Year Treasury,"The fund seeks daily inverse (short) investment results before fees and expenses, tracking 20+ Year Treasury. Because of the daily objective, compounding will cause longer-term returns to differ from the stated multiple. The underlying portfolio consists of fixed-income debt securities, making market value highly sensitive to interest rates and credit risk."
DGZ,"DB Gold Short ETN due February 15, 2038","The fund seeks daily inverse (short) investment results before fees and expenses, tracking DB Gold Short ETN due February 15, 2038. Because of the daily objective, compounding will cause longer-term returns to differ from the stated multiple. As an exchange-traded note, the product is an unsecured debt obligation of the issuer and carries issuer credit risk."
HMOP,Hartford Municipal Opportunities ETF,The fund tracks the performance of Hartford Municipal Opportunities.
LQDH,iShares Interest Rate Hedged Corporate Bond ETF,"The fund tracks the performance of Interest Rate Hedged Corporate Bond. The underlying portfolio consists of fixed-income debt securities, making market value highly sensitive to interest rates and credit risk."
HOLD,Harbor Alpha Layering ETF,The fund tracks the performance of Harbor Alpha Layering.
EPRF,Innovator S&P Investment Grade Preferred ETF,The fund tracks the performance of S&P Investment Grade Preferred.
FTMA,Franklin Massachusetts Municipal Income ETF,The fund tracks the performance of Franklin Massachusetts Municipal Income.
JHEM,John Hancock Multifactor Emerging Markets ETF,The fund tracks the performance of John Hancock Multifactor Emerging Mets.
MMIN,NYLI MacKay Muni Insured ETF,The fund tracks the performance of NYLI MacKay Muni Insured.
MMIT,NYLI MacKay Muni Intermediate ETF,The fund tracks the performance of NYLI MacKay Muni Intermediate.
TBX,ProShares Short 7 10 Year Treasury,"The fund seeks daily inverse (short) investment results before fees and expenses, tracking 7 10 Year Treasury. Because of the daily objective, compounding will cause longer-term returns to differ from the stated multiple. The underlying portfolio consists of fixed-income debt securities, making market value highly sensitive to interest rates and credit risk."
THD,iShares MSCI Thailand ETF,The fund tracks the performance of MSCI Thailand.
NYM,AB New York Intermediate Municipal ETF,The fund tracks the performance of AB New York Intermediate Municipal.
PSK,State Street SPDR ICE Preferred Securities ETF,The fund tracks the performance of State Street ICE Preferred Securities.
JMUB,JPMorgan Municipal ETF,The fund tracks the performance of JPMorgan Municipal.
NFLT,Virtus Newfleet Multi-Sector Bond ETF,"The fund tracks the performance of Virtus Newfleet Multi-Sector Bond. The underlying portfolio consists of fixed-income debt securities, making market value highly sensitive to interest rates and credit risk."
EMOP,AB Emerging Markets Opportunities ETF,The fund tracks the performance of AB Emerging Mets Opportunities.
EWJ,iShares MSCI Japan Index Fund,The fund tracks the performance of MSCI Japan.
PBE,Invesco Biotechnology & Genome ETF,The fund tracks the performance of Biotechnology & Genome.
RIGS,ALPS Strategic Income Fund,The fund tracks the performance of ALPS Strategic Income.
VPL,Vanguard FTSE Pacific ETF,The fund tracks the performance of FTSE Pacific.
SPEM,State Street SPDR Portfolio Emerging Markets ETF,The fund tracks the performance of State Street Portfolio Emerging Mets.
VTEB,Vanguard Tax-Exempt Bond ETF,"The fund tracks the performance of Tax-Exempt Bond. The underlying portfolio consists of fixed-income debt securities, making market value highly sensitive to interest rates and credit risk."
FSMB,First Trust Short Duration Managed Municipal ETF,"The fund tracks the performance of Short Duration Managed Municipal. The underlying portfolio consists of fixed-income debt securities, making market value highly sensitive to interest rates and credit risk."
BBJP,JPMorgan BetaBuilders Japan ETF,The fund tracks the performance of JPMorgan BetaBuilders Japan.
NYF,iShares New York Muni Bond ETF,"The fund tracks the performance of New York Muni Bond. The underlying portfolio consists of fixed-income debt securities, making market value highly sensitive to interest rates and credit risk."
IPAY,Amplify Digital Payments ETF,The fund tracks the performance of Amplify Digital Payments.
MUB,iShares National Muni Bond ETF,"The fund tracks the performance of National Muni Bond. The underlying portfolio consists of fixed-income debt securities, making market value highly sensitive to interest rates and credit risk."
FTMN,Franklin Minnesota Municipal Income ETF,The fund tracks the performance of Franklin Minnesota Municipal Income.
IGHG,ProShares Investment Grade-Interest Rate Hedged,The fund tracks the performance of Investment Grade-Interest Rate Hedged.
BKMI,BNY Mellon Municipal Intermediate ETF,The fund tracks the performance of BNY Mellon Municipal Intermediate.
FLJP,Franklin FTSE Japan ETF,The fund tracks the performance of Franklin FTSE Japan.
PGHY,Invesco Global ex-US High Yield Corporate Bond ETF,"The fund tracks the performance of Global ex-US High Yield Corporate Bond. The underlying portfolio consists of fixed-income debt securities, making market value highly sensitive to interest rates and credit risk."
EVMO,Eaton Vance Mortgage Opportunities ETF,The fund tracks the performance of Eaton Vance Mortgage Opportunities.
UCON,First Trust Smith Unconstrained Bond ETF,"The fund tracks the performance of Smith Unconstrained Bond. The underlying portfolio consists of fixed-income debt securities, making market value highly sensitive to interest rates and credit risk."
IDX,VanEck Indonesia Index ETF,The fund tracks the performance of VanEck Indonesia.
EWM,iShares MSCI Malaysia Index Fund,The fund tracks the performance of MSCI Malaysia.
FLOT,iShares Floating Rate Bond ETF,"The fund tracks the performance of Floating Rate Bond. The underlying portfolio consists of fixed-income debt securities, making market value highly sensitive to interest rates and credit risk."
VRIG,Invesco Variable Rate Investment Grade ETF,The fund tracks the performance of Variable Rate Investment Grade.
FLTR,VanEck IG Floating Rate ETF,The fund tracks the performance of VanEck IG Floating Rate.
FLRN,State Street SPDR Bloomberg Investment Grade Floating Rate ETF,The fund tracks the performance of State Street Bloomberg Investment Grade Floating Rate.
JMST,JPMorgan Ultra-Short Municipal Income ETF,"The fund tracks the performance of JPMorgan Ultra-Short Municipal Income. The underlying portfolio consists of fixed-income debt securities, making market value highly sensitive to interest rates and credit risk."
PULS,PGIM Ultra Short Bond ETF,"The fund tracks the performance of PGIM Ultra Short Bond. The underlying portfolio consists of fixed-income debt securities, making market value highly sensitive to interest rates and credit risk."
BKFI,BNY Mellon Active Core Bond ETF,"The fund tracks the performance of BNY Mellon Active Core Bond. The underlying portfolio consists of fixed-income debt securities, making market value highly sensitive to interest rates and credit risk."
FFIU,UVA Unconstrained Medium-Term Fixed Income ETF,"The fund tracks the performance of UVA Unconstrained Medium-Term Fixed Income. The underlying portfolio consists of fixed-income debt securities, making market value highly sensitive to interest rates and credit risk."
JDIV,JPMorgan Dividend Leaders ETF,The fund tracks the performance of JPMorgan Dividend Leaders.
MEAR,iShares Short Maturity Municipal Bond Active ETF,"The fund tracks the performance of Short Maturity Municipal Bond Active. The underlying portfolio consists of fixed-income debt securities, making market value highly sensitive to interest rates and credit risk."
GSY,Invesco Ultra Short Duration ETF,"The fund tracks the performance of Ultra Short Duration. The underlying portfolio consists of fixed-income debt securities, making market value highly sensitive to interest rates and credit risk."
VNLA,Janus Henderson Short Duration Income ETF,"The fund tracks the performance of Janus Henderson Short Duration Income. The underlying portfolio consists of fixed-income debt securities, making market value highly sensitive to interest rates and credit risk."
FTSD,Franklin Short Duration U.S. Government ETF,"The fund tracks the performance of Franklin Short Duration U.S. Government. The underlying portfolio consists of fixed-income debt securities, making market value highly sensitive to interest rates and credit risk."
SMMU,Short Term Municipal Bond Active Exchange-Traded Fund,"The fund tracks the performance of Short Term Municipal Bond Active Exchange-Traded. The underlying portfolio consists of fixed-income debt securities, making market value highly sensitive to interest rates and credit risk."
USTB,VictoryShares Short-Term Bond ETF,"The fund tracks the performance of Victory Short-Term Bond. The underlying portfolio consists of fixed-income debt securities, making market value highly sensitive to interest rates and credit risk."
SPSB,State Street SPDR Portfolio Short Term Corporate Bond ETF,"The fund tracks the performance of State Street Portfolio Short Term Corporate Bond. The underlying portfolio consists of fixed-income debt securities, making market value highly sensitive to interest rates and credit risk."
SPTS,State Street SPDR Portfolio Short Term Treasury ETF,"The fund tracks the performance of State Street Portfolio Short Term Treasury. The underlying portfolio consists of fixed-income debt securities, making market value highly sensitive to interest rates and credit risk."
NEAR,iShares Short Duration Bond Active ETF,"The fund tracks the performance of Short Duration Bond Active. The underlying portfolio consists of fixed-income debt securities, making market value highly sensitive to interest rates and credit risk."
VGSH,Vanguard Short-Term Treasury ETF,"The fund tracks the performance of Short-Term Treasury. The underlying portfolio consists of fixed-income debt securities, making market value highly sensitive to interest rates and credit risk."
ETHO,Amplify Etho Climate Leadership U.S. ETF,The fund tracks the performance of Amplify Etho Climate Leadership U.S.
SLQD,iShares 0-5 Year Investment Grade Corporate Bond ETF,"The fund tracks the performance of 0-5 Year Investment Grade Corporate Bond. The underlying portfolio consists of fixed-income debt securities, making market value highly sensitive to interest rates and credit risk."
CAM,AB California Intermediate Municipal ETF,The fund tracks the performance of AB California Intermediate Municipal.
LMBS,First Trust Low Duration Opportunities ETF,The fund tracks the performance of Low Duration Opportunities.
VCSH,Vanguard Short-Term Corporate Bond ETF,"The fund tracks the performance of Short-Term Corporate Bond. The underlying portfolio consists of fixed-income debt securities, making market value highly sensitive to interest rates and credit risk."
IGSB,iShares 1-5 Year Investment Grade Corporate Bond ETF,"The fund tracks the performance of 1-5 Year Investment Grade Corporate Bond. The underlying portfolio consists of fixed-income debt securities, making market value highly sensitive to interest rates and credit risk."
JPIB,JPMorgan International Bond Opportunities ETF,"The fund tracks the performance of JPMorgan International Bond Opportunities. The underlying portfolio consists of fixed-income debt securities, making market value highly sensitive to interest rates and credit risk."
IBD,Inspire Corporate Bond ETF,"The fund tracks the performance of Inspire Corporate Bond. The underlying portfolio consists of fixed-income debt securities, making market value highly sensitive to interest rates and credit risk."
HYEM,VanEck Emerging Markets High Yield Bond ETF,"The fund tracks the performance of VanEck Emerging Mets High Yield Bond. The underlying portfolio consists of fixed-income debt securities, making market value highly sensitive to interest rates and credit risk."
SPIB,State Street SPDR Portfolio Intermediate Term Corporate Bond ETF,"The fund tracks the performance of State Street Portfolio Intermediate Term Corporate Bond. The underlying portfolio consists of fixed-income debt securities, making market value highly sensitive to interest rates and credit risk."
SKOR,FlexShares Credit-Scored US Corporate Bond Index Fund,"The fund tracks the performance of Flex Credit-Scored US Corporate Bond. The underlying portfolio consists of fixed-income debt securities, making market value highly sensitive to interest rates and credit risk."
CRUX,Columbia Core Bond ETF,"The fund tracks the performance of Columbia Core Bond. The underlying portfolio consists of fixed-income debt securities, making market value highly sensitive to interest rates and credit risk."
IEI,iShares 3-7 Year Treasury Bond ETF,"The fund tracks the performance of 3-7 Year Treasury Bond. The underlying portfolio consists of fixed-income debt securities, making market value highly sensitive to interest rates and credit risk."
XAGG,Eaton Vance Income Opportunities ETF,The fund tracks the performance of Eaton Vance Income Opportunities.
VGIT,Vanguard Intermediate-Term Treasury ETF,"The fund tracks the performance of Intermediate-Term Treasury. The underlying portfolio consists of fixed-income debt securities, making market value highly sensitive to interest rates and credit risk."
SPTI,State Street SPDR Portfolio Intermediate Term Treasury ETF,"The fund tracks the performance of State Street Portfolio Intermediate Term Treasury. The underlying portfolio consists of fixed-income debt securities, making market value highly sensitive to interest rates and credit risk."
SCHR,Schwab Intermediate-Term U.S. Treasury ETF,"The fund tracks the performance of Schwab Intermediate-Term U.S. Treasury. The underlying portfolio consists of fixed-income debt securities, making market value highly sensitive to interest rates and credit risk."
NUAG,Nuveen Enhanced Yield U.S. Aggregate Bond ETF,"The fund tracks the performance of Nuveen Enhanced Yield U.S. Aggregate Bond. The underlying portfolio consists of fixed-income debt securities, making market value highly sensitive to interest rates and credit risk."
UITB,VictoryShares Core Intermediate Bond ETF,"The fund tracks the performance of Victory Core Intermediate Bond. The underlying portfolio consists of fixed-income debt securities, making market value highly sensitive to interest rates and credit risk."
KORP,American Century Diversified Corporate Bond ETF,"The fund tracks the performance of American Century Diversified Corporate Bond. The underlying portfolio consists of fixed-income debt securities, making market value highly sensitive to interest rates and credit risk."
JCPB,JPMorgan Core Plus Bond ETF,"The fund tracks the performance of JPMorgan Core Plus Bond. The underlying portfolio consists of fixed-income debt securities, making market value highly sensitive to interest rates and credit risk."
FBND,Fidelity Total Bond ETF,"The fund tracks the performance of Fidelity Total Bond. The underlying portfolio consists of fixed-income debt securities, making market value highly sensitive to interest rates and credit risk."
IGEB,iShares Investment Grade Systematic Bond ETF,"The fund tracks the performance of Investment Grade Systematic Bond. The underlying portfolio consists of fixed-income debt securities, making market value highly sensitive to interest rates and credit risk."
JMBS,Janus Henderson Mortgage-Backed Securities ETF,The fund tracks the performance of Janus Henderson Mortgage-Backed Securities.
IEF,iShares 7-10 Year Treasury Bond ETF,"The fund tracks the performance of 7-10 Year Treasury Bond. The underlying portfolio consists of fixed-income debt securities, making market value highly sensitive to interest rates and credit risk."
BIV,Vanguard Intermediate-Term Bond ETF,"The fund tracks the performance of Intermediate-Term Bond. The underlying portfolio consists of fixed-income debt securities, making market value highly sensitive to interest rates and credit risk."
SYSB,iShares Systematic Bond ETF,"The fund tracks the performance of Systematic Bond. The underlying portfolio consists of fixed-income debt securities, making market value highly sensitive to interest rates and credit risk."
VCIT,Vanguard Intermediate-Term Corporate Bond ETF,"The fund tracks the performance of Intermediate-Term Corporate Bond. The underlying portfolio consists of fixed-income debt securities, making market value highly sensitive to interest rates and credit risk."
IGIB,iShares 5-10 Year Investment Grade Corporate Bond ETF,"The fund tracks the performance of 5-10 Year Investment Grade Corporate Bond. The underlying portfolio consists of fixed-income debt securities, making market value highly sensitive to interest rates and credit risk."
FCOR,Fidelity Corporate Bond ETF,"The fund tracks the performance of Fidelity Corporate Bond. The underlying portfolio consists of fixed-income debt securities, making market value highly sensitive to interest rates and credit risk."
MBSD,FlexShares Disciplined Duration MBS Index Fund,The fund tracks the performance of Flex Disciplined Duration MBS.
VMBS,Vanguard Mortgage-Backed Securities ETF,The fund tracks the performance of Mortgage-Backed Securities.
GOVI,Invesco Equal Weight 0-30 Year Treasury ETF,"The fund tracks the performance of Equal Weight 0-30 Year Treasury. The underlying portfolio consists of fixed-income debt securities, making market value highly sensitive to interest rates and credit risk."
EMHY,iShares J.P. Morgan EM High Yield Bond ETF,"The fund tracks the performance of J.P. Morgan EM High Yield Bond. The underlying portfolio consists of fixed-income debt securities, making market value highly sensitive to interest rates and credit risk."
TLH,iShares 10-20 Year Treasury Bond ETF,"The fund tracks the performance of 10-20 Year Treasury Bond. The underlying portfolio consists of fixed-income debt securities, making market value highly sensitive to interest rates and credit risk."
LKOR,FlexShares Credit-Scored US Long Corporate Bond Index Fund,"The fund tracks the performance of Flex Credit-Scored US Long Corporate Bond. The underlying portfolio consists of fixed-income debt securities, making market value highly sensitive to interest rates and credit risk."
EMBX,VanEck Emerging Markets Bond ETF,"The fund tracks the performance of VanEck Emerging Mets Bond. The underlying portfolio consists of fixed-income debt securities, making market value highly sensitive to interest rates and credit risk."
IGLB,iShares 10  Year Investment Grade Corporate Bond ETF,"The fund tracks the performance of 10 Year Investment Grade Corporate Bond. The underlying portfolio consists of fixed-income debt securities, making market value highly sensitive to interest rates and credit risk."
VCLT,Vanguard Long-Term Corporate Bond ETF,"The fund tracks the performance of Long-Term Corporate Bond. The underlying portfolio consists of fixed-income debt securities, making market value highly sensitive to interest rates and credit risk."
LGOV,First Trust Long Duration Opportunities ETF,The fund tracks the performance of Long Duration Opportunities.
DRSK,Aptus Defined Risk ETF,The fund tracks the performance of Aptus Defined Risk.
BCPL,BNY Mellon Core Plus ETF,The fund tracks the performance of BNY Mellon Core Plus.
FLN,First Trust Latin America AlphaDEX Fund,The fund tracks the performance of Latin America AlphaDEX.
FBT,First Trust Amex Biotech Index Fund,The fund tracks the performance of Amex Biotech.
FLLA,Franklin FTSE Latin America ETF,The fund tracks the performance of Franklin FTSE Latin America.
FLBR,Franklin FTSE Brazil ETF,The fund tracks the performance of Franklin FTSE Brazil.
ICVT,iShares Convertible Bond ETF,"The fund tracks the performance of Convertible Bond. The underlying portfolio consists of fixed-income debt securities, making market value highly sensitive to interest rates and credit risk."
QMOM,Alpha Architect U.S. Quantitative Momentum ETF,The fund tracks the performance of Alpha Architect U.S. Quantitative Momentum.
ARKW,ARK Next Generation Internet ETF,The fund tracks the performance of Next Generation Internet.
EPU,iShares MSCI Peru and Global Exposure ETF,The fund tracks the performance of MSCI Peru and Global Exposure.
COLO,Global X MSCI Colombia ETF,The fund tracks the performance of MSCI Colombia.
TUR,iShares MSCI Turkey ETF,The fund tracks the performance of MSCI Turkey.
FCA,First Trust China AlphaDEX Fund,The fund tracks the performance of China AlphaDEX.
ECH,iShares MSCI Chile ETF,The fund tracks the performance of MSCI Chile.
BBP,Virtus Biotech ETF,The fund tracks the performance of Virtus Biotech.
PTH,Invesco Dorsey Wright Healthcare Momentum ETF,The fund tracks the performance of Dorsey Wright Healthcare Momentum.
IAU,iShares Gold Trust Shares,The fund tracks the performance of Gold Trust. The product physically holds bullion in a secure vault rather than investing in shares of mining companies.
GLD,SPDR Gold Shares,The fund tracks the performance of Gold. The product physically holds bullion in a secure vault rather than investing in shares of mining companies.
XBI,State Street SPDR S&P Biotech ETF,The fund tracks the performance of State Street S&P Biotech.
RING,iShares MSCI Global Gold Miners ETF,The fund tracks the performance of MSCI Global Gold Miners. The portfolio owns publicly traded equity shares of mining companies rather than physical metal.
DBEM,Xtrackers MSCI Emerging Markets Hedged Equity ETF,The fund tracks the performance of Xtrackers MSCI Emerging Mets Hedged Equity.
FDEM,Fidelity Emerging Markets Multifactor ETF,The fund tracks the performance of Fidelity Emerging Mets Multifactor.
SBIO,ALPS Medical Breakthroughs ETF,The fund tracks the performance of ALPS Medical Breakthroughs.
HEEM,iShares Currency Hedged MSCI Emerging Markets ETF,The fund tracks the performance of Currency Hedged MSCI Emerging Mets.
GOEX,Global X Gold Explorers ETF,The fund tracks the performance of Gold Explorers. The portfolio owns publicly traded equity shares of mining companies rather than physical metal.
AIA,iShares Asia 50 ETF,The fund tracks the performance of Asia 50.
BBC,Virtus Biotech Clinical Trials ETF,The fund tracks the performance of Virtus Biotech Clinical Trials.
FPXI,First Trust International Equity Opportunities ETF,The fund tracks the performance of International Equity Opportunities.
