symbol,disposition,evidence_generation,effective_date,report_identity,report_sha256,predicate_version,disposition_reason
AADR,CANONICAL_REMOVE,29066,2026-09-14,wheelwright-universe-disposition-gen29066.md,eb540354ef87f794d0f7c5052cb84dd4cb7ac2e5e9c7b4dd78713d5700eda49e,gen29066-v1,Current incomplete/non-optionable cohort with no retained HAS_EVALUABLE_SURFACES history
AAVM,CANONICAL_REMOVE,29066,2026-09-14,wheelwright-universe-disposition-gen29066.md,eb540354ef87f794d0f7c5052cb84dd4cb7ac2e5e9c7b4dd78713d5700eda49e,gen29066-v1,Current incomplete/non-optionable cohort with no retained HAS_EVALUABLE_SURFACES history
ACSI,CANONICAL_REMOVE,29066,2026-09-14,wheelwright-universe-disposition-gen29066.md,eb540354ef87f794d0f7c5052cb84dd4cb7ac2e5e9c7b4dd78713d5700eda49e,gen29066-v1,Current incomplete/non-optionable cohort with no retained HAS_EVALUABLE_SURFACES history
ADME,CANONICAL_REMOVE,29066,2026-09-14,wheelwright-universe-disposition-gen29066.md,eb540354ef87f794d0f7c5052cb84dd4cb7ac2e5e9c7b4dd78713d5700eda49e,gen29066-v1,Current incomplete/non-optionable cohort with no retained HAS_EVALUABLE_SURFACES history
AKRE,CANONICAL_REMOVE,29066,2026-09-14,wheelwright-universe-disposition-gen29066.md,eb540354ef87f794d0f7c5052cb84dd4cb7ac2e5e9c7b4dd78713d5700eda49e,gen29066-v1,Current incomplete/non-optionable cohort with no retained HAS_EVALUABLE_SURFACES history
AMUB,CANONICAL_REMOVE,29066,2026-09-14,wheelwright-universe-disposition-gen29066.md,eb540354ef87f794d0f7c5052cb84dd4cb7ac2e5e9c7b4dd78713d5700eda49e,gen29066-v1,Current incomplete/non-optionable cohort with no retained HAS_EVALUABLE_SURFACES history
AMUN,CANONICAL_REMOVE,29066,2026-09-14,wheelwright-universe-disposition-gen29066.md,eb540354ef87f794d0f7c5052cb84dd4cb7ac2e5e9c7b4dd78713d5700eda49e,gen29066-v1,Current incomplete/non-optionable cohort with no retained HAS_EVALUABLE_SURFACES history
AOK,CANONICAL_REMOVE,29066,2026-09-14,wheelwright-universe-disposition-gen29066.md,eb540354ef87f794d0f7c5052cb84dd4cb7ac2e5e9c7b4dd78713d5700eda49e,gen29066-v1,Current incomplete/non-optionable cohort with no retained HAS_EVALUABLE_SURFACES history
ASCI,CANONICAL_REMOVE,29066,2026-09-14,wheelwright-universe-disposition-gen29066.md,eb540354ef87f794d0f7c5052cb84dd4cb7ac2e5e9c7b4dd78713d5700eda49e,gen29066-v1,Current incomplete/non-optionable cohort with no retained HAS_EVALUABLE_SURFACES history
AUSF,CANONICAL_REMOVE,29066,2026-09-14,wheelwright-universe-disposition-gen29066.md,eb540354ef87f794d0f7c5052cb84dd4cb7ac2e5e9c7b4dd78713d5700eda49e,gen29066-v1,Current incomplete/non-optionable cohort with no retained HAS_EVALUABLE_SURFACES history
BAPR,CANONICAL_REMOVE,29066,2026-09-14,wheelwright-universe-disposition-gen29066.md,eb540354ef87f794d0f7c5052cb84dd4cb7ac2e5e9c7b4dd78713d5700eda49e,gen29066-v1,Current incomplete/non-optionable cohort with no retained HAS_EVALUABLE_SURFACES history
BBHY,CANONICAL_REMOVE,29066,2026-09-14,wheelwright-universe-disposition-gen29066.md,eb540354ef87f794d0f7c5052cb84dd4cb7ac2e5e9c7b4dd78713d5700eda49e,gen29066-v1,Current incomplete/non-optionable cohort with no retained HAS_EVALUABLE_SURFACES history
BBRE,CANONICAL_REMOVE,29066,2026-09-14,wheelwright-universe-disposition-gen29066.md,eb540354ef87f794d0f7c5052cb84dd4cb7ac2e5e9c7b4dd78713d5700eda49e,gen29066-v1,Current incomplete/non-optionable cohort with no retained HAS_EVALUABLE_SURFACES history
BCPL,CANONICAL_REMOVE,29066,2026-09-14,wheelwright-universe-disposition-gen29066.md,eb540354ef87f794d0f7c5052cb84dd4cb7ac2e5e9c7b4dd78713d5700eda49e,gen29066-v1,Current incomplete/non-optionable cohort with no retained HAS_EVALUABLE_SURFACES history
BDCZ,CANONICAL_REMOVE,29066,2026-09-14,wheelwright-universe-disposition-gen29066.md,eb540354ef87f794d0f7c5052cb84dd4cb7ac2e5e9c7b4dd78713d5700eda49e,gen29066-v1,Current incomplete/non-optionable cohort with no retained HAS_EVALUABLE_SURFACES history
BDVL,CANONICAL_REMOVE,29066,2026-09-14,wheelwright-universe-disposition-gen29066.md,eb540354ef87f794d0f7c5052cb84dd4cb7ac2e5e9c7b4dd78713d5700eda49e,gen29066-v1,Current incomplete/non-optionable cohort with no retained HAS_EVALUABLE_SURFACES history
BDYN,CANONICAL_REMOVE,29066,2026-09-14,wheelwright-universe-disposition-gen29066.md,eb540354ef87f794d0f7c5052cb84dd4cb7ac2e5e9c7b4dd78713d5700eda49e,gen29066-v1,Current incomplete/non-optionable cohort with no retained HAS_EVALUABLE_SURFACES history
BEDY,CANONICAL_REMOVE,29066,2026-09-14,wheelwright-universe-disposition-gen29066.md,eb540354ef87f794d0f7c5052cb84dd4cb7ac2e5e9c7b4dd78713d5700eda49e,gen29066-v1,Current incomplete/non-optionable cohort with no retained HAS_EVALUABLE_SURFACES history
BGGG,CANONICAL_REMOVE,29066,2026-09-14,wheelwright-universe-disposition-gen29066.md,eb540354ef87f794d0f7c5052cb84dd4cb7ac2e5e9c7b4dd78713d5700eda49e,gen29066-v1,Current incomplete/non-optionable cohort with no retained HAS_EVALUABLE_SURFACES history
BJAN,CANONICAL_REMOVE,29066,2026-09-14,wheelwright-universe-disposition-gen29066.md,eb540354ef87f794d0f7c5052cb84dd4cb7ac2e5e9c7b4dd78713d5700eda49e,gen29066-v1,Current incomplete/non-optionable cohort with no retained HAS_EVALUABLE_SURFACES history
BJUL,CANONICAL_REMOVE,29066,2026-09-14,wheelwright-universe-disposition-gen29066.md,eb540354ef87f794d0f7c5052cb84dd4cb7ac2e5e9c7b4dd78713d5700eda49e,gen29066-v1,Current incomplete/non-optionable cohort with no retained HAS_EVALUABLE_SURFACES history
BKCG,CANONICAL_REMOVE,29066,2026-09-14,wheelwright-universe-disposition-gen29066.md,eb540354ef87f794d0f7c5052cb84dd4cb7ac2e5e9c7b4dd78713d5700eda49e,gen29066-v1,Current incomplete/non-optionable cohort with no retained HAS_EVALUABLE_SURFACES history
BKFI,CANONICAL_REMOVE,29066,2026-09-14,wheelwright-universe-disposition-gen29066.md,eb540354ef87f794d0f7c5052cb84dd4cb7ac2e5e9c7b4dd78713d5700eda49e,gen29066-v1,Current incomplete/non-optionable cohort with no retained HAS_EVALUABLE_SURFACES history
BKMI,CANONICAL_REMOVE,29066,2026-09-14,wheelwright-universe-disposition-gen29066.md,eb540354ef87f794d0f7c5052cb84dd4cb7ac2e5e9c7b4dd78713d5700eda49e,gen29066-v1,Current incomplete/non-optionable cohort with no retained HAS_EVALUABLE_SURFACES history
BLDX,CANONICAL_REMOVE,29066,2026-09-14,wheelwright-universe-disposition-gen29066.md,eb540354ef87f794d0f7c5052cb84dd4cb7ac2e5e9c7b4dd78713d5700eda49e,gen29066-v1,Current incomplete/non-optionable cohort with no retained HAS_EVALUABLE_SURFACES history
BLES,CANONICAL_REMOVE,29066,2026-09-14,wheelwright-universe-disposition-gen29066.md,eb540354ef87f794d0f7c5052cb84dd4cb7ac2e5e9c7b4dd78713d5700eda49e,gen29066-v1,Current incomplete/non-optionable cohort with no retained HAS_EVALUABLE_SURFACES history
BMOP,CANONICAL_REMOVE,29066,2026-09-14,wheelwright-universe-disposition-gen29066.md,eb540354ef87f794d0f7c5052cb84dd4cb7ac2e5e9c7b4dd78713d5700eda49e,gen29066-v1,Current incomplete/non-optionable cohort with no retained HAS_EVALUABLE_SURFACES history
BMVP,CANONICAL_REMOVE,29066,2026-09-14,wheelwright-universe-disposition-gen29066.md,eb540354ef87f794d0f7c5052cb84dd4cb7ac2e5e9c7b4dd78713d5700eda49e,gen29066-v1,Current incomplete/non-optionable cohort with no retained HAS_EVALUABLE_SURFACES history
BOCT,CANONICAL_REMOVE,29066,2026-09-14,wheelwright-universe-disposition-gen29066.md,eb540354ef87f794d0f7c5052cb84dd4cb7ac2e5e9c7b4dd78713d5700eda49e,gen29066-v1,Current incomplete/non-optionable cohort with no retained HAS_EVALUABLE_SURFACES history
BOUT,CANONICAL_REMOVE,29066,2026-09-14,wheelwright-universe-disposition-gen29066.md,eb540354ef87f794d0f7c5052cb84dd4cb7ac2e5e9c7b4dd78713d5700eda49e,gen29066-v1,Current incomplete/non-optionable cohort with no retained HAS_EVALUABLE_SURFACES history
BSJQ,CANONICAL_REMOVE,29066,2026-09-14,wheelwright-universe-disposition-gen29066.md,eb540354ef87f794d0f7c5052cb84dd4cb7ac2e5e9c7b4dd78713d5700eda49e,gen29066-v1,Current incomplete/non-optionable cohort with no retained HAS_EVALUABLE_SURFACES history
BUFF,CANONICAL_REMOVE,29066,2026-09-14,wheelwright-universe-disposition-gen29066.md,eb540354ef87f794d0f7c5052cb84dd4cb7ac2e5e9c7b4dd78713d5700eda49e,gen29066-v1,Current incomplete/non-optionable cohort with no retained HAS_EVALUABLE_SURFACES history
BWVTF,CANONICAL_REMOVE,29066,2026-09-14,wheelwright-universe-disposition-gen29066.md,eb540354ef87f794d0f7c5052cb84dd4cb7ac2e5e9c7b4dd78713d5700eda49e,gen29066-v1,Current incomplete/non-optionable cohort with no retained HAS_EVALUABLE_SURFACES history
CAM,CANONICAL_REMOVE,29066,2026-09-14,wheelwright-universe-disposition-gen29066.md,eb540354ef87f794d0f7c5052cb84dd4cb7ac2e5e9c7b4dd78713d5700eda49e,gen29066-v1,Current incomplete/non-optionable cohort with no retained HAS_EVALUABLE_SURFACES history
CBON,CANONICAL_REMOVE,29066,2026-09-14,wheelwright-universe-disposition-gen29066.md,eb540354ef87f794d0f7c5052cb84dd4cb7ac2e5e9c7b4dd78713d5700eda49e,gen29066-v1,Current incomplete/non-optionable cohort with no retained HAS_EVALUABLE_SURFACES history
CEFS,CANONICAL_REMOVE,29066,2026-09-14,wheelwright-universe-disposition-gen29066.md,eb540354ef87f794d0f7c5052cb84dd4cb7ac2e5e9c7b4dd78713d5700eda49e,gen29066-v1,Current incomplete/non-optionable cohort with no retained HAS_EVALUABLE_SURFACES history
CEFZ,CANONICAL_REMOVE,29066,2026-09-14,wheelwright-universe-disposition-gen29066.md,eb540354ef87f794d0f7c5052cb84dd4cb7ac2e5e9c7b4dd78713d5700eda49e,gen29066-v1,Current incomplete/non-optionable cohort with no retained HAS_EVALUABLE_SURFACES history
CRUX,CANONICAL_REMOVE,29066,2026-09-14,wheelwright-universe-disposition-gen29066.md,eb540354ef87f794d0f7c5052cb84dd4cb7ac2e5e9c7b4dd78713d5700eda49e,gen29066-v1,Current incomplete/non-optionable cohort with no retained HAS_EVALUABLE_SURFACES history
CSEN,CANONICAL_REMOVE,29066,2026-09-14,wheelwright-universe-disposition-gen29066.md,eb540354ef87f794d0f7c5052cb84dd4cb7ac2e5e9c7b4dd78713d5700eda49e,gen29066-v1,Current incomplete/non-optionable cohort with no retained HAS_EVALUABLE_SURFACES history
CZA,CANONICAL_REMOVE,29066,2026-09-14,wheelwright-universe-disposition-gen29066.md,eb540354ef87f794d0f7c5052cb84dd4cb7ac2e5e9c7b4dd78713d5700eda49e,gen29066-v1,Current incomplete/non-optionable cohort with no retained HAS_EVALUABLE_SURFACES history
DAGXF,CANONICAL_REMOVE,29066,2026-09-14,wheelwright-universe-disposition-gen29066.md,eb540354ef87f794d0f7c5052cb84dd4cb7ac2e5e9c7b4dd78713d5700eda49e,gen29066-v1,Current incomplete/non-optionable cohort with no retained HAS_EVALUABLE_SURFACES history
DALI,CANONICAL_REMOVE,29066,2026-09-14,wheelwright-universe-disposition-gen29066.md,eb540354ef87f794d0f7c5052cb84dd4cb7ac2e5e9c7b4dd78713d5700eda49e,gen29066-v1,Current incomplete/non-optionable cohort with no retained HAS_EVALUABLE_SURFACES history
DBAW,CANONICAL_REMOVE,29066,2026-09-14,wheelwright-universe-disposition-gen29066.md,eb540354ef87f794d0f7c5052cb84dd4cb7ac2e5e9c7b4dd78713d5700eda49e,gen29066-v1,Current incomplete/non-optionable cohort with no retained HAS_EVALUABLE_SURFACES history
DDIV,CANONICAL_REMOVE,29066,2026-09-14,wheelwright-universe-disposition-gen29066.md,eb540354ef87f794d0f7c5052cb84dd4cb7ac2e5e9c7b4dd78713d5700eda49e,gen29066-v1,Current incomplete/non-optionable cohort with no retained HAS_EVALUABLE_SURFACES history
DEEF,CANONICAL_REMOVE,29066,2026-09-14,wheelwright-universe-disposition-gen29066.md,eb540354ef87f794d0f7c5052cb84dd4cb7ac2e5e9c7b4dd78713d5700eda49e,gen29066-v1,Current incomplete/non-optionable cohort with no retained HAS_EVALUABLE_SURFACES history
DGRE,CANONICAL_REMOVE,29066,2026-09-14,wheelwright-universe-disposition-gen29066.md,eb540354ef87f794d0f7c5052cb84dd4cb7ac2e5e9c7b4dd78713d5700eda49e,gen29066-v1,Current incomplete/non-optionable cohort with no retained HAS_EVALUABLE_SURFACES history
DGZ,CANONICAL_REMOVE,29066,2026-09-14,wheelwright-universe-disposition-gen29066.md,eb540354ef87f794d0f7c5052cb84dd4cb7ac2e5e9c7b4dd78713d5700eda49e,gen29066-v1,Current incomplete/non-optionable cohort with no retained HAS_EVALUABLE_SURFACES history
DIEM,CANONICAL_REMOVE,29066,2026-09-14,wheelwright-universe-disposition-gen29066.md,eb540354ef87f794d0f7c5052cb84dd4cb7ac2e5e9c7b4dd78713d5700eda49e,gen29066-v1,Current incomplete/non-optionable cohort with no retained HAS_EVALUABLE_SURFACES history
DIM,CANONICAL_REMOVE,29066,2026-09-14,wheelwright-universe-disposition-gen29066.md,eb540354ef87f794d0f7c5052cb84dd4cb7ac2e5e9c7b4dd78713d5700eda49e,gen29066-v1,Current incomplete/non-optionable cohort with no retained HAS_EVALUABLE_SURFACES history
DSTL,CANONICAL_REMOVE,29066,2026-09-14,wheelwright-universe-disposition-gen29066.md,eb540354ef87f794d0f7c5052cb84dd4cb7ac2e5e9c7b4dd78713d5700eda49e,gen29066-v1,Current incomplete/non-optionable cohort with no retained HAS_EVALUABLE_SURFACES history
DTRE,CANONICAL_REMOVE,29066,2026-09-14,wheelwright-universe-disposition-gen29066.md,eb540354ef87f794d0f7c5052cb84dd4cb7ac2e5e9c7b4dd78713d5700eda49e,gen29066-v1,Current incomplete/non-optionable cohort with no retained HAS_EVALUABLE_SURFACES history
DVLU,CANONICAL_REMOVE,29066,2026-09-14,wheelwright-universe-disposition-gen29066.md,eb540354ef87f794d0f7c5052cb84dd4cb7ac2e5e9c7b4dd78713d5700eda49e,gen29066-v1,Current incomplete/non-optionable cohort with no retained HAS_EVALUABLE_SURFACES history
DVYA,CANONICAL_REMOVE,29066,2026-09-14,wheelwright-universe-disposition-gen29066.md,eb540354ef87f794d0f7c5052cb84dd4cb7ac2e5e9c7b4dd78713d5700eda49e,gen29066-v1,Current incomplete/non-optionable cohort with no retained HAS_EVALUABLE_SURFACES history
DWMF,CANONICAL_REMOVE,29066,2026-09-14,wheelwright-universe-disposition-gen29066.md,eb540354ef87f794d0f7c5052cb84dd4cb7ac2e5e9c7b4dd78713d5700eda49e,gen29066-v1,Current incomplete/non-optionable cohort with no retained HAS_EVALUABLE_SURFACES history
DZZ,CANONICAL_REMOVE,29066,2026-09-14,wheelwright-universe-disposition-gen29066.md,eb540354ef87f794d0f7c5052cb84dd4cb7ac2e5e9c7b4dd78713d5700eda49e,gen29066-v1,Current incomplete/non-optionable cohort with no retained HAS_EVALUABLE_SURFACES history
EASG,CANONICAL_REMOVE,29066,2026-09-14,wheelwright-universe-disposition-gen29066.md,eb540354ef87f794d0f7c5052cb84dd4cb7ac2e5e9c7b4dd78713d5700eda49e,gen29066-v1,Current incomplete/non-optionable cohort with no retained HAS_EVALUABLE_SURFACES history
EDEN,CANONICAL_REMOVE,29066,2026-09-14,wheelwright-universe-disposition-gen29066.md,eb540354ef87f794d0f7c5052cb84dd4cb7ac2e5e9c7b4dd78713d5700eda49e,gen29066-v1,Current incomplete/non-optionable cohort with no retained HAS_EVALUABLE_SURFACES history
EDOG,CANONICAL_REMOVE,29066,2026-09-14,wheelwright-universe-disposition-gen29066.md,eb540354ef87f794d0f7c5052cb84dd4cb7ac2e5e9c7b4dd78713d5700eda49e,gen29066-v1,Current incomplete/non-optionable cohort with no retained HAS_EVALUABLE_SURFACES history
EDOW,CANONICAL_REMOVE,29066,2026-09-14,wheelwright-universe-disposition-gen29066.md,eb540354ef87f794d0f7c5052cb84dd4cb7ac2e5e9c7b4dd78713d5700eda49e,gen29066-v1,Current incomplete/non-optionable cohort with no retained HAS_EVALUABLE_SURFACES history
EFNL,CANONICAL_REMOVE,29066,2026-09-14,wheelwright-universe-disposition-gen29066.md,eb540354ef87f794d0f7c5052cb84dd4cb7ac2e5e9c7b4dd78713d5700eda49e,gen29066-v1,Current incomplete/non-optionable cohort with no retained HAS_EVALUABLE_SURFACES history
EIRL,CANONICAL_REMOVE,29066,2026-09-14,wheelwright-universe-disposition-gen29066.md,eb540354ef87f794d0f7c5052cb84dd4cb7ac2e5e9c7b4dd78713d5700eda49e,gen29066-v1,Current incomplete/non-optionable cohort with no retained HAS_EVALUABLE_SURFACES history
EIS,CANONICAL_REMOVE,29066,2026-09-14,wheelwright-universe-disposition-gen29066.md,eb540354ef87f794d0f7c5052cb84dd4cb7ac2e5e9c7b4dd78713d5700eda49e,gen29066-v1,Current incomplete/non-optionable cohort with no retained HAS_EVALUABLE_SURFACES history
EMBX,CANONICAL_REMOVE,29066,2026-09-14,wheelwright-universe-disposition-gen29066.md,eb540354ef87f794d0f7c5052cb84dd4cb7ac2e5e9c7b4dd78713d5700eda49e,gen29066-v1,Current incomplete/non-optionable cohort with no retained HAS_EVALUABLE_SURFACES history
EMCR,CANONICAL_REMOVE,29066,2026-09-14,wheelwright-universe-disposition-gen29066.md,eb540354ef87f794d0f7c5052cb84dd4cb7ac2e5e9c7b4dd78713d5700eda49e,gen29066-v1,Current incomplete/non-optionable cohort with no retained HAS_EVALUABLE_SURFACES history
EMHY,CANONICAL_REMOVE,29066,2026-09-14,wheelwright-universe-disposition-gen29066.md,eb540354ef87f794d0f7c5052cb84dd4cb7ac2e5e9c7b4dd78713d5700eda49e,gen29066-v1,Current incomplete/non-optionable cohort with no retained HAS_EVALUABLE_SURFACES history
EMIF,CANONICAL_REMOVE,29066,2026-09-14,wheelwright-universe-disposition-gen29066.md,eb540354ef87f794d0f7c5052cb84dd4cb7ac2e5e9c7b4dd78713d5700eda49e,gen29066-v1,Current incomplete/non-optionable cohort with no retained HAS_EVALUABLE_SURFACES history
EMM,CANONICAL_REMOVE,29066,2026-09-14,wheelwright-universe-disposition-gen29066.md,eb540354ef87f794d0f7c5052cb84dd4cb7ac2e5e9c7b4dd78713d5700eda49e,gen29066-v1,Current incomplete/non-optionable cohort with no retained HAS_EVALUABLE_SURFACES history
EMMF,CANONICAL_REMOVE,29066,2026-09-14,wheelwright-universe-disposition-gen29066.md,eb540354ef87f794d0f7c5052cb84dd4cb7ac2e5e9c7b4dd78713d5700eda49e,gen29066-v1,Current incomplete/non-optionable cohort with no retained HAS_EVALUABLE_SURFACES history
EMOP,CANONICAL_REMOVE,29066,2026-09-14,wheelwright-universe-disposition-gen29066.md,eb540354ef87f794d0f7c5052cb84dd4cb7ac2e5e9c7b4dd78713d5700eda49e,gen29066-v1,Current incomplete/non-optionable cohort with no retained HAS_EVALUABLE_SURFACES history
ENOR,CANONICAL_REMOVE,29066,2026-09-14,wheelwright-universe-disposition-gen29066.md,eb540354ef87f794d0f7c5052cb84dd4cb7ac2e5e9c7b4dd78713d5700eda49e,gen29066-v1,Current incomplete/non-optionable cohort with no retained HAS_EVALUABLE_SURFACES history
EPRF,CANONICAL_REMOVE,29066,2026-09-14,wheelwright-universe-disposition-gen29066.md,eb540354ef87f794d0f7c5052cb84dd4cb7ac2e5e9c7b4dd78713d5700eda49e,gen29066-v1,Current incomplete/non-optionable cohort with no retained HAS_EVALUABLE_SURFACES history
EPS,CANONICAL_REMOVE,29066,2026-09-14,wheelwright-universe-disposition-gen29066.md,eb540354ef87f794d0f7c5052cb84dd4cb7ac2e5e9c7b4dd78713d5700eda49e,gen29066-v1,Current incomplete/non-optionable cohort with no retained HAS_EVALUABLE_SURFACES history
EQIN,CANONICAL_REMOVE,29066,2026-09-14,wheelwright-universe-disposition-gen29066.md,eb540354ef87f794d0f7c5052cb84dd4cb7ac2e5e9c7b4dd78713d5700eda49e,gen29066-v1,Current incomplete/non-optionable cohort with no retained HAS_EVALUABLE_SURFACES history
EQRR,CANONICAL_REMOVE,29066,2026-09-14,wheelwright-universe-disposition-gen29066.md,eb540354ef87f794d0f7c5052cb84dd4cb7ac2e5e9c7b4dd78713d5700eda49e,gen29066-v1,Current incomplete/non-optionable cohort with no retained HAS_EVALUABLE_SURFACES history
ESG,CANONICAL_REMOVE,29066,2026-09-14,wheelwright-universe-disposition-gen29066.md,eb540354ef87f794d0f7c5052cb84dd4cb7ac2e5e9c7b4dd78713d5700eda49e,gen29066-v1,Current incomplete/non-optionable cohort with no retained HAS_EVALUABLE_SURFACES history
ESGD,CANONICAL_REMOVE,29066,2026-09-14,wheelwright-universe-disposition-gen29066.md,eb540354ef87f794d0f7c5052cb84dd4cb7ac2e5e9c7b4dd78713d5700eda49e,gen29066-v1,Current incomplete/non-optionable cohort with no retained HAS_EVALUABLE_SURFACES history
ESGG,CANONICAL_REMOVE,29066,2026-09-14,wheelwright-universe-disposition-gen29066.md,eb540354ef87f794d0f7c5052cb84dd4cb7ac2e5e9c7b4dd78713d5700eda49e,gen29066-v1,Current incomplete/non-optionable cohort with no retained HAS_EVALUABLE_SURFACES history
ETHO,CANONICAL_REMOVE,29066,2026-09-14,wheelwright-universe-disposition-gen29066.md,eb540354ef87f794d0f7c5052cb84dd4cb7ac2e5e9c7b4dd78713d5700eda49e,gen29066-v1,Current incomplete/non-optionable cohort with no retained HAS_EVALUABLE_SURFACES history
EUDV,CANONICAL_REMOVE,29066,2026-09-14,wheelwright-universe-disposition-gen29066.md,eb540354ef87f794d0f7c5052cb84dd4cb7ac2e5e9c7b4dd78713d5700eda49e,gen29066-v1,Current incomplete/non-optionable cohort with no retained HAS_EVALUABLE_SURFACES history
EVMO,CANONICAL_REMOVE,29066,2026-09-14,wheelwright-universe-disposition-gen29066.md,eb540354ef87f794d0f7c5052cb84dd4cb7ac2e5e9c7b4dd78713d5700eda49e,gen29066-v1,Current incomplete/non-optionable cohort with no retained HAS_EVALUABLE_SURFACES history
EWJV,CANONICAL_REMOVE,29066,2026-09-14,wheelwright-universe-disposition-gen29066.md,eb540354ef87f794d0f7c5052cb84dd4cb7ac2e5e9c7b4dd78713d5700eda49e,gen29066-v1,Current incomplete/non-optionable cohort with no retained HAS_EVALUABLE_SURFACES history
EWO,CANONICAL_REMOVE,29066,2026-09-14,wheelwright-universe-disposition-gen29066.md,eb540354ef87f794d0f7c5052cb84dd4cb7ac2e5e9c7b4dd78713d5700eda49e,gen29066-v1,Current incomplete/non-optionable cohort with no retained HAS_EVALUABLE_SURFACES history
EYLD,CANONICAL_REMOVE,29066,2026-09-14,wheelwright-universe-disposition-gen29066.md,eb540354ef87f794d0f7c5052cb84dd4cb7ac2e5e9c7b4dd78713d5700eda49e,gen29066-v1,Current incomplete/non-optionable cohort with no retained HAS_EVALUABLE_SURFACES history
FAAR,CANONICAL_REMOVE,29066,2026-09-14,wheelwright-universe-disposition-gen29066.md,eb540354ef87f794d0f7c5052cb84dd4cb7ac2e5e9c7b4dd78713d5700eda49e,gen29066-v1,Current incomplete/non-optionable cohort with no retained HAS_EVALUABLE_SURFACES history
FCAL,CANONICAL_REMOVE,29066,2026-09-14,wheelwright-universe-disposition-gen29066.md,eb540354ef87f794d0f7c5052cb84dd4cb7ac2e5e9c7b4dd78713d5700eda49e,gen29066-v1,Current incomplete/non-optionable cohort with no retained HAS_EVALUABLE_SURFACES history
FCEF,CANONICAL_REMOVE,29066,2026-09-14,wheelwright-universe-disposition-gen29066.md,eb540354ef87f794d0f7c5052cb84dd4cb7ac2e5e9c7b4dd78713d5700eda49e,gen29066-v1,Current incomplete/non-optionable cohort with no retained HAS_EVALUABLE_SURFACES history
FCOR,CANONICAL_REMOVE,29066,2026-09-14,wheelwright-universe-disposition-gen29066.md,eb540354ef87f794d0f7c5052cb84dd4cb7ac2e5e9c7b4dd78713d5700eda49e,gen29066-v1,Current incomplete/non-optionable cohort with no retained HAS_EVALUABLE_SURFACES history
FCTR,CANONICAL_REMOVE,29066,2026-09-14,wheelwright-universe-disposition-gen29066.md,eb540354ef87f794d0f7c5052cb84dd4cb7ac2e5e9c7b4dd78713d5700eda49e,gen29066-v1,Current incomplete/non-optionable cohort with no retained HAS_EVALUABLE_SURFACES history
FCVT,CANONICAL_REMOVE,29066,2026-09-14,wheelwright-universe-disposition-gen29066.md,eb540354ef87f794d0f7c5052cb84dd4cb7ac2e5e9c7b4dd78713d5700eda49e,gen29066-v1,Current incomplete/non-optionable cohort with no retained HAS_EVALUABLE_SURFACES history
FDD,CANONICAL_REMOVE,29066,2026-09-14,wheelwright-universe-disposition-gen29066.md,eb540354ef87f794d0f7c5052cb84dd4cb7ac2e5e9c7b4dd78713d5700eda49e,gen29066-v1,Current incomplete/non-optionable cohort with no retained HAS_EVALUABLE_SURFACES history
FDHY,CANONICAL_REMOVE,29066,2026-09-14,wheelwright-universe-disposition-gen29066.md,eb540354ef87f794d0f7c5052cb84dd4cb7ac2e5e9c7b4dd78713d5700eda49e,gen29066-v1,Current incomplete/non-optionable cohort with no retained HAS_EVALUABLE_SURFACES history
FDM,CANONICAL_REMOVE,29066,2026-09-14,wheelwright-universe-disposition-gen29066.md,eb540354ef87f794d0f7c5052cb84dd4cb7ac2e5e9c7b4dd78713d5700eda49e,gen29066-v1,Current incomplete/non-optionable cohort with no retained HAS_EVALUABLE_SURFACES history
FDTS,CANONICAL_REMOVE,29066,2026-09-14,wheelwright-universe-disposition-gen29066.md,eb540354ef87f794d0f7c5052cb84dd4cb7ac2e5e9c7b4dd78713d5700eda49e,gen29066-v1,Current incomplete/non-optionable cohort with no retained HAS_EVALUABLE_SURFACES history
FFIU,CANONICAL_REMOVE,29066,2026-09-14,wheelwright-universe-disposition-gen29066.md,eb540354ef87f794d0f7c5052cb84dd4cb7ac2e5e9c7b4dd78713d5700eda49e,gen29066-v1,Current incomplete/non-optionable cohort with no retained HAS_EVALUABLE_SURFACES history
FKU,CANONICAL_REMOVE,29066,2026-09-14,wheelwright-universe-disposition-gen29066.md,eb540354ef87f794d0f7c5052cb84dd4cb7ac2e5e9c7b4dd78713d5700eda49e,gen29066-v1,Current incomplete/non-optionable cohort with no retained HAS_EVALUABLE_SURFACES history
FLAU,CANONICAL_REMOVE,29066,2026-09-14,wheelwright-universe-disposition-gen29066.md,eb540354ef87f794d0f7c5052cb84dd4cb7ac2e5e9c7b4dd78713d5700eda49e,gen29066-v1,Current incomplete/non-optionable cohort with no retained HAS_EVALUABLE_SURFACES history
FLBL,CANONICAL_REMOVE,29066,2026-09-14,wheelwright-universe-disposition-gen29066.md,eb540354ef87f794d0f7c5052cb84dd4cb7ac2e5e9c7b4dd78713d5700eda49e,gen29066-v1,Current incomplete/non-optionable cohort with no retained HAS_EVALUABLE_SURFACES history
FLCA,CANONICAL_REMOVE,29066,2026-09-14,wheelwright-universe-disposition-gen29066.md,eb540354ef87f794d0f7c5052cb84dd4cb7ac2e5e9c7b4dd78713d5700eda49e,gen29066-v1,Current incomplete/non-optionable cohort with no retained HAS_EVALUABLE_SURFACES history
FLGB,CANONICAL_REMOVE,29066,2026-09-14,wheelwright-universe-disposition-gen29066.md,eb540354ef87f794d0f7c5052cb84dd4cb7ac2e5e9c7b4dd78713d5700eda49e,gen29066-v1,Current incomplete/non-optionable cohort with no retained HAS_EVALUABLE_SURFACES history
FLHY,CANONICAL_REMOVE,29066,2026-09-14,wheelwright-universe-disposition-gen29066.md,eb540354ef87f794d0f7c5052cb84dd4cb7ac2e5e9c7b4dd78713d5700eda49e,gen29066-v1,Current incomplete/non-optionable cohort with no retained HAS_EVALUABLE_SURFACES history
FLLA,CANONICAL_REMOVE,29066,2026-09-14,wheelwright-universe-disposition-gen29066.md,eb540354ef87f794d0f7c5052cb84dd4cb7ac2e5e9c7b4dd78713d5700eda49e,gen29066-v1,Current incomplete/non-optionable cohort with no retained HAS_EVALUABLE_SURFACES history
FLMI,CANONICAL_REMOVE,29066,2026-09-14,wheelwright-universe-disposition-gen29066.md,eb540354ef87f794d0f7c5052cb84dd4cb7ac2e5e9c7b4dd78713d5700eda49e,gen29066-v1,Current incomplete/non-optionable cohort with no retained HAS_EVALUABLE_SURFACES history
FLN,CANONICAL_REMOVE,29066,2026-09-14,wheelwright-universe-disposition-gen29066.md,eb540354ef87f794d0f7c5052cb84dd4cb7ac2e5e9c7b4dd78713d5700eda49e,gen29066-v1,Current incomplete/non-optionable cohort with no retained HAS_EVALUABLE_SURFACES history
FLOT,CANONICAL_REMOVE,29066,2026-09-14,wheelwright-universe-disposition-gen29066.md,eb540354ef87f794d0f7c5052cb84dd4cb7ac2e5e9c7b4dd78713d5700eda49e,gen29066-v1,Current incomplete/non-optionable cohort with no retained HAS_EVALUABLE_SURFACES history
FLQS,CANONICAL_REMOVE,29066,2026-09-14,wheelwright-universe-disposition-gen29066.md,eb540354ef87f794d0f7c5052cb84dd4cb7ac2e5e9c7b4dd78713d5700eda49e,gen29066-v1,Current incomplete/non-optionable cohort with no retained HAS_EVALUABLE_SURFACES history
FLRT,CANONICAL_REMOVE,29066,2026-09-14,wheelwright-universe-disposition-gen29066.md,eb540354ef87f794d0f7c5052cb84dd4cb7ac2e5e9c7b4dd78713d5700eda49e,gen29066-v1,Current incomplete/non-optionable cohort with no retained HAS_EVALUABLE_SURFACES history
FLSA,CANONICAL_REMOVE,29066,2026-09-14,wheelwright-universe-disposition-gen29066.md,eb540354ef87f794d0f7c5052cb84dd4cb7ac2e5e9c7b4dd78713d5700eda49e,gen29066-v1,Current incomplete/non-optionable cohort with no retained HAS_EVALUABLE_SURFACES history
FLSW,CANONICAL_REMOVE,29066,2026-09-14,wheelwright-universe-disposition-gen29066.md,eb540354ef87f794d0f7c5052cb84dd4cb7ac2e5e9c7b4dd78713d5700eda49e,gen29066-v1,Current incomplete/non-optionable cohort with no retained HAS_EVALUABLE_SURFACES history
FLTW,CANONICAL_REMOVE,29066,2026-09-14,wheelwright-universe-disposition-gen29066.md,eb540354ef87f794d0f7c5052cb84dd4cb7ac2e5e9c7b4dd78713d5700eda49e,gen29066-v1,Current incomplete/non-optionable cohort with no retained HAS_EVALUABLE_SURFACES history
FMB,CANONICAL_REMOVE,29066,2026-09-14,wheelwright-universe-disposition-gen29066.md,eb540354ef87f794d0f7c5052cb84dd4cb7ac2e5e9c7b4dd78713d5700eda49e,gen29066-v1,Current incomplete/non-optionable cohort with no retained HAS_EVALUABLE_SURFACES history
FMF,CANONICAL_REMOVE,29066,2026-09-14,wheelwright-universe-disposition-gen29066.md,eb540354ef87f794d0f7c5052cb84dd4cb7ac2e5e9c7b4dd78713d5700eda49e,gen29066-v1,Current incomplete/non-optionable cohort with no retained HAS_EVALUABLE_SURFACES history
FMHI,CANONICAL_REMOVE,29066,2026-09-14,wheelwright-universe-disposition-gen29066.md,eb540354ef87f794d0f7c5052cb84dd4cb7ac2e5e9c7b4dd78713d5700eda49e,gen29066-v1,Current incomplete/non-optionable cohort with no retained HAS_EVALUABLE_SURFACES history
FNDB,CANONICAL_REMOVE,29066,2026-09-14,wheelwright-universe-disposition-gen29066.md,eb540354ef87f794d0f7c5052cb84dd4cb7ac2e5e9c7b4dd78713d5700eda49e,gen29066-v1,Current incomplete/non-optionable cohort with no retained HAS_EVALUABLE_SURFACES history
FNGO,CANONICAL_REMOVE,29066,2026-09-14,wheelwright-universe-disposition-gen29066.md,eb540354ef87f794d0f7c5052cb84dd4cb7ac2e5e9c7b4dd78713d5700eda49e,gen29066-v1,Current incomplete/non-optionable cohort with no retained HAS_EVALUABLE_SURFACES history
FNGU,CANONICAL_REMOVE,29066,2026-09-14,wheelwright-universe-disposition-gen29066.md,eb540354ef87f794d0f7c5052cb84dd4cb7ac2e5e9c7b4dd78713d5700eda49e,gen29066-v1,Current incomplete/non-optionable cohort with no retained HAS_EVALUABLE_SURFACES history
FPA,CANONICAL_REMOVE,29066,2026-09-14,wheelwright-universe-disposition-gen29066.md,eb540354ef87f794d0f7c5052cb84dd4cb7ac2e5e9c7b4dd78713d5700eda49e,gen29066-v1,Current incomplete/non-optionable cohort with no retained HAS_EVALUABLE_SURFACES history
FPEI,CANONICAL_REMOVE,29066,2026-09-14,wheelwright-universe-disposition-gen29066.md,eb540354ef87f794d0f7c5052cb84dd4cb7ac2e5e9c7b4dd78713d5700eda49e,gen29066-v1,Current incomplete/non-optionable cohort with no retained HAS_EVALUABLE_SURFACES history
FPXI,CANONICAL_REMOVE,29066,2026-09-14,wheelwright-universe-disposition-gen29066.md,eb540354ef87f794d0f7c5052cb84dd4cb7ac2e5e9c7b4dd78713d5700eda49e,gen29066-v1,Current incomplete/non-optionable cohort with no retained HAS_EVALUABLE_SURFACES history
FSCS,CANONICAL_REMOVE,29066,2026-09-14,wheelwright-universe-disposition-gen29066.md,eb540354ef87f794d0f7c5052cb84dd4cb7ac2e5e9c7b4dd78713d5700eda49e,gen29066-v1,Current incomplete/non-optionable cohort with no retained HAS_EVALUABLE_SURFACES history
FSGS,CANONICAL_REMOVE,29066,2026-09-14,wheelwright-universe-disposition-gen29066.md,eb540354ef87f794d0f7c5052cb84dd4cb7ac2e5e9c7b4dd78713d5700eda49e,gen29066-v1,Current incomplete/non-optionable cohort with no retained HAS_EVALUABLE_SURFACES history
FTDS,CANONICAL_REMOVE,29066,2026-09-14,wheelwright-universe-disposition-gen29066.md,eb540354ef87f794d0f7c5052cb84dd4cb7ac2e5e9c7b4dd78713d5700eda49e,gen29066-v1,Current incomplete/non-optionable cohort with no retained HAS_EVALUABLE_SURFACES history
FTMA,CANONICAL_REMOVE,29066,2026-09-14,wheelwright-universe-disposition-gen29066.md,eb540354ef87f794d0f7c5052cb84dd4cb7ac2e5e9c7b4dd78713d5700eda49e,gen29066-v1,Current incomplete/non-optionable cohort with no retained HAS_EVALUABLE_SURFACES history
FTMN,CANONICAL_REMOVE,29066,2026-09-14,wheelwright-universe-disposition-gen29066.md,eb540354ef87f794d0f7c5052cb84dd4cb7ac2e5e9c7b4dd78713d5700eda49e,gen29066-v1,Current incomplete/non-optionable cohort with no retained HAS_EVALUABLE_SURFACES history
FTNJ,CANONICAL_REMOVE,29066,2026-09-14,wheelwright-universe-disposition-gen29066.md,eb540354ef87f794d0f7c5052cb84dd4cb7ac2e5e9c7b4dd78713d5700eda49e,gen29066-v1,Current incomplete/non-optionable cohort with no retained HAS_EVALUABLE_SURFACES history
FTOH,CANONICAL_REMOVE,29066,2026-09-14,wheelwright-universe-disposition-gen29066.md,eb540354ef87f794d0f7c5052cb84dd4cb7ac2e5e9c7b4dd78713d5700eda49e,gen29066-v1,Current incomplete/non-optionable cohort with no retained HAS_EVALUABLE_SURFACES history
FTPA,CANONICAL_REMOVE,29066,2026-09-14,wheelwright-universe-disposition-gen29066.md,eb540354ef87f794d0f7c5052cb84dd4cb7ac2e5e9c7b4dd78713d5700eda49e,gen29066-v1,Current incomplete/non-optionable cohort with no retained HAS_EVALUABLE_SURFACES history
FTSD,CANONICAL_REMOVE,29066,2026-09-14,wheelwright-universe-disposition-gen29066.md,eb540354ef87f794d0f7c5052cb84dd4cb7ac2e5e9c7b4dd78713d5700eda49e,gen29066-v1,Current incomplete/non-optionable cohort with no retained HAS_EVALUABLE_SURFACES history
FTSL,CANONICAL_REMOVE,29066,2026-09-14,wheelwright-universe-disposition-gen29066.md,eb540354ef87f794d0f7c5052cb84dd4cb7ac2e5e9c7b4dd78713d5700eda49e,gen29066-v1,Current incomplete/non-optionable cohort with no retained HAS_EVALUABLE_SURFACES history
FVC,CANONICAL_REMOVE,29066,2026-09-14,wheelwright-universe-disposition-gen29066.md,eb540354ef87f794d0f7c5052cb84dd4cb7ac2e5e9c7b4dd78713d5700eda49e,gen29066-v1,Current incomplete/non-optionable cohort with no retained HAS_EVALUABLE_SURFACES history
GAA,CANONICAL_REMOVE,29066,2026-09-14,wheelwright-universe-disposition-gen29066.md,eb540354ef87f794d0f7c5052cb84dd4cb7ac2e5e9c7b4dd78713d5700eda49e,gen29066-v1,Current incomplete/non-optionable cohort with no retained HAS_EVALUABLE_SURFACES history
GCOW,CANONICAL_REMOVE,29066,2026-09-14,wheelwright-universe-disposition-gen29066.md,eb540354ef87f794d0f7c5052cb84dd4cb7ac2e5e9c7b4dd78713d5700eda49e,gen29066-v1,Current incomplete/non-optionable cohort with no retained HAS_EVALUABLE_SURFACES history
GDMA,CANONICAL_REMOVE,29066,2026-09-14,wheelwright-universe-disposition-gen29066.md,eb540354ef87f794d0f7c5052cb84dd4cb7ac2e5e9c7b4dd78713d5700eda49e,gen29066-v1,Current incomplete/non-optionable cohort with no retained HAS_EVALUABLE_SURFACES history
GHYG,CANONICAL_REMOVE,29066,2026-09-14,wheelwright-universe-disposition-gen29066.md,eb540354ef87f794d0f7c5052cb84dd4cb7ac2e5e9c7b4dd78713d5700eda49e,gen29066-v1,Current incomplete/non-optionable cohort with no retained HAS_EVALUABLE_SURFACES history
GKAT,CANONICAL_REMOVE,29066,2026-09-14,wheelwright-universe-disposition-gen29066.md,eb540354ef87f794d0f7c5052cb84dd4cb7ac2e5e9c7b4dd78713d5700eda49e,gen29066-v1,Current incomplete/non-optionable cohort with no retained HAS_EVALUABLE_SURFACES history
GLOF,CANONICAL_REMOVE,29066,2026-09-14,wheelwright-universe-disposition-gen29066.md,eb540354ef87f794d0f7c5052cb84dd4cb7ac2e5e9c7b4dd78713d5700eda49e,gen29066-v1,Current incomplete/non-optionable cohort with no retained HAS_EVALUABLE_SURFACES history
GMOM,CANONICAL_REMOVE,29066,2026-09-14,wheelwright-universe-disposition-gen29066.md,eb540354ef87f794d0f7c5052cb84dd4cb7ac2e5e9c7b4dd78713d5700eda49e,gen29066-v1,Current incomplete/non-optionable cohort with no retained HAS_EVALUABLE_SURFACES history
GOVI,CANONICAL_REMOVE,29066,2026-09-14,wheelwright-universe-disposition-gen29066.md,eb540354ef87f794d0f7c5052cb84dd4cb7ac2e5e9c7b4dd78713d5700eda49e,gen29066-v1,Current incomplete/non-optionable cohort with no retained HAS_EVALUABLE_SURFACES history
GQRE,CANONICAL_REMOVE,29066,2026-09-14,wheelwright-universe-disposition-gen29066.md,eb540354ef87f794d0f7c5052cb84dd4cb7ac2e5e9c7b4dd78713d5700eda49e,gen29066-v1,Current incomplete/non-optionable cohort with no retained HAS_EVALUABLE_SURFACES history
GSGO,CANONICAL_REMOVE,29066,2026-09-14,wheelwright-universe-disposition-gen29066.md,eb540354ef87f794d0f7c5052cb84dd4cb7ac2e5e9c7b4dd78713d5700eda49e,gen29066-v1,Current incomplete/non-optionable cohort with no retained HAS_EVALUABLE_SURFACES history
GSSC,CANONICAL_REMOVE,29066,2026-09-14,wheelwright-universe-disposition-gen29066.md,eb540354ef87f794d0f7c5052cb84dd4cb7ac2e5e9c7b4dd78713d5700eda49e,gen29066-v1,Current incomplete/non-optionable cohort with no retained HAS_EVALUABLE_SURFACES history
GTIP,CANONICAL_REMOVE,29066,2026-09-14,wheelwright-universe-disposition-gen29066.md,eb540354ef87f794d0f7c5052cb84dd4cb7ac2e5e9c7b4dd78713d5700eda49e,gen29066-v1,Current incomplete/non-optionable cohort with no retained HAS_EVALUABLE_SURFACES history
GTOP,CANONICAL_REMOVE,29066,2026-09-14,wheelwright-universe-disposition-gen29066.md,eb540354ef87f794d0f7c5052cb84dd4cb7ac2e5e9c7b4dd78713d5700eda49e,gen29066-v1,Current incomplete/non-optionable cohort with no retained HAS_EVALUABLE_SURFACES history
GUSE,CANONICAL_REMOVE,29066,2026-09-14,wheelwright-universe-disposition-gen29066.md,eb540354ef87f794d0f7c5052cb84dd4cb7ac2e5e9c7b4dd78713d5700eda49e,gen29066-v1,Current incomplete/non-optionable cohort with no retained HAS_EVALUABLE_SURFACES history
GVAL,CANONICAL_REMOVE,29066,2026-09-14,wheelwright-universe-disposition-gen29066.md,eb540354ef87f794d0f7c5052cb84dd4cb7ac2e5e9c7b4dd78713d5700eda49e,gen29066-v1,Current incomplete/non-optionable cohort with no retained HAS_EVALUABLE_SURFACES history
GVLE,CANONICAL_REMOVE,29066,2026-09-14,wheelwright-universe-disposition-gen29066.md,eb540354ef87f794d0f7c5052cb84dd4cb7ac2e5e9c7b4dd78713d5700eda49e,gen29066-v1,Current incomplete/non-optionable cohort with no retained HAS_EVALUABLE_SURFACES history
HAWX,CANONICAL_REMOVE,29066,2026-09-14,wheelwright-universe-disposition-gen29066.md,eb540354ef87f794d0f7c5052cb84dd4cb7ac2e5e9c7b4dd78713d5700eda49e,gen29066-v1,Current incomplete/non-optionable cohort with no retained HAS_EVALUABLE_SURFACES history
HDMV,CANONICAL_REMOVE,29066,2026-09-14,wheelwright-universe-disposition-gen29066.md,eb540354ef87f794d0f7c5052cb84dd4cb7ac2e5e9c7b4dd78713d5700eda49e,gen29066-v1,Current incomplete/non-optionable cohort with no retained HAS_EVALUABLE_SURFACES history
HEDG,CANONICAL_REMOVE,29066,2026-09-14,wheelwright-universe-disposition-gen29066.md,eb540354ef87f794d0f7c5052cb84dd4cb7ac2e5e9c7b4dd78713d5700eda49e,gen29066-v1,Current incomplete/non-optionable cohort with no retained HAS_EVALUABLE_SURFACES history
HFXI,CANONICAL_REMOVE,29066,2026-09-14,wheelwright-universe-disposition-gen29066.md,eb540354ef87f794d0f7c5052cb84dd4cb7ac2e5e9c7b4dd78713d5700eda49e,gen29066-v1,Current incomplete/non-optionable cohort with no retained HAS_EVALUABLE_SURFACES history
HISF,CANONICAL_REMOVE,29066,2026-09-14,wheelwright-universe-disposition-gen29066.md,eb540354ef87f794d0f7c5052cb84dd4cb7ac2e5e9c7b4dd78713d5700eda49e,gen29066-v1,Current incomplete/non-optionable cohort with no retained HAS_EVALUABLE_SURFACES history
HMOP,CANONICAL_REMOVE,29066,2026-09-14,wheelwright-universe-disposition-gen29066.md,eb540354ef87f794d0f7c5052cb84dd4cb7ac2e5e9c7b4dd78713d5700eda49e,gen29066-v1,Current incomplete/non-optionable cohort with no retained HAS_EVALUABLE_SURFACES history
HOLA,CANONICAL_REMOVE,29066,2026-09-14,wheelwright-universe-disposition-gen29066.md,eb540354ef87f794d0f7c5052cb84dd4cb7ac2e5e9c7b4dd78713d5700eda49e,gen29066-v1,Current incomplete/non-optionable cohort with no retained HAS_EVALUABLE_SURFACES history
HOLD,CANONICAL_REMOVE,29066,2026-09-14,wheelwright-universe-disposition-gen29066.md,eb540354ef87f794d0f7c5052cb84dd4cb7ac2e5e9c7b4dd78713d5700eda49e,gen29066-v1,Current incomplete/non-optionable cohort with no retained HAS_EVALUABLE_SURFACES history
HSCZ,CANONICAL_REMOVE,29066,2026-09-14,wheelwright-universe-disposition-gen29066.md,eb540354ef87f794d0f7c5052cb84dd4cb7ac2e5e9c7b4dd78713d5700eda49e,gen29066-v1,Current incomplete/non-optionable cohort with no retained HAS_EVALUABLE_SURFACES history
HTUS,CANONICAL_REMOVE,29066,2026-09-14,wheelwright-universe-disposition-gen29066.md,eb540354ef87f794d0f7c5052cb84dd4cb7ac2e5e9c7b4dd78713d5700eda49e,gen29066-v1,Current incomplete/non-optionable cohort with no retained HAS_EVALUABLE_SURFACES history
HUSV,CANONICAL_REMOVE,29066,2026-09-14,wheelwright-universe-disposition-gen29066.md,eb540354ef87f794d0f7c5052cb84dd4cb7ac2e5e9c7b4dd78713d5700eda49e,gen29066-v1,Current incomplete/non-optionable cohort with no retained HAS_EVALUABLE_SURFACES history
HYDB,CANONICAL_REMOVE,29066,2026-09-14,wheelwright-universe-disposition-gen29066.md,eb540354ef87f794d0f7c5052cb84dd4cb7ac2e5e9c7b4dd78713d5700eda49e,gen29066-v1,Current incomplete/non-optionable cohort with no retained HAS_EVALUABLE_SURFACES history
HYDW,CANONICAL_REMOVE,29066,2026-09-14,wheelwright-universe-disposition-gen29066.md,eb540354ef87f794d0f7c5052cb84dd4cb7ac2e5e9c7b4dd78713d5700eda49e,gen29066-v1,Current incomplete/non-optionable cohort with no retained HAS_EVALUABLE_SURFACES history
HYGV,CANONICAL_REMOVE,29066,2026-09-14,wheelwright-universe-disposition-gen29066.md,eb540354ef87f794d0f7c5052cb84dd4cb7ac2e5e9c7b4dd78713d5700eda49e,gen29066-v1,Current incomplete/non-optionable cohort with no retained HAS_EVALUABLE_SURFACES history
HYHG,CANONICAL_REMOVE,29066,2026-09-14,wheelwright-universe-disposition-gen29066.md,eb540354ef87f794d0f7c5052cb84dd4cb7ac2e5e9c7b4dd78713d5700eda49e,gen29066-v1,Current incomplete/non-optionable cohort with no retained HAS_EVALUABLE_SURFACES history
HYLS,CANONICAL_REMOVE,29066,2026-09-14,wheelwright-universe-disposition-gen29066.md,eb540354ef87f794d0f7c5052cb84dd4cb7ac2e5e9c7b4dd78713d5700eda49e,gen29066-v1,Current incomplete/non-optionable cohort with no retained HAS_EVALUABLE_SURFACES history
HYUP,CANONICAL_REMOVE,29066,2026-09-14,wheelwright-universe-disposition-gen29066.md,eb540354ef87f794d0f7c5052cb84dd4cb7ac2e5e9c7b4dd78713d5700eda49e,gen29066-v1,Current incomplete/non-optionable cohort with no retained HAS_EVALUABLE_SURFACES history
HYXF,CANONICAL_REMOVE,29066,2026-09-14,wheelwright-universe-disposition-gen29066.md,eb540354ef87f794d0f7c5052cb84dd4cb7ac2e5e9c7b4dd78713d5700eda49e,gen29066-v1,Current incomplete/non-optionable cohort with no retained HAS_EVALUABLE_SURFACES history
IBD,CANONICAL_REMOVE,29066,2026-09-14,wheelwright-universe-disposition-gen29066.md,eb540354ef87f794d0f7c5052cb84dd4cb7ac2e5e9c7b4dd78713d5700eda49e,gen29066-v1,Current incomplete/non-optionable cohort with no retained HAS_EVALUABLE_SURFACES history
ICOW,CANONICAL_REMOVE,29066,2026-09-14,wheelwright-universe-disposition-gen29066.md,eb540354ef87f794d0f7c5052cb84dd4cb7ac2e5e9c7b4dd78713d5700eda49e,gen29066-v1,Current incomplete/non-optionable cohort with no retained HAS_EVALUABLE_SURFACES history
IDMO,CANONICAL_REMOVE,29066,2026-09-14,wheelwright-universe-disposition-gen29066.md,eb540354ef87f794d0f7c5052cb84dd4cb7ac2e5e9c7b4dd78713d5700eda49e,gen29066-v1,Current incomplete/non-optionable cohort with no retained HAS_EVALUABLE_SURFACES history
IDOG,CANONICAL_REMOVE,29066,2026-09-14,wheelwright-universe-disposition-gen29066.md,eb540354ef87f794d0f7c5052cb84dd4cb7ac2e5e9c7b4dd78713d5700eda49e,gen29066-v1,Current incomplete/non-optionable cohort with no retained HAS_EVALUABLE_SURFACES history
IDX,CANONICAL_REMOVE,29066,2026-09-14,wheelwright-universe-disposition-gen29066.md,eb540354ef87f794d0f7c5052cb84dd4cb7ac2e5e9c7b4dd78713d5700eda49e,gen29066-v1,Current incomplete/non-optionable cohort with no retained HAS_EVALUABLE_SURFACES history
IEUS,CANONICAL_REMOVE,29066,2026-09-14,wheelwright-universe-disposition-gen29066.md,eb540354ef87f794d0f7c5052cb84dd4cb7ac2e5e9c7b4dd78713d5700eda49e,gen29066-v1,Current incomplete/non-optionable cohort with no retained HAS_EVALUABLE_SURFACES history
IGBH,CANONICAL_REMOVE,29066,2026-09-14,wheelwright-universe-disposition-gen29066.md,eb540354ef87f794d0f7c5052cb84dd4cb7ac2e5e9c7b4dd78713d5700eda49e,gen29066-v1,Current incomplete/non-optionable cohort with no retained HAS_EVALUABLE_SURFACES history
IGEB,CANONICAL_REMOVE,29066,2026-09-14,wheelwright-universe-disposition-gen29066.md,eb540354ef87f794d0f7c5052cb84dd4cb7ac2e5e9c7b4dd78713d5700eda49e,gen29066-v1,Current incomplete/non-optionable cohort with no retained HAS_EVALUABLE_SURFACES history
IGX,CANONICAL_REMOVE,29066,2026-09-14,wheelwright-universe-disposition-gen29066.md,eb540354ef87f794d0f7c5052cb84dd4cb7ac2e5e9c7b4dd78713d5700eda49e,gen29066-v1,Current incomplete/non-optionable cohort with no retained HAS_EVALUABLE_SURFACES history
ILCV,CANONICAL_REMOVE,29066,2026-09-14,wheelwright-universe-disposition-gen29066.md,eb540354ef87f794d0f7c5052cb84dd4cb7ac2e5e9c7b4dd78713d5700eda49e,gen29066-v1,Current incomplete/non-optionable cohort with no retained HAS_EVALUABLE_SURFACES history
IMCB,CANONICAL_REMOVE,29066,2026-09-14,wheelwright-universe-disposition-gen29066.md,eb540354ef87f794d0f7c5052cb84dd4cb7ac2e5e9c7b4dd78713d5700eda49e,gen29066-v1,Current incomplete/non-optionable cohort with no retained HAS_EVALUABLE_SURFACES history
IMCV,CANONICAL_REMOVE,29066,2026-09-14,wheelwright-universe-disposition-gen29066.md,eb540354ef87f794d0f7c5052cb84dd4cb7ac2e5e9c7b4dd78713d5700eda49e,gen29066-v1,Current incomplete/non-optionable cohort with no retained HAS_EVALUABLE_SURFACES history
INCE,CANONICAL_REMOVE,29066,2026-09-14,wheelwright-universe-disposition-gen29066.md,eb540354ef87f794d0f7c5052cb84dd4cb7ac2e5e9c7b4dd78713d5700eda49e,gen29066-v1,Current incomplete/non-optionable cohort with no retained HAS_EVALUABLE_SURFACES history
INEQ,CANONICAL_REMOVE,29066,2026-09-14,wheelwright-universe-disposition-gen29066.md,eb540354ef87f794d0f7c5052cb84dd4cb7ac2e5e9c7b4dd78713d5700eda49e,gen29066-v1,Current incomplete/non-optionable cohort with no retained HAS_EVALUABLE_SURFACES history
IQDY,CANONICAL_REMOVE,29066,2026-09-14,wheelwright-universe-disposition-gen29066.md,eb540354ef87f794d0f7c5052cb84dd4cb7ac2e5e9c7b4dd78713d5700eda49e,gen29066-v1,Current incomplete/non-optionable cohort with no retained HAS_EVALUABLE_SURFACES history
ISCB,CANONICAL_REMOVE,29066,2026-09-14,wheelwright-universe-disposition-gen29066.md,eb540354ef87f794d0f7c5052cb84dd4cb7ac2e5e9c7b4dd78713d5700eda49e,gen29066-v1,Current incomplete/non-optionable cohort with no retained HAS_EVALUABLE_SURFACES history
ISCF,CANONICAL_REMOVE,29066,2026-09-14,wheelwright-universe-disposition-gen29066.md,eb540354ef87f794d0f7c5052cb84dd4cb7ac2e5e9c7b4dd78713d5700eda49e,gen29066-v1,Current incomplete/non-optionable cohort with no retained HAS_EVALUABLE_SURFACES history
ISCV,CANONICAL_REMOVE,29066,2026-09-14,wheelwright-universe-disposition-gen29066.md,eb540354ef87f794d0f7c5052cb84dd4cb7ac2e5e9c7b4dd78713d5700eda49e,gen29066-v1,Current incomplete/non-optionable cohort with no retained HAS_EVALUABLE_SURFACES history
ISMD,CANONICAL_REMOVE,29066,2026-09-14,wheelwright-universe-disposition-gen29066.md,eb540354ef87f794d0f7c5052cb84dd4cb7ac2e5e9c7b4dd78713d5700eda49e,gen29066-v1,Current incomplete/non-optionable cohort with no retained HAS_EVALUABLE_SURFACES history
IUS,CANONICAL_REMOVE,29066,2026-09-14,wheelwright-universe-disposition-gen29066.md,eb540354ef87f794d0f7c5052cb84dd4cb7ac2e5e9c7b4dd78713d5700eda49e,gen29066-v1,Current incomplete/non-optionable cohort with no retained HAS_EVALUABLE_SURFACES history
IYLD,CANONICAL_REMOVE,29066,2026-09-14,wheelwright-universe-disposition-gen29066.md,eb540354ef87f794d0f7c5052cb84dd4cb7ac2e5e9c7b4dd78713d5700eda49e,gen29066-v1,Current incomplete/non-optionable cohort with no retained HAS_EVALUABLE_SURFACES history
JDIV,CANONICAL_REMOVE,29066,2026-09-14,wheelwright-universe-disposition-gen29066.md,eb540354ef87f794d0f7c5052cb84dd4cb7ac2e5e9c7b4dd78713d5700eda49e,gen29066-v1,Current incomplete/non-optionable cohort with no retained HAS_EVALUABLE_SURFACES history
JHEM,CANONICAL_REMOVE,29066,2026-09-14,wheelwright-universe-disposition-gen29066.md,eb540354ef87f794d0f7c5052cb84dd4cb7ac2e5e9c7b4dd78713d5700eda49e,gen29066-v1,Current incomplete/non-optionable cohort with no retained HAS_EVALUABLE_SURFACES history
JHMD,CANONICAL_REMOVE,29066,2026-09-14,wheelwright-universe-disposition-gen29066.md,eb540354ef87f794d0f7c5052cb84dd4cb7ac2e5e9c7b4dd78713d5700eda49e,gen29066-v1,Current incomplete/non-optionable cohort with no retained HAS_EVALUABLE_SURFACES history
JHMU,CANONICAL_REMOVE,29066,2026-09-14,wheelwright-universe-disposition-gen29066.md,eb540354ef87f794d0f7c5052cb84dd4cb7ac2e5e9c7b4dd78713d5700eda49e,gen29066-v1,Current incomplete/non-optionable cohort with no retained HAS_EVALUABLE_SURFACES history
JHSC,CANONICAL_REMOVE,29066,2026-09-14,wheelwright-universe-disposition-gen29066.md,eb540354ef87f794d0f7c5052cb84dd4cb7ac2e5e9c7b4dd78713d5700eda49e,gen29066-v1,Current incomplete/non-optionable cohort with no retained HAS_EVALUABLE_SURFACES history
JJETF,CANONICAL_REMOVE,29066,2026-09-14,wheelwright-universe-disposition-gen29066.md,eb540354ef87f794d0f7c5052cb84dd4cb7ac2e5e9c7b4dd78713d5700eda49e,gen29066-v1,Current incomplete/non-optionable cohort with no retained HAS_EVALUABLE_SURFACES history
JMOM,CANONICAL_REMOVE,29066,2026-09-14,wheelwright-universe-disposition-gen29066.md,eb540354ef87f794d0f7c5052cb84dd4cb7ac2e5e9c7b4dd78713d5700eda49e,gen29066-v1,Current incomplete/non-optionable cohort with no retained HAS_EVALUABLE_SURFACES history
JMUB,CANONICAL_REMOVE,29066,2026-09-14,wheelwright-universe-disposition-gen29066.md,eb540354ef87f794d0f7c5052cb84dd4cb7ac2e5e9c7b4dd78713d5700eda49e,gen29066-v1,Current incomplete/non-optionable cohort with no retained HAS_EVALUABLE_SURFACES history
JPIB,CANONICAL_REMOVE,29066,2026-09-14,wheelwright-universe-disposition-gen29066.md,eb540354ef87f794d0f7c5052cb84dd4cb7ac2e5e9c7b4dd78713d5700eda49e,gen29066-v1,Current incomplete/non-optionable cohort with no retained HAS_EVALUABLE_SURFACES history
JPME,CANONICAL_REMOVE,29066,2026-09-14,wheelwright-universe-disposition-gen29066.md,eb540354ef87f794d0f7c5052cb84dd4cb7ac2e5e9c7b4dd78713d5700eda49e,gen29066-v1,Current incomplete/non-optionable cohort with no retained HAS_EVALUABLE_SURFACES history
KAT,CANONICAL_REMOVE,29066,2026-09-14,wheelwright-universe-disposition-gen29066.md,eb540354ef87f794d0f7c5052cb84dd4cb7ac2e5e9c7b4dd78713d5700eda49e,gen29066-v1,Current incomplete/non-optionable cohort with no retained HAS_EVALUABLE_SURFACES history
KNG,CANONICAL_REMOVE,29066,2026-09-14,wheelwright-universe-disposition-gen29066.md,eb540354ef87f794d0f7c5052cb84dd4cb7ac2e5e9c7b4dd78713d5700eda49e,gen29066-v1,Current incomplete/non-optionable cohort with no retained HAS_EVALUABLE_SURFACES history
KNO,CANONICAL_REMOVE,29066,2026-09-14,wheelwright-universe-disposition-gen29066.md,eb540354ef87f794d0f7c5052cb84dd4cb7ac2e5e9c7b4dd78713d5700eda49e,gen29066-v1,Current incomplete/non-optionable cohort with no retained HAS_EVALUABLE_SURFACES history
KORP,CANONICAL_REMOVE,29066,2026-09-14,wheelwright-universe-disposition-gen29066.md,eb540354ef87f794d0f7c5052cb84dd4cb7ac2e5e9c7b4dd78713d5700eda49e,gen29066-v1,Current incomplete/non-optionable cohort with no retained HAS_EVALUABLE_SURFACES history
KXI,CANONICAL_REMOVE,29066,2026-09-14,wheelwright-universe-disposition-gen29066.md,eb540354ef87f794d0f7c5052cb84dd4cb7ac2e5e9c7b4dd78713d5700eda49e,gen29066-v1,Current incomplete/non-optionable cohort with no retained HAS_EVALUABLE_SURFACES history
LEAD,CANONICAL_REMOVE,29066,2026-09-14,wheelwright-universe-disposition-gen29066.md,eb540354ef87f794d0f7c5052cb84dd4cb7ac2e5e9c7b4dd78713d5700eda49e,gen29066-v1,Current incomplete/non-optionable cohort with no retained HAS_EVALUABLE_SURFACES history
LEND,CANONICAL_REMOVE,29066,2026-09-14,wheelwright-universe-disposition-gen29066.md,eb540354ef87f794d0f7c5052cb84dd4cb7ac2e5e9c7b4dd78713d5700eda49e,gen29066-v1,Current incomplete/non-optionable cohort with no retained HAS_EVALUABLE_SURFACES history
LFEQ,CANONICAL_REMOVE,29066,2026-09-14,wheelwright-universe-disposition-gen29066.md,eb540354ef87f794d0f7c5052cb84dd4cb7ac2e5e9c7b4dd78713d5700eda49e,gen29066-v1,Current incomplete/non-optionable cohort with no retained HAS_EVALUABLE_SURFACES history
LGOV,CANONICAL_REMOVE,29066,2026-09-14,wheelwright-universe-disposition-gen29066.md,eb540354ef87f794d0f7c5052cb84dd4cb7ac2e5e9c7b4dd78713d5700eda49e,gen29066-v1,Current incomplete/non-optionable cohort with no retained HAS_EVALUABLE_SURFACES history
LKOR,CANONICAL_REMOVE,29066,2026-09-14,wheelwright-universe-disposition-gen29066.md,eb540354ef87f794d0f7c5052cb84dd4cb7ac2e5e9c7b4dd78713d5700eda49e,gen29066-v1,Current incomplete/non-optionable cohort with no retained HAS_EVALUABLE_SURFACES history
LRGE,CANONICAL_REMOVE,29066,2026-09-14,wheelwright-universe-disposition-gen29066.md,eb540354ef87f794d0f7c5052cb84dd4cb7ac2e5e9c7b4dd78713d5700eda49e,gen29066-v1,Current incomplete/non-optionable cohort with no retained HAS_EVALUABLE_SURFACES history
LSAF,CANONICAL_REMOVE,29066,2026-09-14,wheelwright-universe-disposition-gen29066.md,eb540354ef87f794d0f7c5052cb84dd4cb7ac2e5e9c7b4dd78713d5700eda49e,gen29066-v1,Current incomplete/non-optionable cohort with no retained HAS_EVALUABLE_SURFACES history
LVDS,CANONICAL_REMOVE,29066,2026-09-14,wheelwright-universe-disposition-gen29066.md,eb540354ef87f794d0f7c5052cb84dd4cb7ac2e5e9c7b4dd78713d5700eda49e,gen29066-v1,Current incomplete/non-optionable cohort with no retained HAS_EVALUABLE_SURFACES history
MBSD,CANONICAL_REMOVE,29066,2026-09-14,wheelwright-universe-disposition-gen29066.md,eb540354ef87f794d0f7c5052cb84dd4cb7ac2e5e9c7b4dd78713d5700eda49e,gen29066-v1,Current incomplete/non-optionable cohort with no retained HAS_EVALUABLE_SURFACES history
MEAR,CANONICAL_REMOVE,29066,2026-09-14,wheelwright-universe-disposition-gen29066.md,eb540354ef87f794d0f7c5052cb84dd4cb7ac2e5e9c7b4dd78713d5700eda49e,gen29066-v1,Current incomplete/non-optionable cohort with no retained HAS_EVALUABLE_SURFACES history
MFDX,CANONICAL_REMOVE,29066,2026-09-14,wheelwright-universe-disposition-gen29066.md,eb540354ef87f794d0f7c5052cb84dd4cb7ac2e5e9c7b4dd78713d5700eda49e,gen29066-v1,Current incomplete/non-optionable cohort with no retained HAS_EVALUABLE_SURFACES history
MFEM,CANONICAL_REMOVE,29066,2026-09-14,wheelwright-universe-disposition-gen29066.md,eb540354ef87f794d0f7c5052cb84dd4cb7ac2e5e9c7b4dd78713d5700eda49e,gen29066-v1,Current incomplete/non-optionable cohort with no retained HAS_EVALUABLE_SURFACES history
MFLX,CANONICAL_REMOVE,29066,2026-09-14,wheelwright-universe-disposition-gen29066.md,eb540354ef87f794d0f7c5052cb84dd4cb7ac2e5e9c7b4dd78713d5700eda49e,gen29066-v1,Current incomplete/non-optionable cohort with no retained HAS_EVALUABLE_SURFACES history
MFUS,CANONICAL_REMOVE,29066,2026-09-14,wheelwright-universe-disposition-gen29066.md,eb540354ef87f794d0f7c5052cb84dd4cb7ac2e5e9c7b4dd78713d5700eda49e,gen29066-v1,Current incomplete/non-optionable cohort with no retained HAS_EVALUABLE_SURFACES history
MLPB,CANONICAL_REMOVE,29066,2026-09-14,wheelwright-universe-disposition-gen29066.md,eb540354ef87f794d0f7c5052cb84dd4cb7ac2e5e9c7b4dd78713d5700eda49e,gen29066-v1,Current incomplete/non-optionable cohort with no retained HAS_EVALUABLE_SURFACES history
MMIN,CANONICAL_REMOVE,29066,2026-09-14,wheelwright-universe-disposition-gen29066.md,eb540354ef87f794d0f7c5052cb84dd4cb7ac2e5e9c7b4dd78713d5700eda49e,gen29066-v1,Current incomplete/non-optionable cohort with no retained HAS_EVALUABLE_SURFACES history
MMIT,CANONICAL_REMOVE,29066,2026-09-14,wheelwright-universe-disposition-gen29066.md,eb540354ef87f794d0f7c5052cb84dd4cb7ac2e5e9c7b4dd78713d5700eda49e,gen29066-v1,Current incomplete/non-optionable cohort with no retained HAS_EVALUABLE_SURFACES history
MOTG,CANONICAL_REMOVE,29066,2026-09-14,wheelwright-universe-disposition-gen29066.md,eb540354ef87f794d0f7c5052cb84dd4cb7ac2e5e9c7b4dd78713d5700eda49e,gen29066-v1,Current incomplete/non-optionable cohort with no retained HAS_EVALUABLE_SURFACES history
MRGR,CANONICAL_REMOVE,29066,2026-09-14,wheelwright-universe-disposition-gen29066.md,eb540354ef87f794d0f7c5052cb84dd4cb7ac2e5e9c7b4dd78713d5700eda49e,gen29066-v1,Current incomplete/non-optionable cohort with no retained HAS_EVALUABLE_SURFACES history
MUST,CANONICAL_REMOVE,29066,2026-09-14,wheelwright-universe-disposition-gen29066.md,eb540354ef87f794d0f7c5052cb84dd4cb7ac2e5e9c7b4dd78713d5700eda49e,gen29066-v1,Current incomplete/non-optionable cohort with no retained HAS_EVALUABLE_SURFACES history
NACP,CANONICAL_REMOVE,29066,2026-09-14,wheelwright-universe-disposition-gen29066.md,eb540354ef87f794d0f7c5052cb84dd4cb7ac2e5e9c7b4dd78713d5700eda49e,gen29066-v1,Current incomplete/non-optionable cohort with no retained HAS_EVALUABLE_SURFACES history
NFLT,CANONICAL_REMOVE,29066,2026-09-14,wheelwright-universe-disposition-gen29066.md,eb540354ef87f794d0f7c5052cb84dd4cb7ac2e5e9c7b4dd78713d5700eda49e,gen29066-v1,Current incomplete/non-optionable cohort with no retained HAS_EVALUABLE_SURFACES history
NUAG,CANONICAL_REMOVE,29066,2026-09-14,wheelwright-universe-disposition-gen29066.md,eb540354ef87f794d0f7c5052cb84dd4cb7ac2e5e9c7b4dd78713d5700eda49e,gen29066-v1,Current incomplete/non-optionable cohort with no retained HAS_EVALUABLE_SURFACES history
NUDM,CANONICAL_REMOVE,29066,2026-09-14,wheelwright-universe-disposition-gen29066.md,eb540354ef87f794d0f7c5052cb84dd4cb7ac2e5e9c7b4dd78713d5700eda49e,gen29066-v1,Current incomplete/non-optionable cohort with no retained HAS_EVALUABLE_SURFACES history
NULG,CANONICAL_REMOVE,29066,2026-09-14,wheelwright-universe-disposition-gen29066.md,eb540354ef87f794d0f7c5052cb84dd4cb7ac2e5e9c7b4dd78713d5700eda49e,gen29066-v1,Current incomplete/non-optionable cohort with no retained HAS_EVALUABLE_SURFACES history
NULV,CANONICAL_REMOVE,29066,2026-09-14,wheelwright-universe-disposition-gen29066.md,eb540354ef87f794d0f7c5052cb84dd4cb7ac2e5e9c7b4dd78713d5700eda49e,gen29066-v1,Current incomplete/non-optionable cohort with no retained HAS_EVALUABLE_SURFACES history
NUMG,CANONICAL_REMOVE,29066,2026-09-14,wheelwright-universe-disposition-gen29066.md,eb540354ef87f794d0f7c5052cb84dd4cb7ac2e5e9c7b4dd78713d5700eda49e,gen29066-v1,Current incomplete/non-optionable cohort with no retained HAS_EVALUABLE_SURFACES history
NUMV,CANONICAL_REMOVE,29066,2026-09-14,wheelwright-universe-disposition-gen29066.md,eb540354ef87f794d0f7c5052cb84dd4cb7ac2e5e9c7b4dd78713d5700eda49e,gen29066-v1,Current incomplete/non-optionable cohort with no retained HAS_EVALUABLE_SURFACES history
NURE,CANONICAL_REMOVE,29066,2026-09-14,wheelwright-universe-disposition-gen29066.md,eb540354ef87f794d0f7c5052cb84dd4cb7ac2e5e9c7b4dd78713d5700eda49e,gen29066-v1,Current incomplete/non-optionable cohort with no retained HAS_EVALUABLE_SURFACES history
NYF,CANONICAL_REMOVE,29066,2026-09-14,wheelwright-universe-disposition-gen29066.md,eb540354ef87f794d0f7c5052cb84dd4cb7ac2e5e9c7b4dd78713d5700eda49e,gen29066-v1,Current incomplete/non-optionable cohort with no retained HAS_EVALUABLE_SURFACES history
NYM,CANONICAL_REMOVE,29066,2026-09-14,wheelwright-universe-disposition-gen29066.md,eb540354ef87f794d0f7c5052cb84dd4cb7ac2e5e9c7b4dd78713d5700eda49e,gen29066-v1,Current incomplete/non-optionable cohort with no retained HAS_EVALUABLE_SURFACES history
OCIO,CANONICAL_REMOVE,29066,2026-09-14,wheelwright-universe-disposition-gen29066.md,eb540354ef87f794d0f7c5052cb84dd4cb7ac2e5e9c7b4dd78713d5700eda49e,gen29066-v1,Current incomplete/non-optionable cohort with no retained HAS_EVALUABLE_SURFACES history
OEFA,CANONICAL_REMOVE,29066,2026-09-14,wheelwright-universe-disposition-gen29066.md,eb540354ef87f794d0f7c5052cb84dd4cb7ac2e5e9c7b4dd78713d5700eda49e,gen29066-v1,Current incomplete/non-optionable cohort with no retained HAS_EVALUABLE_SURFACES history
OLOXF,CANONICAL_REMOVE,29066,2026-09-14,wheelwright-universe-disposition-gen29066.md,eb540354ef87f794d0f7c5052cb84dd4cb7ac2e5e9c7b4dd78713d5700eda49e,gen29066-v1,Current incomplete/non-optionable cohort with no retained HAS_EVALUABLE_SURFACES history
OMFS,CANONICAL_REMOVE,29066,2026-09-14,wheelwright-universe-disposition-gen29066.md,eb540354ef87f794d0f7c5052cb84dd4cb7ac2e5e9c7b4dd78713d5700eda49e,gen29066-v1,Current incomplete/non-optionable cohort with no retained HAS_EVALUABLE_SURFACES history
OSCV,CANONICAL_REMOVE,29066,2026-09-14,wheelwright-universe-disposition-gen29066.md,eb540354ef87f794d0f7c5052cb84dd4cb7ac2e5e9c7b4dd78713d5700eda49e,gen29066-v1,Current incomplete/non-optionable cohort with no retained HAS_EVALUABLE_SURFACES history
PAPR,CANONICAL_REMOVE,29066,2026-09-14,wheelwright-universe-disposition-gen29066.md,eb540354ef87f794d0f7c5052cb84dd4cb7ac2e5e9c7b4dd78713d5700eda49e,gen29066-v1,Current incomplete/non-optionable cohort with no retained HAS_EVALUABLE_SURFACES history
PBTP,CANONICAL_REMOVE,29066,2026-09-14,wheelwright-universe-disposition-gen29066.md,eb540354ef87f794d0f7c5052cb84dd4cb7ac2e5e9c7b4dd78713d5700eda49e,gen29066-v1,Current incomplete/non-optionable cohort with no retained HAS_EVALUABLE_SURFACES history
PBUS,CANONICAL_REMOVE,29066,2026-09-14,wheelwright-universe-disposition-gen29066.md,eb540354ef87f794d0f7c5052cb84dd4cb7ac2e5e9c7b4dd78713d5700eda49e,gen29066-v1,Current incomplete/non-optionable cohort with no retained HAS_EVALUABLE_SURFACES history
PEXL,CANONICAL_REMOVE,29066,2026-09-14,wheelwright-universe-disposition-gen29066.md,eb540354ef87f794d0f7c5052cb84dd4cb7ac2e5e9c7b4dd78713d5700eda49e,gen29066-v1,Current incomplete/non-optionable cohort with no retained HAS_EVALUABLE_SURFACES history
PFFL,CANONICAL_REMOVE,29066,2026-09-14,wheelwright-universe-disposition-gen29066.md,eb540354ef87f794d0f7c5052cb84dd4cb7ac2e5e9c7b4dd78713d5700eda49e,gen29066-v1,Current incomplete/non-optionable cohort with no retained HAS_EVALUABLE_SURFACES history
PFFR,CANONICAL_REMOVE,29066,2026-09-14,wheelwright-universe-disposition-gen29066.md,eb540354ef87f794d0f7c5052cb84dd4cb7ac2e5e9c7b4dd78713d5700eda49e,gen29066-v1,Current incomplete/non-optionable cohort with no retained HAS_EVALUABLE_SURFACES history
PGHY,CANONICAL_REMOVE,29066,2026-09-14,wheelwright-universe-disposition-gen29066.md,eb540354ef87f794d0f7c5052cb84dd4cb7ac2e5e9c7b4dd78713d5700eda49e,gen29066-v1,Current incomplete/non-optionable cohort with no retained HAS_EVALUABLE_SURFACES history
PHDG,CANONICAL_REMOVE,29066,2026-09-14,wheelwright-universe-disposition-gen29066.md,eb540354ef87f794d0f7c5052cb84dd4cb7ac2e5e9c7b4dd78713d5700eda49e,gen29066-v1,Current incomplete/non-optionable cohort with no retained HAS_EVALUABLE_SURFACES history
PHYL,CANONICAL_REMOVE,29066,2026-09-14,wheelwright-universe-disposition-gen29066.md,eb540354ef87f794d0f7c5052cb84dd4cb7ac2e5e9c7b4dd78713d5700eda49e,gen29066-v1,Current incomplete/non-optionable cohort with no retained HAS_EVALUABLE_SURFACES history
PJAN,CANONICAL_REMOVE,29066,2026-09-14,wheelwright-universe-disposition-gen29066.md,eb540354ef87f794d0f7c5052cb84dd4cb7ac2e5e9c7b4dd78713d5700eda49e,gen29066-v1,Current incomplete/non-optionable cohort with no retained HAS_EVALUABLE_SURFACES history
PJUL,CANONICAL_REMOVE,29066,2026-09-14,wheelwright-universe-disposition-gen29066.md,eb540354ef87f794d0f7c5052cb84dd4cb7ac2e5e9c7b4dd78713d5700eda49e,gen29066-v1,Current incomplete/non-optionable cohort with no retained HAS_EVALUABLE_SURFACES history
POCT,CANONICAL_REMOVE,29066,2026-09-14,wheelwright-universe-disposition-gen29066.md,eb540354ef87f794d0f7c5052cb84dd4cb7ac2e5e9c7b4dd78713d5700eda49e,gen29066-v1,Current incomplete/non-optionable cohort with no retained HAS_EVALUABLE_SURFACES history
PPTY,CANONICAL_REMOVE,29066,2026-09-14,wheelwright-universe-disposition-gen29066.md,eb540354ef87f794d0f7c5052cb84dd4cb7ac2e5e9c7b4dd78713d5700eda49e,gen29066-v1,Current incomplete/non-optionable cohort with no retained HAS_EVALUABLE_SURFACES history
PREF,CANONICAL_REMOVE,29066,2026-09-14,wheelwright-universe-disposition-gen29066.md,eb540354ef87f794d0f7c5052cb84dd4cb7ac2e5e9c7b4dd78713d5700eda49e,gen29066-v1,Current incomplete/non-optionable cohort with no retained HAS_EVALUABLE_SURFACES history
PSC,CANONICAL_REMOVE,29066,2026-09-14,wheelwright-universe-disposition-gen29066.md,eb540354ef87f794d0f7c5052cb84dd4cb7ac2e5e9c7b4dd78713d5700eda49e,gen29066-v1,Current incomplete/non-optionable cohort with no retained HAS_EVALUABLE_SURFACES history
PSCU,CANONICAL_REMOVE,29066,2026-09-14,wheelwright-universe-disposition-gen29066.md,eb540354ef87f794d0f7c5052cb84dd4cb7ac2e5e9c7b4dd78713d5700eda49e,gen29066-v1,Current incomplete/non-optionable cohort with no retained HAS_EVALUABLE_SURFACES history
PSET,CANONICAL_REMOVE,29066,2026-09-14,wheelwright-universe-disposition-gen29066.md,eb540354ef87f794d0f7c5052cb84dd4cb7ac2e5e9c7b4dd78713d5700eda49e,gen29066-v1,Current incomplete/non-optionable cohort with no retained HAS_EVALUABLE_SURFACES history
PTEU,CANONICAL_REMOVE,29066,2026-09-14,wheelwright-universe-disposition-gen29066.md,eb540354ef87f794d0f7c5052cb84dd4cb7ac2e5e9c7b4dd78713d5700eda49e,gen29066-v1,Current incomplete/non-optionable cohort with no retained HAS_EVALUABLE_SURFACES history
PTMC,CANONICAL_REMOVE,29066,2026-09-14,wheelwright-universe-disposition-gen29066.md,eb540354ef87f794d0f7c5052cb84dd4cb7ac2e5e9c7b4dd78713d5700eda49e,gen29066-v1,Current incomplete/non-optionable cohort with no retained HAS_EVALUABLE_SURFACES history
PWS,CANONICAL_REMOVE,29066,2026-09-14,wheelwright-universe-disposition-gen29066.md,eb540354ef87f794d0f7c5052cb84dd4cb7ac2e5e9c7b4dd78713d5700eda49e,gen29066-v1,Current incomplete/non-optionable cohort with no retained HAS_EVALUABLE_SURFACES history
PY,CANONICAL_REMOVE,29066,2026-09-14,wheelwright-universe-disposition-gen29066.md,eb540354ef87f794d0f7c5052cb84dd4cb7ac2e5e9c7b4dd78713d5700eda49e,gen29066-v1,Current incomplete/non-optionable cohort with no retained HAS_EVALUABLE_SURFACES history
PZT,CANONICAL_REMOVE,29066,2026-09-14,wheelwright-universe-disposition-gen29066.md,eb540354ef87f794d0f7c5052cb84dd4cb7ac2e5e9c7b4dd78713d5700eda49e,gen29066-v1,Current incomplete/non-optionable cohort with no retained HAS_EVALUABLE_SURFACES history
QARP,CANONICAL_REMOVE,29066,2026-09-14,wheelwright-universe-disposition-gen29066.md,eb540354ef87f794d0f7c5052cb84dd4cb7ac2e5e9c7b4dd78713d5700eda49e,gen29066-v1,Current incomplete/non-optionable cohort with no retained HAS_EVALUABLE_SURFACES history
QAT,CANONICAL_REMOVE,29066,2026-09-14,wheelwright-universe-disposition-gen29066.md,eb540354ef87f794d0f7c5052cb84dd4cb7ac2e5e9c7b4dd78713d5700eda49e,gen29066-v1,Current incomplete/non-optionable cohort with no retained HAS_EVALUABLE_SURFACES history
QHY,CANONICAL_REMOVE,29066,2026-09-14,wheelwright-universe-disposition-gen29066.md,eb540354ef87f794d0f7c5052cb84dd4cb7ac2e5e9c7b4dd78713d5700eda49e,gen29066-v1,Current incomplete/non-optionable cohort with no retained HAS_EVALUABLE_SURFACES history
QINT,CANONICAL_REMOVE,29066,2026-09-14,wheelwright-universe-disposition-gen29066.md,eb540354ef87f794d0f7c5052cb84dd4cb7ac2e5e9c7b4dd78713d5700eda49e,gen29066-v1,Current incomplete/non-optionable cohort with no retained HAS_EVALUABLE_SURFACES history
QLC,CANONICAL_REMOVE,29066,2026-09-14,wheelwright-universe-disposition-gen29066.md,eb540354ef87f794d0f7c5052cb84dd4cb7ac2e5e9c7b4dd78713d5700eda49e,gen29066-v1,Current incomplete/non-optionable cohort with no retained HAS_EVALUABLE_SURFACES history
QVAL,CANONICAL_REMOVE,29066,2026-09-14,wheelwright-universe-disposition-gen29066.md,eb540354ef87f794d0f7c5052cb84dd4cb7ac2e5e9c7b4dd78713d5700eda49e,gen29066-v1,Current incomplete/non-optionable cohort with no retained HAS_EVALUABLE_SURFACES history
RDOG,CANONICAL_REMOVE,29066,2026-09-14,wheelwright-universe-disposition-gen29066.md,eb540354ef87f794d0f7c5052cb84dd4cb7ac2e5e9c7b4dd78713d5700eda49e,gen29066-v1,Current incomplete/non-optionable cohort with no retained HAS_EVALUABLE_SURFACES history
RFDA,CANONICAL_REMOVE,29066,2026-09-14,wheelwright-universe-disposition-gen29066.md,eb540354ef87f794d0f7c5052cb84dd4cb7ac2e5e9c7b4dd78713d5700eda49e,gen29066-v1,Current incomplete/non-optionable cohort with no retained HAS_EVALUABLE_SURFACES history
RFDI,CANONICAL_REMOVE,29066,2026-09-14,wheelwright-universe-disposition-gen29066.md,eb540354ef87f794d0f7c5052cb84dd4cb7ac2e5e9c7b4dd78713d5700eda49e,gen29066-v1,Current incomplete/non-optionable cohort with no retained HAS_EVALUABLE_SURFACES history
RFFC,CANONICAL_REMOVE,29066,2026-09-14,wheelwright-universe-disposition-gen29066.md,eb540354ef87f794d0f7c5052cb84dd4cb7ac2e5e9c7b4dd78713d5700eda49e,gen29066-v1,Current incomplete/non-optionable cohort with no retained HAS_EVALUABLE_SURFACES history
RIGS,CANONICAL_REMOVE,29066,2026-09-14,wheelwright-universe-disposition-gen29066.md,eb540354ef87f794d0f7c5052cb84dd4cb7ac2e5e9c7b4dd78713d5700eda49e,gen29066-v1,Current incomplete/non-optionable cohort with no retained HAS_EVALUABLE_SURFACES history
RNEM,CANONICAL_REMOVE,29066,2026-09-14,wheelwright-universe-disposition-gen29066.md,eb540354ef87f794d0f7c5052cb84dd4cb7ac2e5e9c7b4dd78713d5700eda49e,gen29066-v1,Current incomplete/non-optionable cohort with no retained HAS_EVALUABLE_SURFACES history
ROAM,CANONICAL_REMOVE,29066,2026-09-14,wheelwright-universe-disposition-gen29066.md,eb540354ef87f794d0f7c5052cb84dd4cb7ac2e5e9c7b4dd78713d5700eda49e,gen29066-v1,Current incomplete/non-optionable cohort with no retained HAS_EVALUABLE_SURFACES history
ROSC,CANONICAL_REMOVE,29066,2026-09-14,wheelwright-universe-disposition-gen29066.md,eb540354ef87f794d0f7c5052cb84dd4cb7ac2e5e9c7b4dd78713d5700eda49e,gen29066-v1,Current incomplete/non-optionable cohort with no retained HAS_EVALUABLE_SURFACES history
ROUS,CANONICAL_REMOVE,29066,2026-09-14,wheelwright-universe-disposition-gen29066.md,eb540354ef87f794d0f7c5052cb84dd4cb7ac2e5e9c7b4dd78713d5700eda49e,gen29066-v1,Current incomplete/non-optionable cohort with no retained HAS_EVALUABLE_SURFACES history
RVNU,CANONICAL_REMOVE,29066,2026-09-14,wheelwright-universe-disposition-gen29066.md,eb540354ef87f794d0f7c5052cb84dd4cb7ac2e5e9c7b4dd78713d5700eda49e,gen29066-v1,Current incomplete/non-optionable cohort with no retained HAS_EVALUABLE_SURFACES history
SECU,CANONICAL_REMOVE,29066,2026-09-14,wheelwright-universe-disposition-gen29066.md,eb540354ef87f794d0f7c5052cb84dd4cb7ac2e5e9c7b4dd78713d5700eda49e,gen29066-v1,Current incomplete/non-optionable cohort with no retained HAS_EVALUABLE_SURFACES history
SHRY,CANONICAL_REMOVE,29066,2026-09-14,wheelwright-universe-disposition-gen29066.md,eb540354ef87f794d0f7c5052cb84dd4cb7ac2e5e9c7b4dd78713d5700eda49e,gen29066-v1,Current incomplete/non-optionable cohort with no retained HAS_EVALUABLE_SURFACES history
SHYD,CANONICAL_REMOVE,29066,2026-09-14,wheelwright-universe-disposition-gen29066.md,eb540354ef87f794d0f7c5052cb84dd4cb7ac2e5e9c7b4dd78713d5700eda49e,gen29066-v1,Current incomplete/non-optionable cohort with no retained HAS_EVALUABLE_SURFACES history
SHYL,CANONICAL_REMOVE,29066,2026-09-14,wheelwright-universe-disposition-gen29066.md,eb540354ef87f794d0f7c5052cb84dd4cb7ac2e5e9c7b4dd78713d5700eda49e,gen29066-v1,Current incomplete/non-optionable cohort with no retained HAS_EVALUABLE_SURFACES history
SKOR,CANONICAL_REMOVE,29066,2026-09-14,wheelwright-universe-disposition-gen29066.md,eb540354ef87f794d0f7c5052cb84dd4cb7ac2e5e9c7b4dd78713d5700eda49e,gen29066-v1,Current incomplete/non-optionable cohort with no retained HAS_EVALUABLE_SURFACES history
SLQD,CANONICAL_REMOVE,29066,2026-09-14,wheelwright-universe-disposition-gen29066.md,eb540354ef87f794d0f7c5052cb84dd4cb7ac2e5e9c7b4dd78713d5700eda49e,gen29066-v1,Current incomplete/non-optionable cohort with no retained HAS_EVALUABLE_SURFACES history
SMCP,CANONICAL_REMOVE,29066,2026-09-14,wheelwright-universe-disposition-gen29066.md,eb540354ef87f794d0f7c5052cb84dd4cb7ac2e5e9c7b4dd78713d5700eda49e,gen29066-v1,Current incomplete/non-optionable cohort with no retained HAS_EVALUABLE_SURFACES history
SMHB,CANONICAL_REMOVE,29066,2026-09-14,wheelwright-universe-disposition-gen29066.md,eb540354ef87f794d0f7c5052cb84dd4cb7ac2e5e9c7b4dd78713d5700eda49e,gen29066-v1,Current incomplete/non-optionable cohort with no retained HAS_EVALUABLE_SURFACES history
SMMU,CANONICAL_REMOVE,29066,2026-09-14,wheelwright-universe-disposition-gen29066.md,eb540354ef87f794d0f7c5052cb84dd4cb7ac2e5e9c7b4dd78713d5700eda49e,gen29066-v1,Current incomplete/non-optionable cohort with no retained HAS_EVALUABLE_SURFACES history
SMMV,CANONICAL_REMOVE,29066,2026-09-14,wheelwright-universe-disposition-gen29066.md,eb540354ef87f794d0f7c5052cb84dd4cb7ac2e5e9c7b4dd78713d5700eda49e,gen29066-v1,Current incomplete/non-optionable cohort with no retained HAS_EVALUABLE_SURFACES history
SPDV,CANONICAL_REMOVE,29066,2026-09-14,wheelwright-universe-disposition-gen29066.md,eb540354ef87f794d0f7c5052cb84dd4cb7ac2e5e9c7b4dd78713d5700eda49e,gen29066-v1,Current incomplete/non-optionable cohort with no retained HAS_EVALUABLE_SURFACES history
SPIT,CANONICAL_REMOVE,29066,2026-09-14,wheelwright-universe-disposition-gen29066.md,eb540354ef87f794d0f7c5052cb84dd4cb7ac2e5e9c7b4dd78713d5700eda49e,gen29066-v1,Current incomplete/non-optionable cohort with no retained HAS_EVALUABLE_SURFACES history
SQLV,CANONICAL_REMOVE,29066,2026-09-14,wheelwright-universe-disposition-gen29066.md,eb540354ef87f794d0f7c5052cb84dd4cb7ac2e5e9c7b4dd78713d5700eda49e,gen29066-v1,Current incomplete/non-optionable cohort with no retained HAS_EVALUABLE_SURFACES history
SSPY,CANONICAL_REMOVE,29066,2026-09-14,wheelwright-universe-disposition-gen29066.md,eb540354ef87f794d0f7c5052cb84dd4cb7ac2e5e9c7b4dd78713d5700eda49e,gen29066-v1,Current incomplete/non-optionable cohort with no retained HAS_EVALUABLE_SURFACES history
SURE,CANONICAL_REMOVE,29066,2026-09-14,wheelwright-universe-disposition-gen29066.md,eb540354ef87f794d0f7c5052cb84dd4cb7ac2e5e9c7b4dd78713d5700eda49e,gen29066-v1,Current incomplete/non-optionable cohort with no retained HAS_EVALUABLE_SURFACES history
SYSB,CANONICAL_REMOVE,29066,2026-09-14,wheelwright-universe-disposition-gen29066.md,eb540354ef87f794d0f7c5052cb84dd4cb7ac2e5e9c7b4dd78713d5700eda49e,gen29066-v1,Current incomplete/non-optionable cohort with no retained HAS_EVALUABLE_SURFACES history
TAXF,CANONICAL_REMOVE,29066,2026-09-14,wheelwright-universe-disposition-gen29066.md,eb540354ef87f794d0f7c5052cb84dd4cb7ac2e5e9c7b4dd78713d5700eda49e,gen29066-v1,Current incomplete/non-optionable cohort with no retained HAS_EVALUABLE_SURFACES history
TBX,CANONICAL_REMOVE,29066,2026-09-14,wheelwright-universe-disposition-gen29066.md,eb540354ef87f794d0f7c5052cb84dd4cb7ac2e5e9c7b4dd78713d5700eda49e,gen29066-v1,Current incomplete/non-optionable cohort with no retained HAS_EVALUABLE_SURFACES history
TCV,CANONICAL_REMOVE,29066,2026-09-14,wheelwright-universe-disposition-gen29066.md,eb540354ef87f794d0f7c5052cb84dd4cb7ac2e5e9c7b4dd78713d5700eda49e,gen29066-v1,Current incomplete/non-optionable cohort with no retained HAS_EVALUABLE_SURFACES history
TDTF,CANONICAL_REMOVE,29066,2026-09-14,wheelwright-universe-disposition-gen29066.md,eb540354ef87f794d0f7c5052cb84dd4cb7ac2e5e9c7b4dd78713d5700eda49e,gen29066-v1,Current incomplete/non-optionable cohort with no retained HAS_EVALUABLE_SURFACES history
TILT,CANONICAL_REMOVE,29066,2026-09-14,wheelwright-universe-disposition-gen29066.md,eb540354ef87f794d0f7c5052cb84dd4cb7ac2e5e9c7b4dd78713d5700eda49e,gen29066-v1,Current incomplete/non-optionable cohort with no retained HAS_EVALUABLE_SURFACES history
TIPZ,CANONICAL_REMOVE,29066,2026-09-14,wheelwright-universe-disposition-gen29066.md,eb540354ef87f794d0f7c5052cb84dd4cb7ac2e5e9c7b4dd78713d5700eda49e,gen29066-v1,Current incomplete/non-optionable cohort with no retained HAS_EVALUABLE_SURFACES history
TLG,CANONICAL_REMOVE,29066,2026-09-14,wheelwright-universe-disposition-gen29066.md,eb540354ef87f794d0f7c5052cb84dd4cb7ac2e5e9c7b4dd78713d5700eda49e,gen29066-v1,Current incomplete/non-optionable cohort with no retained HAS_EVALUABLE_SURFACES history
TLTD,CANONICAL_REMOVE,29066,2026-09-14,wheelwright-universe-disposition-gen29066.md,eb540354ef87f794d0f7c5052cb84dd4cb7ac2e5e9c7b4dd78713d5700eda49e,gen29066-v1,Current incomplete/non-optionable cohort with no retained HAS_EVALUABLE_SURFACES history
TLTE,CANONICAL_REMOVE,29066,2026-09-14,wheelwright-universe-disposition-gen29066.md,eb540354ef87f794d0f7c5052cb84dd4cb7ac2e5e9c7b4dd78713d5700eda49e,gen29066-v1,Current incomplete/non-optionable cohort with no retained HAS_EVALUABLE_SURFACES history
TNGY,CANONICAL_REMOVE,29066,2026-09-14,wheelwright-universe-disposition-gen29066.md,eb540354ef87f794d0f7c5052cb84dd4cb7ac2e5e9c7b4dd78713d5700eda49e,gen29066-v1,Current incomplete/non-optionable cohort with no retained HAS_EVALUABLE_SURFACES history
TOK,CANONICAL_REMOVE,29066,2026-09-14,wheelwright-universe-disposition-gen29066.md,eb540354ef87f794d0f7c5052cb84dd4cb7ac2e5e9c7b4dd78713d5700eda49e,gen29066-v1,Current incomplete/non-optionable cohort with no retained HAS_EVALUABLE_SURFACES history
TRTY,CANONICAL_REMOVE,29066,2026-09-14,wheelwright-universe-disposition-gen29066.md,eb540354ef87f794d0f7c5052cb84dd4cb7ac2e5e9c7b4dd78713d5700eda49e,gen29066-v1,Current incomplete/non-optionable cohort with no retained HAS_EVALUABLE_SURFACES history
UAPR,CANONICAL_REMOVE,29066,2026-09-14,wheelwright-universe-disposition-gen29066.md,eb540354ef87f794d0f7c5052cb84dd4cb7ac2e5e9c7b4dd78713d5700eda49e,gen29066-v1,Current incomplete/non-optionable cohort with no retained HAS_EVALUABLE_SURFACES history
UCIB,CANONICAL_REMOVE,29066,2026-09-14,wheelwright-universe-disposition-gen29066.md,eb540354ef87f794d0f7c5052cb84dd4cb7ac2e5e9c7b4dd78713d5700eda49e,gen29066-v1,Current incomplete/non-optionable cohort with no retained HAS_EVALUABLE_SURFACES history
UCON,CANONICAL_REMOVE,29066,2026-09-14,wheelwright-universe-disposition-gen29066.md,eb540354ef87f794d0f7c5052cb84dd4cb7ac2e5e9c7b4dd78713d5700eda49e,gen29066-v1,Current incomplete/non-optionable cohort with no retained HAS_EVALUABLE_SURFACES history
UDIV,CANONICAL_REMOVE,29066,2026-09-14,wheelwright-universe-disposition-gen29066.md,eb540354ef87f794d0f7c5052cb84dd4cb7ac2e5e9c7b4dd78713d5700eda49e,gen29066-v1,Current incomplete/non-optionable cohort with no retained HAS_EVALUABLE_SURFACES history
UEVM,CANONICAL_REMOVE,29066,2026-09-14,wheelwright-universe-disposition-gen29066.md,eb540354ef87f794d0f7c5052cb84dd4cb7ac2e5e9c7b4dd78713d5700eda49e,gen29066-v1,Current incomplete/non-optionable cohort with no retained HAS_EVALUABLE_SURFACES history
UITB,CANONICAL_REMOVE,29066,2026-09-14,wheelwright-universe-disposition-gen29066.md,eb540354ef87f794d0f7c5052cb84dd4cb7ac2e5e9c7b4dd78713d5700eda49e,gen29066-v1,Current incomplete/non-optionable cohort with no retained HAS_EVALUABLE_SURFACES history
UIVM,CANONICAL_REMOVE,29066,2026-09-14,wheelwright-universe-disposition-gen29066.md,eb540354ef87f794d0f7c5052cb84dd4cb7ac2e5e9c7b4dd78713d5700eda49e,gen29066-v1,Current incomplete/non-optionable cohort with no retained HAS_EVALUABLE_SURFACES history
UJAN,CANONICAL_REMOVE,29066,2026-09-14,wheelwright-universe-disposition-gen29066.md,eb540354ef87f794d0f7c5052cb84dd4cb7ac2e5e9c7b4dd78713d5700eda49e,gen29066-v1,Current incomplete/non-optionable cohort with no retained HAS_EVALUABLE_SURFACES history
UJB,CANONICAL_REMOVE,29066,2026-09-14,wheelwright-universe-disposition-gen29066.md,eb540354ef87f794d0f7c5052cb84dd4cb7ac2e5e9c7b4dd78713d5700eda49e,gen29066-v1,Current incomplete/non-optionable cohort with no retained HAS_EVALUABLE_SURFACES history
UJUL,CANONICAL_REMOVE,29066,2026-09-14,wheelwright-universe-disposition-gen29066.md,eb540354ef87f794d0f7c5052cb84dd4cb7ac2e5e9c7b4dd78713d5700eda49e,gen29066-v1,Current incomplete/non-optionable cohort with no retained HAS_EVALUABLE_SURFACES history
ULVM,CANONICAL_REMOVE,29066,2026-09-14,wheelwright-universe-disposition-gen29066.md,eb540354ef87f794d0f7c5052cb84dd4cb7ac2e5e9c7b4dd78713d5700eda49e,gen29066-v1,Current incomplete/non-optionable cohort with no retained HAS_EVALUABLE_SURFACES history
UOCT,CANONICAL_REMOVE,29066,2026-09-14,wheelwright-universe-disposition-gen29066.md,eb540354ef87f794d0f7c5052cb84dd4cb7ac2e5e9c7b4dd78713d5700eda49e,gen29066-v1,Current incomplete/non-optionable cohort with no retained HAS_EVALUABLE_SURFACES history
UPGD,CANONICAL_REMOVE,29066,2026-09-14,wheelwright-universe-disposition-gen29066.md,eb540354ef87f794d0f7c5052cb84dd4cb7ac2e5e9c7b4dd78713d5700eda49e,gen29066-v1,Current incomplete/non-optionable cohort with no retained HAS_EVALUABLE_SURFACES history
USOI,CANONICAL_REMOVE,29066,2026-09-14,wheelwright-universe-disposition-gen29066.md,eb540354ef87f794d0f7c5052cb84dd4cb7ac2e5e9c7b4dd78713d5700eda49e,gen29066-v1,Current incomplete/non-optionable cohort with no retained HAS_EVALUABLE_SURFACES history
USSG,CANONICAL_REMOVE,29066,2026-09-14,wheelwright-universe-disposition-gen29066.md,eb540354ef87f794d0f7c5052cb84dd4cb7ac2e5e9c7b4dd78713d5700eda49e,gen29066-v1,Current incomplete/non-optionable cohort with no retained HAS_EVALUABLE_SURFACES history
USTB,CANONICAL_REMOVE,29066,2026-09-14,wheelwright-universe-disposition-gen29066.md,eb540354ef87f794d0f7c5052cb84dd4cb7ac2e5e9c7b4dd78713d5700eda49e,gen29066-v1,Current incomplete/non-optionable cohort with no retained HAS_EVALUABLE_SURFACES history
USVM,CANONICAL_REMOVE,29066,2026-09-14,wheelwright-universe-disposition-gen29066.md,eb540354ef87f794d0f7c5052cb84dd4cb7ac2e5e9c7b4dd78713d5700eda49e,gen29066-v1,Current incomplete/non-optionable cohort with no retained HAS_EVALUABLE_SURFACES history
VAMO,CANONICAL_REMOVE,29066,2026-09-14,wheelwright-universe-disposition-gen29066.md,eb540354ef87f794d0f7c5052cb84dd4cb7ac2e5e9c7b4dd78713d5700eda49e,gen29066-v1,Current incomplete/non-optionable cohort with no retained HAS_EVALUABLE_SURFACES history
VEGA,CANONICAL_REMOVE,29066,2026-09-14,wheelwright-universe-disposition-gen29066.md,eb540354ef87f794d0f7c5052cb84dd4cb7ac2e5e9c7b4dd78713d5700eda49e,gen29066-v1,Current incomplete/non-optionable cohort with no retained HAS_EVALUABLE_SURFACES history
VIDI,CANONICAL_REMOVE,29066,2026-09-14,wheelwright-universe-disposition-gen29066.md,eb540354ef87f794d0f7c5052cb84dd4cb7ac2e5e9c7b4dd78713d5700eda49e,gen29066-v1,Current incomplete/non-optionable cohort with no retained HAS_EVALUABLE_SURFACES history
VIOO,CANONICAL_REMOVE,29066,2026-09-14,wheelwright-universe-disposition-gen29066.md,eb540354ef87f794d0f7c5052cb84dd4cb7ac2e5e9c7b4dd78713d5700eda49e,gen29066-v1,Current incomplete/non-optionable cohort with no retained HAS_EVALUABLE_SURFACES history
VIOV,CANONICAL_REMOVE,29066,2026-09-14,wheelwright-universe-disposition-gen29066.md,eb540354ef87f794d0f7c5052cb84dd4cb7ac2e5e9c7b4dd78713d5700eda49e,gen29066-v1,Current incomplete/non-optionable cohort with no retained HAS_EVALUABLE_SURFACES history
VPC,CANONICAL_REMOVE,29066,2026-09-14,wheelwright-universe-disposition-gen29066.md,eb540354ef87f794d0f7c5052cb84dd4cb7ac2e5e9c7b4dd78713d5700eda49e,gen29066-v1,Current incomplete/non-optionable cohort with no retained HAS_EVALUABLE_SURFACES history
VRAI,CANONICAL_REMOVE,29066,2026-09-14,wheelwright-universe-disposition-gen29066.md,eb540354ef87f794d0f7c5052cb84dd4cb7ac2e5e9c7b4dd78713d5700eda49e,gen29066-v1,Current incomplete/non-optionable cohort with no retained HAS_EVALUABLE_SURFACES history
VRIG,CANONICAL_REMOVE,29066,2026-09-14,wheelwright-universe-disposition-gen29066.md,eb540354ef87f794d0f7c5052cb84dd4cb7ac2e5e9c7b4dd78713d5700eda49e,gen29066-v1,Current incomplete/non-optionable cohort with no retained HAS_EVALUABLE_SURFACES history
VSHY,CANONICAL_REMOVE,29066,2026-09-14,wheelwright-universe-disposition-gen29066.md,eb540354ef87f794d0f7c5052cb84dd4cb7ac2e5e9c7b4dd78713d5700eda49e,gen29066-v1,Current incomplete/non-optionable cohort with no retained HAS_EVALUABLE_SURFACES history
VSMV,CANONICAL_REMOVE,29066,2026-09-14,wheelwright-universe-disposition-gen29066.md,eb540354ef87f794d0f7c5052cb84dd4cb7ac2e5e9c7b4dd78713d5700eda49e,gen29066-v1,Current incomplete/non-optionable cohort with no retained HAS_EVALUABLE_SURFACES history
VTHR,CANONICAL_REMOVE,29066,2026-09-14,wheelwright-universe-disposition-gen29066.md,eb540354ef87f794d0f7c5052cb84dd4cb7ac2e5e9c7b4dd78713d5700eda49e,gen29066-v1,Current incomplete/non-optionable cohort with no retained HAS_EVALUABLE_SURFACES history
VTWV,CANONICAL_REMOVE,29066,2026-09-14,wheelwright-universe-disposition-gen29066.md,eb540354ef87f794d0f7c5052cb84dd4cb7ac2e5e9c7b4dd78713d5700eda49e,gen29066-v1,Current incomplete/non-optionable cohort with no retained HAS_EVALUABLE_SURFACES history
VUSE,CANONICAL_REMOVE,29066,2026-09-14,wheelwright-universe-disposition-gen29066.md,eb540354ef87f794d0f7c5052cb84dd4cb7ac2e5e9c7b4dd78713d5700eda49e,gen29066-v1,Current incomplete/non-optionable cohort with no retained HAS_EVALUABLE_SURFACES history
WBIF,CANONICAL_REMOVE,29066,2026-09-14,wheelwright-universe-disposition-gen29066.md,eb540354ef87f794d0f7c5052cb84dd4cb7ac2e5e9c7b4dd78713d5700eda49e,gen29066-v1,Current incomplete/non-optionable cohort with no retained HAS_EVALUABLE_SURFACES history
WBIG,CANONICAL_REMOVE,29066,2026-09-14,wheelwright-universe-disposition-gen29066.md,eb540354ef87f794d0f7c5052cb84dd4cb7ac2e5e9c7b4dd78713d5700eda49e,gen29066-v1,Current incomplete/non-optionable cohort with no retained HAS_EVALUABLE_SURFACES history
WBIL,CANONICAL_REMOVE,29066,2026-09-14,wheelwright-universe-disposition-gen29066.md,eb540354ef87f794d0f7c5052cb84dd4cb7ac2e5e9c7b4dd78713d5700eda49e,gen29066-v1,Current incomplete/non-optionable cohort with no retained HAS_EVALUABLE_SURFACES history
WBIY,CANONICAL_REMOVE,29066,2026-09-14,wheelwright-universe-disposition-gen29066.md,eb540354ef87f794d0f7c5052cb84dd4cb7ac2e5e9c7b4dd78713d5700eda49e,gen29066-v1,Current incomplete/non-optionable cohort with no retained HAS_EVALUABLE_SURFACES history
WLDR,CANONICAL_REMOVE,29066,2026-09-14,wheelwright-universe-disposition-gen29066.md,eb540354ef87f794d0f7c5052cb84dd4cb7ac2e5e9c7b4dd78713d5700eda49e,gen29066-v1,Current incomplete/non-optionable cohort with no retained HAS_EVALUABLE_SURFACES history
WOMN,CANONICAL_REMOVE,29066,2026-09-14,wheelwright-universe-disposition-gen29066.md,eb540354ef87f794d0f7c5052cb84dd4cb7ac2e5e9c7b4dd78713d5700eda49e,gen29066-v1,Current incomplete/non-optionable cohort with no retained HAS_EVALUABLE_SURFACES history
XAGG,CANONICAL_REMOVE,29066,2026-09-14,wheelwright-universe-disposition-gen29066.md,eb540354ef87f794d0f7c5052cb84dd4cb7ac2e5e9c7b4dd78713d5700eda49e,gen29066-v1,Current incomplete/non-optionable cohort with no retained HAS_EVALUABLE_SURFACES history
XMPT,CANONICAL_REMOVE,29066,2026-09-14,wheelwright-universe-disposition-gen29066.md,eb540354ef87f794d0f7c5052cb84dd4cb7ac2e5e9c7b4dd78713d5700eda49e,gen29066-v1,Current incomplete/non-optionable cohort with no retained HAS_EVALUABLE_SURFACES history
YLDE,CANONICAL_REMOVE,29066,2026-09-14,wheelwright-universe-disposition-gen29066.md,eb540354ef87f794d0f7c5052cb84dd4cb7ac2e5e9c7b4dd78713d5700eda49e,gen29066-v1,Current incomplete/non-optionable cohort with no retained HAS_EVALUABLE_SURFACES history
ABFL,WEEKLY_REFRESH,29066,2026-09-14,wheelwright-universe-disposition-gen29066.md,eb540354ef87f794d0f7c5052cb84dd4cb7ac2e5e9c7b4dd78713d5700eda49e,gen29066-v1,"Current Zero OI in CSP or buy-write AND no current Actionable, Edge, or Wait in either strategy AND no retained historical Actionable, Edge, or Wait in either strategy"
AIVI,WEEKLY_REFRESH,29066,2026-09-14,wheelwright-universe-disposition-gen29066.md,eb540354ef87f794d0f7c5052cb84dd4cb7ac2e5e9c7b4dd78713d5700eda49e,gen29066-v1,"Current Zero OI in CSP or buy-write AND no current Actionable, Edge, or Wait in either strategy AND no retained historical Actionable, Edge, or Wait in either strategy"
AIVL,WEEKLY_REFRESH,29066,2026-09-14,wheelwright-universe-disposition-gen29066.md,eb540354ef87f794d0f7c5052cb84dd4cb7ac2e5e9c7b4dd78713d5700eda49e,gen29066-v1,"Current Zero OI in CSP or buy-write AND no current Actionable, Edge, or Wait in either strategy AND no retained historical Actionable, Edge, or Wait in either strategy"
ALTY,WEEKLY_REFRESH,29066,2026-09-14,wheelwright-universe-disposition-gen29066.md,eb540354ef87f794d0f7c5052cb84dd4cb7ac2e5e9c7b4dd78713d5700eda49e,gen29066-v1,"Current Zero OI in CSP or buy-write AND no current Actionable, Edge, or Wait in either strategy AND no retained historical Actionable, Edge, or Wait in either strategy"
AMZA,WEEKLY_REFRESH,29066,2026-09-14,wheelwright-universe-disposition-gen29066.md,eb540354ef87f794d0f7c5052cb84dd4cb7ac2e5e9c7b4dd78713d5700eda49e,gen29066-v1,"Current Zero OI in CSP or buy-write AND no current Actionable, Edge, or Wait in either strategy AND no retained historical Actionable, Edge, or Wait in either strategy"
ANGL,WEEKLY_REFRESH,29066,2026-09-14,wheelwright-universe-disposition-gen29066.md,eb540354ef87f794d0f7c5052cb84dd4cb7ac2e5e9c7b4dd78713d5700eda49e,gen29066-v1,"Current Zero OI in CSP or buy-write AND no current Actionable, Edge, or Wait in either strategy AND no retained historical Actionable, Edge, or Wait in either strategy"
AOA,WEEKLY_REFRESH,29066,2026-09-14,wheelwright-universe-disposition-gen29066.md,eb540354ef87f794d0f7c5052cb84dd4cb7ac2e5e9c7b4dd78713d5700eda49e,gen29066-v1,"Current Zero OI in CSP or buy-write AND no current Actionable, Edge, or Wait in either strategy AND no retained historical Actionable, Edge, or Wait in either strategy"
AOM,WEEKLY_REFRESH,29066,2026-09-14,wheelwright-universe-disposition-gen29066.md,eb540354ef87f794d0f7c5052cb84dd4cb7ac2e5e9c7b4dd78713d5700eda49e,gen29066-v1,"Current Zero OI in CSP or buy-write AND no current Actionable, Edge, or Wait in either strategy AND no retained historical Actionable, Edge, or Wait in either strategy"
AOR,WEEKLY_REFRESH,29066,2026-09-14,wheelwright-universe-disposition-gen29066.md,eb540354ef87f794d0f7c5052cb84dd4cb7ac2e5e9c7b4dd78713d5700eda49e,gen29066-v1,"Current Zero OI in CSP or buy-write AND no current Actionable, Edge, or Wait in either strategy AND no retained historical Actionable, Edge, or Wait in either strategy"
ASEA,WEEKLY_REFRESH,29066,2026-09-14,wheelwright-universe-disposition-gen29066.md,eb540354ef87f794d0f7c5052cb84dd4cb7ac2e5e9c7b4dd78713d5700eda49e,gen29066-v1,"Current Zero OI in CSP or buy-write AND no current Actionable, Edge, or Wait in either strategy AND no retained historical Actionable, Edge, or Wait in either strategy"
ATMP,WEEKLY_REFRESH,29066,2026-09-14,wheelwright-universe-disposition-gen29066.md,eb540354ef87f794d0f7c5052cb84dd4cb7ac2e5e9c7b4dd78713d5700eda49e,gen29066-v1,"Current Zero OI in CSP or buy-write AND no current Actionable, Edge, or Wait in either strategy AND no retained historical Actionable, Edge, or Wait in either strategy"
BBAX,WEEKLY_REFRESH,29066,2026-09-14,wheelwright-universe-disposition-gen29066.md,eb540354ef87f794d0f7c5052cb84dd4cb7ac2e5e9c7b4dd78713d5700eda49e,gen29066-v1,"Current Zero OI in CSP or buy-write AND no current Actionable, Edge, or Wait in either strategy AND no retained historical Actionable, Edge, or Wait in either strategy"
BBEU,WEEKLY_REFRESH,29066,2026-09-14,wheelwright-universe-disposition-gen29066.md,eb540354ef87f794d0f7c5052cb84dd4cb7ac2e5e9c7b4dd78713d5700eda49e,gen29066-v1,"Current Zero OI in CSP or buy-write AND no current Actionable, Edge, or Wait in either strategy AND no retained historical Actionable, Edge, or Wait in either strategy"
BBJP,WEEKLY_REFRESH,29066,2026-09-14,wheelwright-universe-disposition-gen29066.md,eb540354ef87f794d0f7c5052cb84dd4cb7ac2e5e9c7b4dd78713d5700eda49e,gen29066-v1,"Current Zero OI in CSP or buy-write AND no current Actionable, Edge, or Wait in either strategy AND no retained historical Actionable, Edge, or Wait in either strategy"
BBP,WEEKLY_REFRESH,29066,2026-09-14,wheelwright-universe-disposition-gen29066.md,eb540354ef87f794d0f7c5052cb84dd4cb7ac2e5e9c7b4dd78713d5700eda49e,gen29066-v1,"Current Zero OI in CSP or buy-write AND no current Actionable, Edge, or Wait in either strategy AND no retained historical Actionable, Edge, or Wait in either strategy"
BBUS,WEEKLY_REFRESH,29066,2026-09-14,wheelwright-universe-disposition-gen29066.md,eb540354ef87f794d0f7c5052cb84dd4cb7ac2e5e9c7b4dd78713d5700eda49e,gen29066-v1,"Current Zero OI in CSP or buy-write AND no current Actionable, Edge, or Wait in either strategy AND no retained historical Actionable, Edge, or Wait in either strategy"
BCD,WEEKLY_REFRESH,29066,2026-09-14,wheelwright-universe-disposition-gen29066.md,eb540354ef87f794d0f7c5052cb84dd4cb7ac2e5e9c7b4dd78713d5700eda49e,gen29066-v1,"Current Zero OI in CSP or buy-write AND no current Actionable, Edge, or Wait in either strategy AND no retained historical Actionable, Edge, or Wait in either strategy"
BFOR,WEEKLY_REFRESH,29066,2026-09-14,wheelwright-universe-disposition-gen29066.md,eb540354ef87f794d0f7c5052cb84dd4cb7ac2e5e9c7b4dd78713d5700eda49e,gen29066-v1,"Current Zero OI in CSP or buy-write AND no current Actionable, Edge, or Wait in either strategy AND no retained historical Actionable, Edge, or Wait in either strategy"
BIBL,WEEKLY_REFRESH,29066,2026-09-14,wheelwright-universe-disposition-gen29066.md,eb540354ef87f794d0f7c5052cb84dd4cb7ac2e5e9c7b4dd78713d5700eda49e,gen29066-v1,"Current Zero OI in CSP or buy-write AND no current Actionable, Edge, or Wait in either strategy AND no retained historical Actionable, Edge, or Wait in either strategy"
BZQ,WEEKLY_REFRESH,29066,2026-09-14,wheelwright-universe-disposition-gen29066.md,eb540354ef87f794d0f7c5052cb84dd4cb7ac2e5e9c7b4dd78713d5700eda49e,gen29066-v1,"Current Zero OI in CSP or buy-write AND no current Actionable, Edge, or Wait in either strategy AND no retained historical Actionable, Edge, or Wait in either strategy"
CARZ,WEEKLY_REFRESH,29066,2026-09-14,wheelwright-universe-disposition-gen29066.md,eb540354ef87f794d0f7c5052cb84dd4cb7ac2e5e9c7b4dd78713d5700eda49e,gen29066-v1,"Current Zero OI in CSP or buy-write AND no current Actionable, Edge, or Wait in either strategy AND no retained historical Actionable, Edge, or Wait in either strategy"
CATH,WEEKLY_REFRESH,29066,2026-09-14,wheelwright-universe-disposition-gen29066.md,eb540354ef87f794d0f7c5052cb84dd4cb7ac2e5e9c7b4dd78713d5700eda49e,gen29066-v1,"Current Zero OI in CSP or buy-write AND no current Actionable, Edge, or Wait in either strategy AND no retained historical Actionable, Edge, or Wait in either strategy"
CCOR,WEEKLY_REFRESH,29066,2026-09-14,wheelwright-universe-disposition-gen29066.md,eb540354ef87f794d0f7c5052cb84dd4cb7ac2e5e9c7b4dd78713d5700eda49e,gen29066-v1,"Current Zero OI in CSP or buy-write AND no current Actionable, Edge, or Wait in either strategy AND no retained historical Actionable, Edge, or Wait in either strategy"
CDC,WEEKLY_REFRESH,29066,2026-09-14,wheelwright-universe-disposition-gen29066.md,eb540354ef87f794d0f7c5052cb84dd4cb7ac2e5e9c7b4dd78713d5700eda49e,gen29066-v1,"Current Zero OI in CSP or buy-write AND no current Actionable, Edge, or Wait in either strategy AND no retained historical Actionable, Edge, or Wait in either strategy"
CDL,WEEKLY_REFRESH,29066,2026-09-14,wheelwright-universe-disposition-gen29066.md,eb540354ef87f794d0f7c5052cb84dd4cb7ac2e5e9c7b4dd78713d5700eda49e,gen29066-v1,"Current Zero OI in CSP or buy-write AND no current Actionable, Edge, or Wait in either strategy AND no retained historical Actionable, Edge, or Wait in either strategy"
CFA,WEEKLY_REFRESH,29066,2026-09-14,wheelwright-universe-disposition-gen29066.md,eb540354ef87f794d0f7c5052cb84dd4cb7ac2e5e9c7b4dd78713d5700eda49e,gen29066-v1,"Current Zero OI in CSP or buy-write AND no current Actionable, Edge, or Wait in either strategy AND no retained historical Actionable, Edge, or Wait in either strategy"
CGW,WEEKLY_REFRESH,29066,2026-09-14,wheelwright-universe-disposition-gen29066.md,eb540354ef87f794d0f7c5052cb84dd4cb7ac2e5e9c7b4dd78713d5700eda49e,gen29066-v1,"Current Zero OI in CSP or buy-write AND no current Actionable, Edge, or Wait in either strategy AND no retained historical Actionable, Edge, or Wait in either strategy"
COM,WEEKLY_REFRESH,29066,2026-09-14,wheelwright-universe-disposition-gen29066.md,eb540354ef87f794d0f7c5052cb84dd4cb7ac2e5e9c7b4dd78713d5700eda49e,gen29066-v1,"Current Zero OI in CSP or buy-write AND no current Actionable, Edge, or Wait in either strategy AND no retained historical Actionable, Edge, or Wait in either strategy"
COWZ,WEEKLY_REFRESH,29066,2026-09-14,wheelwright-universe-disposition-gen29066.md,eb540354ef87f794d0f7c5052cb84dd4cb7ac2e5e9c7b4dd78713d5700eda49e,gen29066-v1,"Current Zero OI in CSP or buy-write AND no current Actionable, Edge, or Wait in either strategy AND no retained historical Actionable, Edge, or Wait in either strategy"
CRBN,WEEKLY_REFRESH,29066,2026-09-14,wheelwright-universe-disposition-gen29066.md,eb540354ef87f794d0f7c5052cb84dd4cb7ac2e5e9c7b4dd78713d5700eda49e,gen29066-v1,"Current Zero OI in CSP or buy-write AND no current Actionable, Edge, or Wait in either strategy AND no retained historical Actionable, Edge, or Wait in either strategy"
CSB,WEEKLY_REFRESH,29066,2026-09-14,wheelwright-universe-disposition-gen29066.md,eb540354ef87f794d0f7c5052cb84dd4cb7ac2e5e9c7b4dd78713d5700eda49e,gen29066-v1,"Current Zero OI in CSP or buy-write AND no current Actionable, Edge, or Wait in either strategy AND no retained historical Actionable, Edge, or Wait in either strategy"
CSM,WEEKLY_REFRESH,29066,2026-09-14,wheelwright-universe-disposition-gen29066.md,eb540354ef87f794d0f7c5052cb84dd4cb7ac2e5e9c7b4dd78713d5700eda49e,gen29066-v1,"Current Zero OI in CSP or buy-write AND no current Actionable, Edge, or Wait in either strategy AND no retained historical Actionable, Edge, or Wait in either strategy"
CUT,WEEKLY_REFRESH,29066,2026-09-14,wheelwright-universe-disposition-gen29066.md,eb540354ef87f794d0f7c5052cb84dd4cb7ac2e5e9c7b4dd78713d5700eda49e,gen29066-v1,"Current Zero OI in CSP or buy-write AND no current Actionable, Edge, or Wait in either strategy AND no retained historical Actionable, Edge, or Wait in either strategy"
CVY,WEEKLY_REFRESH,29066,2026-09-14,wheelwright-universe-disposition-gen29066.md,eb540354ef87f794d0f7c5052cb84dd4cb7ac2e5e9c7b4dd78713d5700eda49e,gen29066-v1,"Current Zero OI in CSP or buy-write AND no current Actionable, Edge, or Wait in either strategy AND no retained historical Actionable, Edge, or Wait in either strategy"
CWI,WEEKLY_REFRESH,29066,2026-09-14,wheelwright-universe-disposition-gen29066.md,eb540354ef87f794d0f7c5052cb84dd4cb7ac2e5e9c7b4dd78713d5700eda49e,gen29066-v1,"Current Zero OI in CSP or buy-write AND no current Actionable, Edge, or Wait in either strategy AND no retained historical Actionable, Edge, or Wait in either strategy"
CWS,WEEKLY_REFRESH,29066,2026-09-14,wheelwright-universe-disposition-gen29066.md,eb540354ef87f794d0f7c5052cb84dd4cb7ac2e5e9c7b4dd78713d5700eda49e,gen29066-v1,"Current Zero OI in CSP or buy-write AND no current Actionable, Edge, or Wait in either strategy AND no retained historical Actionable, Edge, or Wait in either strategy"
DBEF,WEEKLY_REFRESH,29066,2026-09-14,wheelwright-universe-disposition-gen29066.md,eb540354ef87f794d0f7c5052cb84dd4cb7ac2e5e9c7b4dd78713d5700eda49e,gen29066-v1,"Current Zero OI in CSP or buy-write AND no current Actionable, Edge, or Wait in either strategy AND no retained historical Actionable, Edge, or Wait in either strategy"
DBEM,WEEKLY_REFRESH,29066,2026-09-14,wheelwright-universe-disposition-gen29066.md,eb540354ef87f794d0f7c5052cb84dd4cb7ac2e5e9c7b4dd78713d5700eda49e,gen29066-v1,"Current Zero OI in CSP or buy-write AND no current Actionable, Edge, or Wait in either strategy AND no retained historical Actionable, Edge, or Wait in either strategy"
DBEU,WEEKLY_REFRESH,29066,2026-09-14,wheelwright-universe-disposition-gen29066.md,eb540354ef87f794d0f7c5052cb84dd4cb7ac2e5e9c7b4dd78713d5700eda49e,gen29066-v1,"Current Zero OI in CSP or buy-write AND no current Actionable, Edge, or Wait in either strategy AND no retained historical Actionable, Edge, or Wait in either strategy"
DBEZ,WEEKLY_REFRESH,29066,2026-09-14,wheelwright-universe-disposition-gen29066.md,eb540354ef87f794d0f7c5052cb84dd4cb7ac2e5e9c7b4dd78713d5700eda49e,gen29066-v1,"Current Zero OI in CSP or buy-write AND no current Actionable, Edge, or Wait in either strategy AND no retained historical Actionable, Edge, or Wait in either strategy"
DBJP,WEEKLY_REFRESH,29066,2026-09-14,wheelwright-universe-disposition-gen29066.md,eb540354ef87f794d0f7c5052cb84dd4cb7ac2e5e9c7b4dd78713d5700eda49e,gen29066-v1,"Current Zero OI in CSP or buy-write AND no current Actionable, Edge, or Wait in either strategy AND no retained historical Actionable, Edge, or Wait in either strategy"
DDLS,WEEKLY_REFRESH,29066,2026-09-14,wheelwright-universe-disposition-gen29066.md,eb540354ef87f794d0f7c5052cb84dd4cb7ac2e5e9c7b4dd78713d5700eda49e,gen29066-v1,"Current Zero OI in CSP or buy-write AND no current Actionable, Edge, or Wait in either strategy AND no retained historical Actionable, Edge, or Wait in either strategy"
DDWM,WEEKLY_REFRESH,29066,2026-09-14,wheelwright-universe-disposition-gen29066.md,eb540354ef87f794d0f7c5052cb84dd4cb7ac2e5e9c7b4dd78713d5700eda49e,gen29066-v1,"Current Zero OI in CSP or buy-write AND no current Actionable, Edge, or Wait in either strategy AND no retained historical Actionable, Edge, or Wait in either strategy"
DEEP,WEEKLY_REFRESH,29066,2026-09-14,wheelwright-universe-disposition-gen29066.md,eb540354ef87f794d0f7c5052cb84dd4cb7ac2e5e9c7b4dd78713d5700eda49e,gen29066-v1,"Current Zero OI in CSP or buy-write AND no current Actionable, Edge, or Wait in either strategy AND no retained historical Actionable, Edge, or Wait in either strategy"
DEUS,WEEKLY_REFRESH,29066,2026-09-14,wheelwright-universe-disposition-gen29066.md,eb540354ef87f794d0f7c5052cb84dd4cb7ac2e5e9c7b4dd78713d5700eda49e,gen29066-v1,"Current Zero OI in CSP or buy-write AND no current Actionable, Edge, or Wait in either strategy AND no retained historical Actionable, Edge, or Wait in either strategy"
DEW,WEEKLY_REFRESH,29066,2026-09-14,wheelwright-universe-disposition-gen29066.md,eb540354ef87f794d0f7c5052cb84dd4cb7ac2e5e9c7b4dd78713d5700eda49e,gen29066-v1,"Current Zero OI in CSP or buy-write AND no current Actionable, Edge, or Wait in either strategy AND no retained historical Actionable, Edge, or Wait in either strategy"
DFE,WEEKLY_REFRESH,29066,2026-09-14,wheelwright-universe-disposition-gen29066.md,eb540354ef87f794d0f7c5052cb84dd4cb7ac2e5e9c7b4dd78713d5700eda49e,gen29066-v1,"Current Zero OI in CSP or buy-write AND no current Actionable, Edge, or Wait in either strategy AND no retained historical Actionable, Edge, or Wait in either strategy"
DGRS,WEEKLY_REFRESH,29066,2026-09-14,wheelwright-universe-disposition-gen29066.md,eb540354ef87f794d0f7c5052cb84dd4cb7ac2e5e9c7b4dd78713d5700eda49e,gen29066-v1,"Current Zero OI in CSP or buy-write AND no current Actionable, Edge, or Wait in either strategy AND no retained historical Actionable, Edge, or Wait in either strategy"
DGRW,WEEKLY_REFRESH,29066,2026-09-14,wheelwright-universe-disposition-gen29066.md,eb540354ef87f794d0f7c5052cb84dd4cb7ac2e5e9c7b4dd78713d5700eda49e,gen29066-v1,"Current Zero OI in CSP or buy-write AND no current Actionable, Edge, or Wait in either strategy AND no retained historical Actionable, Edge, or Wait in either strategy"
DGS,WEEKLY_REFRESH,29066,2026-09-14,wheelwright-universe-disposition-gen29066.md,eb540354ef87f794d0f7c5052cb84dd4cb7ac2e5e9c7b4dd78713d5700eda49e,gen29066-v1,"Current Zero OI in CSP or buy-write AND no current Actionable, Edge, or Wait in either strategy AND no retained historical Actionable, Edge, or Wait in either strategy"
DGT,WEEKLY_REFRESH,29066,2026-09-14,wheelwright-universe-disposition-gen29066.md,eb540354ef87f794d0f7c5052cb84dd4cb7ac2e5e9c7b4dd78713d5700eda49e,gen29066-v1,"Current Zero OI in CSP or buy-write AND no current Actionable, Edge, or Wait in either strategy AND no retained historical Actionable, Edge, or Wait in either strategy"
DHS,WEEKLY_REFRESH,29066,2026-09-14,wheelwright-universe-disposition-gen29066.md,eb540354ef87f794d0f7c5052cb84dd4cb7ac2e5e9c7b4dd78713d5700eda49e,gen29066-v1,"Current Zero OI in CSP or buy-write AND no current Actionable, Edge, or Wait in either strategy AND no retained historical Actionable, Edge, or Wait in either strategy"
DIVB,WEEKLY_REFRESH,29066,2026-09-14,wheelwright-universe-disposition-gen29066.md,eb540354ef87f794d0f7c5052cb84dd4cb7ac2e5e9c7b4dd78713d5700eda49e,gen29066-v1,"Current Zero OI in CSP or buy-write AND no current Actionable, Edge, or Wait in either strategy AND no retained historical Actionable, Edge, or Wait in either strategy"
DIVI,WEEKLY_REFRESH,29066,2026-09-14,wheelwright-universe-disposition-gen29066.md,eb540354ef87f794d0f7c5052cb84dd4cb7ac2e5e9c7b4dd78713d5700eda49e,gen29066-v1,"Current Zero OI in CSP or buy-write AND no current Actionable, Edge, or Wait in either strategy AND no retained historical Actionable, Edge, or Wait in either strategy"
DJD,WEEKLY_REFRESH,29066,2026-09-14,wheelwright-universe-disposition-gen29066.md,eb540354ef87f794d0f7c5052cb84dd4cb7ac2e5e9c7b4dd78713d5700eda49e,gen29066-v1,"Current Zero OI in CSP or buy-write AND no current Actionable, Edge, or Wait in either strategy AND no retained historical Actionable, Edge, or Wait in either strategy"
DLS,WEEKLY_REFRESH,29066,2026-09-14,wheelwright-universe-disposition-gen29066.md,eb540354ef87f794d0f7c5052cb84dd4cb7ac2e5e9c7b4dd78713d5700eda49e,gen29066-v1,"Current Zero OI in CSP or buy-write AND no current Actionable, Edge, or Wait in either strategy AND no retained historical Actionable, Edge, or Wait in either strategy"
DNL,WEEKLY_REFRESH,29066,2026-09-14,wheelwright-universe-disposition-gen29066.md,eb540354ef87f794d0f7c5052cb84dd4cb7ac2e5e9c7b4dd78713d5700eda49e,gen29066-v1,"Current Zero OI in CSP or buy-write AND no current Actionable, Edge, or Wait in either strategy AND no retained historical Actionable, Edge, or Wait in either strategy"
DOL,WEEKLY_REFRESH,29066,2026-09-14,wheelwright-universe-disposition-gen29066.md,eb540354ef87f794d0f7c5052cb84dd4cb7ac2e5e9c7b4dd78713d5700eda49e,gen29066-v1,"Current Zero OI in CSP or buy-write AND no current Actionable, Edge, or Wait in either strategy AND no retained historical Actionable, Edge, or Wait in either strategy"
DON,WEEKLY_REFRESH,29066,2026-09-14,wheelwright-universe-disposition-gen29066.md,eb540354ef87f794d0f7c5052cb84dd4cb7ac2e5e9c7b4dd78713d5700eda49e,gen29066-v1,"Current Zero OI in CSP or buy-write AND no current Actionable, Edge, or Wait in either strategy AND no retained historical Actionable, Edge, or Wait in either strategy"
DRIV,WEEKLY_REFRESH,29066,2026-09-14,wheelwright-universe-disposition-gen29066.md,eb540354ef87f794d0f7c5052cb84dd4cb7ac2e5e9c7b4dd78713d5700eda49e,gen29066-v1,"Current Zero OI in CSP or buy-write AND no current Actionable, Edge, or Wait in either strategy AND no retained historical Actionable, Edge, or Wait in either strategy"
DRSK,WEEKLY_REFRESH,29066,2026-09-14,wheelwright-universe-disposition-gen29066.md,eb540354ef87f794d0f7c5052cb84dd4cb7ac2e5e9c7b4dd78713d5700eda49e,gen29066-v1,"Current Zero OI in CSP or buy-write AND no current Actionable, Edge, or Wait in either strategy AND no retained historical Actionable, Edge, or Wait in either strategy"
DSI,WEEKLY_REFRESH,29066,2026-09-14,wheelwright-universe-disposition-gen29066.md,eb540354ef87f794d0f7c5052cb84dd4cb7ac2e5e9c7b4dd78713d5700eda49e,gen29066-v1,"Current Zero OI in CSP or buy-write AND no current Actionable, Edge, or Wait in either strategy AND no retained historical Actionable, Edge, or Wait in either strategy"
DTD,WEEKLY_REFRESH,29066,2026-09-14,wheelwright-universe-disposition-gen29066.md,eb540354ef87f794d0f7c5052cb84dd4cb7ac2e5e9c7b4dd78713d5700eda49e,gen29066-v1,"Current Zero OI in CSP or buy-write AND no current Actionable, Edge, or Wait in either strategy AND no retained historical Actionable, Edge, or Wait in either strategy"
DTEC,WEEKLY_REFRESH,29066,2026-09-14,wheelwright-universe-disposition-gen29066.md,eb540354ef87f794d0f7c5052cb84dd4cb7ac2e5e9c7b4dd78713d5700eda49e,gen29066-v1,"Current Zero OI in CSP or buy-write AND no current Actionable, Edge, or Wait in either strategy AND no retained historical Actionable, Edge, or Wait in either strategy"
DTH,WEEKLY_REFRESH,29066,2026-09-14,wheelwright-universe-disposition-gen29066.md,eb540354ef87f794d0f7c5052cb84dd4cb7ac2e5e9c7b4dd78713d5700eda49e,gen29066-v1,"Current Zero OI in CSP or buy-write AND no current Actionable, Edge, or Wait in either strategy AND no retained historical Actionable, Edge, or Wait in either strategy"
DURA,WEEKLY_REFRESH,29066,2026-09-14,wheelwright-universe-disposition-gen29066.md,eb540354ef87f794d0f7c5052cb84dd4cb7ac2e5e9c7b4dd78713d5700eda49e,gen29066-v1,"Current Zero OI in CSP or buy-write AND no current Actionable, Edge, or Wait in either strategy AND no retained historical Actionable, Edge, or Wait in either strategy"
DUSA,WEEKLY_REFRESH,29066,2026-09-14,wheelwright-universe-disposition-gen29066.md,eb540354ef87f794d0f7c5052cb84dd4cb7ac2e5e9c7b4dd78713d5700eda49e,gen29066-v1,"Current Zero OI in CSP or buy-write AND no current Actionable, Edge, or Wait in either strategy AND no retained historical Actionable, Edge, or Wait in either strategy"
DVOL,WEEKLY_REFRESH,29066,2026-09-14,wheelwright-universe-disposition-gen29066.md,eb540354ef87f794d0f7c5052cb84dd4cb7ac2e5e9c7b4dd78713d5700eda49e,gen29066-v1,"Current Zero OI in CSP or buy-write AND no current Actionable, Edge, or Wait in either strategy AND no retained historical Actionable, Edge, or Wait in either strategy"
DWAS,WEEKLY_REFRESH,29066,2026-09-14,wheelwright-universe-disposition-gen29066.md,eb540354ef87f794d0f7c5052cb84dd4cb7ac2e5e9c7b4dd78713d5700eda49e,gen29066-v1,"Current Zero OI in CSP or buy-write AND no current Actionable, Edge, or Wait in either strategy AND no retained historical Actionable, Edge, or Wait in either strategy"
DWM,WEEKLY_REFRESH,29066,2026-09-14,wheelwright-universe-disposition-gen29066.md,eb540354ef87f794d0f7c5052cb84dd4cb7ac2e5e9c7b4dd78713d5700eda49e,gen29066-v1,"Current Zero OI in CSP or buy-write AND no current Actionable, Edge, or Wait in either strategy AND no retained historical Actionable, Edge, or Wait in either strategy"
DWX,WEEKLY_REFRESH,29066,2026-09-14,wheelwright-universe-disposition-gen29066.md,eb540354ef87f794d0f7c5052cb84dd4cb7ac2e5e9c7b4dd78713d5700eda49e,gen29066-v1,"Current Zero OI in CSP or buy-write AND no current Actionable, Edge, or Wait in either strategy AND no retained historical Actionable, Edge, or Wait in either strategy"
ECNS,WEEKLY_REFRESH,29066,2026-09-14,wheelwright-universe-disposition-gen29066.md,eb540354ef87f794d0f7c5052cb84dd4cb7ac2e5e9c7b4dd78713d5700eda49e,gen29066-v1,"Current Zero OI in CSP or buy-write AND no current Actionable, Edge, or Wait in either strategy AND no retained historical Actionable, Edge, or Wait in either strategy"
EELV,WEEKLY_REFRESH,29066,2026-09-14,wheelwright-universe-disposition-gen29066.md,eb540354ef87f794d0f7c5052cb84dd4cb7ac2e5e9c7b4dd78713d5700eda49e,gen29066-v1,"Current Zero OI in CSP or buy-write AND no current Actionable, Edge, or Wait in either strategy AND no retained historical Actionable, Edge, or Wait in either strategy"
EEMS,WEEKLY_REFRESH,29066,2026-09-14,wheelwright-universe-disposition-gen29066.md,eb540354ef87f794d0f7c5052cb84dd4cb7ac2e5e9c7b4dd78713d5700eda49e,gen29066-v1,"Current Zero OI in CSP or buy-write AND no current Actionable, Edge, or Wait in either strategy AND no retained historical Actionable, Edge, or Wait in either strategy"
EEMV,WEEKLY_REFRESH,29066,2026-09-14,wheelwright-universe-disposition-gen29066.md,eb540354ef87f794d0f7c5052cb84dd4cb7ac2e5e9c7b4dd78713d5700eda49e,gen29066-v1,"Current Zero OI in CSP or buy-write AND no current Actionable, Edge, or Wait in either strategy AND no retained historical Actionable, Edge, or Wait in either strategy"
EES,WEEKLY_REFRESH,29066,2026-09-14,wheelwright-universe-disposition-gen29066.md,eb540354ef87f794d0f7c5052cb84dd4cb7ac2e5e9c7b4dd78713d5700eda49e,gen29066-v1,"Current Zero OI in CSP or buy-write AND no current Actionable, Edge, or Wait in either strategy AND no retained historical Actionable, Edge, or Wait in either strategy"
EFAD,WEEKLY_REFRESH,29066,2026-09-14,wheelwright-universe-disposition-gen29066.md,eb540354ef87f794d0f7c5052cb84dd4cb7ac2e5e9c7b4dd78713d5700eda49e,gen29066-v1,"Current Zero OI in CSP or buy-write AND no current Actionable, Edge, or Wait in either strategy AND no retained historical Actionable, Edge, or Wait in either strategy"
EFAS,WEEKLY_REFRESH,29066,2026-09-14,wheelwright-universe-disposition-gen29066.md,eb540354ef87f794d0f7c5052cb84dd4cb7ac2e5e9c7b4dd78713d5700eda49e,gen29066-v1,"Current Zero OI in CSP or buy-write AND no current Actionable, Edge, or Wait in either strategy AND no retained historical Actionable, Edge, or Wait in either strategy"
EFAX,WEEKLY_REFRESH,29066,2026-09-14,wheelwright-universe-disposition-gen29066.md,eb540354ef87f794d0f7c5052cb84dd4cb7ac2e5e9c7b4dd78713d5700eda49e,gen29066-v1,"Current Zero OI in CSP or buy-write AND no current Actionable, Edge, or Wait in either strategy AND no retained historical Actionable, Edge, or Wait in either strategy"
EFG,WEEKLY_REFRESH,29066,2026-09-14,wheelwright-universe-disposition-gen29066.md,eb540354ef87f794d0f7c5052cb84dd4cb7ac2e5e9c7b4dd78713d5700eda49e,gen29066-v1,"Current Zero OI in CSP or buy-write AND no current Actionable, Edge, or Wait in either strategy AND no retained historical Actionable, Edge, or Wait in either strategy"
EFO,WEEKLY_REFRESH,29066,2026-09-14,wheelwright-universe-disposition-gen29066.md,eb540354ef87f794d0f7c5052cb84dd4cb7ac2e5e9c7b4dd78713d5700eda49e,gen29066-v1,"Current Zero OI in CSP or buy-write AND no current Actionable, Edge, or Wait in either strategy AND no retained historical Actionable, Edge, or Wait in either strategy"
EMGF,WEEKLY_REFRESH,29066,2026-09-14,wheelwright-universe-disposition-gen29066.md,eb540354ef87f794d0f7c5052cb84dd4cb7ac2e5e9c7b4dd78713d5700eda49e,gen29066-v1,"Current Zero OI in CSP or buy-write AND no current Actionable, Edge, or Wait in either strategy AND no retained historical Actionable, Edge, or Wait in either strategy"
EMLP,WEEKLY_REFRESH,29066,2026-09-14,wheelwright-universe-disposition-gen29066.md,eb540354ef87f794d0f7c5052cb84dd4cb7ac2e5e9c7b4dd78713d5700eda49e,gen29066-v1,"Current Zero OI in CSP or buy-write AND no current Actionable, Edge, or Wait in either strategy AND no retained historical Actionable, Edge, or Wait in either strategy"
EPP,WEEKLY_REFRESH,29066,2026-09-14,wheelwright-universe-disposition-gen29066.md,eb540354ef87f794d0f7c5052cb84dd4cb7ac2e5e9c7b4dd78713d5700eda49e,gen29066-v1,"Current Zero OI in CSP or buy-write AND no current Actionable, Edge, or Wait in either strategy AND no retained historical Actionable, Edge, or Wait in either strategy"
EQAL,WEEKLY_REFRESH,29066,2026-09-14,wheelwright-universe-disposition-gen29066.md,eb540354ef87f794d0f7c5052cb84dd4cb7ac2e5e9c7b4dd78713d5700eda49e,gen29066-v1,"Current Zero OI in CSP or buy-write AND no current Actionable, Edge, or Wait in either strategy AND no retained historical Actionable, Edge, or Wait in either strategy"
EQL,WEEKLY_REFRESH,29066,2026-09-14,wheelwright-universe-disposition-gen29066.md,eb540354ef87f794d0f7c5052cb84dd4cb7ac2e5e9c7b4dd78713d5700eda49e,gen29066-v1,"Current Zero OI in CSP or buy-write AND no current Actionable, Edge, or Wait in either strategy AND no retained historical Actionable, Edge, or Wait in either strategy"
ERTH,WEEKLY_REFRESH,29066,2026-09-14,wheelwright-universe-disposition-gen29066.md,eb540354ef87f794d0f7c5052cb84dd4cb7ac2e5e9c7b4dd78713d5700eda49e,gen29066-v1,"Current Zero OI in CSP or buy-write AND no current Actionable, Edge, or Wait in either strategy AND no retained historical Actionable, Edge, or Wait in either strategy"
ESGU,WEEKLY_REFRESH,29066,2026-09-14,wheelwright-universe-disposition-gen29066.md,eb540354ef87f794d0f7c5052cb84dd4cb7ac2e5e9c7b4dd78713d5700eda49e,gen29066-v1,"Current Zero OI in CSP or buy-write AND no current Actionable, Edge, or Wait in either strategy AND no retained historical Actionable, Edge, or Wait in either strategy"
ESGV,WEEKLY_REFRESH,29066,2026-09-14,wheelwright-universe-disposition-gen29066.md,eb540354ef87f794d0f7c5052cb84dd4cb7ac2e5e9c7b4dd78713d5700eda49e,gen29066-v1,"Current Zero OI in CSP or buy-write AND no current Actionable, Edge, or Wait in either strategy AND no retained historical Actionable, Edge, or Wait in either strategy"
ESML,WEEKLY_REFRESH,29066,2026-09-14,wheelwright-universe-disposition-gen29066.md,eb540354ef87f794d0f7c5052cb84dd4cb7ac2e5e9c7b4dd78713d5700eda49e,gen29066-v1,"Current Zero OI in CSP or buy-write AND no current Actionable, Edge, or Wait in either strategy AND no retained historical Actionable, Edge, or Wait in either strategy"
EUSA,WEEKLY_REFRESH,29066,2026-09-14,wheelwright-universe-disposition-gen29066.md,eb540354ef87f794d0f7c5052cb84dd4cb7ac2e5e9c7b4dd78713d5700eda49e,gen29066-v1,"Current Zero OI in CSP or buy-write AND no current Actionable, Edge, or Wait in either strategy AND no retained historical Actionable, Edge, or Wait in either strategy"
EVX,WEEKLY_REFRESH,29066,2026-09-14,wheelwright-universe-disposition-gen29066.md,eb540354ef87f794d0f7c5052cb84dd4cb7ac2e5e9c7b4dd78713d5700eda49e,gen29066-v1,"Current Zero OI in CSP or buy-write AND no current Actionable, Edge, or Wait in either strategy AND no retained historical Actionable, Edge, or Wait in either strategy"
EWK,WEEKLY_REFRESH,29066,2026-09-14,wheelwright-universe-disposition-gen29066.md,eb540354ef87f794d0f7c5052cb84dd4cb7ac2e5e9c7b4dd78713d5700eda49e,gen29066-v1,"Current Zero OI in CSP or buy-write AND no current Actionable, Edge, or Wait in either strategy AND no retained historical Actionable, Edge, or Wait in either strategy"
EWUS,WEEKLY_REFRESH,29066,2026-09-14,wheelwright-universe-disposition-gen29066.md,eb540354ef87f794d0f7c5052cb84dd4cb7ac2e5e9c7b4dd78713d5700eda49e,gen29066-v1,"Current Zero OI in CSP or buy-write AND no current Actionable, Edge, or Wait in either strategy AND no retained historical Actionable, Edge, or Wait in either strategy"
EZM,WEEKLY_REFRESH,29066,2026-09-14,wheelwright-universe-disposition-gen29066.md,eb540354ef87f794d0f7c5052cb84dd4cb7ac2e5e9c7b4dd78713d5700eda49e,gen29066-v1,"Current Zero OI in CSP or buy-write AND no current Actionable, Edge, or Wait in either strategy AND no retained historical Actionable, Edge, or Wait in either strategy"
FAB,WEEKLY_REFRESH,29066,2026-09-14,wheelwright-universe-disposition-gen29066.md,eb540354ef87f794d0f7c5052cb84dd4cb7ac2e5e9c7b4dd78713d5700eda49e,gen29066-v1,"Current Zero OI in CSP or buy-write AND no current Actionable, Edge, or Wait in either strategy AND no retained historical Actionable, Edge, or Wait in either strategy"
FAD,WEEKLY_REFRESH,29066,2026-09-14,wheelwright-universe-disposition-gen29066.md,eb540354ef87f794d0f7c5052cb84dd4cb7ac2e5e9c7b4dd78713d5700eda49e,gen29066-v1,"Current Zero OI in CSP or buy-write AND no current Actionable, Edge, or Wait in either strategy AND no retained historical Actionable, Edge, or Wait in either strategy"
FALN,WEEKLY_REFRESH,29066,2026-09-14,wheelwright-universe-disposition-gen29066.md,eb540354ef87f794d0f7c5052cb84dd4cb7ac2e5e9c7b4dd78713d5700eda49e,gen29066-v1,"Current Zero OI in CSP or buy-write AND no current Actionable, Edge, or Wait in either strategy AND no retained historical Actionable, Edge, or Wait in either strategy"
FBND,WEEKLY_REFRESH,29066,2026-09-14,wheelwright-universe-disposition-gen29066.md,eb540354ef87f794d0f7c5052cb84dd4cb7ac2e5e9c7b4dd78713d5700eda49e,gen29066-v1,"Current Zero OI in CSP or buy-write AND no current Actionable, Edge, or Wait in either strategy AND no retained historical Actionable, Edge, or Wait in either strategy"
FCA,WEEKLY_REFRESH,29066,2026-09-14,wheelwright-universe-disposition-gen29066.md,eb540354ef87f794d0f7c5052cb84dd4cb7ac2e5e9c7b4dd78713d5700eda49e,gen29066-v1,"Current Zero OI in CSP or buy-write AND no current Actionable, Edge, or Wait in either strategy AND no retained historical Actionable, Edge, or Wait in either strategy"
FDEM,WEEKLY_REFRESH,29066,2026-09-14,wheelwright-universe-disposition-gen29066.md,eb540354ef87f794d0f7c5052cb84dd4cb7ac2e5e9c7b4dd78713d5700eda49e,gen29066-v1,"Current Zero OI in CSP or buy-write AND no current Actionable, Edge, or Wait in either strategy AND no retained historical Actionable, Edge, or Wait in either strategy"
FDEV,WEEKLY_REFRESH,29066,2026-09-14,wheelwright-universe-disposition-gen29066.md,eb540354ef87f794d0f7c5052cb84dd4cb7ac2e5e9c7b4dd78713d5700eda49e,gen29066-v1,"Current Zero OI in CSP or buy-write AND no current Actionable, Edge, or Wait in either strategy AND no retained historical Actionable, Edge, or Wait in either strategy"
FDIQ,WEEKLY_REFRESH,29066,2026-09-14,wheelwright-universe-disposition-gen29066.md,eb540354ef87f794d0f7c5052cb84dd4cb7ac2e5e9c7b4dd78713d5700eda49e,gen29066-v1,"Current Zero OI in CSP or buy-write AND no current Actionable, Edge, or Wait in either strategy AND no retained historical Actionable, Edge, or Wait in either strategy"
FDIS,WEEKLY_REFRESH,29066,2026-09-14,wheelwright-universe-disposition-gen29066.md,eb540354ef87f794d0f7c5052cb84dd4cb7ac2e5e9c7b4dd78713d5700eda49e,gen29066-v1,"Current Zero OI in CSP or buy-write AND no current Actionable, Edge, or Wait in either strategy AND no retained historical Actionable, Edge, or Wait in either strategy"
FDL,WEEKLY_REFRESH,29066,2026-09-14,wheelwright-universe-disposition-gen29066.md,eb540354ef87f794d0f7c5052cb84dd4cb7ac2e5e9c7b4dd78713d5700eda49e,gen29066-v1,"Current Zero OI in CSP or buy-write AND no current Actionable, Edge, or Wait in either strategy AND no retained historical Actionable, Edge, or Wait in either strategy"
FDLO,WEEKLY_REFRESH,29066,2026-09-14,wheelwright-universe-disposition-gen29066.md,eb540354ef87f794d0f7c5052cb84dd4cb7ac2e5e9c7b4dd78713d5700eda49e,gen29066-v1,"Current Zero OI in CSP or buy-write AND no current Actionable, Edge, or Wait in either strategy AND no retained historical Actionable, Edge, or Wait in either strategy"
FDMO,WEEKLY_REFRESH,29066,2026-09-14,wheelwright-universe-disposition-gen29066.md,eb540354ef87f794d0f7c5052cb84dd4cb7ac2e5e9c7b4dd78713d5700eda49e,gen29066-v1,"Current Zero OI in CSP or buy-write AND no current Actionable, Edge, or Wait in either strategy AND no retained historical Actionable, Edge, or Wait in either strategy"
FEM,WEEKLY_REFRESH,29066,2026-09-14,wheelwright-universe-disposition-gen29066.md,eb540354ef87f794d0f7c5052cb84dd4cb7ac2e5e9c7b4dd78713d5700eda49e,gen29066-v1,"Current Zero OI in CSP or buy-write AND no current Actionable, Edge, or Wait in either strategy AND no retained historical Actionable, Edge, or Wait in either strategy"
FEP,WEEKLY_REFRESH,29066,2026-09-14,wheelwright-universe-disposition-gen29066.md,eb540354ef87f794d0f7c5052cb84dd4cb7ac2e5e9c7b4dd78713d5700eda49e,gen29066-v1,"Current Zero OI in CSP or buy-write AND no current Actionable, Edge, or Wait in either strategy AND no retained historical Actionable, Edge, or Wait in either strategy"
FEUZ,WEEKLY_REFRESH,29066,2026-09-14,wheelwright-universe-disposition-gen29066.md,eb540354ef87f794d0f7c5052cb84dd4cb7ac2e5e9c7b4dd78713d5700eda49e,gen29066-v1,"Current Zero OI in CSP or buy-write AND no current Actionable, Edge, or Wait in either strategy AND no retained historical Actionable, Edge, or Wait in either strategy"
FEX,WEEKLY_REFRESH,29066,2026-09-14,wheelwright-universe-disposition-gen29066.md,eb540354ef87f794d0f7c5052cb84dd4cb7ac2e5e9c7b4dd78713d5700eda49e,gen29066-v1,"Current Zero OI in CSP or buy-write AND no current Actionable, Edge, or Wait in either strategy AND no retained historical Actionable, Edge, or Wait in either strategy"
FGD,WEEKLY_REFRESH,29066,2026-09-14,wheelwright-universe-disposition-gen29066.md,eb540354ef87f794d0f7c5052cb84dd4cb7ac2e5e9c7b4dd78713d5700eda49e,gen29066-v1,"Current Zero OI in CSP or buy-write AND no current Actionable, Edge, or Wait in either strategy AND no retained historical Actionable, Edge, or Wait in either strategy"
FGM,WEEKLY_REFRESH,29066,2026-09-14,wheelwright-universe-disposition-gen29066.md,eb540354ef87f794d0f7c5052cb84dd4cb7ac2e5e9c7b4dd78713d5700eda49e,gen29066-v1,"Current Zero OI in CSP or buy-write AND no current Actionable, Edge, or Wait in either strategy AND no retained historical Actionable, Edge, or Wait in either strategy"
FHLC,WEEKLY_REFRESH,29066,2026-09-14,wheelwright-universe-disposition-gen29066.md,eb540354ef87f794d0f7c5052cb84dd4cb7ac2e5e9c7b4dd78713d5700eda49e,gen29066-v1,"Current Zero OI in CSP or buy-write AND no current Actionable, Edge, or Wait in either strategy AND no retained historical Actionable, Edge, or Wait in either strategy"
FID,WEEKLY_REFRESH,29066,2026-09-14,wheelwright-universe-disposition-gen29066.md,eb540354ef87f794d0f7c5052cb84dd4cb7ac2e5e9c7b4dd78713d5700eda49e,gen29066-v1,"Current Zero OI in CSP or buy-write AND no current Actionable, Edge, or Wait in either strategy AND no retained historical Actionable, Edge, or Wait in either strategy"
FIDI,WEEKLY_REFRESH,29066,2026-09-14,wheelwright-universe-disposition-gen29066.md,eb540354ef87f794d0f7c5052cb84dd4cb7ac2e5e9c7b4dd78713d5700eda49e,gen29066-v1,"Current Zero OI in CSP or buy-write AND no current Actionable, Edge, or Wait in either strategy AND no retained historical Actionable, Edge, or Wait in either strategy"
FIDU,WEEKLY_REFRESH,29066,2026-09-14,wheelwright-universe-disposition-gen29066.md,eb540354ef87f794d0f7c5052cb84dd4cb7ac2e5e9c7b4dd78713d5700eda49e,gen29066-v1,"Current Zero OI in CSP or buy-write AND no current Actionable, Edge, or Wait in either strategy AND no retained historical Actionable, Edge, or Wait in either strategy"
FIVA,WEEKLY_REFRESH,29066,2026-09-14,wheelwright-universe-disposition-gen29066.md,eb540354ef87f794d0f7c5052cb84dd4cb7ac2e5e9c7b4dd78713d5700eda49e,gen29066-v1,"Current Zero OI in CSP or buy-write AND no current Actionable, Edge, or Wait in either strategy AND no retained historical Actionable, Edge, or Wait in either strategy"
FIW,WEEKLY_REFRESH,29066,2026-09-14,wheelwright-universe-disposition-gen29066.md,eb540354ef87f794d0f7c5052cb84dd4cb7ac2e5e9c7b4dd78713d5700eda49e,gen29066-v1,"Current Zero OI in CSP or buy-write AND no current Actionable, Edge, or Wait in either strategy AND no retained historical Actionable, Edge, or Wait in either strategy"
FLEE,WEEKLY_REFRESH,29066,2026-09-14,wheelwright-universe-disposition-gen29066.md,eb540354ef87f794d0f7c5052cb84dd4cb7ac2e5e9c7b4dd78713d5700eda49e,gen29066-v1,"Current Zero OI in CSP or buy-write AND no current Actionable, Edge, or Wait in either strategy AND no retained historical Actionable, Edge, or Wait in either strategy"
FLEU,WEEKLY_REFRESH,29066,2026-09-14,wheelwright-universe-disposition-gen29066.md,eb540354ef87f794d0f7c5052cb84dd4cb7ac2e5e9c7b4dd78713d5700eda49e,gen29066-v1,"Current Zero OI in CSP or buy-write AND no current Actionable, Edge, or Wait in either strategy AND no retained historical Actionable, Edge, or Wait in either strategy"
FLGR,WEEKLY_REFRESH,29066,2026-09-14,wheelwright-universe-disposition-gen29066.md,eb540354ef87f794d0f7c5052cb84dd4cb7ac2e5e9c7b4dd78713d5700eda49e,gen29066-v1,"Current Zero OI in CSP or buy-write AND no current Actionable, Edge, or Wait in either strategy AND no retained historical Actionable, Edge, or Wait in either strategy"
FLJH,WEEKLY_REFRESH,29066,2026-09-14,wheelwright-universe-disposition-gen29066.md,eb540354ef87f794d0f7c5052cb84dd4cb7ac2e5e9c7b4dd78713d5700eda49e,gen29066-v1,"Current Zero OI in CSP or buy-write AND no current Actionable, Edge, or Wait in either strategy AND no retained historical Actionable, Edge, or Wait in either strategy"
FLJP,WEEKLY_REFRESH,29066,2026-09-14,wheelwright-universe-disposition-gen29066.md,eb540354ef87f794d0f7c5052cb84dd4cb7ac2e5e9c7b4dd78713d5700eda49e,gen29066-v1,"Current Zero OI in CSP or buy-write AND no current Actionable, Edge, or Wait in either strategy AND no retained historical Actionable, Edge, or Wait in either strategy"
FLMX,WEEKLY_REFRESH,29066,2026-09-14,wheelwright-universe-disposition-gen29066.md,eb540354ef87f794d0f7c5052cb84dd4cb7ac2e5e9c7b4dd78713d5700eda49e,gen29066-v1,"Current Zero OI in CSP or buy-write AND no current Actionable, Edge, or Wait in either strategy AND no retained historical Actionable, Edge, or Wait in either strategy"
FLQL,WEEKLY_REFRESH,29066,2026-09-14,wheelwright-universe-disposition-gen29066.md,eb540354ef87f794d0f7c5052cb84dd4cb7ac2e5e9c7b4dd78713d5700eda49e,gen29066-v1,"Current Zero OI in CSP or buy-write AND no current Actionable, Edge, or Wait in either strategy AND no retained historical Actionable, Edge, or Wait in either strategy"
FLQM,WEEKLY_REFRESH,29066,2026-09-14,wheelwright-universe-disposition-gen29066.md,eb540354ef87f794d0f7c5052cb84dd4cb7ac2e5e9c7b4dd78713d5700eda49e,gen29066-v1,"Current Zero OI in CSP or buy-write AND no current Actionable, Edge, or Wait in either strategy AND no retained historical Actionable, Edge, or Wait in either strategy"
FLRN,WEEKLY_REFRESH,29066,2026-09-14,wheelwright-universe-disposition-gen29066.md,eb540354ef87f794d0f7c5052cb84dd4cb7ac2e5e9c7b4dd78713d5700eda49e,gen29066-v1,"Current Zero OI in CSP or buy-write AND no current Actionable, Edge, or Wait in either strategy AND no retained historical Actionable, Edge, or Wait in either strategy"
FLTR,WEEKLY_REFRESH,29066,2026-09-14,wheelwright-universe-disposition-gen29066.md,eb540354ef87f794d0f7c5052cb84dd4cb7ac2e5e9c7b4dd78713d5700eda49e,gen29066-v1,"Current Zero OI in CSP or buy-write AND no current Actionable, Edge, or Wait in either strategy AND no retained historical Actionable, Edge, or Wait in either strategy"
FMAT,WEEKLY_REFRESH,29066,2026-09-14,wheelwright-universe-disposition-gen29066.md,eb540354ef87f794d0f7c5052cb84dd4cb7ac2e5e9c7b4dd78713d5700eda49e,gen29066-v1,"Current Zero OI in CSP or buy-write AND no current Actionable, Edge, or Wait in either strategy AND no retained historical Actionable, Edge, or Wait in either strategy"
FNCL,WEEKLY_REFRESH,29066,2026-09-14,wheelwright-universe-disposition-gen29066.md,eb540354ef87f794d0f7c5052cb84dd4cb7ac2e5e9c7b4dd78713d5700eda49e,gen29066-v1,"Current Zero OI in CSP or buy-write AND no current Actionable, Edge, or Wait in either strategy AND no retained historical Actionable, Edge, or Wait in either strategy"
FNDC,WEEKLY_REFRESH,29066,2026-09-14,wheelwright-universe-disposition-gen29066.md,eb540354ef87f794d0f7c5052cb84dd4cb7ac2e5e9c7b4dd78713d5700eda49e,gen29066-v1,"Current Zero OI in CSP or buy-write AND no current Actionable, Edge, or Wait in either strategy AND no retained historical Actionable, Edge, or Wait in either strategy"
FNDE,WEEKLY_REFRESH,29066,2026-09-14,wheelwright-universe-disposition-gen29066.md,eb540354ef87f794d0f7c5052cb84dd4cb7ac2e5e9c7b4dd78713d5700eda49e,gen29066-v1,"Current Zero OI in CSP or buy-write AND no current Actionable, Edge, or Wait in either strategy AND no retained historical Actionable, Edge, or Wait in either strategy"
FNDF,WEEKLY_REFRESH,29066,2026-09-14,wheelwright-universe-disposition-gen29066.md,eb540354ef87f794d0f7c5052cb84dd4cb7ac2e5e9c7b4dd78713d5700eda49e,gen29066-v1,"Current Zero OI in CSP or buy-write AND no current Actionable, Edge, or Wait in either strategy AND no retained historical Actionable, Edge, or Wait in either strategy"
FNDX,WEEKLY_REFRESH,29066,2026-09-14,wheelwright-universe-disposition-gen29066.md,eb540354ef87f794d0f7c5052cb84dd4cb7ac2e5e9c7b4dd78713d5700eda49e,gen29066-v1,"Current Zero OI in CSP or buy-write AND no current Actionable, Edge, or Wait in either strategy AND no retained historical Actionable, Edge, or Wait in either strategy"
FNK,WEEKLY_REFRESH,29066,2026-09-14,wheelwright-universe-disposition-gen29066.md,eb540354ef87f794d0f7c5052cb84dd4cb7ac2e5e9c7b4dd78713d5700eda49e,gen29066-v1,"Current Zero OI in CSP or buy-write AND no current Actionable, Edge, or Wait in either strategy AND no retained historical Actionable, Edge, or Wait in either strategy"
FNX,WEEKLY_REFRESH,29066,2026-09-14,wheelwright-universe-disposition-gen29066.md,eb540354ef87f794d0f7c5052cb84dd4cb7ac2e5e9c7b4dd78713d5700eda49e,gen29066-v1,"Current Zero OI in CSP or buy-write AND no current Actionable, Edge, or Wait in either strategy AND no retained historical Actionable, Edge, or Wait in either strategy"
FNY,WEEKLY_REFRESH,29066,2026-09-14,wheelwright-universe-disposition-gen29066.md,eb540354ef87f794d0f7c5052cb84dd4cb7ac2e5e9c7b4dd78713d5700eda49e,gen29066-v1,"Current Zero OI in CSP or buy-write AND no current Actionable, Edge, or Wait in either strategy AND no retained historical Actionable, Edge, or Wait in either strategy"
FPE,WEEKLY_REFRESH,29066,2026-09-14,wheelwright-universe-disposition-gen29066.md,eb540354ef87f794d0f7c5052cb84dd4cb7ac2e5e9c7b4dd78713d5700eda49e,gen29066-v1,"Current Zero OI in CSP or buy-write AND no current Actionable, Edge, or Wait in either strategy AND no retained historical Actionable, Edge, or Wait in either strategy"
FPX,WEEKLY_REFRESH,29066,2026-09-14,wheelwright-universe-disposition-gen29066.md,eb540354ef87f794d0f7c5052cb84dd4cb7ac2e5e9c7b4dd78713d5700eda49e,gen29066-v1,"Current Zero OI in CSP or buy-write AND no current Actionable, Edge, or Wait in either strategy AND no retained historical Actionable, Edge, or Wait in either strategy"
FPXE,WEEKLY_REFRESH,29066,2026-09-14,wheelwright-universe-disposition-gen29066.md,eb540354ef87f794d0f7c5052cb84dd4cb7ac2e5e9c7b4dd78713d5700eda49e,gen29066-v1,"Current Zero OI in CSP or buy-write AND no current Actionable, Edge, or Wait in either strategy AND no retained historical Actionable, Edge, or Wait in either strategy"
FQAL,WEEKLY_REFRESH,29066,2026-09-14,wheelwright-universe-disposition-gen29066.md,eb540354ef87f794d0f7c5052cb84dd4cb7ac2e5e9c7b4dd78713d5700eda49e,gen29066-v1,"Current Zero OI in CSP or buy-write AND no current Actionable, Edge, or Wait in either strategy AND no retained historical Actionable, Edge, or Wait in either strategy"
FREL,WEEKLY_REFRESH,29066,2026-09-14,wheelwright-universe-disposition-gen29066.md,eb540354ef87f794d0f7c5052cb84dd4cb7ac2e5e9c7b4dd78713d5700eda49e,gen29066-v1,"Current Zero OI in CSP or buy-write AND no current Actionable, Edge, or Wait in either strategy AND no retained historical Actionable, Edge, or Wait in either strategy"
FRI,WEEKLY_REFRESH,29066,2026-09-14,wheelwright-universe-disposition-gen29066.md,eb540354ef87f794d0f7c5052cb84dd4cb7ac2e5e9c7b4dd78713d5700eda49e,gen29066-v1,"Current Zero OI in CSP or buy-write AND no current Actionable, Edge, or Wait in either strategy AND no retained historical Actionable, Edge, or Wait in either strategy"
FSMB,WEEKLY_REFRESH,29066,2026-09-14,wheelwright-universe-disposition-gen29066.md,eb540354ef87f794d0f7c5052cb84dd4cb7ac2e5e9c7b4dd78713d5700eda49e,gen29066-v1,"Current Zero OI in CSP or buy-write AND no current Actionable, Edge, or Wait in either strategy AND no retained historical Actionable, Edge, or Wait in either strategy"
FSMD,WEEKLY_REFRESH,29066,2026-09-14,wheelwright-universe-disposition-gen29066.md,eb540354ef87f794d0f7c5052cb84dd4cb7ac2e5e9c7b4dd78713d5700eda49e,gen29066-v1,"Current Zero OI in CSP or buy-write AND no current Actionable, Edge, or Wait in either strategy AND no retained historical Actionable, Edge, or Wait in either strategy"
FSTA,WEEKLY_REFRESH,29066,2026-09-14,wheelwright-universe-disposition-gen29066.md,eb540354ef87f794d0f7c5052cb84dd4cb7ac2e5e9c7b4dd78713d5700eda49e,gen29066-v1,"Current Zero OI in CSP or buy-write AND no current Actionable, Edge, or Wait in either strategy AND no retained historical Actionable, Edge, or Wait in either strategy"
FSZ,WEEKLY_REFRESH,29066,2026-09-14,wheelwright-universe-disposition-gen29066.md,eb540354ef87f794d0f7c5052cb84dd4cb7ac2e5e9c7b4dd78713d5700eda49e,gen29066-v1,"Current Zero OI in CSP or buy-write AND no current Actionable, Edge, or Wait in either strategy AND no retained historical Actionable, Edge, or Wait in either strategy"
FTA,WEEKLY_REFRESH,29066,2026-09-14,wheelwright-universe-disposition-gen29066.md,eb540354ef87f794d0f7c5052cb84dd4cb7ac2e5e9c7b4dd78713d5700eda49e,gen29066-v1,"Current Zero OI in CSP or buy-write AND no current Actionable, Edge, or Wait in either strategy AND no retained historical Actionable, Edge, or Wait in either strategy"
FTAG,WEEKLY_REFRESH,29066,2026-09-14,wheelwright-universe-disposition-gen29066.md,eb540354ef87f794d0f7c5052cb84dd4cb7ac2e5e9c7b4dd78713d5700eda49e,gen29066-v1,"Current Zero OI in CSP or buy-write AND no current Actionable, Edge, or Wait in either strategy AND no retained historical Actionable, Edge, or Wait in either strategy"
FTC,WEEKLY_REFRESH,29066,2026-09-14,wheelwright-universe-disposition-gen29066.md,eb540354ef87f794d0f7c5052cb84dd4cb7ac2e5e9c7b4dd78713d5700eda49e,gen29066-v1,"Current Zero OI in CSP or buy-write AND no current Actionable, Edge, or Wait in either strategy AND no retained historical Actionable, Edge, or Wait in either strategy"
FTCS,WEEKLY_REFRESH,29066,2026-09-14,wheelwright-universe-disposition-gen29066.md,eb540354ef87f794d0f7c5052cb84dd4cb7ac2e5e9c7b4dd78713d5700eda49e,gen29066-v1,"Current Zero OI in CSP or buy-write AND no current Actionable, Edge, or Wait in either strategy AND no retained historical Actionable, Edge, or Wait in either strategy"
FTGC,WEEKLY_REFRESH,29066,2026-09-14,wheelwright-universe-disposition-gen29066.md,eb540354ef87f794d0f7c5052cb84dd4cb7ac2e5e9c7b4dd78713d5700eda49e,gen29066-v1,"Current Zero OI in CSP or buy-write AND no current Actionable, Edge, or Wait in either strategy AND no retained historical Actionable, Edge, or Wait in either strategy"
FTHI,WEEKLY_REFRESH,29066,2026-09-14,wheelwright-universe-disposition-gen29066.md,eb540354ef87f794d0f7c5052cb84dd4cb7ac2e5e9c7b4dd78713d5700eda49e,gen29066-v1,"Current Zero OI in CSP or buy-write AND no current Actionable, Edge, or Wait in either strategy AND no retained historical Actionable, Edge, or Wait in either strategy"
FTLS,WEEKLY_REFRESH,29066,2026-09-14,wheelwright-universe-disposition-gen29066.md,eb540354ef87f794d0f7c5052cb84dd4cb7ac2e5e9c7b4dd78713d5700eda49e,gen29066-v1,"Current Zero OI in CSP or buy-write AND no current Actionable, Edge, or Wait in either strategy AND no retained historical Actionable, Edge, or Wait in either strategy"
FTQI,WEEKLY_REFRESH,29066,2026-09-14,wheelwright-universe-disposition-gen29066.md,eb540354ef87f794d0f7c5052cb84dd4cb7ac2e5e9c7b4dd78713d5700eda49e,gen29066-v1,"Current Zero OI in CSP or buy-write AND no current Actionable, Edge, or Wait in either strategy AND no retained historical Actionable, Edge, or Wait in either strategy"
FTRI,WEEKLY_REFRESH,29066,2026-09-14,wheelwright-universe-disposition-gen29066.md,eb540354ef87f794d0f7c5052cb84dd4cb7ac2e5e9c7b4dd78713d5700eda49e,gen29066-v1,"Current Zero OI in CSP or buy-write AND no current Actionable, Edge, or Wait in either strategy AND no retained historical Actionable, Edge, or Wait in either strategy"
FTXG,WEEKLY_REFRESH,29066,2026-09-14,wheelwright-universe-disposition-gen29066.md,eb540354ef87f794d0f7c5052cb84dd4cb7ac2e5e9c7b4dd78713d5700eda49e,gen29066-v1,"Current Zero OI in CSP or buy-write AND no current Actionable, Edge, or Wait in either strategy AND no retained historical Actionable, Edge, or Wait in either strategy"
FTXH,WEEKLY_REFRESH,29066,2026-09-14,wheelwright-universe-disposition-gen29066.md,eb540354ef87f794d0f7c5052cb84dd4cb7ac2e5e9c7b4dd78713d5700eda49e,gen29066-v1,"Current Zero OI in CSP or buy-write AND no current Actionable, Edge, or Wait in either strategy AND no retained historical Actionable, Edge, or Wait in either strategy"
FTXN,WEEKLY_REFRESH,29066,2026-09-14,wheelwright-universe-disposition-gen29066.md,eb540354ef87f794d0f7c5052cb84dd4cb7ac2e5e9c7b4dd78713d5700eda49e,gen29066-v1,"Current Zero OI in CSP or buy-write AND no current Actionable, Edge, or Wait in either strategy AND no retained historical Actionable, Edge, or Wait in either strategy"
FTXO,WEEKLY_REFRESH,29066,2026-09-14,wheelwright-universe-disposition-gen29066.md,eb540354ef87f794d0f7c5052cb84dd4cb7ac2e5e9c7b4dd78713d5700eda49e,gen29066-v1,"Current Zero OI in CSP or buy-write AND no current Actionable, Edge, or Wait in either strategy AND no retained historical Actionable, Edge, or Wait in either strategy"
FTXR,WEEKLY_REFRESH,29066,2026-09-14,wheelwright-universe-disposition-gen29066.md,eb540354ef87f794d0f7c5052cb84dd4cb7ac2e5e9c7b4dd78713d5700eda49e,gen29066-v1,"Current Zero OI in CSP or buy-write AND no current Actionable, Edge, or Wait in either strategy AND no retained historical Actionable, Edge, or Wait in either strategy"
FV,WEEKLY_REFRESH,29066,2026-09-14,wheelwright-universe-disposition-gen29066.md,eb540354ef87f794d0f7c5052cb84dd4cb7ac2e5e9c7b4dd78713d5700eda49e,gen29066-v1,"Current Zero OI in CSP or buy-write AND no current Actionable, Edge, or Wait in either strategy AND no retained historical Actionable, Edge, or Wait in either strategy"
FVAL,WEEKLY_REFRESH,29066,2026-09-14,wheelwright-universe-disposition-gen29066.md,eb540354ef87f794d0f7c5052cb84dd4cb7ac2e5e9c7b4dd78713d5700eda49e,gen29066-v1,"Current Zero OI in CSP or buy-write AND no current Actionable, Edge, or Wait in either strategy AND no retained historical Actionable, Edge, or Wait in either strategy"
FVD,WEEKLY_REFRESH,29066,2026-09-14,wheelwright-universe-disposition-gen29066.md,eb540354ef87f794d0f7c5052cb84dd4cb7ac2e5e9c7b4dd78713d5700eda49e,gen29066-v1,"Current Zero OI in CSP or buy-write AND no current Actionable, Edge, or Wait in either strategy AND no retained historical Actionable, Edge, or Wait in either strategy"
FXD,WEEKLY_REFRESH,29066,2026-09-14,wheelwright-universe-disposition-gen29066.md,eb540354ef87f794d0f7c5052cb84dd4cb7ac2e5e9c7b4dd78713d5700eda49e,gen29066-v1,"Current Zero OI in CSP or buy-write AND no current Actionable, Edge, or Wait in either strategy AND no retained historical Actionable, Edge, or Wait in either strategy"
FXG,WEEKLY_REFRESH,29066,2026-09-14,wheelwright-universe-disposition-gen29066.md,eb540354ef87f794d0f7c5052cb84dd4cb7ac2e5e9c7b4dd78713d5700eda49e,gen29066-v1,"Current Zero OI in CSP or buy-write AND no current Actionable, Edge, or Wait in either strategy AND no retained historical Actionable, Edge, or Wait in either strategy"
FXH,WEEKLY_REFRESH,29066,2026-09-14,wheelwright-universe-disposition-gen29066.md,eb540354ef87f794d0f7c5052cb84dd4cb7ac2e5e9c7b4dd78713d5700eda49e,gen29066-v1,"Current Zero OI in CSP or buy-write AND no current Actionable, Edge, or Wait in either strategy AND no retained historical Actionable, Edge, or Wait in either strategy"
FXL,WEEKLY_REFRESH,29066,2026-09-14,wheelwright-universe-disposition-gen29066.md,eb540354ef87f794d0f7c5052cb84dd4cb7ac2e5e9c7b4dd78713d5700eda49e,gen29066-v1,"Current Zero OI in CSP or buy-write AND no current Actionable, Edge, or Wait in either strategy AND no retained historical Actionable, Edge, or Wait in either strategy"
FXN,WEEKLY_REFRESH,29066,2026-09-14,wheelwright-universe-disposition-gen29066.md,eb540354ef87f794d0f7c5052cb84dd4cb7ac2e5e9c7b4dd78713d5700eda49e,gen29066-v1,"Current Zero OI in CSP or buy-write AND no current Actionable, Edge, or Wait in either strategy AND no retained historical Actionable, Edge, or Wait in either strategy"
FXO,WEEKLY_REFRESH,29066,2026-09-14,wheelwright-universe-disposition-gen29066.md,eb540354ef87f794d0f7c5052cb84dd4cb7ac2e5e9c7b4dd78713d5700eda49e,gen29066-v1,"Current Zero OI in CSP or buy-write AND no current Actionable, Edge, or Wait in either strategy AND no retained historical Actionable, Edge, or Wait in either strategy"
FXP,WEEKLY_REFRESH,29066,2026-09-14,wheelwright-universe-disposition-gen29066.md,eb540354ef87f794d0f7c5052cb84dd4cb7ac2e5e9c7b4dd78713d5700eda49e,gen29066-v1,"Current Zero OI in CSP or buy-write AND no current Actionable, Edge, or Wait in either strategy AND no retained historical Actionable, Edge, or Wait in either strategy"
FXR,WEEKLY_REFRESH,29066,2026-09-14,wheelwright-universe-disposition-gen29066.md,eb540354ef87f794d0f7c5052cb84dd4cb7ac2e5e9c7b4dd78713d5700eda49e,gen29066-v1,"Current Zero OI in CSP or buy-write AND no current Actionable, Edge, or Wait in either strategy AND no retained historical Actionable, Edge, or Wait in either strategy"
FXU,WEEKLY_REFRESH,29066,2026-09-14,wheelwright-universe-disposition-gen29066.md,eb540354ef87f794d0f7c5052cb84dd4cb7ac2e5e9c7b4dd78713d5700eda49e,gen29066-v1,"Current Zero OI in CSP or buy-write AND no current Actionable, Edge, or Wait in either strategy AND no retained historical Actionable, Edge, or Wait in either strategy"
FYC,WEEKLY_REFRESH,29066,2026-09-14,wheelwright-universe-disposition-gen29066.md,eb540354ef87f794d0f7c5052cb84dd4cb7ac2e5e9c7b4dd78713d5700eda49e,gen29066-v1,"Current Zero OI in CSP or buy-write AND no current Actionable, Edge, or Wait in either strategy AND no retained historical Actionable, Edge, or Wait in either strategy"
FYLD,WEEKLY_REFRESH,29066,2026-09-14,wheelwright-universe-disposition-gen29066.md,eb540354ef87f794d0f7c5052cb84dd4cb7ac2e5e9c7b4dd78713d5700eda49e,gen29066-v1,"Current Zero OI in CSP or buy-write AND no current Actionable, Edge, or Wait in either strategy AND no retained historical Actionable, Edge, or Wait in either strategy"
FYT,WEEKLY_REFRESH,29066,2026-09-14,wheelwright-universe-disposition-gen29066.md,eb540354ef87f794d0f7c5052cb84dd4cb7ac2e5e9c7b4dd78713d5700eda49e,gen29066-v1,"Current Zero OI in CSP or buy-write AND no current Actionable, Edge, or Wait in either strategy AND no retained historical Actionable, Edge, or Wait in either strategy"
FYX,WEEKLY_REFRESH,29066,2026-09-14,wheelwright-universe-disposition-gen29066.md,eb540354ef87f794d0f7c5052cb84dd4cb7ac2e5e9c7b4dd78713d5700eda49e,gen29066-v1,"Current Zero OI in CSP or buy-write AND no current Actionable, Edge, or Wait in either strategy AND no retained historical Actionable, Edge, or Wait in either strategy"
GAL,WEEKLY_REFRESH,29066,2026-09-14,wheelwright-universe-disposition-gen29066.md,eb540354ef87f794d0f7c5052cb84dd4cb7ac2e5e9c7b4dd78713d5700eda49e,gen29066-v1,"Current Zero OI in CSP or buy-write AND no current Actionable, Edge, or Wait in either strategy AND no retained historical Actionable, Edge, or Wait in either strategy"
GGME,WEEKLY_REFRESH,29066,2026-09-14,wheelwright-universe-disposition-gen29066.md,eb540354ef87f794d0f7c5052cb84dd4cb7ac2e5e9c7b4dd78713d5700eda49e,gen29066-v1,"Current Zero OI in CSP or buy-write AND no current Actionable, Edge, or Wait in either strategy AND no retained historical Actionable, Edge, or Wait in either strategy"
GII,WEEKLY_REFRESH,29066,2026-09-14,wheelwright-universe-disposition-gen29066.md,eb540354ef87f794d0f7c5052cb84dd4cb7ac2e5e9c7b4dd78713d5700eda49e,gen29066-v1,"Current Zero OI in CSP or buy-write AND no current Actionable, Edge, or Wait in either strategy AND no retained historical Actionable, Edge, or Wait in either strategy"
GLIN,WEEKLY_REFRESH,29066,2026-09-14,wheelwright-universe-disposition-gen29066.md,eb540354ef87f794d0f7c5052cb84dd4cb7ac2e5e9c7b4dd78713d5700eda49e,gen29066-v1,"Current Zero OI in CSP or buy-write AND no current Actionable, Edge, or Wait in either strategy AND no retained historical Actionable, Edge, or Wait in either strategy"
GREK,WEEKLY_REFRESH,29066,2026-09-14,wheelwright-universe-disposition-gen29066.md,eb540354ef87f794d0f7c5052cb84dd4cb7ac2e5e9c7b4dd78713d5700eda49e,gen29066-v1,"Current Zero OI in CSP or buy-write AND no current Actionable, Edge, or Wait in either strategy AND no retained historical Actionable, Edge, or Wait in either strategy"
GSEU,WEEKLY_REFRESH,29066,2026-09-14,wheelwright-universe-disposition-gen29066.md,eb540354ef87f794d0f7c5052cb84dd4cb7ac2e5e9c7b4dd78713d5700eda49e,gen29066-v1,"Current Zero OI in CSP or buy-write AND no current Actionable, Edge, or Wait in either strategy AND no retained historical Actionable, Edge, or Wait in either strategy"
GSEW,WEEKLY_REFRESH,29066,2026-09-14,wheelwright-universe-disposition-gen29066.md,eb540354ef87f794d0f7c5052cb84dd4cb7ac2e5e9c7b4dd78713d5700eda49e,gen29066-v1,"Current Zero OI in CSP or buy-write AND no current Actionable, Edge, or Wait in either strategy AND no retained historical Actionable, Edge, or Wait in either strategy"
GSY,WEEKLY_REFRESH,29066,2026-09-14,wheelwright-universe-disposition-gen29066.md,eb540354ef87f794d0f7c5052cb84dd4cb7ac2e5e9c7b4dd78713d5700eda49e,gen29066-v1,"Current Zero OI in CSP or buy-write AND no current Actionable, Edge, or Wait in either strategy AND no retained historical Actionable, Edge, or Wait in either strategy"
GVIP,WEEKLY_REFRESH,29066,2026-09-14,wheelwright-universe-disposition-gen29066.md,eb540354ef87f794d0f7c5052cb84dd4cb7ac2e5e9c7b4dd78713d5700eda49e,gen29066-v1,"Current Zero OI in CSP or buy-write AND no current Actionable, Edge, or Wait in either strategy AND no retained historical Actionable, Edge, or Wait in either strategy"
GWX,WEEKLY_REFRESH,29066,2026-09-14,wheelwright-universe-disposition-gen29066.md,eb540354ef87f794d0f7c5052cb84dd4cb7ac2e5e9c7b4dd78713d5700eda49e,gen29066-v1,"Current Zero OI in CSP or buy-write AND no current Actionable, Edge, or Wait in either strategy AND no retained historical Actionable, Edge, or Wait in either strategy"
GYLD,WEEKLY_REFRESH,29066,2026-09-14,wheelwright-universe-disposition-gen29066.md,eb540354ef87f794d0f7c5052cb84dd4cb7ac2e5e9c7b4dd78713d5700eda49e,gen29066-v1,"Current Zero OI in CSP or buy-write AND no current Actionable, Edge, or Wait in either strategy AND no retained historical Actionable, Edge, or Wait in either strategy"
HAIL,WEEKLY_REFRESH,29066,2026-09-14,wheelwright-universe-disposition-gen29066.md,eb540354ef87f794d0f7c5052cb84dd4cb7ac2e5e9c7b4dd78713d5700eda49e,gen29066-v1,"Current Zero OI in CSP or buy-write AND no current Actionable, Edge, or Wait in either strategy AND no retained historical Actionable, Edge, or Wait in either strategy"
HAP,WEEKLY_REFRESH,29066,2026-09-14,wheelwright-universe-disposition-gen29066.md,eb540354ef87f794d0f7c5052cb84dd4cb7ac2e5e9c7b4dd78713d5700eda49e,gen29066-v1,"Current Zero OI in CSP or buy-write AND no current Actionable, Edge, or Wait in either strategy AND no retained historical Actionable, Edge, or Wait in either strategy"
HAUZ,WEEKLY_REFRESH,29066,2026-09-14,wheelwright-universe-disposition-gen29066.md,eb540354ef87f794d0f7c5052cb84dd4cb7ac2e5e9c7b4dd78713d5700eda49e,gen29066-v1,"Current Zero OI in CSP or buy-write AND no current Actionable, Edge, or Wait in either strategy AND no retained historical Actionable, Edge, or Wait in either strategy"
HDEF,WEEKLY_REFRESH,29066,2026-09-14,wheelwright-universe-disposition-gen29066.md,eb540354ef87f794d0f7c5052cb84dd4cb7ac2e5e9c7b4dd78713d5700eda49e,gen29066-v1,"Current Zero OI in CSP or buy-write AND no current Actionable, Edge, or Wait in either strategy AND no retained historical Actionable, Edge, or Wait in either strategy"
HDG,WEEKLY_REFRESH,29066,2026-09-14,wheelwright-universe-disposition-gen29066.md,eb540354ef87f794d0f7c5052cb84dd4cb7ac2e5e9c7b4dd78713d5700eda49e,gen29066-v1,"Current Zero OI in CSP or buy-write AND no current Actionable, Edge, or Wait in either strategy AND no retained historical Actionable, Edge, or Wait in either strategy"
HEDJ,WEEKLY_REFRESH,29066,2026-09-14,wheelwright-universe-disposition-gen29066.md,eb540354ef87f794d0f7c5052cb84dd4cb7ac2e5e9c7b4dd78713d5700eda49e,gen29066-v1,"Current Zero OI in CSP or buy-write AND no current Actionable, Edge, or Wait in either strategy AND no retained historical Actionable, Edge, or Wait in either strategy"
HEWJ,WEEKLY_REFRESH,29066,2026-09-14,wheelwright-universe-disposition-gen29066.md,eb540354ef87f794d0f7c5052cb84dd4cb7ac2e5e9c7b4dd78713d5700eda49e,gen29066-v1,"Current Zero OI in CSP or buy-write AND no current Actionable, Edge, or Wait in either strategy AND no retained historical Actionable, Edge, or Wait in either strategy"
HEZU,WEEKLY_REFRESH,29066,2026-09-14,wheelwright-universe-disposition-gen29066.md,eb540354ef87f794d0f7c5052cb84dd4cb7ac2e5e9c7b4dd78713d5700eda49e,gen29066-v1,"Current Zero OI in CSP or buy-write AND no current Actionable, Edge, or Wait in either strategy AND no retained historical Actionable, Edge, or Wait in either strategy"
HIPS,WEEKLY_REFRESH,29066,2026-09-14,wheelwright-universe-disposition-gen29066.md,eb540354ef87f794d0f7c5052cb84dd4cb7ac2e5e9c7b4dd78713d5700eda49e,gen29066-v1,"Current Zero OI in CSP or buy-write AND no current Actionable, Edge, or Wait in either strategy AND no retained historical Actionable, Edge, or Wait in either strategy"
HNDL,WEEKLY_REFRESH,29066,2026-09-14,wheelwright-universe-disposition-gen29066.md,eb540354ef87f794d0f7c5052cb84dd4cb7ac2e5e9c7b4dd78713d5700eda49e,gen29066-v1,"Current Zero OI in CSP or buy-write AND no current Actionable, Edge, or Wait in either strategy AND no retained historical Actionable, Edge, or Wait in either strategy"
HOMZ,WEEKLY_REFRESH,29066,2026-09-14,wheelwright-universe-disposition-gen29066.md,eb540354ef87f794d0f7c5052cb84dd4cb7ac2e5e9c7b4dd78713d5700eda49e,gen29066-v1,"Current Zero OI in CSP or buy-write AND no current Actionable, Edge, or Wait in either strategy AND no retained historical Actionable, Edge, or Wait in either strategy"
HYEM,WEEKLY_REFRESH,29066,2026-09-14,wheelwright-universe-disposition-gen29066.md,eb540354ef87f794d0f7c5052cb84dd4cb7ac2e5e9c7b4dd78713d5700eda49e,gen29066-v1,"Current Zero OI in CSP or buy-write AND no current Actionable, Edge, or Wait in either strategy AND no retained historical Actionable, Edge, or Wait in either strategy"
HYGH,WEEKLY_REFRESH,29066,2026-09-14,wheelwright-universe-disposition-gen29066.md,eb540354ef87f794d0f7c5052cb84dd4cb7ac2e5e9c7b4dd78713d5700eda49e,gen29066-v1,"Current Zero OI in CSP or buy-write AND no current Actionable, Edge, or Wait in either strategy AND no retained historical Actionable, Edge, or Wait in either strategy"
HYLB,WEEKLY_REFRESH,29066,2026-09-14,wheelwright-universe-disposition-gen29066.md,eb540354ef87f794d0f7c5052cb84dd4cb7ac2e5e9c7b4dd78713d5700eda49e,gen29066-v1,"Current Zero OI in CSP or buy-write AND no current Actionable, Edge, or Wait in either strategy AND no retained historical Actionable, Edge, or Wait in either strategy"
HYS,WEEKLY_REFRESH,29066,2026-09-14,wheelwright-universe-disposition-gen29066.md,eb540354ef87f794d0f7c5052cb84dd4cb7ac2e5e9c7b4dd78713d5700eda49e,gen29066-v1,"Current Zero OI in CSP or buy-write AND no current Actionable, Edge, or Wait in either strategy AND no retained historical Actionable, Edge, or Wait in either strategy"
HYZD,WEEKLY_REFRESH,29066,2026-09-14,wheelwright-universe-disposition-gen29066.md,eb540354ef87f794d0f7c5052cb84dd4cb7ac2e5e9c7b4dd78713d5700eda49e,gen29066-v1,"Current Zero OI in CSP or buy-write AND no current Actionable, Edge, or Wait in either strategy AND no retained historical Actionable, Edge, or Wait in either strategy"
IAK,WEEKLY_REFRESH,29066,2026-09-14,wheelwright-universe-disposition-gen29066.md,eb540354ef87f794d0f7c5052cb84dd4cb7ac2e5e9c7b4dd78713d5700eda49e,gen29066-v1,"Current Zero OI in CSP or buy-write AND no current Actionable, Edge, or Wait in either strategy AND no retained historical Actionable, Edge, or Wait in either strategy"
ICF,WEEKLY_REFRESH,29066,2026-09-14,wheelwright-universe-disposition-gen29066.md,eb540354ef87f794d0f7c5052cb84dd4cb7ac2e5e9c7b4dd78713d5700eda49e,gen29066-v1,"Current Zero OI in CSP or buy-write AND no current Actionable, Edge, or Wait in either strategy AND no retained historical Actionable, Edge, or Wait in either strategy"
ICVT,WEEKLY_REFRESH,29066,2026-09-14,wheelwright-universe-disposition-gen29066.md,eb540354ef87f794d0f7c5052cb84dd4cb7ac2e5e9c7b4dd78713d5700eda49e,gen29066-v1,"Current Zero OI in CSP or buy-write AND no current Actionable, Edge, or Wait in either strategy AND no retained historical Actionable, Edge, or Wait in either strategy"
IDEV,WEEKLY_REFRESH,29066,2026-09-14,wheelwright-universe-disposition-gen29066.md,eb540354ef87f794d0f7c5052cb84dd4cb7ac2e5e9c7b4dd78713d5700eda49e,gen29066-v1,"Current Zero OI in CSP or buy-write AND no current Actionable, Edge, or Wait in either strategy AND no retained historical Actionable, Edge, or Wait in either strategy"
IDHQ,WEEKLY_REFRESH,29066,2026-09-14,wheelwright-universe-disposition-gen29066.md,eb540354ef87f794d0f7c5052cb84dd4cb7ac2e5e9c7b4dd78713d5700eda49e,gen29066-v1,"Current Zero OI in CSP or buy-write AND no current Actionable, Edge, or Wait in either strategy AND no retained historical Actionable, Edge, or Wait in either strategy"
IDLV,WEEKLY_REFRESH,29066,2026-09-14,wheelwright-universe-disposition-gen29066.md,eb540354ef87f794d0f7c5052cb84dd4cb7ac2e5e9c7b4dd78713d5700eda49e,gen29066-v1,"Current Zero OI in CSP or buy-write AND no current Actionable, Edge, or Wait in either strategy AND no retained historical Actionable, Edge, or Wait in either strategy"
IDU,WEEKLY_REFRESH,29066,2026-09-14,wheelwright-universe-disposition-gen29066.md,eb540354ef87f794d0f7c5052cb84dd4cb7ac2e5e9c7b4dd78713d5700eda49e,gen29066-v1,"Current Zero OI in CSP or buy-write AND no current Actionable, Edge, or Wait in either strategy AND no retained historical Actionable, Edge, or Wait in either strategy"
IETC,WEEKLY_REFRESH,29066,2026-09-14,wheelwright-universe-disposition-gen29066.md,eb540354ef87f794d0f7c5052cb84dd4cb7ac2e5e9c7b4dd78713d5700eda49e,gen29066-v1,"Current Zero OI in CSP or buy-write AND no current Actionable, Edge, or Wait in either strategy AND no retained historical Actionable, Edge, or Wait in either strategy"
IEUR,WEEKLY_REFRESH,29066,2026-09-14,wheelwright-universe-disposition-gen29066.md,eb540354ef87f794d0f7c5052cb84dd4cb7ac2e5e9c7b4dd78713d5700eda49e,gen29066-v1,"Current Zero OI in CSP or buy-write AND no current Actionable, Edge, or Wait in either strategy AND no retained historical Actionable, Edge, or Wait in either strategy"
IFLN,WEEKLY_REFRESH,29066,2026-09-14,wheelwright-universe-disposition-gen29066.md,eb540354ef87f794d0f7c5052cb84dd4cb7ac2e5e9c7b4dd78713d5700eda49e,gen29066-v1,"Current Zero OI in CSP or buy-write AND no current Actionable, Edge, or Wait in either strategy AND no retained historical Actionable, Edge, or Wait in either strategy"
IFRA,WEEKLY_REFRESH,29066,2026-09-14,wheelwright-universe-disposition-gen29066.md,eb540354ef87f794d0f7c5052cb84dd4cb7ac2e5e9c7b4dd78713d5700eda49e,gen29066-v1,"Current Zero OI in CSP or buy-write AND no current Actionable, Edge, or Wait in either strategy AND no retained historical Actionable, Edge, or Wait in either strategy"
IFV,WEEKLY_REFRESH,29066,2026-09-14,wheelwright-universe-disposition-gen29066.md,eb540354ef87f794d0f7c5052cb84dd4cb7ac2e5e9c7b4dd78713d5700eda49e,gen29066-v1,"Current Zero OI in CSP or buy-write AND no current Actionable, Edge, or Wait in either strategy AND no retained historical Actionable, Edge, or Wait in either strategy"
IGF,WEEKLY_REFRESH,29066,2026-09-14,wheelwright-universe-disposition-gen29066.md,eb540354ef87f794d0f7c5052cb84dd4cb7ac2e5e9c7b4dd78713d5700eda49e,gen29066-v1,"Current Zero OI in CSP or buy-write AND no current Actionable, Edge, or Wait in either strategy AND no retained historical Actionable, Edge, or Wait in either strategy"
IGHG,WEEKLY_REFRESH,29066,2026-09-14,wheelwright-universe-disposition-gen29066.md,eb540354ef87f794d0f7c5052cb84dd4cb7ac2e5e9c7b4dd78713d5700eda49e,gen29066-v1,"Current Zero OI in CSP or buy-write AND no current Actionable, Edge, or Wait in either strategy AND no retained historical Actionable, Edge, or Wait in either strategy"
IGRO,WEEKLY_REFRESH,29066,2026-09-14,wheelwright-universe-disposition-gen29066.md,eb540354ef87f794d0f7c5052cb84dd4cb7ac2e5e9c7b4dd78713d5700eda49e,gen29066-v1,"Current Zero OI in CSP or buy-write AND no current Actionable, Edge, or Wait in either strategy AND no retained historical Actionable, Edge, or Wait in either strategy"
IGSB,WEEKLY_REFRESH,29066,2026-09-14,wheelwright-universe-disposition-gen29066.md,eb540354ef87f794d0f7c5052cb84dd4cb7ac2e5e9c7b4dd78713d5700eda49e,gen29066-v1,"Current Zero OI in CSP or buy-write AND no current Actionable, Edge, or Wait in either strategy AND no retained historical Actionable, Edge, or Wait in either strategy"
IHDG,WEEKLY_REFRESH,29066,2026-09-14,wheelwright-universe-disposition-gen29066.md,eb540354ef87f794d0f7c5052cb84dd4cb7ac2e5e9c7b4dd78713d5700eda49e,gen29066-v1,"Current Zero OI in CSP or buy-write AND no current Actionable, Edge, or Wait in either strategy AND no retained historical Actionable, Edge, or Wait in either strategy"
IJJ,WEEKLY_REFRESH,29066,2026-09-14,wheelwright-universe-disposition-gen29066.md,eb540354ef87f794d0f7c5052cb84dd4cb7ac2e5e9c7b4dd78713d5700eda49e,gen29066-v1,"Current Zero OI in CSP or buy-write AND no current Actionable, Edge, or Wait in either strategy AND no retained historical Actionable, Edge, or Wait in either strategy"
IJK,WEEKLY_REFRESH,29066,2026-09-14,wheelwright-universe-disposition-gen29066.md,eb540354ef87f794d0f7c5052cb84dd4cb7ac2e5e9c7b4dd78713d5700eda49e,gen29066-v1,"Current Zero OI in CSP or buy-write AND no current Actionable, Edge, or Wait in either strategy AND no retained historical Actionable, Edge, or Wait in either strategy"
ILCB,WEEKLY_REFRESH,29066,2026-09-14,wheelwright-universe-disposition-gen29066.md,eb540354ef87f794d0f7c5052cb84dd4cb7ac2e5e9c7b4dd78713d5700eda49e,gen29066-v1,"Current Zero OI in CSP or buy-write AND no current Actionable, Edge, or Wait in either strategy AND no retained historical Actionable, Edge, or Wait in either strategy"
ILCG,WEEKLY_REFRESH,29066,2026-09-14,wheelwright-universe-disposition-gen29066.md,eb540354ef87f794d0f7c5052cb84dd4cb7ac2e5e9c7b4dd78713d5700eda49e,gen29066-v1,"Current Zero OI in CSP or buy-write AND no current Actionable, Edge, or Wait in either strategy AND no retained historical Actionable, Edge, or Wait in either strategy"
IMCG,WEEKLY_REFRESH,29066,2026-09-14,wheelwright-universe-disposition-gen29066.md,eb540354ef87f794d0f7c5052cb84dd4cb7ac2e5e9c7b4dd78713d5700eda49e,gen29066-v1,"Current Zero OI in CSP or buy-write AND no current Actionable, Edge, or Wait in either strategy AND no retained historical Actionable, Edge, or Wait in either strategy"
IMTM,WEEKLY_REFRESH,29066,2026-09-14,wheelwright-universe-disposition-gen29066.md,eb540354ef87f794d0f7c5052cb84dd4cb7ac2e5e9c7b4dd78713d5700eda49e,gen29066-v1,"Current Zero OI in CSP or buy-write AND no current Actionable, Edge, or Wait in either strategy AND no retained historical Actionable, Edge, or Wait in either strategy"
IMVP,WEEKLY_REFRESH,29066,2026-09-14,wheelwright-universe-disposition-gen29066.md,eb540354ef87f794d0f7c5052cb84dd4cb7ac2e5e9c7b4dd78713d5700eda49e,gen29066-v1,"Current Zero OI in CSP or buy-write AND no current Actionable, Edge, or Wait in either strategy AND no retained historical Actionable, Edge, or Wait in either strategy"
INCO,WEEKLY_REFRESH,29066,2026-09-14,wheelwright-universe-disposition-gen29066.md,eb540354ef87f794d0f7c5052cb84dd4cb7ac2e5e9c7b4dd78713d5700eda49e,gen29066-v1,"Current Zero OI in CSP or buy-write AND no current Actionable, Edge, or Wait in either strategy AND no retained historical Actionable, Edge, or Wait in either strategy"
INDS,WEEKLY_REFRESH,29066,2026-09-14,wheelwright-universe-disposition-gen29066.md,eb540354ef87f794d0f7c5052cb84dd4cb7ac2e5e9c7b4dd78713d5700eda49e,gen29066-v1,"Current Zero OI in CSP or buy-write AND no current Actionable, Edge, or Wait in either strategy AND no retained historical Actionable, Edge, or Wait in either strategy"
INDY,WEEKLY_REFRESH,29066,2026-09-14,wheelwright-universe-disposition-gen29066.md,eb540354ef87f794d0f7c5052cb84dd4cb7ac2e5e9c7b4dd78713d5700eda49e,gen29066-v1,"Current Zero OI in CSP or buy-write AND no current Actionable, Edge, or Wait in either strategy AND no retained historical Actionable, Edge, or Wait in either strategy"
INTF,WEEKLY_REFRESH,29066,2026-09-14,wheelwright-universe-disposition-gen29066.md,eb540354ef87f794d0f7c5052cb84dd4cb7ac2e5e9c7b4dd78713d5700eda49e,gen29066-v1,"Current Zero OI in CSP or buy-write AND no current Actionable, Edge, or Wait in either strategy AND no retained historical Actionable, Edge, or Wait in either strategy"
IPAC,WEEKLY_REFRESH,29066,2026-09-14,wheelwright-universe-disposition-gen29066.md,eb540354ef87f794d0f7c5052cb84dd4cb7ac2e5e9c7b4dd78713d5700eda49e,gen29066-v1,"Current Zero OI in CSP or buy-write AND no current Actionable, Edge, or Wait in either strategy AND no retained historical Actionable, Edge, or Wait in either strategy"
IPAY,WEEKLY_REFRESH,29066,2026-09-14,wheelwright-universe-disposition-gen29066.md,eb540354ef87f794d0f7c5052cb84dd4cb7ac2e5e9c7b4dd78713d5700eda49e,gen29066-v1,"Current Zero OI in CSP or buy-write AND no current Actionable, Edge, or Wait in either strategy AND no retained historical Actionable, Edge, or Wait in either strategy"
IPKW,WEEKLY_REFRESH,29066,2026-09-14,wheelwright-universe-disposition-gen29066.md,eb540354ef87f794d0f7c5052cb84dd4cb7ac2e5e9c7b4dd78713d5700eda49e,gen29066-v1,"Current Zero OI in CSP or buy-write AND no current Actionable, Edge, or Wait in either strategy AND no retained historical Actionable, Edge, or Wait in either strategy"
IQDF,WEEKLY_REFRESH,29066,2026-09-14,wheelwright-universe-disposition-gen29066.md,eb540354ef87f794d0f7c5052cb84dd4cb7ac2e5e9c7b4dd78713d5700eda49e,gen29066-v1,"Current Zero OI in CSP or buy-write AND no current Actionable, Edge, or Wait in either strategy AND no retained historical Actionable, Edge, or Wait in either strategy"
IQDG,WEEKLY_REFRESH,29066,2026-09-14,wheelwright-universe-disposition-gen29066.md,eb540354ef87f794d0f7c5052cb84dd4cb7ac2e5e9c7b4dd78713d5700eda49e,gen29066-v1,"Current Zero OI in CSP or buy-write AND no current Actionable, Edge, or Wait in either strategy AND no retained historical Actionable, Edge, or Wait in either strategy"
ISHP,WEEKLY_REFRESH,29066,2026-09-14,wheelwright-universe-disposition-gen29066.md,eb540354ef87f794d0f7c5052cb84dd4cb7ac2e5e9c7b4dd78713d5700eda49e,gen29066-v1,"Current Zero OI in CSP or buy-write AND no current Actionable, Edge, or Wait in either strategy AND no retained historical Actionable, Edge, or Wait in either strategy"
ISRA,WEEKLY_REFRESH,29066,2026-09-14,wheelwright-universe-disposition-gen29066.md,eb540354ef87f794d0f7c5052cb84dd4cb7ac2e5e9c7b4dd78713d5700eda49e,gen29066-v1,"Current Zero OI in CSP or buy-write AND no current Actionable, Edge, or Wait in either strategy AND no retained historical Actionable, Edge, or Wait in either strategy"
IUSV,WEEKLY_REFRESH,29066,2026-09-14,wheelwright-universe-disposition-gen29066.md,eb540354ef87f794d0f7c5052cb84dd4cb7ac2e5e9c7b4dd78713d5700eda49e,gen29066-v1,"Current Zero OI in CSP or buy-write AND no current Actionable, Edge, or Wait in either strategy AND no retained historical Actionable, Edge, or Wait in either strategy"
IVLU,WEEKLY_REFRESH,29066,2026-09-14,wheelwright-universe-disposition-gen29066.md,eb540354ef87f794d0f7c5052cb84dd4cb7ac2e5e9c7b4dd78713d5700eda49e,gen29066-v1,"Current Zero OI in CSP or buy-write AND no current Actionable, Edge, or Wait in either strategy AND no retained historical Actionable, Edge, or Wait in either strategy"
IVOG,WEEKLY_REFRESH,29066,2026-09-14,wheelwright-universe-disposition-gen29066.md,eb540354ef87f794d0f7c5052cb84dd4cb7ac2e5e9c7b4dd78713d5700eda49e,gen29066-v1,"Current Zero OI in CSP or buy-write AND no current Actionable, Edge, or Wait in either strategy AND no retained historical Actionable, Edge, or Wait in either strategy"
IVOO,WEEKLY_REFRESH,29066,2026-09-14,wheelwright-universe-disposition-gen29066.md,eb540354ef87f794d0f7c5052cb84dd4cb7ac2e5e9c7b4dd78713d5700eda49e,gen29066-v1,"Current Zero OI in CSP or buy-write AND no current Actionable, Edge, or Wait in either strategy AND no retained historical Actionable, Edge, or Wait in either strategy"
IVOV,WEEKLY_REFRESH,29066,2026-09-14,wheelwright-universe-disposition-gen29066.md,eb540354ef87f794d0f7c5052cb84dd4cb7ac2e5e9c7b4dd78713d5700eda49e,gen29066-v1,"Current Zero OI in CSP or buy-write AND no current Actionable, Edge, or Wait in either strategy AND no retained historical Actionable, Edge, or Wait in either strategy"
IWS,WEEKLY_REFRESH,29066,2026-09-14,wheelwright-universe-disposition-gen29066.md,eb540354ef87f794d0f7c5052cb84dd4cb7ac2e5e9c7b4dd78713d5700eda49e,gen29066-v1,"Current Zero OI in CSP or buy-write AND no current Actionable, Edge, or Wait in either strategy AND no retained historical Actionable, Edge, or Wait in either strategy"
IWX,WEEKLY_REFRESH,29066,2026-09-14,wheelwright-universe-disposition-gen29066.md,eb540354ef87f794d0f7c5052cb84dd4cb7ac2e5e9c7b4dd78713d5700eda49e,gen29066-v1,"Current Zero OI in CSP or buy-write AND no current Actionable, Edge, or Wait in either strategy AND no retained historical Actionable, Edge, or Wait in either strategy"
IXG,WEEKLY_REFRESH,29066,2026-09-14,wheelwright-universe-disposition-gen29066.md,eb540354ef87f794d0f7c5052cb84dd4cb7ac2e5e9c7b4dd78713d5700eda49e,gen29066-v1,"Current Zero OI in CSP or buy-write AND no current Actionable, Edge, or Wait in either strategy AND no retained historical Actionable, Edge, or Wait in either strategy"
IXJ,WEEKLY_REFRESH,29066,2026-09-14,wheelwright-universe-disposition-gen29066.md,eb540354ef87f794d0f7c5052cb84dd4cb7ac2e5e9c7b4dd78713d5700eda49e,gen29066-v1,"Current Zero OI in CSP or buy-write AND no current Actionable, Edge, or Wait in either strategy AND no retained historical Actionable, Edge, or Wait in either strategy"
IXP,WEEKLY_REFRESH,29066,2026-09-14,wheelwright-universe-disposition-gen29066.md,eb540354ef87f794d0f7c5052cb84dd4cb7ac2e5e9c7b4dd78713d5700eda49e,gen29066-v1,"Current Zero OI in CSP or buy-write AND no current Actionable, Edge, or Wait in either strategy AND no retained historical Actionable, Edge, or Wait in either strategy"
IYC,WEEKLY_REFRESH,29066,2026-09-14,wheelwright-universe-disposition-gen29066.md,eb540354ef87f794d0f7c5052cb84dd4cb7ac2e5e9c7b4dd78713d5700eda49e,gen29066-v1,"Current Zero OI in CSP or buy-write AND no current Actionable, Edge, or Wait in either strategy AND no retained historical Actionable, Edge, or Wait in either strategy"
IYM,WEEKLY_REFRESH,29066,2026-09-14,wheelwright-universe-disposition-gen29066.md,eb540354ef87f794d0f7c5052cb84dd4cb7ac2e5e9c7b4dd78713d5700eda49e,gen29066-v1,"Current Zero OI in CSP or buy-write AND no current Actionable, Edge, or Wait in either strategy AND no retained historical Actionable, Edge, or Wait in either strategy"
IYY,WEEKLY_REFRESH,29066,2026-09-14,wheelwright-universe-disposition-gen29066.md,eb540354ef87f794d0f7c5052cb84dd4cb7ac2e5e9c7b4dd78713d5700eda49e,gen29066-v1,"Current Zero OI in CSP or buy-write AND no current Actionable, Edge, or Wait in either strategy AND no retained historical Actionable, Edge, or Wait in either strategy"
IYZ,WEEKLY_REFRESH,29066,2026-09-14,wheelwright-universe-disposition-gen29066.md,eb540354ef87f794d0f7c5052cb84dd4cb7ac2e5e9c7b4dd78713d5700eda49e,gen29066-v1,"Current Zero OI in CSP or buy-write AND no current Actionable, Edge, or Wait in either strategy AND no retained historical Actionable, Edge, or Wait in either strategy"
JCPB,WEEKLY_REFRESH,29066,2026-09-14,wheelwright-universe-disposition-gen29066.md,eb540354ef87f794d0f7c5052cb84dd4cb7ac2e5e9c7b4dd78713d5700eda49e,gen29066-v1,"Current Zero OI in CSP or buy-write AND no current Actionable, Edge, or Wait in either strategy AND no retained historical Actionable, Edge, or Wait in either strategy"
JHML,WEEKLY_REFRESH,29066,2026-09-14,wheelwright-universe-disposition-gen29066.md,eb540354ef87f794d0f7c5052cb84dd4cb7ac2e5e9c7b4dd78713d5700eda49e,gen29066-v1,"Current Zero OI in CSP or buy-write AND no current Actionable, Edge, or Wait in either strategy AND no retained historical Actionable, Edge, or Wait in either strategy"
JHMM,WEEKLY_REFRESH,29066,2026-09-14,wheelwright-universe-disposition-gen29066.md,eb540354ef87f794d0f7c5052cb84dd4cb7ac2e5e9c7b4dd78713d5700eda49e,gen29066-v1,"Current Zero OI in CSP or buy-write AND no current Actionable, Edge, or Wait in either strategy AND no retained historical Actionable, Edge, or Wait in either strategy"
JMBS,WEEKLY_REFRESH,29066,2026-09-14,wheelwright-universe-disposition-gen29066.md,eb540354ef87f794d0f7c5052cb84dd4cb7ac2e5e9c7b4dd78713d5700eda49e,gen29066-v1,"Current Zero OI in CSP or buy-write AND no current Actionable, Edge, or Wait in either strategy AND no retained historical Actionable, Edge, or Wait in either strategy"
JMST,WEEKLY_REFRESH,29066,2026-09-14,wheelwright-universe-disposition-gen29066.md,eb540354ef87f794d0f7c5052cb84dd4cb7ac2e5e9c7b4dd78713d5700eda49e,gen29066-v1,"Current Zero OI in CSP or buy-write AND no current Actionable, Edge, or Wait in either strategy AND no retained historical Actionable, Edge, or Wait in either strategy"
JPEM,WEEKLY_REFRESH,29066,2026-09-14,wheelwright-universe-disposition-gen29066.md,eb540354ef87f794d0f7c5052cb84dd4cb7ac2e5e9c7b4dd78713d5700eda49e,gen29066-v1,"Current Zero OI in CSP or buy-write AND no current Actionable, Edge, or Wait in either strategy AND no retained historical Actionable, Edge, or Wait in either strategy"
JPIN,WEEKLY_REFRESH,29066,2026-09-14,wheelwright-universe-disposition-gen29066.md,eb540354ef87f794d0f7c5052cb84dd4cb7ac2e5e9c7b4dd78713d5700eda49e,gen29066-v1,"Current Zero OI in CSP or buy-write AND no current Actionable, Edge, or Wait in either strategy AND no retained historical Actionable, Edge, or Wait in either strategy"
JPSE,WEEKLY_REFRESH,29066,2026-09-14,wheelwright-universe-disposition-gen29066.md,eb540354ef87f794d0f7c5052cb84dd4cb7ac2e5e9c7b4dd78713d5700eda49e,gen29066-v1,"Current Zero OI in CSP or buy-write AND no current Actionable, Edge, or Wait in either strategy AND no retained historical Actionable, Edge, or Wait in either strategy"
JPUS,WEEKLY_REFRESH,29066,2026-09-14,wheelwright-universe-disposition-gen29066.md,eb540354ef87f794d0f7c5052cb84dd4cb7ac2e5e9c7b4dd78713d5700eda49e,gen29066-v1,"Current Zero OI in CSP or buy-write AND no current Actionable, Edge, or Wait in either strategy AND no retained historical Actionable, Edge, or Wait in either strategy"
JQUA,WEEKLY_REFRESH,29066,2026-09-14,wheelwright-universe-disposition-gen29066.md,eb540354ef87f794d0f7c5052cb84dd4cb7ac2e5e9c7b4dd78713d5700eda49e,gen29066-v1,"Current Zero OI in CSP or buy-write AND no current Actionable, Edge, or Wait in either strategy AND no retained historical Actionable, Edge, or Wait in either strategy"
JSMD,WEEKLY_REFRESH,29066,2026-09-14,wheelwright-universe-disposition-gen29066.md,eb540354ef87f794d0f7c5052cb84dd4cb7ac2e5e9c7b4dd78713d5700eda49e,gen29066-v1,"Current Zero OI in CSP or buy-write AND no current Actionable, Edge, or Wait in either strategy AND no retained historical Actionable, Edge, or Wait in either strategy"
JSML,WEEKLY_REFRESH,29066,2026-09-14,wheelwright-universe-disposition-gen29066.md,eb540354ef87f794d0f7c5052cb84dd4cb7ac2e5e9c7b4dd78713d5700eda49e,gen29066-v1,"Current Zero OI in CSP or buy-write AND no current Actionable, Edge, or Wait in either strategy AND no retained historical Actionable, Edge, or Wait in either strategy"
JUST,WEEKLY_REFRESH,29066,2026-09-14,wheelwright-universe-disposition-gen29066.md,eb540354ef87f794d0f7c5052cb84dd4cb7ac2e5e9c7b4dd78713d5700eda49e,gen29066-v1,"Current Zero OI in CSP or buy-write AND no current Actionable, Edge, or Wait in either strategy AND no retained historical Actionable, Edge, or Wait in either strategy"
JVAL,WEEKLY_REFRESH,29066,2026-09-14,wheelwright-universe-disposition-gen29066.md,eb540354ef87f794d0f7c5052cb84dd4cb7ac2e5e9c7b4dd78713d5700eda49e,gen29066-v1,"Current Zero OI in CSP or buy-write AND no current Actionable, Edge, or Wait in either strategy AND no retained historical Actionable, Edge, or Wait in either strategy"
KARS,WEEKLY_REFRESH,29066,2026-09-14,wheelwright-universe-disposition-gen29066.md,eb540354ef87f794d0f7c5052cb84dd4cb7ac2e5e9c7b4dd78713d5700eda49e,gen29066-v1,"Current Zero OI in CSP or buy-write AND no current Actionable, Edge, or Wait in either strategy AND no retained historical Actionable, Edge, or Wait in either strategy"
KBWP,WEEKLY_REFRESH,29066,2026-09-14,wheelwright-universe-disposition-gen29066.md,eb540354ef87f794d0f7c5052cb84dd4cb7ac2e5e9c7b4dd78713d5700eda49e,gen29066-v1,"Current Zero OI in CSP or buy-write AND no current Actionable, Edge, or Wait in either strategy AND no retained historical Actionable, Edge, or Wait in either strategy"
KBWY,WEEKLY_REFRESH,29066,2026-09-14,wheelwright-universe-disposition-gen29066.md,eb540354ef87f794d0f7c5052cb84dd4cb7ac2e5e9c7b4dd78713d5700eda49e,gen29066-v1,"Current Zero OI in CSP or buy-write AND no current Actionable, Edge, or Wait in either strategy AND no retained historical Actionable, Edge, or Wait in either strategy"
KCE,WEEKLY_REFRESH,29066,2026-09-14,wheelwright-universe-disposition-gen29066.md,eb540354ef87f794d0f7c5052cb84dd4cb7ac2e5e9c7b4dd78713d5700eda49e,gen29066-v1,"Current Zero OI in CSP or buy-write AND no current Actionable, Edge, or Wait in either strategy AND no retained historical Actionable, Edge, or Wait in either strategy"
KNCT,WEEKLY_REFRESH,29066,2026-09-14,wheelwright-universe-disposition-gen29066.md,eb540354ef87f794d0f7c5052cb84dd4cb7ac2e5e9c7b4dd78713d5700eda49e,gen29066-v1,"Current Zero OI in CSP or buy-write AND no current Actionable, Edge, or Wait in either strategy AND no retained historical Actionable, Edge, or Wait in either strategy"
KNGZ,WEEKLY_REFRESH,29066,2026-09-14,wheelwright-universe-disposition-gen29066.md,eb540354ef87f794d0f7c5052cb84dd4cb7ac2e5e9c7b4dd78713d5700eda49e,gen29066-v1,"Current Zero OI in CSP or buy-write AND no current Actionable, Edge, or Wait in either strategy AND no retained historical Actionable, Edge, or Wait in either strategy"
KOMP,WEEKLY_REFRESH,29066,2026-09-14,wheelwright-universe-disposition-gen29066.md,eb540354ef87f794d0f7c5052cb84dd4cb7ac2e5e9c7b4dd78713d5700eda49e,gen29066-v1,"Current Zero OI in CSP or buy-write AND no current Actionable, Edge, or Wait in either strategy AND no retained historical Actionable, Edge, or Wait in either strategy"
LEGR,WEEKLY_REFRESH,29066,2026-09-14,wheelwright-universe-disposition-gen29066.md,eb540354ef87f794d0f7c5052cb84dd4cb7ac2e5e9c7b4dd78713d5700eda49e,gen29066-v1,"Current Zero OI in CSP or buy-write AND no current Actionable, Edge, or Wait in either strategy AND no retained historical Actionable, Edge, or Wait in either strategy"
LGLV,WEEKLY_REFRESH,29066,2026-09-14,wheelwright-universe-disposition-gen29066.md,eb540354ef87f794d0f7c5052cb84dd4cb7ac2e5e9c7b4dd78713d5700eda49e,gen29066-v1,"Current Zero OI in CSP or buy-write AND no current Actionable, Edge, or Wait in either strategy AND no retained historical Actionable, Edge, or Wait in either strategy"
LMBS,WEEKLY_REFRESH,29066,2026-09-14,wheelwright-universe-disposition-gen29066.md,eb540354ef87f794d0f7c5052cb84dd4cb7ac2e5e9c7b4dd78713d5700eda49e,gen29066-v1,"Current Zero OI in CSP or buy-write AND no current Actionable, Edge, or Wait in either strategy AND no retained historical Actionable, Edge, or Wait in either strategy"
LOUP,WEEKLY_REFRESH,29066,2026-09-14,wheelwright-universe-disposition-gen29066.md,eb540354ef87f794d0f7c5052cb84dd4cb7ac2e5e9c7b4dd78713d5700eda49e,gen29066-v1,"Current Zero OI in CSP or buy-write AND no current Actionable, Edge, or Wait in either strategy AND no retained historical Actionable, Edge, or Wait in either strategy"
LQDH,WEEKLY_REFRESH,29066,2026-09-14,wheelwright-universe-disposition-gen29066.md,eb540354ef87f794d0f7c5052cb84dd4cb7ac2e5e9c7b4dd78713d5700eda49e,gen29066-v1,"Current Zero OI in CSP or buy-write AND no current Actionable, Edge, or Wait in either strategy AND no retained historical Actionable, Edge, or Wait in either strategy"
LQDI,WEEKLY_REFRESH,29066,2026-09-14,wheelwright-universe-disposition-gen29066.md,eb540354ef87f794d0f7c5052cb84dd4cb7ac2e5e9c7b4dd78713d5700eda49e,gen29066-v1,"Current Zero OI in CSP or buy-write AND no current Actionable, Edge, or Wait in either strategy AND no retained historical Actionable, Edge, or Wait in either strategy"
LRGF,WEEKLY_REFRESH,29066,2026-09-14,wheelwright-universe-disposition-gen29066.md,eb540354ef87f794d0f7c5052cb84dd4cb7ac2e5e9c7b4dd78713d5700eda49e,gen29066-v1,"Current Zero OI in CSP or buy-write AND no current Actionable, Edge, or Wait in either strategy AND no retained historical Actionable, Edge, or Wait in either strategy"
LVHD,WEEKLY_REFRESH,29066,2026-09-14,wheelwright-universe-disposition-gen29066.md,eb540354ef87f794d0f7c5052cb84dd4cb7ac2e5e9c7b4dd78713d5700eda49e,gen29066-v1,"Current Zero OI in CSP or buy-write AND no current Actionable, Edge, or Wait in either strategy AND no retained historical Actionable, Edge, or Wait in either strategy"
MAGA,WEEKLY_REFRESH,29066,2026-09-14,wheelwright-universe-disposition-gen29066.md,eb540354ef87f794d0f7c5052cb84dd4cb7ac2e5e9c7b4dd78713d5700eda49e,gen29066-v1,"Current Zero OI in CSP or buy-write AND no current Actionable, Edge, or Wait in either strategy AND no retained historical Actionable, Edge, or Wait in either strategy"
MDIV,WEEKLY_REFRESH,29066,2026-09-14,wheelwright-universe-disposition-gen29066.md,eb540354ef87f794d0f7c5052cb84dd4cb7ac2e5e9c7b4dd78713d5700eda49e,gen29066-v1,"Current Zero OI in CSP or buy-write AND no current Actionable, Edge, or Wait in either strategy AND no retained historical Actionable, Edge, or Wait in either strategy"
MDYG,WEEKLY_REFRESH,29066,2026-09-14,wheelwright-universe-disposition-gen29066.md,eb540354ef87f794d0f7c5052cb84dd4cb7ac2e5e9c7b4dd78713d5700eda49e,gen29066-v1,"Current Zero OI in CSP or buy-write AND no current Actionable, Edge, or Wait in either strategy AND no retained historical Actionable, Edge, or Wait in either strategy"
MDYV,WEEKLY_REFRESH,29066,2026-09-14,wheelwright-universe-disposition-gen29066.md,eb540354ef87f794d0f7c5052cb84dd4cb7ac2e5e9c7b4dd78713d5700eda49e,gen29066-v1,"Current Zero OI in CSP or buy-write AND no current Actionable, Edge, or Wait in either strategy AND no retained historical Actionable, Edge, or Wait in either strategy"
MILN,WEEKLY_REFRESH,29066,2026-09-14,wheelwright-universe-disposition-gen29066.md,eb540354ef87f794d0f7c5052cb84dd4cb7ac2e5e9c7b4dd78713d5700eda49e,gen29066-v1,"Current Zero OI in CSP or buy-write AND no current Actionable, Edge, or Wait in either strategy AND no retained historical Actionable, Edge, or Wait in either strategy"
MLN,WEEKLY_REFRESH,29066,2026-09-14,wheelwright-universe-disposition-gen29066.md,eb540354ef87f794d0f7c5052cb84dd4cb7ac2e5e9c7b4dd78713d5700eda49e,gen29066-v1,"Current Zero OI in CSP or buy-write AND no current Actionable, Edge, or Wait in either strategy AND no retained historical Actionable, Edge, or Wait in either strategy"
MVV,WEEKLY_REFRESH,29066,2026-09-14,wheelwright-universe-disposition-gen29066.md,eb540354ef87f794d0f7c5052cb84dd4cb7ac2e5e9c7b4dd78713d5700eda49e,gen29066-v1,"Current Zero OI in CSP or buy-write AND no current Actionable, Edge, or Wait in either strategy AND no retained historical Actionable, Edge, or Wait in either strategy"
MXI,WEEKLY_REFRESH,29066,2026-09-14,wheelwright-universe-disposition-gen29066.md,eb540354ef87f794d0f7c5052cb84dd4cb7ac2e5e9c7b4dd78713d5700eda49e,gen29066-v1,"Current Zero OI in CSP or buy-write AND no current Actionable, Edge, or Wait in either strategy AND no retained historical Actionable, Edge, or Wait in either strategy"
NANR,WEEKLY_REFRESH,29066,2026-09-14,wheelwright-universe-disposition-gen29066.md,eb540354ef87f794d0f7c5052cb84dd4cb7ac2e5e9c7b4dd78713d5700eda49e,gen29066-v1,"Current Zero OI in CSP or buy-write AND no current Actionable, Edge, or Wait in either strategy AND no retained historical Actionable, Edge, or Wait in either strategy"
NETL,WEEKLY_REFRESH,29066,2026-09-14,wheelwright-universe-disposition-gen29066.md,eb540354ef87f794d0f7c5052cb84dd4cb7ac2e5e9c7b4dd78713d5700eda49e,gen29066-v1,"Current Zero OI in CSP or buy-write AND no current Actionable, Edge, or Wait in either strategy AND no retained historical Actionable, Edge, or Wait in either strategy"
NFRA,WEEKLY_REFRESH,29066,2026-09-14,wheelwright-universe-disposition-gen29066.md,eb540354ef87f794d0f7c5052cb84dd4cb7ac2e5e9c7b4dd78713d5700eda49e,gen29066-v1,"Current Zero OI in CSP or buy-write AND no current Actionable, Edge, or Wait in either strategy AND no retained historical Actionable, Edge, or Wait in either strategy"
NORW,WEEKLY_REFRESH,29066,2026-09-14,wheelwright-universe-disposition-gen29066.md,eb540354ef87f794d0f7c5052cb84dd4cb7ac2e5e9c7b4dd78713d5700eda49e,gen29066-v1,"Current Zero OI in CSP or buy-write AND no current Actionable, Edge, or Wait in either strategy AND no retained historical Actionable, Edge, or Wait in either strategy"
NTSX,WEEKLY_REFRESH,29066,2026-09-14,wheelwright-universe-disposition-gen29066.md,eb540354ef87f794d0f7c5052cb84dd4cb7ac2e5e9c7b4dd78713d5700eda49e,gen29066-v1,"Current Zero OI in CSP or buy-write AND no current Actionable, Edge, or Wait in either strategy AND no retained historical Actionable, Edge, or Wait in either strategy"
NUSC,WEEKLY_REFRESH,29066,2026-09-14,wheelwright-universe-disposition-gen29066.md,eb540354ef87f794d0f7c5052cb84dd4cb7ac2e5e9c7b4dd78713d5700eda49e,gen29066-v1,"Current Zero OI in CSP or buy-write AND no current Actionable, Edge, or Wait in either strategy AND no retained historical Actionable, Edge, or Wait in either strategy"
NXTG,WEEKLY_REFRESH,29066,2026-09-14,wheelwright-universe-disposition-gen29066.md,eb540354ef87f794d0f7c5052cb84dd4cb7ac2e5e9c7b4dd78713d5700eda49e,gen29066-v1,"Current Zero OI in CSP or buy-write AND no current Actionable, Edge, or Wait in either strategy AND no retained historical Actionable, Edge, or Wait in either strategy"
NZAC,WEEKLY_REFRESH,29066,2026-09-14,wheelwright-universe-disposition-gen29066.md,eb540354ef87f794d0f7c5052cb84dd4cb7ac2e5e9c7b4dd78713d5700eda49e,gen29066-v1,"Current Zero OI in CSP or buy-write AND no current Actionable, Edge, or Wait in either strategy AND no retained historical Actionable, Edge, or Wait in either strategy"
OBOR,WEEKLY_REFRESH,29066,2026-09-14,wheelwright-universe-disposition-gen29066.md,eb540354ef87f794d0f7c5052cb84dd4cb7ac2e5e9c7b4dd78713d5700eda49e,gen29066-v1,"Current Zero OI in CSP or buy-write AND no current Actionable, Edge, or Wait in either strategy AND no retained historical Actionable, Edge, or Wait in either strategy"
OMFL,WEEKLY_REFRESH,29066,2026-09-14,wheelwright-universe-disposition-gen29066.md,eb540354ef87f794d0f7c5052cb84dd4cb7ac2e5e9c7b4dd78713d5700eda49e,gen29066-v1,"Current Zero OI in CSP or buy-write AND no current Actionable, Edge, or Wait in either strategy AND no retained historical Actionable, Edge, or Wait in either strategy"
ONEV,WEEKLY_REFRESH,29066,2026-09-14,wheelwright-universe-disposition-gen29066.md,eb540354ef87f794d0f7c5052cb84dd4cb7ac2e5e9c7b4dd78713d5700eda49e,gen29066-v1,"Current Zero OI in CSP or buy-write AND no current Actionable, Edge, or Wait in either strategy AND no retained historical Actionable, Edge, or Wait in either strategy"
ONEY,WEEKLY_REFRESH,29066,2026-09-14,wheelwright-universe-disposition-gen29066.md,eb540354ef87f794d0f7c5052cb84dd4cb7ac2e5e9c7b4dd78713d5700eda49e,gen29066-v1,"Current Zero OI in CSP or buy-write AND no current Actionable, Edge, or Wait in either strategy AND no retained historical Actionable, Edge, or Wait in either strategy"
OPPE,WEEKLY_REFRESH,29066,2026-09-14,wheelwright-universe-disposition-gen29066.md,eb540354ef87f794d0f7c5052cb84dd4cb7ac2e5e9c7b4dd78713d5700eda49e,gen29066-v1,"Current Zero OI in CSP or buy-write AND no current Actionable, Edge, or Wait in either strategy AND no retained historical Actionable, Edge, or Wait in either strategy"
OUSA,WEEKLY_REFRESH,29066,2026-09-14,wheelwright-universe-disposition-gen29066.md,eb540354ef87f794d0f7c5052cb84dd4cb7ac2e5e9c7b4dd78713d5700eda49e,gen29066-v1,"Current Zero OI in CSP or buy-write AND no current Actionable, Edge, or Wait in either strategy AND no retained historical Actionable, Edge, or Wait in either strategy"
OUSM,WEEKLY_REFRESH,29066,2026-09-14,wheelwright-universe-disposition-gen29066.md,eb540354ef87f794d0f7c5052cb84dd4cb7ac2e5e9c7b4dd78713d5700eda49e,gen29066-v1,"Current Zero OI in CSP or buy-write AND no current Actionable, Edge, or Wait in either strategy AND no retained historical Actionable, Edge, or Wait in either strategy"
PAWZ,WEEKLY_REFRESH,29066,2026-09-14,wheelwright-universe-disposition-gen29066.md,eb540354ef87f794d0f7c5052cb84dd4cb7ac2e5e9c7b4dd78713d5700eda49e,gen29066-v1,"Current Zero OI in CSP or buy-write AND no current Actionable, Edge, or Wait in either strategy AND no retained historical Actionable, Edge, or Wait in either strategy"
PBE,WEEKLY_REFRESH,29066,2026-09-14,wheelwright-universe-disposition-gen29066.md,eb540354ef87f794d0f7c5052cb84dd4cb7ac2e5e9c7b4dd78713d5700eda49e,gen29066-v1,"Current Zero OI in CSP or buy-write AND no current Actionable, Edge, or Wait in either strategy AND no retained historical Actionable, Edge, or Wait in either strategy"
PBP,WEEKLY_REFRESH,29066,2026-09-14,wheelwright-universe-disposition-gen29066.md,eb540354ef87f794d0f7c5052cb84dd4cb7ac2e5e9c7b4dd78713d5700eda49e,gen29066-v1,"Current Zero OI in CSP or buy-write AND no current Actionable, Edge, or Wait in either strategy AND no retained historical Actionable, Edge, or Wait in either strategy"
PCEF,WEEKLY_REFRESH,29066,2026-09-14,wheelwright-universe-disposition-gen29066.md,eb540354ef87f794d0f7c5052cb84dd4cb7ac2e5e9c7b4dd78713d5700eda49e,gen29066-v1,"Current Zero OI in CSP or buy-write AND no current Actionable, Edge, or Wait in either strategy AND no retained historical Actionable, Edge, or Wait in either strategy"
PDN,WEEKLY_REFRESH,29066,2026-09-14,wheelwright-universe-disposition-gen29066.md,eb540354ef87f794d0f7c5052cb84dd4cb7ac2e5e9c7b4dd78713d5700eda49e,gen29066-v1,"Current Zero OI in CSP or buy-write AND no current Actionable, Edge, or Wait in either strategy AND no retained historical Actionable, Edge, or Wait in either strategy"
PEJ,WEEKLY_REFRESH,29066,2026-09-14,wheelwright-universe-disposition-gen29066.md,eb540354ef87f794d0f7c5052cb84dd4cb7ac2e5e9c7b4dd78713d5700eda49e,gen29066-v1,"Current Zero OI in CSP or buy-write AND no current Actionable, Edge, or Wait in either strategy AND no retained historical Actionable, Edge, or Wait in either strategy"
PEX,WEEKLY_REFRESH,29066,2026-09-14,wheelwright-universe-disposition-gen29066.md,eb540354ef87f794d0f7c5052cb84dd4cb7ac2e5e9c7b4dd78713d5700eda49e,gen29066-v1,"Current Zero OI in CSP or buy-write AND no current Actionable, Edge, or Wait in either strategy AND no retained historical Actionable, Edge, or Wait in either strategy"
PEY,WEEKLY_REFRESH,29066,2026-09-14,wheelwright-universe-disposition-gen29066.md,eb540354ef87f794d0f7c5052cb84dd4cb7ac2e5e9c7b4dd78713d5700eda49e,gen29066-v1,"Current Zero OI in CSP or buy-write AND no current Actionable, Edge, or Wait in either strategy AND no retained historical Actionable, Edge, or Wait in either strategy"
PEZ,WEEKLY_REFRESH,29066,2026-09-14,wheelwright-universe-disposition-gen29066.md,eb540354ef87f794d0f7c5052cb84dd4cb7ac2e5e9c7b4dd78713d5700eda49e,gen29066-v1,"Current Zero OI in CSP or buy-write AND no current Actionable, Edge, or Wait in either strategy AND no retained historical Actionable, Edge, or Wait in either strategy"
PFFD,WEEKLY_REFRESH,29066,2026-09-14,wheelwright-universe-disposition-gen29066.md,eb540354ef87f794d0f7c5052cb84dd4cb7ac2e5e9c7b4dd78713d5700eda49e,gen29066-v1,"Current Zero OI in CSP or buy-write AND no current Actionable, Edge, or Wait in either strategy AND no retained historical Actionable, Edge, or Wait in either strategy"
PFI,WEEKLY_REFRESH,29066,2026-09-14,wheelwright-universe-disposition-gen29066.md,eb540354ef87f794d0f7c5052cb84dd4cb7ac2e5e9c7b4dd78713d5700eda49e,gen29066-v1,"Current Zero OI in CSP or buy-write AND no current Actionable, Edge, or Wait in either strategy AND no retained historical Actionable, Edge, or Wait in either strategy"
PFM,WEEKLY_REFRESH,29066,2026-09-14,wheelwright-universe-disposition-gen29066.md,eb540354ef87f794d0f7c5052cb84dd4cb7ac2e5e9c7b4dd78713d5700eda49e,gen29066-v1,"Current Zero OI in CSP or buy-write AND no current Actionable, Edge, or Wait in either strategy AND no retained historical Actionable, Edge, or Wait in either strategy"
PFXF,WEEKLY_REFRESH,29066,2026-09-14,wheelwright-universe-disposition-gen29066.md,eb540354ef87f794d0f7c5052cb84dd4cb7ac2e5e9c7b4dd78713d5700eda49e,gen29066-v1,"Current Zero OI in CSP or buy-write AND no current Actionable, Edge, or Wait in either strategy AND no retained historical Actionable, Edge, or Wait in either strategy"
PGF,WEEKLY_REFRESH,29066,2026-09-14,wheelwright-universe-disposition-gen29066.md,eb540354ef87f794d0f7c5052cb84dd4cb7ac2e5e9c7b4dd78713d5700eda49e,gen29066-v1,"Current Zero OI in CSP or buy-write AND no current Actionable, Edge, or Wait in either strategy AND no retained historical Actionable, Edge, or Wait in either strategy"
PGX,WEEKLY_REFRESH,29066,2026-09-14,wheelwright-universe-disposition-gen29066.md,eb540354ef87f794d0f7c5052cb84dd4cb7ac2e5e9c7b4dd78713d5700eda49e,gen29066-v1,"Current Zero OI in CSP or buy-write AND no current Actionable, Edge, or Wait in either strategy AND no retained historical Actionable, Edge, or Wait in either strategy"
PID,WEEKLY_REFRESH,29066,2026-09-14,wheelwright-universe-disposition-gen29066.md,eb540354ef87f794d0f7c5052cb84dd4cb7ac2e5e9c7b4dd78713d5700eda49e,gen29066-v1,"Current Zero OI in CSP or buy-write AND no current Actionable, Edge, or Wait in either strategy AND no retained historical Actionable, Edge, or Wait in either strategy"
PIE,WEEKLY_REFRESH,29066,2026-09-14,wheelwright-universe-disposition-gen29066.md,eb540354ef87f794d0f7c5052cb84dd4cb7ac2e5e9c7b4dd78713d5700eda49e,gen29066-v1,"Current Zero OI in CSP or buy-write AND no current Actionable, Edge, or Wait in either strategy AND no retained historical Actionable, Edge, or Wait in either strategy"
PIO,WEEKLY_REFRESH,29066,2026-09-14,wheelwright-universe-disposition-gen29066.md,eb540354ef87f794d0f7c5052cb84dd4cb7ac2e5e9c7b4dd78713d5700eda49e,gen29066-v1,"Current Zero OI in CSP or buy-write AND no current Actionable, Edge, or Wait in either strategy AND no retained historical Actionable, Edge, or Wait in either strategy"
PIZ,WEEKLY_REFRESH,29066,2026-09-14,wheelwright-universe-disposition-gen29066.md,eb540354ef87f794d0f7c5052cb84dd4cb7ac2e5e9c7b4dd78713d5700eda49e,gen29066-v1,"Current Zero OI in CSP or buy-write AND no current Actionable, Edge, or Wait in either strategy AND no retained historical Actionable, Edge, or Wait in either strategy"
PJP,WEEKLY_REFRESH,29066,2026-09-14,wheelwright-universe-disposition-gen29066.md,eb540354ef87f794d0f7c5052cb84dd4cb7ac2e5e9c7b4dd78713d5700eda49e,gen29066-v1,"Current Zero OI in CSP or buy-write AND no current Actionable, Edge, or Wait in either strategy AND no retained historical Actionable, Edge, or Wait in either strategy"
PKB,WEEKLY_REFRESH,29066,2026-09-14,wheelwright-universe-disposition-gen29066.md,eb540354ef87f794d0f7c5052cb84dd4cb7ac2e5e9c7b4dd78713d5700eda49e,gen29066-v1,"Current Zero OI in CSP or buy-write AND no current Actionable, Edge, or Wait in either strategy AND no retained historical Actionable, Edge, or Wait in either strategy"
PKW,WEEKLY_REFRESH,29066,2026-09-14,wheelwright-universe-disposition-gen29066.md,eb540354ef87f794d0f7c5052cb84dd4cb7ac2e5e9c7b4dd78713d5700eda49e,gen29066-v1,"Current Zero OI in CSP or buy-write AND no current Actionable, Edge, or Wait in either strategy AND no retained historical Actionable, Edge, or Wait in either strategy"
POWA,WEEKLY_REFRESH,29066,2026-09-14,wheelwright-universe-disposition-gen29066.md,eb540354ef87f794d0f7c5052cb84dd4cb7ac2e5e9c7b4dd78713d5700eda49e,gen29066-v1,"Current Zero OI in CSP or buy-write AND no current Actionable, Edge, or Wait in either strategy AND no retained historical Actionable, Edge, or Wait in either strategy"
POWR,WEEKLY_REFRESH,29066,2026-09-14,wheelwright-universe-disposition-gen29066.md,eb540354ef87f794d0f7c5052cb84dd4cb7ac2e5e9c7b4dd78713d5700eda49e,gen29066-v1,"Current Zero OI in CSP or buy-write AND no current Actionable, Edge, or Wait in either strategy AND no retained historical Actionable, Edge, or Wait in either strategy"
PRF,WEEKLY_REFRESH,29066,2026-09-14,wheelwright-universe-disposition-gen29066.md,eb540354ef87f794d0f7c5052cb84dd4cb7ac2e5e9c7b4dd78713d5700eda49e,gen29066-v1,"Current Zero OI in CSP or buy-write AND no current Actionable, Edge, or Wait in either strategy AND no retained historical Actionable, Edge, or Wait in either strategy"
PRN,WEEKLY_REFRESH,29066,2026-09-14,wheelwright-universe-disposition-gen29066.md,eb540354ef87f794d0f7c5052cb84dd4cb7ac2e5e9c7b4dd78713d5700eda49e,gen29066-v1,"Current Zero OI in CSP or buy-write AND no current Actionable, Edge, or Wait in either strategy AND no retained historical Actionable, Edge, or Wait in either strategy"
PRNT,WEEKLY_REFRESH,29066,2026-09-14,wheelwright-universe-disposition-gen29066.md,eb540354ef87f794d0f7c5052cb84dd4cb7ac2e5e9c7b4dd78713d5700eda49e,gen29066-v1,"Current Zero OI in CSP or buy-write AND no current Actionable, Edge, or Wait in either strategy AND no retained historical Actionable, Edge, or Wait in either strategy"
PSCC,WEEKLY_REFRESH,29066,2026-09-14,wheelwright-universe-disposition-gen29066.md,eb540354ef87f794d0f7c5052cb84dd4cb7ac2e5e9c7b4dd78713d5700eda49e,gen29066-v1,"Current Zero OI in CSP or buy-write AND no current Actionable, Edge, or Wait in either strategy AND no retained historical Actionable, Edge, or Wait in either strategy"
PSCD,WEEKLY_REFRESH,29066,2026-09-14,wheelwright-universe-disposition-gen29066.md,eb540354ef87f794d0f7c5052cb84dd4cb7ac2e5e9c7b4dd78713d5700eda49e,gen29066-v1,"Current Zero OI in CSP or buy-write AND no current Actionable, Edge, or Wait in either strategy AND no retained historical Actionable, Edge, or Wait in either strategy"
PSCF,WEEKLY_REFRESH,29066,2026-09-14,wheelwright-universe-disposition-gen29066.md,eb540354ef87f794d0f7c5052cb84dd4cb7ac2e5e9c7b4dd78713d5700eda49e,gen29066-v1,"Current Zero OI in CSP or buy-write AND no current Actionable, Edge, or Wait in either strategy AND no retained historical Actionable, Edge, or Wait in either strategy"
PSCH,WEEKLY_REFRESH,29066,2026-09-14,wheelwright-universe-disposition-gen29066.md,eb540354ef87f794d0f7c5052cb84dd4cb7ac2e5e9c7b4dd78713d5700eda49e,gen29066-v1,"Current Zero OI in CSP or buy-write AND no current Actionable, Edge, or Wait in either strategy AND no retained historical Actionable, Edge, or Wait in either strategy"
PSCI,WEEKLY_REFRESH,29066,2026-09-14,wheelwright-universe-disposition-gen29066.md,eb540354ef87f794d0f7c5052cb84dd4cb7ac2e5e9c7b4dd78713d5700eda49e,gen29066-v1,"Current Zero OI in CSP or buy-write AND no current Actionable, Edge, or Wait in either strategy AND no retained historical Actionable, Edge, or Wait in either strategy"
PSCM,WEEKLY_REFRESH,29066,2026-09-14,wheelwright-universe-disposition-gen29066.md,eb540354ef87f794d0f7c5052cb84dd4cb7ac2e5e9c7b4dd78713d5700eda49e,gen29066-v1,"Current Zero OI in CSP or buy-write AND no current Actionable, Edge, or Wait in either strategy AND no retained historical Actionable, Edge, or Wait in either strategy"
PSCT,WEEKLY_REFRESH,29066,2026-09-14,wheelwright-universe-disposition-gen29066.md,eb540354ef87f794d0f7c5052cb84dd4cb7ac2e5e9c7b4dd78713d5700eda49e,gen29066-v1,"Current Zero OI in CSP or buy-write AND no current Actionable, Edge, or Wait in either strategy AND no retained historical Actionable, Edge, or Wait in either strategy"
PSK,WEEKLY_REFRESH,29066,2026-09-14,wheelwright-universe-disposition-gen29066.md,eb540354ef87f794d0f7c5052cb84dd4cb7ac2e5e9c7b4dd78713d5700eda49e,gen29066-v1,"Current Zero OI in CSP or buy-write AND no current Actionable, Edge, or Wait in either strategy AND no retained historical Actionable, Edge, or Wait in either strategy"
PSL,WEEKLY_REFRESH,29066,2026-09-14,wheelwright-universe-disposition-gen29066.md,eb540354ef87f794d0f7c5052cb84dd4cb7ac2e5e9c7b4dd78713d5700eda49e,gen29066-v1,"Current Zero OI in CSP or buy-write AND no current Actionable, Edge, or Wait in either strategy AND no retained historical Actionable, Edge, or Wait in either strategy"
PSP,WEEKLY_REFRESH,29066,2026-09-14,wheelwright-universe-disposition-gen29066.md,eb540354ef87f794d0f7c5052cb84dd4cb7ac2e5e9c7b4dd78713d5700eda49e,gen29066-v1,"Current Zero OI in CSP or buy-write AND no current Actionable, Edge, or Wait in either strategy AND no retained historical Actionable, Edge, or Wait in either strategy"
PSR,WEEKLY_REFRESH,29066,2026-09-14,wheelwright-universe-disposition-gen29066.md,eb540354ef87f794d0f7c5052cb84dd4cb7ac2e5e9c7b4dd78713d5700eda49e,gen29066-v1,"Current Zero OI in CSP or buy-write AND no current Actionable, Edge, or Wait in either strategy AND no retained historical Actionable, Edge, or Wait in either strategy"
PTH,WEEKLY_REFRESH,29066,2026-09-14,wheelwright-universe-disposition-gen29066.md,eb540354ef87f794d0f7c5052cb84dd4cb7ac2e5e9c7b4dd78713d5700eda49e,gen29066-v1,"Current Zero OI in CSP or buy-write AND no current Actionable, Edge, or Wait in either strategy AND no retained historical Actionable, Edge, or Wait in either strategy"
PTLC,WEEKLY_REFRESH,29066,2026-09-14,wheelwright-universe-disposition-gen29066.md,eb540354ef87f794d0f7c5052cb84dd4cb7ac2e5e9c7b4dd78713d5700eda49e,gen29066-v1,"Current Zero OI in CSP or buy-write AND no current Actionable, Edge, or Wait in either strategy AND no retained historical Actionable, Edge, or Wait in either strategy"
PTNQ,WEEKLY_REFRESH,29066,2026-09-14,wheelwright-universe-disposition-gen29066.md,eb540354ef87f794d0f7c5052cb84dd4cb7ac2e5e9c7b4dd78713d5700eda49e,gen29066-v1,"Current Zero OI in CSP or buy-write AND no current Actionable, Edge, or Wait in either strategy AND no retained historical Actionable, Edge, or Wait in either strategy"
PUI,WEEKLY_REFRESH,29066,2026-09-14,wheelwright-universe-disposition-gen29066.md,eb540354ef87f794d0f7c5052cb84dd4cb7ac2e5e9c7b4dd78713d5700eda49e,gen29066-v1,"Current Zero OI in CSP or buy-write AND no current Actionable, Edge, or Wait in either strategy AND no retained historical Actionable, Edge, or Wait in either strategy"
PULS,WEEKLY_REFRESH,29066,2026-09-14,wheelwright-universe-disposition-gen29066.md,eb540354ef87f794d0f7c5052cb84dd4cb7ac2e5e9c7b4dd78713d5700eda49e,gen29066-v1,"Current Zero OI in CSP or buy-write AND no current Actionable, Edge, or Wait in either strategy AND no retained historical Actionable, Edge, or Wait in either strategy"
PWV,WEEKLY_REFRESH,29066,2026-09-14,wheelwright-universe-disposition-gen29066.md,eb540354ef87f794d0f7c5052cb84dd4cb7ac2e5e9c7b4dd78713d5700eda49e,gen29066-v1,"Current Zero OI in CSP or buy-write AND no current Actionable, Edge, or Wait in either strategy AND no retained historical Actionable, Edge, or Wait in either strategy"
PWZ,WEEKLY_REFRESH,29066,2026-09-14,wheelwright-universe-disposition-gen29066.md,eb540354ef87f794d0f7c5052cb84dd4cb7ac2e5e9c7b4dd78713d5700eda49e,gen29066-v1,"Current Zero OI in CSP or buy-write AND no current Actionable, Edge, or Wait in either strategy AND no retained historical Actionable, Edge, or Wait in either strategy"
PXF,WEEKLY_REFRESH,29066,2026-09-14,wheelwright-universe-disposition-gen29066.md,eb540354ef87f794d0f7c5052cb84dd4cb7ac2e5e9c7b4dd78713d5700eda49e,gen29066-v1,"Current Zero OI in CSP or buy-write AND no current Actionable, Edge, or Wait in either strategy AND no retained historical Actionable, Edge, or Wait in either strategy"
PXH,WEEKLY_REFRESH,29066,2026-09-14,wheelwright-universe-disposition-gen29066.md,eb540354ef87f794d0f7c5052cb84dd4cb7ac2e5e9c7b4dd78713d5700eda49e,gen29066-v1,"Current Zero OI in CSP or buy-write AND no current Actionable, Edge, or Wait in either strategy AND no retained historical Actionable, Edge, or Wait in either strategy"
PXI,WEEKLY_REFRESH,29066,2026-09-14,wheelwright-universe-disposition-gen29066.md,eb540354ef87f794d0f7c5052cb84dd4cb7ac2e5e9c7b4dd78713d5700eda49e,gen29066-v1,"Current Zero OI in CSP or buy-write AND no current Actionable, Edge, or Wait in either strategy AND no retained historical Actionable, Edge, or Wait in either strategy"
PYZ,WEEKLY_REFRESH,29066,2026-09-14,wheelwright-universe-disposition-gen29066.md,eb540354ef87f794d0f7c5052cb84dd4cb7ac2e5e9c7b4dd78713d5700eda49e,gen29066-v1,"Current Zero OI in CSP or buy-write AND no current Actionable, Edge, or Wait in either strategy AND no retained historical Actionable, Edge, or Wait in either strategy"
PZA,WEEKLY_REFRESH,29066,2026-09-14,wheelwright-universe-disposition-gen29066.md,eb540354ef87f794d0f7c5052cb84dd4cb7ac2e5e9c7b4dd78713d5700eda49e,gen29066-v1,"Current Zero OI in CSP or buy-write AND no current Actionable, Edge, or Wait in either strategy AND no retained historical Actionable, Edge, or Wait in either strategy"
QDEF,WEEKLY_REFRESH,29066,2026-09-14,wheelwright-universe-disposition-gen29066.md,eb540354ef87f794d0f7c5052cb84dd4cb7ac2e5e9c7b4dd78713d5700eda49e,gen29066-v1,"Current Zero OI in CSP or buy-write AND no current Actionable, Edge, or Wait in either strategy AND no retained historical Actionable, Edge, or Wait in either strategy"
QDF,WEEKLY_REFRESH,29066,2026-09-14,wheelwright-universe-disposition-gen29066.md,eb540354ef87f794d0f7c5052cb84dd4cb7ac2e5e9c7b4dd78713d5700eda49e,gen29066-v1,"Current Zero OI in CSP or buy-write AND no current Actionable, Edge, or Wait in either strategy AND no retained historical Actionable, Edge, or Wait in either strategy"
QEFA,WEEKLY_REFRESH,29066,2026-09-14,wheelwright-universe-disposition-gen29066.md,eb540354ef87f794d0f7c5052cb84dd4cb7ac2e5e9c7b4dd78713d5700eda49e,gen29066-v1,"Current Zero OI in CSP or buy-write AND no current Actionable, Edge, or Wait in either strategy AND no retained historical Actionable, Edge, or Wait in either strategy"
QEMM,WEEKLY_REFRESH,29066,2026-09-14,wheelwright-universe-disposition-gen29066.md,eb540354ef87f794d0f7c5052cb84dd4cb7ac2e5e9c7b4dd78713d5700eda49e,gen29066-v1,"Current Zero OI in CSP or buy-write AND no current Actionable, Edge, or Wait in either strategy AND no retained historical Actionable, Edge, or Wait in either strategy"
QGRO,WEEKLY_REFRESH,29066,2026-09-14,wheelwright-universe-disposition-gen29066.md,eb540354ef87f794d0f7c5052cb84dd4cb7ac2e5e9c7b4dd78713d5700eda49e,gen29066-v1,"Current Zero OI in CSP or buy-write AND no current Actionable, Edge, or Wait in either strategy AND no retained historical Actionable, Edge, or Wait in either strategy"
QMOM,WEEKLY_REFRESH,29066,2026-09-14,wheelwright-universe-disposition-gen29066.md,eb540354ef87f794d0f7c5052cb84dd4cb7ac2e5e9c7b4dd78713d5700eda49e,gen29066-v1,"Current Zero OI in CSP or buy-write AND no current Actionable, Edge, or Wait in either strategy AND no retained historical Actionable, Edge, or Wait in either strategy"
QQXT,WEEKLY_REFRESH,29066,2026-09-14,wheelwright-universe-disposition-gen29066.md,eb540354ef87f794d0f7c5052cb84dd4cb7ac2e5e9c7b4dd78713d5700eda49e,gen29066-v1,"Current Zero OI in CSP or buy-write AND no current Actionable, Edge, or Wait in either strategy AND no retained historical Actionable, Edge, or Wait in either strategy"
QUS,WEEKLY_REFRESH,29066,2026-09-14,wheelwright-universe-disposition-gen29066.md,eb540354ef87f794d0f7c5052cb84dd4cb7ac2e5e9c7b4dd78713d5700eda49e,gen29066-v1,"Current Zero OI in CSP or buy-write AND no current Actionable, Edge, or Wait in either strategy AND no retained historical Actionable, Edge, or Wait in either strategy"
QVMT,WEEKLY_REFRESH,29066,2026-09-14,wheelwright-universe-disposition-gen29066.md,eb540354ef87f794d0f7c5052cb84dd4cb7ac2e5e9c7b4dd78713d5700eda49e,gen29066-v1,"Current Zero OI in CSP or buy-write AND no current Actionable, Edge, or Wait in either strategy AND no retained historical Actionable, Edge, or Wait in either strategy"
RBLD,WEEKLY_REFRESH,29066,2026-09-14,wheelwright-universe-disposition-gen29066.md,eb540354ef87f794d0f7c5052cb84dd4cb7ac2e5e9c7b4dd78713d5700eda49e,gen29066-v1,"Current Zero OI in CSP or buy-write AND no current Actionable, Edge, or Wait in either strategy AND no retained historical Actionable, Edge, or Wait in either strategy"
RDIV,WEEKLY_REFRESH,29066,2026-09-14,wheelwright-universe-disposition-gen29066.md,eb540354ef87f794d0f7c5052cb84dd4cb7ac2e5e9c7b4dd78713d5700eda49e,gen29066-v1,"Current Zero OI in CSP or buy-write AND no current Actionable, Edge, or Wait in either strategy AND no retained historical Actionable, Edge, or Wait in either strategy"
REET,WEEKLY_REFRESH,29066,2026-09-14,wheelwright-universe-disposition-gen29066.md,eb540354ef87f794d0f7c5052cb84dd4cb7ac2e5e9c7b4dd78713d5700eda49e,gen29066-v1,"Current Zero OI in CSP or buy-write AND no current Actionable, Edge, or Wait in either strategy AND no retained historical Actionable, Edge, or Wait in either strategy"
REZ,WEEKLY_REFRESH,29066,2026-09-14,wheelwright-universe-disposition-gen29066.md,eb540354ef87f794d0f7c5052cb84dd4cb7ac2e5e9c7b4dd78713d5700eda49e,gen29066-v1,"Current Zero OI in CSP or buy-write AND no current Actionable, Edge, or Wait in either strategy AND no retained historical Actionable, Edge, or Wait in either strategy"
RFV,WEEKLY_REFRESH,29066,2026-09-14,wheelwright-universe-disposition-gen29066.md,eb540354ef87f794d0f7c5052cb84dd4cb7ac2e5e9c7b4dd78713d5700eda49e,gen29066-v1,"Current Zero OI in CSP or buy-write AND no current Actionable, Edge, or Wait in either strategy AND no retained historical Actionable, Edge, or Wait in either strategy"
RINF,WEEKLY_REFRESH,29066,2026-09-14,wheelwright-universe-disposition-gen29066.md,eb540354ef87f794d0f7c5052cb84dd4cb7ac2e5e9c7b4dd78713d5700eda49e,gen29066-v1,"Current Zero OI in CSP or buy-write AND no current Actionable, Edge, or Wait in either strategy AND no retained historical Actionable, Edge, or Wait in either strategy"
RLY,WEEKLY_REFRESH,29066,2026-09-14,wheelwright-universe-disposition-gen29066.md,eb540354ef87f794d0f7c5052cb84dd4cb7ac2e5e9c7b4dd78713d5700eda49e,gen29066-v1,"Current Zero OI in CSP or buy-write AND no current Actionable, Edge, or Wait in either strategy AND no retained historical Actionable, Edge, or Wait in either strategy"
RODM,WEEKLY_REFRESH,29066,2026-09-14,wheelwright-universe-disposition-gen29066.md,eb540354ef87f794d0f7c5052cb84dd4cb7ac2e5e9c7b4dd78713d5700eda49e,gen29066-v1,"Current Zero OI in CSP or buy-write AND no current Actionable, Edge, or Wait in either strategy AND no retained historical Actionable, Edge, or Wait in either strategy"
ROKT,WEEKLY_REFRESH,29066,2026-09-14,wheelwright-universe-disposition-gen29066.md,eb540354ef87f794d0f7c5052cb84dd4cb7ac2e5e9c7b4dd78713d5700eda49e,gen29066-v1,"Current Zero OI in CSP or buy-write AND no current Actionable, Edge, or Wait in either strategy AND no retained historical Actionable, Edge, or Wait in either strategy"
RSPC,WEEKLY_REFRESH,29066,2026-09-14,wheelwright-universe-disposition-gen29066.md,eb540354ef87f794d0f7c5052cb84dd4cb7ac2e5e9c7b4dd78713d5700eda49e,gen29066-v1,"Current Zero OI in CSP or buy-write AND no current Actionable, Edge, or Wait in either strategy AND no retained historical Actionable, Edge, or Wait in either strategy"
RSPD,WEEKLY_REFRESH,29066,2026-09-14,wheelwright-universe-disposition-gen29066.md,eb540354ef87f794d0f7c5052cb84dd4cb7ac2e5e9c7b4dd78713d5700eda49e,gen29066-v1,"Current Zero OI in CSP or buy-write AND no current Actionable, Edge, or Wait in either strategy AND no retained historical Actionable, Edge, or Wait in either strategy"
RSPF,WEEKLY_REFRESH,29066,2026-09-14,wheelwright-universe-disposition-gen29066.md,eb540354ef87f794d0f7c5052cb84dd4cb7ac2e5e9c7b4dd78713d5700eda49e,gen29066-v1,"Current Zero OI in CSP or buy-write AND no current Actionable, Edge, or Wait in either strategy AND no retained historical Actionable, Edge, or Wait in either strategy"
RSPM,WEEKLY_REFRESH,29066,2026-09-14,wheelwright-universe-disposition-gen29066.md,eb540354ef87f794d0f7c5052cb84dd4cb7ac2e5e9c7b4dd78713d5700eda49e,gen29066-v1,"Current Zero OI in CSP or buy-write AND no current Actionable, Edge, or Wait in either strategy AND no retained historical Actionable, Edge, or Wait in either strategy"
RSPN,WEEKLY_REFRESH,29066,2026-09-14,wheelwright-universe-disposition-gen29066.md,eb540354ef87f794d0f7c5052cb84dd4cb7ac2e5e9c7b4dd78713d5700eda49e,gen29066-v1,"Current Zero OI in CSP or buy-write AND no current Actionable, Edge, or Wait in either strategy AND no retained historical Actionable, Edge, or Wait in either strategy"
RSPR,WEEKLY_REFRESH,29066,2026-09-14,wheelwright-universe-disposition-gen29066.md,eb540354ef87f794d0f7c5052cb84dd4cb7ac2e5e9c7b4dd78713d5700eda49e,gen29066-v1,"Current Zero OI in CSP or buy-write AND no current Actionable, Edge, or Wait in either strategy AND no retained historical Actionable, Edge, or Wait in either strategy"
RSPS,WEEKLY_REFRESH,29066,2026-09-14,wheelwright-universe-disposition-gen29066.md,eb540354ef87f794d0f7c5052cb84dd4cb7ac2e5e9c7b4dd78713d5700eda49e,gen29066-v1,"Current Zero OI in CSP or buy-write AND no current Actionable, Edge, or Wait in either strategy AND no retained historical Actionable, Edge, or Wait in either strategy"
RSPU,WEEKLY_REFRESH,29066,2026-09-14,wheelwright-universe-disposition-gen29066.md,eb540354ef87f794d0f7c5052cb84dd4cb7ac2e5e9c7b4dd78713d5700eda49e,gen29066-v1,"Current Zero OI in CSP or buy-write AND no current Actionable, Edge, or Wait in either strategy AND no retained historical Actionable, Edge, or Wait in either strategy"
RWK,WEEKLY_REFRESH,29066,2026-09-14,wheelwright-universe-disposition-gen29066.md,eb540354ef87f794d0f7c5052cb84dd4cb7ac2e5e9c7b4dd78713d5700eda49e,gen29066-v1,"Current Zero OI in CSP or buy-write AND no current Actionable, Edge, or Wait in either strategy AND no retained historical Actionable, Edge, or Wait in either strategy"
RWL,WEEKLY_REFRESH,29066,2026-09-14,wheelwright-universe-disposition-gen29066.md,eb540354ef87f794d0f7c5052cb84dd4cb7ac2e5e9c7b4dd78713d5700eda49e,gen29066-v1,"Current Zero OI in CSP or buy-write AND no current Actionable, Edge, or Wait in either strategy AND no retained historical Actionable, Edge, or Wait in either strategy"
RWX,WEEKLY_REFRESH,29066,2026-09-14,wheelwright-universe-disposition-gen29066.md,eb540354ef87f794d0f7c5052cb84dd4cb7ac2e5e9c7b4dd78713d5700eda49e,gen29066-v1,"Current Zero OI in CSP or buy-write AND no current Actionable, Edge, or Wait in either strategy AND no retained historical Actionable, Edge, or Wait in either strategy"
RZG,WEEKLY_REFRESH,29066,2026-09-14,wheelwright-universe-disposition-gen29066.md,eb540354ef87f794d0f7c5052cb84dd4cb7ac2e5e9c7b4dd78713d5700eda49e,gen29066-v1,"Current Zero OI in CSP or buy-write AND no current Actionable, Edge, or Wait in either strategy AND no retained historical Actionable, Edge, or Wait in either strategy"
RZV,WEEKLY_REFRESH,29066,2026-09-14,wheelwright-universe-disposition-gen29066.md,eb540354ef87f794d0f7c5052cb84dd4cb7ac2e5e9c7b4dd78713d5700eda49e,gen29066-v1,"Current Zero OI in CSP or buy-write AND no current Actionable, Edge, or Wait in either strategy AND no retained historical Actionable, Edge, or Wait in either strategy"
SAA,WEEKLY_REFRESH,29066,2026-09-14,wheelwright-universe-disposition-gen29066.md,eb540354ef87f794d0f7c5052cb84dd4cb7ac2e5e9c7b4dd78713d5700eda49e,gen29066-v1,"Current Zero OI in CSP or buy-write AND no current Actionable, Edge, or Wait in either strategy AND no retained historical Actionable, Edge, or Wait in either strategy"
SCHC,WEEKLY_REFRESH,29066,2026-09-14,wheelwright-universe-disposition-gen29066.md,eb540354ef87f794d0f7c5052cb84dd4cb7ac2e5e9c7b4dd78713d5700eda49e,gen29066-v1,"Current Zero OI in CSP or buy-write AND no current Actionable, Edge, or Wait in either strategy AND no retained historical Actionable, Edge, or Wait in either strategy"
SCHK,WEEKLY_REFRESH,29066,2026-09-14,wheelwright-universe-disposition-gen29066.md,eb540354ef87f794d0f7c5052cb84dd4cb7ac2e5e9c7b4dd78713d5700eda49e,gen29066-v1,"Current Zero OI in CSP or buy-write AND no current Actionable, Edge, or Wait in either strategy AND no retained historical Actionable, Edge, or Wait in either strategy"
SCZ,WEEKLY_REFRESH,29066,2026-09-14,wheelwright-universe-disposition-gen29066.md,eb540354ef87f794d0f7c5052cb84dd4cb7ac2e5e9c7b4dd78713d5700eda49e,gen29066-v1,"Current Zero OI in CSP or buy-write AND no current Actionable, Edge, or Wait in either strategy AND no retained historical Actionable, Edge, or Wait in either strategy"
SDCI,WEEKLY_REFRESH,29066,2026-09-14,wheelwright-universe-disposition-gen29066.md,eb540354ef87f794d0f7c5052cb84dd4cb7ac2e5e9c7b4dd78713d5700eda49e,gen29066-v1,"Current Zero OI in CSP or buy-write AND no current Actionable, Edge, or Wait in either strategy AND no retained historical Actionable, Edge, or Wait in either strategy"
SDEM,WEEKLY_REFRESH,29066,2026-09-14,wheelwright-universe-disposition-gen29066.md,eb540354ef87f794d0f7c5052cb84dd4cb7ac2e5e9c7b4dd78713d5700eda49e,gen29066-v1,"Current Zero OI in CSP or buy-write AND no current Actionable, Edge, or Wait in either strategy AND no retained historical Actionable, Edge, or Wait in either strategy"
SECT,WEEKLY_REFRESH,29066,2026-09-14,wheelwright-universe-disposition-gen29066.md,eb540354ef87f794d0f7c5052cb84dd4cb7ac2e5e9c7b4dd78713d5700eda49e,gen29066-v1,"Current Zero OI in CSP or buy-write AND no current Actionable, Edge, or Wait in either strategy AND no retained historical Actionable, Edge, or Wait in either strategy"
SHE,WEEKLY_REFRESH,29066,2026-09-14,wheelwright-universe-disposition-gen29066.md,eb540354ef87f794d0f7c5052cb84dd4cb7ac2e5e9c7b4dd78713d5700eda49e,gen29066-v1,"Current Zero OI in CSP or buy-write AND no current Actionable, Edge, or Wait in either strategy AND no retained historical Actionable, Edge, or Wait in either strategy"
SHV,WEEKLY_REFRESH,29066,2026-09-14,wheelwright-universe-disposition-gen29066.md,eb540354ef87f794d0f7c5052cb84dd4cb7ac2e5e9c7b4dd78713d5700eda49e,gen29066-v1,"Current Zero OI in CSP or buy-write AND no current Actionable, Edge, or Wait in either strategy AND no retained historical Actionable, Edge, or Wait in either strategy"
SHYG,WEEKLY_REFRESH,29066,2026-09-14,wheelwright-universe-disposition-gen29066.md,eb540354ef87f794d0f7c5052cb84dd4cb7ac2e5e9c7b4dd78713d5700eda49e,gen29066-v1,"Current Zero OI in CSP or buy-write AND no current Actionable, Edge, or Wait in either strategy AND no retained historical Actionable, Edge, or Wait in either strategy"
SIMS,WEEKLY_REFRESH,29066,2026-09-14,wheelwright-universe-disposition-gen29066.md,eb540354ef87f794d0f7c5052cb84dd4cb7ac2e5e9c7b4dd78713d5700eda49e,gen29066-v1,"Current Zero OI in CSP or buy-write AND no current Actionable, Edge, or Wait in either strategy AND no retained historical Actionable, Edge, or Wait in either strategy"
SIZE,WEEKLY_REFRESH,29066,2026-09-14,wheelwright-universe-disposition-gen29066.md,eb540354ef87f794d0f7c5052cb84dd4cb7ac2e5e9c7b4dd78713d5700eda49e,gen29066-v1,"Current Zero OI in CSP or buy-write AND no current Actionable, Edge, or Wait in either strategy AND no retained historical Actionable, Edge, or Wait in either strategy"
SJNK,WEEKLY_REFRESH,29066,2026-09-14,wheelwright-universe-disposition-gen29066.md,eb540354ef87f794d0f7c5052cb84dd4cb7ac2e5e9c7b4dd78713d5700eda49e,gen29066-v1,"Current Zero OI in CSP or buy-write AND no current Actionable, Edge, or Wait in either strategy AND no retained historical Actionable, Edge, or Wait in either strategy"
SLYG,WEEKLY_REFRESH,29066,2026-09-14,wheelwright-universe-disposition-gen29066.md,eb540354ef87f794d0f7c5052cb84dd4cb7ac2e5e9c7b4dd78713d5700eda49e,gen29066-v1,"Current Zero OI in CSP or buy-write AND no current Actionable, Edge, or Wait in either strategy AND no retained historical Actionable, Edge, or Wait in either strategy"
SLYV,WEEKLY_REFRESH,29066,2026-09-14,wheelwright-universe-disposition-gen29066.md,eb540354ef87f794d0f7c5052cb84dd4cb7ac2e5e9c7b4dd78713d5700eda49e,gen29066-v1,"Current Zero OI in CSP or buy-write AND no current Actionable, Edge, or Wait in either strategy AND no retained historical Actionable, Edge, or Wait in either strategy"
SMDV,WEEKLY_REFRESH,29066,2026-09-14,wheelwright-universe-disposition-gen29066.md,eb540354ef87f794d0f7c5052cb84dd4cb7ac2e5e9c7b4dd78713d5700eda49e,gen29066-v1,"Current Zero OI in CSP or buy-write AND no current Actionable, Edge, or Wait in either strategy AND no retained historical Actionable, Edge, or Wait in either strategy"
SMLF,WEEKLY_REFRESH,29066,2026-09-14,wheelwright-universe-disposition-gen29066.md,eb540354ef87f794d0f7c5052cb84dd4cb7ac2e5e9c7b4dd78713d5700eda49e,gen29066-v1,"Current Zero OI in CSP or buy-write AND no current Actionable, Edge, or Wait in either strategy AND no retained historical Actionable, Edge, or Wait in either strategy"
SMLV,WEEKLY_REFRESH,29066,2026-09-14,wheelwright-universe-disposition-gen29066.md,eb540354ef87f794d0f7c5052cb84dd4cb7ac2e5e9c7b4dd78713d5700eda49e,gen29066-v1,"Current Zero OI in CSP or buy-write AND no current Actionable, Edge, or Wait in either strategy AND no retained historical Actionable, Edge, or Wait in either strategy"
SMMD,WEEKLY_REFRESH,29066,2026-09-14,wheelwright-universe-disposition-gen29066.md,eb540354ef87f794d0f7c5052cb84dd4cb7ac2e5e9c7b4dd78713d5700eda49e,gen29066-v1,"Current Zero OI in CSP or buy-write AND no current Actionable, Edge, or Wait in either strategy AND no retained historical Actionable, Edge, or Wait in either strategy"
SNSR,WEEKLY_REFRESH,29066,2026-09-14,wheelwright-universe-disposition-gen29066.md,eb540354ef87f794d0f7c5052cb84dd4cb7ac2e5e9c7b4dd78713d5700eda49e,gen29066-v1,"Current Zero OI in CSP or buy-write AND no current Actionable, Edge, or Wait in either strategy AND no retained historical Actionable, Edge, or Wait in either strategy"
SPFF,WEEKLY_REFRESH,29066,2026-09-14,wheelwright-universe-disposition-gen29066.md,eb540354ef87f794d0f7c5052cb84dd4cb7ac2e5e9c7b4dd78713d5700eda49e,gen29066-v1,"Current Zero OI in CSP or buy-write AND no current Actionable, Edge, or Wait in either strategy AND no retained historical Actionable, Edge, or Wait in either strategy"
SPGM,WEEKLY_REFRESH,29066,2026-09-14,wheelwright-universe-disposition-gen29066.md,eb540354ef87f794d0f7c5052cb84dd4cb7ac2e5e9c7b4dd78713d5700eda49e,gen29066-v1,"Current Zero OI in CSP or buy-write AND no current Actionable, Edge, or Wait in either strategy AND no retained historical Actionable, Edge, or Wait in either strategy"
SPGP,WEEKLY_REFRESH,29066,2026-09-14,wheelwright-universe-disposition-gen29066.md,eb540354ef87f794d0f7c5052cb84dd4cb7ac2e5e9c7b4dd78713d5700eda49e,gen29066-v1,"Current Zero OI in CSP or buy-write AND no current Actionable, Edge, or Wait in either strategy AND no retained historical Actionable, Edge, or Wait in either strategy"
SPHY,WEEKLY_REFRESH,29066,2026-09-14,wheelwright-universe-disposition-gen29066.md,eb540354ef87f794d0f7c5052cb84dd4cb7ac2e5e9c7b4dd78713d5700eda49e,gen29066-v1,"Current Zero OI in CSP or buy-write AND no current Actionable, Edge, or Wait in either strategy AND no retained historical Actionable, Edge, or Wait in either strategy"
SPIB,WEEKLY_REFRESH,29066,2026-09-14,wheelwright-universe-disposition-gen29066.md,eb540354ef87f794d0f7c5052cb84dd4cb7ac2e5e9c7b4dd78713d5700eda49e,gen29066-v1,"Current Zero OI in CSP or buy-write AND no current Actionable, Edge, or Wait in either strategy AND no retained historical Actionable, Edge, or Wait in either strategy"
SPIP,WEEKLY_REFRESH,29066,2026-09-14,wheelwright-universe-disposition-gen29066.md,eb540354ef87f794d0f7c5052cb84dd4cb7ac2e5e9c7b4dd78713d5700eda49e,gen29066-v1,"Current Zero OI in CSP or buy-write AND no current Actionable, Edge, or Wait in either strategy AND no retained historical Actionable, Edge, or Wait in either strategy"
SPMD,WEEKLY_REFRESH,29066,2026-09-14,wheelwright-universe-disposition-gen29066.md,eb540354ef87f794d0f7c5052cb84dd4cb7ac2e5e9c7b4dd78713d5700eda49e,gen29066-v1,"Current Zero OI in CSP or buy-write AND no current Actionable, Edge, or Wait in either strategy AND no retained historical Actionable, Edge, or Wait in either strategy"
SPTI,WEEKLY_REFRESH,29066,2026-09-14,wheelwright-universe-disposition-gen29066.md,eb540354ef87f794d0f7c5052cb84dd4cb7ac2e5e9c7b4dd78713d5700eda49e,gen29066-v1,"Current Zero OI in CSP or buy-write AND no current Actionable, Edge, or Wait in either strategy AND no retained historical Actionable, Edge, or Wait in either strategy"
SPTS,WEEKLY_REFRESH,29066,2026-09-14,wheelwright-universe-disposition-gen29066.md,eb540354ef87f794d0f7c5052cb84dd4cb7ac2e5e9c7b4dd78713d5700eda49e,gen29066-v1,"Current Zero OI in CSP or buy-write AND no current Actionable, Edge, or Wait in either strategy AND no retained historical Actionable, Edge, or Wait in either strategy"
SPVM,WEEKLY_REFRESH,29066,2026-09-14,wheelwright-universe-disposition-gen29066.md,eb540354ef87f794d0f7c5052cb84dd4cb7ac2e5e9c7b4dd78713d5700eda49e,gen29066-v1,"Current Zero OI in CSP or buy-write AND no current Actionable, Edge, or Wait in either strategy AND no retained historical Actionable, Edge, or Wait in either strategy"
SPXE,WEEKLY_REFRESH,29066,2026-09-14,wheelwright-universe-disposition-gen29066.md,eb540354ef87f794d0f7c5052cb84dd4cb7ac2e5e9c7b4dd78713d5700eda49e,gen29066-v1,"Current Zero OI in CSP or buy-write AND no current Actionable, Edge, or Wait in either strategy AND no retained historical Actionable, Edge, or Wait in either strategy"
SPXN,WEEKLY_REFRESH,29066,2026-09-14,wheelwright-universe-disposition-gen29066.md,eb540354ef87f794d0f7c5052cb84dd4cb7ac2e5e9c7b4dd78713d5700eda49e,gen29066-v1,"Current Zero OI in CSP or buy-write AND no current Actionable, Edge, or Wait in either strategy AND no retained historical Actionable, Edge, or Wait in either strategy"
SPXV,WEEKLY_REFRESH,29066,2026-09-14,wheelwright-universe-disposition-gen29066.md,eb540354ef87f794d0f7c5052cb84dd4cb7ac2e5e9c7b4dd78713d5700eda49e,gen29066-v1,"Current Zero OI in CSP or buy-write AND no current Actionable, Edge, or Wait in either strategy AND no retained historical Actionable, Edge, or Wait in either strategy"
SRET,WEEKLY_REFRESH,29066,2026-09-14,wheelwright-universe-disposition-gen29066.md,eb540354ef87f794d0f7c5052cb84dd4cb7ac2e5e9c7b4dd78713d5700eda49e,gen29066-v1,"Current Zero OI in CSP or buy-write AND no current Actionable, Edge, or Wait in either strategy AND no retained historical Actionable, Edge, or Wait in either strategy"
SRLN,WEEKLY_REFRESH,29066,2026-09-14,wheelwright-universe-disposition-gen29066.md,eb540354ef87f794d0f7c5052cb84dd4cb7ac2e5e9c7b4dd78713d5700eda49e,gen29066-v1,"Current Zero OI in CSP or buy-write AND no current Actionable, Edge, or Wait in either strategy AND no retained historical Actionable, Edge, or Wait in either strategy"
SRVR,WEEKLY_REFRESH,29066,2026-09-14,wheelwright-universe-disposition-gen29066.md,eb540354ef87f794d0f7c5052cb84dd4cb7ac2e5e9c7b4dd78713d5700eda49e,gen29066-v1,"Current Zero OI in CSP or buy-write AND no current Actionable, Edge, or Wait in either strategy AND no retained historical Actionable, Edge, or Wait in either strategy"
STIP,WEEKLY_REFRESH,29066,2026-09-14,wheelwright-universe-disposition-gen29066.md,eb540354ef87f794d0f7c5052cb84dd4cb7ac2e5e9c7b4dd78713d5700eda49e,gen29066-v1,"Current Zero OI in CSP or buy-write AND no current Actionable, Edge, or Wait in either strategy AND no retained historical Actionable, Edge, or Wait in either strategy"
STPZ,WEEKLY_REFRESH,29066,2026-09-14,wheelwright-universe-disposition-gen29066.md,eb540354ef87f794d0f7c5052cb84dd4cb7ac2e5e9c7b4dd78713d5700eda49e,gen29066-v1,"Current Zero OI in CSP or buy-write AND no current Actionable, Edge, or Wait in either strategy AND no retained historical Actionable, Edge, or Wait in either strategy"
SUSA,WEEKLY_REFRESH,29066,2026-09-14,wheelwright-universe-disposition-gen29066.md,eb540354ef87f794d0f7c5052cb84dd4cb7ac2e5e9c7b4dd78713d5700eda49e,gen29066-v1,"Current Zero OI in CSP or buy-write AND no current Actionable, Edge, or Wait in either strategy AND no retained historical Actionable, Edge, or Wait in either strategy"
SWAN,WEEKLY_REFRESH,29066,2026-09-14,wheelwright-universe-disposition-gen29066.md,eb540354ef87f794d0f7c5052cb84dd4cb7ac2e5e9c7b4dd78713d5700eda49e,gen29066-v1,"Current Zero OI in CSP or buy-write AND no current Actionable, Edge, or Wait in either strategy AND no retained historical Actionable, Edge, or Wait in either strategy"
SYLD,WEEKLY_REFRESH,29066,2026-09-14,wheelwright-universe-disposition-gen29066.md,eb540354ef87f794d0f7c5052cb84dd4cb7ac2e5e9c7b4dd78713d5700eda49e,gen29066-v1,"Current Zero OI in CSP or buy-write AND no current Actionable, Edge, or Wait in either strategy AND no retained historical Actionable, Edge, or Wait in either strategy"
TAGS,WEEKLY_REFRESH,29066,2026-09-14,wheelwright-universe-disposition-gen29066.md,eb540354ef87f794d0f7c5052cb84dd4cb7ac2e5e9c7b4dd78713d5700eda49e,gen29066-v1,"Current Zero OI in CSP or buy-write AND no current Actionable, Edge, or Wait in either strategy AND no retained historical Actionable, Edge, or Wait in either strategy"
TBLU,WEEKLY_REFRESH,29066,2026-09-14,wheelwright-universe-disposition-gen29066.md,eb540354ef87f794d0f7c5052cb84dd4cb7ac2e5e9c7b4dd78713d5700eda49e,gen29066-v1,"Current Zero OI in CSP or buy-write AND no current Actionable, Edge, or Wait in either strategy AND no retained historical Actionable, Edge, or Wait in either strategy"
TDTT,WEEKLY_REFRESH,29066,2026-09-14,wheelwright-universe-disposition-gen29066.md,eb540354ef87f794d0f7c5052cb84dd4cb7ac2e5e9c7b4dd78713d5700eda49e,gen29066-v1,"Current Zero OI in CSP or buy-write AND no current Actionable, Edge, or Wait in either strategy AND no retained historical Actionable, Edge, or Wait in either strategy"
TIPX,WEEKLY_REFRESH,29066,2026-09-14,wheelwright-universe-disposition-gen29066.md,eb540354ef87f794d0f7c5052cb84dd4cb7ac2e5e9c7b4dd78713d5700eda49e,gen29066-v1,"Current Zero OI in CSP or buy-write AND no current Actionable, Edge, or Wait in either strategy AND no retained historical Actionable, Edge, or Wait in either strategy"
TPYP,WEEKLY_REFRESH,29066,2026-09-14,wheelwright-universe-disposition-gen29066.md,eb540354ef87f794d0f7c5052cb84dd4cb7ac2e5e9c7b4dd78713d5700eda49e,gen29066-v1,"Current Zero OI in CSP or buy-write AND no current Actionable, Edge, or Wait in either strategy AND no retained historical Actionable, Edge, or Wait in either strategy"
TYO,WEEKLY_REFRESH,29066,2026-09-14,wheelwright-universe-disposition-gen29066.md,eb540354ef87f794d0f7c5052cb84dd4cb7ac2e5e9c7b4dd78713d5700eda49e,gen29066-v1,"Current Zero OI in CSP or buy-write AND no current Actionable, Edge, or Wait in either strategy AND no retained historical Actionable, Edge, or Wait in either strategy"
UCC,WEEKLY_REFRESH,29066,2026-09-14,wheelwright-universe-disposition-gen29066.md,eb540354ef87f794d0f7c5052cb84dd4cb7ac2e5e9c7b4dd78713d5700eda49e,gen29066-v1,"Current Zero OI in CSP or buy-write AND no current Actionable, Edge, or Wait in either strategy AND no retained historical Actionable, Edge, or Wait in either strategy"
UFOX,WEEKLY_REFRESH,29066,2026-09-14,wheelwright-universe-disposition-gen29066.md,eb540354ef87f794d0f7c5052cb84dd4cb7ac2e5e9c7b4dd78713d5700eda49e,gen29066-v1,"Current Zero OI in CSP or buy-write AND no current Actionable, Edge, or Wait in either strategy AND no retained historical Actionable, Edge, or Wait in either strategy"
UGE,WEEKLY_REFRESH,29066,2026-09-14,wheelwright-universe-disposition-gen29066.md,eb540354ef87f794d0f7c5052cb84dd4cb7ac2e5e9c7b4dd78713d5700eda49e,gen29066-v1,"Current Zero OI in CSP or buy-write AND no current Actionable, Edge, or Wait in either strategy AND no retained historical Actionable, Edge, or Wait in either strategy"
UMDD,WEEKLY_REFRESH,29066,2026-09-14,wheelwright-universe-disposition-gen29066.md,eb540354ef87f794d0f7c5052cb84dd4cb7ac2e5e9c7b4dd78713d5700eda49e,gen29066-v1,"Current Zero OI in CSP or buy-write AND no current Actionable, Edge, or Wait in either strategy AND no retained historical Actionable, Edge, or Wait in either strategy"
UNL,WEEKLY_REFRESH,29066,2026-09-14,wheelwright-universe-disposition-gen29066.md,eb540354ef87f794d0f7c5052cb84dd4cb7ac2e5e9c7b4dd78713d5700eda49e,gen29066-v1,"Current Zero OI in CSP or buy-write AND no current Actionable, Edge, or Wait in either strategy AND no retained historical Actionable, Edge, or Wait in either strategy"
UPV,WEEKLY_REFRESH,29066,2026-09-14,wheelwright-universe-disposition-gen29066.md,eb540354ef87f794d0f7c5052cb84dd4cb7ac2e5e9c7b4dd78713d5700eda49e,gen29066-v1,"Current Zero OI in CSP or buy-write AND no current Actionable, Edge, or Wait in either strategy AND no retained historical Actionable, Edge, or Wait in either strategy"
UPW,WEEKLY_REFRESH,29066,2026-09-14,wheelwright-universe-disposition-gen29066.md,eb540354ef87f794d0f7c5052cb84dd4cb7ac2e5e9c7b4dd78713d5700eda49e,gen29066-v1,"Current Zero OI in CSP or buy-write AND no current Actionable, Edge, or Wait in either strategy AND no retained historical Actionable, Edge, or Wait in either strategy"
URE,WEEKLY_REFRESH,29066,2026-09-14,wheelwright-universe-disposition-gen29066.md,eb540354ef87f794d0f7c5052cb84dd4cb7ac2e5e9c7b4dd78713d5700eda49e,gen29066-v1,"Current Zero OI in CSP or buy-write AND no current Actionable, Edge, or Wait in either strategy AND no retained historical Actionable, Edge, or Wait in either strategy"
USAI,WEEKLY_REFRESH,29066,2026-09-14,wheelwright-universe-disposition-gen29066.md,eb540354ef87f794d0f7c5052cb84dd4cb7ac2e5e9c7b4dd78713d5700eda49e,gen29066-v1,"Current Zero OI in CSP or buy-write AND no current Actionable, Edge, or Wait in either strategy AND no retained historical Actionable, Edge, or Wait in either strategy"
USHY,WEEKLY_REFRESH,29066,2026-09-14,wheelwright-universe-disposition-gen29066.md,eb540354ef87f794d0f7c5052cb84dd4cb7ac2e5e9c7b4dd78713d5700eda49e,gen29066-v1,"Current Zero OI in CSP or buy-write AND no current Actionable, Edge, or Wait in either strategy AND no retained historical Actionable, Edge, or Wait in either strategy"
USMC,WEEKLY_REFRESH,29066,2026-09-14,wheelwright-universe-disposition-gen29066.md,eb540354ef87f794d0f7c5052cb84dd4cb7ac2e5e9c7b4dd78713d5700eda49e,gen29066-v1,"Current Zero OI in CSP or buy-write AND no current Actionable, Edge, or Wait in either strategy AND no retained historical Actionable, Edge, or Wait in either strategy"
USPX,WEEKLY_REFRESH,29066,2026-09-14,wheelwright-universe-disposition-gen29066.md,eb540354ef87f794d0f7c5052cb84dd4cb7ac2e5e9c7b4dd78713d5700eda49e,gen29066-v1,"Current Zero OI in CSP or buy-write AND no current Actionable, Edge, or Wait in either strategy AND no retained historical Actionable, Edge, or Wait in either strategy"
USRT,WEEKLY_REFRESH,29066,2026-09-14,wheelwright-universe-disposition-gen29066.md,eb540354ef87f794d0f7c5052cb84dd4cb7ac2e5e9c7b4dd78713d5700eda49e,gen29066-v1,"Current Zero OI in CSP or buy-write AND no current Actionable, Edge, or Wait in either strategy AND no retained historical Actionable, Edge, or Wait in either strategy"
UXI,WEEKLY_REFRESH,29066,2026-09-14,wheelwright-universe-disposition-gen29066.md,eb540354ef87f794d0f7c5052cb84dd4cb7ac2e5e9c7b4dd78713d5700eda49e,gen29066-v1,"Current Zero OI in CSP or buy-write AND no current Actionable, Edge, or Wait in either strategy AND no retained historical Actionable, Edge, or Wait in either strategy"
UYM,WEEKLY_REFRESH,29066,2026-09-14,wheelwright-universe-disposition-gen29066.md,eb540354ef87f794d0f7c5052cb84dd4cb7ac2e5e9c7b4dd78713d5700eda49e,gen29066-v1,"Current Zero OI in CSP or buy-write AND no current Actionable, Edge, or Wait in either strategy AND no retained historical Actionable, Edge, or Wait in either strategy"
VALQ,WEEKLY_REFRESH,29066,2026-09-14,wheelwright-universe-disposition-gen29066.md,eb540354ef87f794d0f7c5052cb84dd4cb7ac2e5e9c7b4dd78713d5700eda49e,gen29066-v1,"Current Zero OI in CSP or buy-write AND no current Actionable, Edge, or Wait in either strategy AND no retained historical Actionable, Edge, or Wait in either strategy"
VFMF,WEEKLY_REFRESH,29066,2026-09-14,wheelwright-universe-disposition-gen29066.md,eb540354ef87f794d0f7c5052cb84dd4cb7ac2e5e9c7b4dd78713d5700eda49e,gen29066-v1,"Current Zero OI in CSP or buy-write AND no current Actionable, Edge, or Wait in either strategy AND no retained historical Actionable, Edge, or Wait in either strategy"
VFMV,WEEKLY_REFRESH,29066,2026-09-14,wheelwright-universe-disposition-gen29066.md,eb540354ef87f794d0f7c5052cb84dd4cb7ac2e5e9c7b4dd78713d5700eda49e,gen29066-v1,"Current Zero OI in CSP or buy-write AND no current Actionable, Edge, or Wait in either strategy AND no retained historical Actionable, Edge, or Wait in either strategy"
VFQY,WEEKLY_REFRESH,29066,2026-09-14,wheelwright-universe-disposition-gen29066.md,eb540354ef87f794d0f7c5052cb84dd4cb7ac2e5e9c7b4dd78713d5700eda49e,gen29066-v1,"Current Zero OI in CSP or buy-write AND no current Actionable, Edge, or Wait in either strategy AND no retained historical Actionable, Edge, or Wait in either strategy"
VFVA,WEEKLY_REFRESH,29066,2026-09-14,wheelwright-universe-disposition-gen29066.md,eb540354ef87f794d0f7c5052cb84dd4cb7ac2e5e9c7b4dd78713d5700eda49e,gen29066-v1,"Current Zero OI in CSP or buy-write AND no current Actionable, Edge, or Wait in either strategy AND no retained historical Actionable, Edge, or Wait in either strategy"
VIGI,WEEKLY_REFRESH,29066,2026-09-14,wheelwright-universe-disposition-gen29066.md,eb540354ef87f794d0f7c5052cb84dd4cb7ac2e5e9c7b4dd78713d5700eda49e,gen29066-v1,"Current Zero OI in CSP or buy-write AND no current Actionable, Edge, or Wait in either strategy AND no retained historical Actionable, Edge, or Wait in either strategy"
VIOG,WEEKLY_REFRESH,29066,2026-09-14,wheelwright-universe-disposition-gen29066.md,eb540354ef87f794d0f7c5052cb84dd4cb7ac2e5e9c7b4dd78713d5700eda49e,gen29066-v1,"Current Zero OI in CSP or buy-write AND no current Actionable, Edge, or Wait in either strategy AND no retained historical Actionable, Edge, or Wait in either strategy"
VLUE,WEEKLY_REFRESH,29066,2026-09-14,wheelwright-universe-disposition-gen29066.md,eb540354ef87f794d0f7c5052cb84dd4cb7ac2e5e9c7b4dd78713d5700eda49e,gen29066-v1,"Current Zero OI in CSP or buy-write AND no current Actionable, Edge, or Wait in either strategy AND no retained historical Actionable, Edge, or Wait in either strategy"
VMBS,WEEKLY_REFRESH,29066,2026-09-14,wheelwright-universe-disposition-gen29066.md,eb540354ef87f794d0f7c5052cb84dd4cb7ac2e5e9c7b4dd78713d5700eda49e,gen29066-v1,"Current Zero OI in CSP or buy-write AND no current Actionable, Edge, or Wait in either strategy AND no retained historical Actionable, Edge, or Wait in either strategy"
VNLA,WEEKLY_REFRESH,29066,2026-09-14,wheelwright-universe-disposition-gen29066.md,eb540354ef87f794d0f7c5052cb84dd4cb7ac2e5e9c7b4dd78713d5700eda49e,gen29066-v1,"Current Zero OI in CSP or buy-write AND no current Actionable, Edge, or Wait in either strategy AND no retained historical Actionable, Edge, or Wait in either strategy"
VNM,WEEKLY_REFRESH,29066,2026-09-14,wheelwright-universe-disposition-gen29066.md,eb540354ef87f794d0f7c5052cb84dd4cb7ac2e5e9c7b4dd78713d5700eda49e,gen29066-v1,"Current Zero OI in CSP or buy-write AND no current Actionable, Edge, or Wait in either strategy AND no retained historical Actionable, Edge, or Wait in either strategy"
VOE,WEEKLY_REFRESH,29066,2026-09-14,wheelwright-universe-disposition-gen29066.md,eb540354ef87f794d0f7c5052cb84dd4cb7ac2e5e9c7b4dd78713d5700eda49e,gen29066-v1,"Current Zero OI in CSP or buy-write AND no current Actionable, Edge, or Wait in either strategy AND no retained historical Actionable, Edge, or Wait in either strategy"
VONV,WEEKLY_REFRESH,29066,2026-09-14,wheelwright-universe-disposition-gen29066.md,eb540354ef87f794d0f7c5052cb84dd4cb7ac2e5e9c7b4dd78713d5700eda49e,gen29066-v1,"Current Zero OI in CSP or buy-write AND no current Actionable, Edge, or Wait in either strategy AND no retained historical Actionable, Edge, or Wait in either strategy"
VOOV,WEEKLY_REFRESH,29066,2026-09-14,wheelwright-universe-disposition-gen29066.md,eb540354ef87f794d0f7c5052cb84dd4cb7ac2e5e9c7b4dd78713d5700eda49e,gen29066-v1,"Current Zero OI in CSP or buy-write AND no current Actionable, Edge, or Wait in either strategy AND no retained historical Actionable, Edge, or Wait in either strategy"
VRP,WEEKLY_REFRESH,29066,2026-09-14,wheelwright-universe-disposition-gen29066.md,eb540354ef87f794d0f7c5052cb84dd4cb7ac2e5e9c7b4dd78713d5700eda49e,gen29066-v1,"Current Zero OI in CSP or buy-write AND no current Actionable, Edge, or Wait in either strategy AND no retained historical Actionable, Edge, or Wait in either strategy"
VSDA,WEEKLY_REFRESH,29066,2026-09-14,wheelwright-universe-disposition-gen29066.md,eb540354ef87f794d0f7c5052cb84dd4cb7ac2e5e9c7b4dd78713d5700eda49e,gen29066-v1,"Current Zero OI in CSP or buy-write AND no current Actionable, Edge, or Wait in either strategy AND no retained historical Actionable, Edge, or Wait in either strategy"
VSGX,WEEKLY_REFRESH,29066,2026-09-14,wheelwright-universe-disposition-gen29066.md,eb540354ef87f794d0f7c5052cb84dd4cb7ac2e5e9c7b4dd78713d5700eda49e,gen29066-v1,"Current Zero OI in CSP or buy-write AND no current Actionable, Edge, or Wait in either strategy AND no retained historical Actionable, Edge, or Wait in either strategy"
VSS,WEEKLY_REFRESH,29066,2026-09-14,wheelwright-universe-disposition-gen29066.md,eb540354ef87f794d0f7c5052cb84dd4cb7ac2e5e9c7b4dd78713d5700eda49e,gen29066-v1,"Current Zero OI in CSP or buy-write AND no current Actionable, Edge, or Wait in either strategy AND no retained historical Actionable, Edge, or Wait in either strategy"
WDIV,WEEKLY_REFRESH,29066,2026-09-14,wheelwright-universe-disposition-gen29066.md,eb540354ef87f794d0f7c5052cb84dd4cb7ac2e5e9c7b4dd78713d5700eda49e,gen29066-v1,"Current Zero OI in CSP or buy-write AND no current Actionable, Edge, or Wait in either strategy AND no retained historical Actionable, Edge, or Wait in either strategy"
WOOD,WEEKLY_REFRESH,29066,2026-09-14,wheelwright-universe-disposition-gen29066.md,eb540354ef87f794d0f7c5052cb84dd4cb7ac2e5e9c7b4dd78713d5700eda49e,gen29066-v1,"Current Zero OI in CSP or buy-write AND no current Actionable, Edge, or Wait in either strategy AND no retained historical Actionable, Edge, or Wait in either strategy"
WTMF,WEEKLY_REFRESH,29066,2026-09-14,wheelwright-universe-disposition-gen29066.md,eb540354ef87f794d0f7c5052cb84dd4cb7ac2e5e9c7b4dd78713d5700eda49e,gen29066-v1,"Current Zero OI in CSP or buy-write AND no current Actionable, Edge, or Wait in either strategy AND no retained historical Actionable, Edge, or Wait in either strategy"
WTPI,WEEKLY_REFRESH,29066,2026-09-14,wheelwright-universe-disposition-gen29066.md,eb540354ef87f794d0f7c5052cb84dd4cb7ac2e5e9c7b4dd78713d5700eda49e,gen29066-v1,"Current Zero OI in CSP or buy-write AND no current Actionable, Edge, or Wait in either strategy AND no retained historical Actionable, Edge, or Wait in either strategy"
WTV,WEEKLY_REFRESH,29066,2026-09-14,wheelwright-universe-disposition-gen29066.md,eb540354ef87f794d0f7c5052cb84dd4cb7ac2e5e9c7b4dd78713d5700eda49e,gen29066-v1,"Current Zero OI in CSP or buy-write AND no current Actionable, Edge, or Wait in either strategy AND no retained historical Actionable, Edge, or Wait in either strategy"
XCEM,WEEKLY_REFRESH,29066,2026-09-14,wheelwright-universe-disposition-gen29066.md,eb540354ef87f794d0f7c5052cb84dd4cb7ac2e5e9c7b4dd78713d5700eda49e,gen29066-v1,"Current Zero OI in CSP or buy-write AND no current Actionable, Edge, or Wait in either strategy AND no retained historical Actionable, Edge, or Wait in either strategy"
XHE,WEEKLY_REFRESH,29066,2026-09-14,wheelwright-universe-disposition-gen29066.md,eb540354ef87f794d0f7c5052cb84dd4cb7ac2e5e9c7b4dd78713d5700eda49e,gen29066-v1,"Current Zero OI in CSP or buy-write AND no current Actionable, Edge, or Wait in either strategy AND no retained historical Actionable, Edge, or Wait in either strategy"
XHS,WEEKLY_REFRESH,29066,2026-09-14,wheelwright-universe-disposition-gen29066.md,eb540354ef87f794d0f7c5052cb84dd4cb7ac2e5e9c7b4dd78713d5700eda49e,gen29066-v1,"Current Zero OI in CSP or buy-write AND no current Actionable, Edge, or Wait in either strategy AND no retained historical Actionable, Edge, or Wait in either strategy"
XLSR,WEEKLY_REFRESH,29066,2026-09-14,wheelwright-universe-disposition-gen29066.md,eb540354ef87f794d0f7c5052cb84dd4cb7ac2e5e9c7b4dd78713d5700eda49e,gen29066-v1,"Current Zero OI in CSP or buy-write AND no current Actionable, Edge, or Wait in either strategy AND no retained historical Actionable, Edge, or Wait in either strategy"
XMHQ,WEEKLY_REFRESH,29066,2026-09-14,wheelwright-universe-disposition-gen29066.md,eb540354ef87f794d0f7c5052cb84dd4cb7ac2e5e9c7b4dd78713d5700eda49e,gen29066-v1,"Current Zero OI in CSP or buy-write AND no current Actionable, Edge, or Wait in either strategy AND no retained historical Actionable, Edge, or Wait in either strategy"
XMLV,WEEKLY_REFRESH,29066,2026-09-14,wheelwright-universe-disposition-gen29066.md,eb540354ef87f794d0f7c5052cb84dd4cb7ac2e5e9c7b4dd78713d5700eda49e,gen29066-v1,"Current Zero OI in CSP or buy-write AND no current Actionable, Edge, or Wait in either strategy AND no retained historical Actionable, Edge, or Wait in either strategy"
XMVM,WEEKLY_REFRESH,29066,2026-09-14,wheelwright-universe-disposition-gen29066.md,eb540354ef87f794d0f7c5052cb84dd4cb7ac2e5e9c7b4dd78713d5700eda49e,gen29066-v1,"Current Zero OI in CSP or buy-write AND no current Actionable, Edge, or Wait in either strategy AND no retained historical Actionable, Edge, or Wait in either strategy"
XSHD,WEEKLY_REFRESH,29066,2026-09-14,wheelwright-universe-disposition-gen29066.md,eb540354ef87f794d0f7c5052cb84dd4cb7ac2e5e9c7b4dd78713d5700eda49e,gen29066-v1,"Current Zero OI in CSP or buy-write AND no current Actionable, Edge, or Wait in either strategy AND no retained historical Actionable, Edge, or Wait in either strategy"
XSHQ,WEEKLY_REFRESH,29066,2026-09-14,wheelwright-universe-disposition-gen29066.md,eb540354ef87f794d0f7c5052cb84dd4cb7ac2e5e9c7b4dd78713d5700eda49e,gen29066-v1,"Current Zero OI in CSP or buy-write AND no current Actionable, Edge, or Wait in either strategy AND no retained historical Actionable, Edge, or Wait in either strategy"
XSLV,WEEKLY_REFRESH,29066,2026-09-14,wheelwright-universe-disposition-gen29066.md,eb540354ef87f794d0f7c5052cb84dd4cb7ac2e5e9c7b4dd78713d5700eda49e,gen29066-v1,"Current Zero OI in CSP or buy-write AND no current Actionable, Edge, or Wait in either strategy AND no retained historical Actionable, Edge, or Wait in either strategy"
XSVM,WEEKLY_REFRESH,29066,2026-09-14,wheelwright-universe-disposition-gen29066.md,eb540354ef87f794d0f7c5052cb84dd4cb7ac2e5e9c7b4dd78713d5700eda49e,gen29066-v1,"Current Zero OI in CSP or buy-write AND no current Actionable, Edge, or Wait in either strategy AND no retained historical Actionable, Edge, or Wait in either strategy"
XT,WEEKLY_REFRESH,29066,2026-09-14,wheelwright-universe-disposition-gen29066.md,eb540354ef87f794d0f7c5052cb84dd4cb7ac2e5e9c7b4dd78713d5700eda49e,gen29066-v1,"Current Zero OI in CSP or buy-write AND no current Actionable, Edge, or Wait in either strategy AND no retained historical Actionable, Edge, or Wait in either strategy"
YLD,WEEKLY_REFRESH,29066,2026-09-14,wheelwright-universe-disposition-gen29066.md,eb540354ef87f794d0f7c5052cb84dd4cb7ac2e5e9c7b4dd78713d5700eda49e,gen29066-v1,"Current Zero OI in CSP or buy-write AND no current Actionable, Edge, or Wait in either strategy AND no retained historical Actionable, Edge, or Wait in either strategy"
YXI,WEEKLY_REFRESH,29066,2026-09-14,wheelwright-universe-disposition-gen29066.md,eb540354ef87f794d0f7c5052cb84dd4cb7ac2e5e9c7b4dd78713d5700eda49e,gen29066-v1,"Current Zero OI in CSP or buy-write AND no current Actionable, Edge, or Wait in either strategy AND no retained historical Actionable, Edge, or Wait in either strategy"
YYY,WEEKLY_REFRESH,29066,2026-09-14,wheelwright-universe-disposition-gen29066.md,eb540354ef87f794d0f7c5052cb84dd4cb7ac2e5e9c7b4dd78713d5700eda49e,gen29066-v1,"Current Zero OI in CSP or buy-write AND no current Actionable, Edge, or Wait in either strategy AND no retained historical Actionable, Edge, or Wait in either strategy"
AIA,NORMAL_PROTECTED,29066,2026-09-14,wheelwright-universe-disposition-gen29066.md,eb540354ef87f794d0f7c5052cb84dd4cb7ac2e5e9c7b4dd78713d5700eda49e,gen29066-v1,"Current Zero OI / no current useful outcome, but demonstrated historical Actionable, Edge, or Wait usefulness"
AIRR,NORMAL_PROTECTED,29066,2026-09-14,wheelwright-universe-disposition-gen29066.md,eb540354ef87f794d0f7c5052cb84dd4cb7ac2e5e9c7b4dd78713d5700eda49e,gen29066-v1,"Current Zero OI / no current useful outcome, but demonstrated historical Actionable, Edge, or Wait usefulness"
ASHS,NORMAL_PROTECTED,29066,2026-09-14,wheelwright-universe-disposition-gen29066.md,eb540354ef87f794d0f7c5052cb84dd4cb7ac2e5e9c7b4dd78713d5700eda49e,gen29066-v1,"Current Zero OI / no current useful outcome, but demonstrated historical Actionable, Edge, or Wait usefulness"
BBC,NORMAL_PROTECTED,29066,2026-09-14,wheelwright-universe-disposition-gen29066.md,eb540354ef87f794d0f7c5052cb84dd4cb7ac2e5e9c7b4dd78713d5700eda49e,gen29066-v1,"Current Zero OI / no current useful outcome, but demonstrated historical Actionable, Edge, or Wait usefulness"
BBH,NORMAL_PROTECTED,29066,2026-09-14,wheelwright-universe-disposition-gen29066.md,eb540354ef87f794d0f7c5052cb84dd4cb7ac2e5e9c7b4dd78713d5700eda49e,gen29066-v1,"Current Zero OI / no current useful outcome, but demonstrated historical Actionable, Edge, or Wait usefulness"
BIZD,NORMAL_PROTECTED,29066,2026-09-14,wheelwright-universe-disposition-gen29066.md,eb540354ef87f794d0f7c5052cb84dd4cb7ac2e5e9c7b4dd78713d5700eda49e,gen29066-v1,"Current Zero OI / no current useful outcome, but demonstrated historical Actionable, Edge, or Wait usefulness"
COMB,NORMAL_PROTECTED,29066,2026-09-14,wheelwright-universe-disposition-gen29066.md,eb540354ef87f794d0f7c5052cb84dd4cb7ac2e5e9c7b4dd78713d5700eda49e,gen29066-v1,"Current Zero OI / no current useful outcome, but demonstrated historical Actionable, Edge, or Wait usefulness"
CSD,NORMAL_PROTECTED,29066,2026-09-14,wheelwright-universe-disposition-gen29066.md,eb540354ef87f794d0f7c5052cb84dd4cb7ac2e5e9c7b4dd78713d5700eda49e,gen29066-v1,"Current Zero OI / no current useful outcome, but demonstrated historical Actionable, Edge, or Wait usefulness"
DBE,NORMAL_PROTECTED,29066,2026-09-14,wheelwright-universe-disposition-gen29066.md,eb540354ef87f794d0f7c5052cb84dd4cb7ac2e5e9c7b4dd78713d5700eda49e,gen29066-v1,"Current Zero OI / no current useful outcome, but demonstrated historical Actionable, Edge, or Wait usefulness"
DJP,NORMAL_PROTECTED,29066,2026-09-14,wheelwright-universe-disposition-gen29066.md,eb540354ef87f794d0f7c5052cb84dd4cb7ac2e5e9c7b4dd78713d5700eda49e,gen29066-v1,"Current Zero OI / no current useful outcome, but demonstrated historical Actionable, Edge, or Wait usefulness"
EFAV,NORMAL_PROTECTED,29066,2026-09-14,wheelwright-universe-disposition-gen29066.md,eb540354ef87f794d0f7c5052cb84dd4cb7ac2e5e9c7b4dd78713d5700eda49e,gen29066-v1,"Current Zero OI / no current useful outcome, but demonstrated historical Actionable, Edge, or Wait usefulness"
EFV,NORMAL_PROTECTED,29066,2026-09-14,wheelwright-universe-disposition-gen29066.md,eb540354ef87f794d0f7c5052cb84dd4cb7ac2e5e9c7b4dd78713d5700eda49e,gen29066-v1,"Current Zero OI / no current useful outcome, but demonstrated historical Actionable, Edge, or Wait usefulness"
EPI,NORMAL_PROTECTED,29066,2026-09-14,wheelwright-universe-disposition-gen29066.md,eb540354ef87f794d0f7c5052cb84dd4cb7ac2e5e9c7b4dd78713d5700eda49e,gen29066-v1,"Current Zero OI / no current useful outcome, but demonstrated historical Actionable, Edge, or Wait usefulness"
EPU,NORMAL_PROTECTED,29066,2026-09-14,wheelwright-universe-disposition-gen29066.md,eb540354ef87f794d0f7c5052cb84dd4cb7ac2e5e9c7b4dd78713d5700eda49e,gen29066-v1,"Current Zero OI / no current useful outcome, but demonstrated historical Actionable, Edge, or Wait usefulness"
EUO,NORMAL_PROTECTED,29066,2026-09-14,wheelwright-universe-disposition-gen29066.md,eb540354ef87f794d0f7c5052cb84dd4cb7ac2e5e9c7b4dd78713d5700eda49e,gen29066-v1,"Current Zero OI / no current useful outcome, but demonstrated historical Actionable, Edge, or Wait usefulness"
EURL,NORMAL_PROTECTED,29066,2026-09-14,wheelwright-universe-disposition-gen29066.md,eb540354ef87f794d0f7c5052cb84dd4cb7ac2e5e9c7b4dd78713d5700eda49e,gen29066-v1,"Current Zero OI / no current useful outcome, but demonstrated historical Actionable, Edge, or Wait usefulness"
EWD,NORMAL_PROTECTED,29066,2026-09-14,wheelwright-universe-disposition-gen29066.md,eb540354ef87f794d0f7c5052cb84dd4cb7ac2e5e9c7b4dd78713d5700eda49e,gen29066-v1,"Current Zero OI / no current useful outcome, but demonstrated historical Actionable, Edge, or Wait usefulness"
EWQ,NORMAL_PROTECTED,29066,2026-09-14,wheelwright-universe-disposition-gen29066.md,eb540354ef87f794d0f7c5052cb84dd4cb7ac2e5e9c7b4dd78713d5700eda49e,gen29066-v1,"Current Zero OI / no current useful outcome, but demonstrated historical Actionable, Edge, or Wait usefulness"
EXI,NORMAL_PROTECTED,29066,2026-09-14,wheelwright-universe-disposition-gen29066.md,eb540354ef87f794d0f7c5052cb84dd4cb7ac2e5e9c7b4dd78713d5700eda49e,gen29066-v1,"Current Zero OI / no current useful outcome, but demonstrated historical Actionable, Edge, or Wait usefulness"
EZU,NORMAL_PROTECTED,29066,2026-09-14,wheelwright-universe-disposition-gen29066.md,eb540354ef87f794d0f7c5052cb84dd4cb7ac2e5e9c7b4dd78713d5700eda49e,gen29066-v1,"Current Zero OI / no current useful outcome, but demonstrated historical Actionable, Edge, or Wait usefulness"
FBT,NORMAL_PROTECTED,29066,2026-09-14,wheelwright-universe-disposition-gen29066.md,eb540354ef87f794d0f7c5052cb84dd4cb7ac2e5e9c7b4dd78713d5700eda49e,gen29066-v1,"Current Zero OI / no current useful outcome, but demonstrated historical Actionable, Edge, or Wait usefulness"
FFTY,NORMAL_PROTECTED,29066,2026-09-14,wheelwright-universe-disposition-gen29066.md,eb540354ef87f794d0f7c5052cb84dd4cb7ac2e5e9c7b4dd78713d5700eda49e,gen29066-v1,"Current Zero OI / no current useful outcome, but demonstrated historical Actionable, Edge, or Wait usefulness"
FLIN,NORMAL_PROTECTED,29066,2026-09-14,wheelwright-universe-disposition-gen29066.md,eb540354ef87f794d0f7c5052cb84dd4cb7ac2e5e9c7b4dd78713d5700eda49e,gen29066-v1,"Current Zero OI / no current useful outcome, but demonstrated historical Actionable, Edge, or Wait usefulness"
GSG,NORMAL_PROTECTED,29066,2026-09-14,wheelwright-universe-disposition-gen29066.md,eb540354ef87f794d0f7c5052cb84dd4cb7ac2e5e9c7b4dd78713d5700eda49e,gen29066-v1,"Current Zero OI / no current useful outcome, but demonstrated historical Actionable, Edge, or Wait usefulness"
GUNR,NORMAL_PROTECTED,29066,2026-09-14,wheelwright-universe-disposition-gen29066.md,eb540354ef87f794d0f7c5052cb84dd4cb7ac2e5e9c7b4dd78713d5700eda49e,gen29066-v1,"Current Zero OI / no current useful outcome, but demonstrated historical Actionable, Edge, or Wait usefulness"
HYMB,NORMAL_PROTECTED,29066,2026-09-14,wheelwright-universe-disposition-gen29066.md,eb540354ef87f794d0f7c5052cb84dd4cb7ac2e5e9c7b4dd78713d5700eda49e,gen29066-v1,"Current Zero OI / no current useful outcome, but demonstrated historical Actionable, Edge, or Wait usefulness"
IAT,NORMAL_PROTECTED,29066,2026-09-14,wheelwright-universe-disposition-gen29066.md,eb540354ef87f794d0f7c5052cb84dd4cb7ac2e5e9c7b4dd78713d5700eda49e,gen29066-v1,"Current Zero OI / no current useful outcome, but demonstrated historical Actionable, Edge, or Wait usefulness"
IDGT,NORMAL_PROTECTED,29066,2026-09-14,wheelwright-universe-disposition-gen29066.md,eb540354ef87f794d0f7c5052cb84dd4cb7ac2e5e9c7b4dd78713d5700eda49e,gen29066-v1,"Current Zero OI / no current useful outcome, but demonstrated historical Actionable, Edge, or Wait usefulness"
IEV,NORMAL_PROTECTED,29066,2026-09-14,wheelwright-universe-disposition-gen29066.md,eb540354ef87f794d0f7c5052cb84dd4cb7ac2e5e9c7b4dd78713d5700eda49e,gen29066-v1,"Current Zero OI / no current useful outcome, but demonstrated historical Actionable, Edge, or Wait usefulness"
IJS,NORMAL_PROTECTED,29066,2026-09-14,wheelwright-universe-disposition-gen29066.md,eb540354ef87f794d0f7c5052cb84dd4cb7ac2e5e9c7b4dd78713d5700eda49e,gen29066-v1,"Current Zero OI / no current useful outcome, but demonstrated historical Actionable, Edge, or Wait usefulness"
IJT,NORMAL_PROTECTED,29066,2026-09-14,wheelwright-universe-disposition-gen29066.md,eb540354ef87f794d0f7c5052cb84dd4cb7ac2e5e9c7b4dd78713d5700eda49e,gen29066-v1,"Current Zero OI / no current useful outcome, but demonstrated historical Actionable, Edge, or Wait usefulness"
IOO,NORMAL_PROTECTED,29066,2026-09-14,wheelwright-universe-disposition-gen29066.md,eb540354ef87f794d0f7c5052cb84dd4cb7ac2e5e9c7b4dd78713d5700eda49e,gen29066-v1,"Current Zero OI / no current useful outcome, but demonstrated historical Actionable, Edge, or Wait usefulness"
IUSG,NORMAL_PROTECTED,29066,2026-09-14,wheelwright-universe-disposition-gen29066.md,eb540354ef87f794d0f7c5052cb84dd4cb7ac2e5e9c7b4dd78713d5700eda49e,gen29066-v1,"Current Zero OI / no current useful outcome, but demonstrated historical Actionable, Edge, or Wait usefulness"
IWB,NORMAL_PROTECTED,29066,2026-09-14,wheelwright-universe-disposition-gen29066.md,eb540354ef87f794d0f7c5052cb84dd4cb7ac2e5e9c7b4dd78713d5700eda49e,gen29066-v1,"Current Zero OI / no current useful outcome, but demonstrated historical Actionable, Edge, or Wait usefulness"
IWC,NORMAL_PROTECTED,29066,2026-09-14,wheelwright-universe-disposition-gen29066.md,eb540354ef87f794d0f7c5052cb84dd4cb7ac2e5e9c7b4dd78713d5700eda49e,gen29066-v1,"Current Zero OI / no current useful outcome, but demonstrated historical Actionable, Edge, or Wait usefulness"
IWR,NORMAL_PROTECTED,29066,2026-09-14,wheelwright-universe-disposition-gen29066.md,eb540354ef87f794d0f7c5052cb84dd4cb7ac2e5e9c7b4dd78713d5700eda49e,gen29066-v1,"Current Zero OI / no current useful outcome, but demonstrated historical Actionable, Edge, or Wait usefulness"
IWY,NORMAL_PROTECTED,29066,2026-09-14,wheelwright-universe-disposition-gen29066.md,eb540354ef87f794d0f7c5052cb84dd4cb7ac2e5e9c7b4dd78713d5700eda49e,gen29066-v1,"Current Zero OI / no current useful outcome, but demonstrated historical Actionable, Edge, or Wait usefulness"
IXC,NORMAL_PROTECTED,29066,2026-09-14,wheelwright-universe-disposition-gen29066.md,eb540354ef87f794d0f7c5052cb84dd4cb7ac2e5e9c7b4dd78713d5700eda49e,gen29066-v1,"Current Zero OI / no current useful outcome, but demonstrated historical Actionable, Edge, or Wait usefulness"
JNK,NORMAL_PROTECTED,29066,2026-09-14,wheelwright-universe-disposition-gen29066.md,eb540354ef87f794d0f7c5052cb84dd4cb7ac2e5e9c7b4dd78713d5700eda49e,gen29066-v1,"Current Zero OI / no current useful outcome, but demonstrated historical Actionable, Edge, or Wait usefulness"
KSA,NORMAL_PROTECTED,29066,2026-09-14,wheelwright-universe-disposition-gen29066.md,eb540354ef87f794d0f7c5052cb84dd4cb7ac2e5e9c7b4dd78713d5700eda49e,gen29066-v1,"Current Zero OI / no current useful outcome, but demonstrated historical Actionable, Edge, or Wait usefulness"
LABD,NORMAL_PROTECTED,29066,2026-09-14,wheelwright-universe-disposition-gen29066.md,eb540354ef87f794d0f7c5052cb84dd4cb7ac2e5e9c7b4dd78713d5700eda49e,gen29066-v1,"Current Zero OI / no current useful outcome, but demonstrated historical Actionable, Edge, or Wait usefulness"
LTL,NORMAL_PROTECTED,29066,2026-09-14,wheelwright-universe-disposition-gen29066.md,eb540354ef87f794d0f7c5052cb84dd4cb7ac2e5e9c7b4dd78713d5700eda49e,gen29066-v1,"Current Zero OI / no current useful outcome, but demonstrated historical Actionable, Edge, or Wait usefulness"
LVHI,NORMAL_PROTECTED,29066,2026-09-14,wheelwright-universe-disposition-gen29066.md,eb540354ef87f794d0f7c5052cb84dd4cb7ac2e5e9c7b4dd78713d5700eda49e,gen29066-v1,"Current Zero OI / no current useful outcome, but demonstrated historical Actionable, Edge, or Wait usefulness"
MMTM,NORMAL_PROTECTED,29066,2026-09-14,wheelwright-universe-disposition-gen29066.md,eb540354ef87f794d0f7c5052cb84dd4cb7ac2e5e9c7b4dd78713d5700eda49e,gen29066-v1,"Current Zero OI / no current useful outcome, but demonstrated historical Actionable, Edge, or Wait usefulness"
MOAT,NORMAL_PROTECTED,29066,2026-09-14,wheelwright-universe-disposition-gen29066.md,eb540354ef87f794d0f7c5052cb84dd4cb7ac2e5e9c7b4dd78713d5700eda49e,gen29066-v1,"Current Zero OI / no current useful outcome, but demonstrated historical Actionable, Edge, or Wait usefulness"
MORT,NORMAL_PROTECTED,29066,2026-09-14,wheelwright-universe-disposition-gen29066.md,eb540354ef87f794d0f7c5052cb84dd4cb7ac2e5e9c7b4dd78713d5700eda49e,gen29066-v1,"Current Zero OI / no current useful outcome, but demonstrated historical Actionable, Edge, or Wait usefulness"
NFTY,NORMAL_PROTECTED,29066,2026-09-14,wheelwright-universe-disposition-gen29066.md,eb540354ef87f794d0f7c5052cb84dd4cb7ac2e5e9c7b4dd78713d5700eda49e,gen29066-v1,"Current Zero OI / no current useful outcome, but demonstrated historical Actionable, Edge, or Wait usefulness"
OPPJ,NORMAL_PROTECTED,29066,2026-09-14,wheelwright-universe-disposition-gen29066.md,eb540354ef87f794d0f7c5052cb84dd4cb7ac2e5e9c7b4dd78713d5700eda49e,gen29066-v1,"Current Zero OI / no current useful outcome, but demonstrated historical Actionable, Edge, or Wait usefulness"
PFFA,NORMAL_PROTECTED,29066,2026-09-14,wheelwright-universe-disposition-gen29066.md,eb540354ef87f794d0f7c5052cb84dd4cb7ac2e5e9c7b4dd78713d5700eda49e,gen29066-v1,"Current Zero OI / no current useful outcome, but demonstrated historical Actionable, Edge, or Wait usefulness"
PHO,NORMAL_PROTECTED,29066,2026-09-14,wheelwright-universe-disposition-gen29066.md,eb540354ef87f794d0f7c5052cb84dd4cb7ac2e5e9c7b4dd78713d5700eda49e,gen29066-v1,"Current Zero OI / no current useful outcome, but demonstrated historical Actionable, Edge, or Wait usefulness"
PSCE,NORMAL_PROTECTED,29066,2026-09-14,wheelwright-universe-disposition-gen29066.md,eb540354ef87f794d0f7c5052cb84dd4cb7ac2e5e9c7b4dd78713d5700eda49e,gen29066-v1,"Current Zero OI / no current useful outcome, but demonstrated historical Actionable, Edge, or Wait usefulness"
PWB,NORMAL_PROTECTED,29066,2026-09-14,wheelwright-universe-disposition-gen29066.md,eb540354ef87f794d0f7c5052cb84dd4cb7ac2e5e9c7b4dd78713d5700eda49e,gen29066-v1,"Current Zero OI / no current useful outcome, but demonstrated historical Actionable, Edge, or Wait usefulness"
QQEW,NORMAL_PROTECTED,29066,2026-09-14,wheelwright-universe-disposition-gen29066.md,eb540354ef87f794d0f7c5052cb84dd4cb7ac2e5e9c7b4dd78713d5700eda49e,gen29066-v1,"Current Zero OI / no current useful outcome, but demonstrated historical Actionable, Edge, or Wait usefulness"
QQQE,NORMAL_PROTECTED,29066,2026-09-14,wheelwright-universe-disposition-gen29066.md,eb540354ef87f794d0f7c5052cb84dd4cb7ac2e5e9c7b4dd78713d5700eda49e,gen29066-v1,"Current Zero OI / no current useful outcome, but demonstrated historical Actionable, Edge, or Wait usefulness"
QTEC,NORMAL_PROTECTED,29066,2026-09-14,wheelwright-universe-disposition-gen29066.md,eb540354ef87f794d0f7c5052cb84dd4cb7ac2e5e9c7b4dd78713d5700eda49e,gen29066-v1,"Current Zero OI / no current useful outcome, but demonstrated historical Actionable, Edge, or Wait usefulness"
RETL,NORMAL_PROTECTED,29066,2026-09-14,wheelwright-universe-disposition-gen29066.md,eb540354ef87f794d0f7c5052cb84dd4cb7ac2e5e9c7b4dd78713d5700eda49e,gen29066-v1,"Current Zero OI / no current useful outcome, but demonstrated historical Actionable, Edge, or Wait usefulness"
ROBT,NORMAL_PROTECTED,29066,2026-09-14,wheelwright-universe-disposition-gen29066.md,eb540354ef87f794d0f7c5052cb84dd4cb7ac2e5e9c7b4dd78713d5700eda49e,gen29066-v1,"Current Zero OI / no current useful outcome, but demonstrated historical Actionable, Edge, or Wait usefulness"
RSPG,NORMAL_PROTECTED,29066,2026-09-14,wheelwright-universe-disposition-gen29066.md,eb540354ef87f794d0f7c5052cb84dd4cb7ac2e5e9c7b4dd78713d5700eda49e,gen29066-v1,"Current Zero OI / no current useful outcome, but demonstrated historical Actionable, Edge, or Wait usefulness"
RTH,NORMAL_PROTECTED,29066,2026-09-14,wheelwright-universe-disposition-gen29066.md,eb540354ef87f794d0f7c5052cb84dd4cb7ac2e5e9c7b4dd78713d5700eda49e,gen29066-v1,"Current Zero OI / no current useful outcome, but demonstrated historical Actionable, Edge, or Wait usefulness"
RXI,NORMAL_PROTECTED,29066,2026-09-14,wheelwright-universe-disposition-gen29066.md,eb540354ef87f794d0f7c5052cb84dd4cb7ac2e5e9c7b4dd78713d5700eda49e,gen29066-v1,"Current Zero OI / no current useful outcome, but demonstrated historical Actionable, Edge, or Wait usefulness"
SCHF,NORMAL_PROTECTED,29066,2026-09-14,wheelwright-universe-disposition-gen29066.md,eb540354ef87f794d0f7c5052cb84dd4cb7ac2e5e9c7b4dd78713d5700eda49e,gen29066-v1,"Current Zero OI / no current useful outcome, but demonstrated historical Actionable, Edge, or Wait usefulness"
SCHP,NORMAL_PROTECTED,29066,2026-09-14,wheelwright-universe-disposition-gen29066.md,eb540354ef87f794d0f7c5052cb84dd4cb7ac2e5e9c7b4dd78713d5700eda49e,gen29066-v1,"Current Zero OI / no current useful outcome, but demonstrated historical Actionable, Edge, or Wait usefulness"
SDIV,NORMAL_PROTECTED,29066,2026-09-14,wheelwright-universe-disposition-gen29066.md,eb540354ef87f794d0f7c5052cb84dd4cb7ac2e5e9c7b4dd78713d5700eda49e,gen29066-v1,"Current Zero OI / no current useful outcome, but demonstrated historical Actionable, Edge, or Wait usefulness"
SLX,NORMAL_PROTECTED,29066,2026-09-14,wheelwright-universe-disposition-gen29066.md,eb540354ef87f794d0f7c5052cb84dd4cb7ac2e5e9c7b4dd78713d5700eda49e,gen29066-v1,"Current Zero OI / no current useful outcome, but demonstrated historical Actionable, Edge, or Wait usefulness"
SPDW,NORMAL_PROTECTED,29066,2026-09-14,wheelwright-universe-disposition-gen29066.md,eb540354ef87f794d0f7c5052cb84dd4cb7ac2e5e9c7b4dd78713d5700eda49e,gen29066-v1,"Current Zero OI / no current useful outcome, but demonstrated historical Actionable, Edge, or Wait usefulness"
SPSM,NORMAL_PROTECTED,29066,2026-09-14,wheelwright-universe-disposition-gen29066.md,eb540354ef87f794d0f7c5052cb84dd4cb7ac2e5e9c7b4dd78713d5700eda49e,gen29066-v1,"Current Zero OI / no current useful outcome, but demonstrated historical Actionable, Edge, or Wait usefulness"
SPTM,NORMAL_PROTECTED,29066,2026-09-14,wheelwright-universe-disposition-gen29066.md,eb540354ef87f794d0f7c5052cb84dd4cb7ac2e5e9c7b4dd78713d5700eda49e,gen29066-v1,"Current Zero OI / no current useful outcome, but demonstrated historical Actionable, Edge, or Wait usefulness"
SPYV,NORMAL_PROTECTED,29066,2026-09-14,wheelwright-universe-disposition-gen29066.md,eb540354ef87f794d0f7c5052cb84dd4cb7ac2e5e9c7b4dd78713d5700eda49e,gen29066-v1,"Current Zero OI / no current useful outcome, but demonstrated historical Actionable, Edge, or Wait usefulness"
THD,NORMAL_PROTECTED,29066,2026-09-14,wheelwright-universe-disposition-gen29066.md,eb540354ef87f794d0f7c5052cb84dd4cb7ac2e5e9c7b4dd78713d5700eda49e,gen29066-v1,"Current Zero OI / no current useful outcome, but demonstrated historical Actionable, Edge, or Wait usefulness"
TLH,NORMAL_PROTECTED,29066,2026-09-14,wheelwright-universe-disposition-gen29066.md,eb540354ef87f794d0f7c5052cb84dd4cb7ac2e5e9c7b4dd78713d5700eda49e,gen29066-v1,"Current Zero OI / no current useful outcome, but demonstrated historical Actionable, Edge, or Wait usefulness"
UBOT,NORMAL_PROTECTED,29066,2026-09-14,wheelwright-universe-disposition-gen29066.md,eb540354ef87f794d0f7c5052cb84dd4cb7ac2e5e9c7b4dd78713d5700eda49e,gen29066-v1,"Current Zero OI / no current useful outcome, but demonstrated historical Actionable, Edge, or Wait usefulness"
USMV,NORMAL_PROTECTED,29066,2026-09-14,wheelwright-universe-disposition-gen29066.md,eb540354ef87f794d0f7c5052cb84dd4cb7ac2e5e9c7b4dd78713d5700eda49e,gen29066-v1,"Current Zero OI / no current useful outcome, but demonstrated historical Actionable, Edge, or Wait usefulness"
UTES,NORMAL_PROTECTED,29066,2026-09-14,wheelwright-universe-disposition-gen29066.md,eb540354ef87f794d0f7c5052cb84dd4cb7ac2e5e9c7b4dd78713d5700eda49e,gen29066-v1,"Current Zero OI / no current useful outcome, but demonstrated historical Actionable, Edge, or Wait usefulness"
VCR,NORMAL_PROTECTED,29066,2026-09-14,wheelwright-universe-disposition-gen29066.md,eb540354ef87f794d0f7c5052cb84dd4cb7ac2e5e9c7b4dd78713d5700eda49e,gen29066-v1,"Current Zero OI / no current useful outcome, but demonstrated historical Actionable, Edge, or Wait usefulness"
VFH,NORMAL_PROTECTED,29066,2026-09-14,wheelwright-universe-disposition-gen29066.md,eb540354ef87f794d0f7c5052cb84dd4cb7ac2e5e9c7b4dd78713d5700eda49e,gen29066-v1,"Current Zero OI / no current useful outcome, but demonstrated historical Actionable, Edge, or Wait usefulness"
VFMO,NORMAL_PROTECTED,29066,2026-09-14,wheelwright-universe-disposition-gen29066.md,eb540354ef87f794d0f7c5052cb84dd4cb7ac2e5e9c7b4dd78713d5700eda49e,gen29066-v1,"Current Zero OI / no current useful outcome, but demonstrated historical Actionable, Edge, or Wait usefulness"
VGSH,NORMAL_PROTECTED,29066,2026-09-14,wheelwright-universe-disposition-gen29066.md,eb540354ef87f794d0f7c5052cb84dd4cb7ac2e5e9c7b4dd78713d5700eda49e,gen29066-v1,"Current Zero OI / no current useful outcome, but demonstrated historical Actionable, Edge, or Wait usefulness"
VONE,NORMAL_PROTECTED,29066,2026-09-14,wheelwright-universe-disposition-gen29066.md,eb540354ef87f794d0f7c5052cb84dd4cb7ac2e5e9c7b4dd78713d5700eda49e,gen29066-v1,"Current Zero OI / no current useful outcome, but demonstrated historical Actionable, Edge, or Wait usefulness"
VONG,NORMAL_PROTECTED,29066,2026-09-14,wheelwright-universe-disposition-gen29066.md,eb540354ef87f794d0f7c5052cb84dd4cb7ac2e5e9c7b4dd78713d5700eda49e,gen29066-v1,"Current Zero OI / no current useful outcome, but demonstrated historical Actionable, Edge, or Wait usefulness"
VOT,NORMAL_PROTECTED,29066,2026-09-14,wheelwright-universe-disposition-gen29066.md,eb540354ef87f794d0f7c5052cb84dd4cb7ac2e5e9c7b4dd78713d5700eda49e,gen29066-v1,"Current Zero OI / no current useful outcome, but demonstrated historical Actionable, Edge, or Wait usefulness"
VTIP,NORMAL_PROTECTED,29066,2026-09-14,wheelwright-universe-disposition-gen29066.md,eb540354ef87f794d0f7c5052cb84dd4cb7ac2e5e9c7b4dd78713d5700eda49e,gen29066-v1,"Current Zero OI / no current useful outcome, but demonstrated historical Actionable, Edge, or Wait usefulness"
VTWG,NORMAL_PROTECTED,29066,2026-09-14,wheelwright-universe-disposition-gen29066.md,eb540354ef87f794d0f7c5052cb84dd4cb7ac2e5e9c7b4dd78713d5700eda49e,gen29066-v1,"Current Zero OI / no current useful outcome, but demonstrated historical Actionable, Edge, or Wait usefulness"
XNTK,NORMAL_PROTECTED,29066,2026-09-14,wheelwright-universe-disposition-gen29066.md,eb540354ef87f794d0f7c5052cb84dd4cb7ac2e5e9c7b4dd78713d5700eda49e,gen29066-v1,"Current Zero OI / no current useful outcome, but demonstrated historical Actionable, Edge, or Wait usefulness"
XTN,NORMAL_PROTECTED,29066,2026-09-14,wheelwright-universe-disposition-gen29066.md,eb540354ef87f794d0f7c5052cb84dd4cb7ac2e5e9c7b4dd78713d5700eda49e,gen29066-v1,"Current Zero OI / no current useful outcome, but demonstrated historical Actionable, Edge, or Wait usefulness"
