underlying,occ_class,product_cohort,provider_root,state,reason,reference_request_id,reference_price,reference_field,reference_age_minutes,reference_state,option_market_observed,four_leg_quote_positive,expirations_examined,usable_legs_by_expiration,quote_request_ids
AMDD,AMDD1,ETF_CBOE_CONFIRMED,AMDD1,otherwise_unevaluable,ADJUSTED_CLASS_TERMS_UNVERIFIED,,,,,,False,False,,,
APLZ,APLZ1,ETF_CBOE_CONFIRMED,APLZ1,otherwise_unevaluable,ADJUSTED_CLASS_TERMS_UNVERIFIED,,,,,,False,False,,,
APPX,APPX1,ETF_CBOE_CONFIRMED,,identity_unresolved,FROZEN_EXACT_ROOT_UNRESOLVED,,,,,,False,False,,,
AXTU,AXTU1,ETF_CBOE_CONFIRMED,AXTU1,otherwise_unevaluable,ADJUSTED_CLASS_TERMS_UNVERIFIED,,,,,,False,False,,,
AXTX,AXTX1,ETF_CBOE_CONFIRMED,AXTX1,otherwise_unevaluable,ADJUSTED_CLASS_TERMS_UNVERIFIED,,,,,,False,False,,,
BAIG,BAIG1,ETF_CBOE_CONFIRMED,BAIG1,otherwise_unevaluable,ADJUSTED_CLASS_TERMS_UNVERIFIED,,,,,,False,False,,,
BEZ,BEZ1,ETF_CBOE_CONFIRMED,BEZ1,otherwise_unevaluable,ADJUSTED_CLASS_TERMS_UNVERIFIED,,,,,,False,False,,,
BIS,BIS1,ETF_CBOE_CONFIRMED,BIS1,otherwise_unevaluable,ADJUSTED_CLASS_TERMS_UNVERIFIED,,,,,,False,False,,,
BITI,BITI1,ETF_CBOE_CONFIRMED,BITI1,otherwise_unevaluable,ADJUSTED_CLASS_TERMS_UNVERIFIED,,,,,,False,False,,,
BLCN,BLCN,ETF_CBOE_CONFIRMED,BLCN,reference_price_unavailable,NO_PRICE,2,,,,NO_PRICE,False,False,,,
BMNG,BMNG1,ETF_CBOE_CONFIRMED,BMNG1,otherwise_unevaluable,ADJUSTED_CLASS_TERMS_UNVERIFIED,,,,,,False,False,,,
BMNU,BMNU1,ETF_CBOE_CONFIRMED,BMNU1,otherwise_unevaluable,ADJUSTED_CLASS_TERMS_UNVERIFIED,,,,,,False,False,,,
BOIL,BOIL1,ETF_CBOE_CONFIRMED,BOIL1,otherwise_unevaluable,ADJUSTED_CLASS_TERMS_UNVERIFIED,,,,,,False,False,,,
BOIL,BOIL2,ETF_CBOE_CONFIRMED,BOIL2,otherwise_unevaluable,ADJUSTED_CLASS_TERMS_UNVERIFIED,,,,,,False,False,,,
BULG,BULG1,ETF_CBOE_CONFIRMED,BULG1,otherwise_unevaluable,ADJUSTED_CLASS_TERMS_UNVERIFIED,,,,,,False,False,,,
BZQ,BZQ2,ETF_CBOE_CONFIRMED,BZQ2,otherwise_unevaluable,ADJUSTED_CLASS_TERMS_UNVERIFIED,,,,,,False,False,,,
CCUP,CCUP1,ETF_CBOE_CONFIRMED,CCUP1,otherwise_unevaluable,ADJUSTED_CLASS_TERMS_UNVERIFIED,,,,,,False,False,,,
CONY,CONY1,ETF_CBOE_CONFIRMED,CONY1,otherwise_unevaluable,ADJUSTED_CLASS_TERMS_UNVERIFIED,,,,,,False,False,,,
COYY,COYY1,ETF_CBOE_CONFIRMED,COYY1,otherwise_unevaluable,ADJUSTED_CLASS_TERMS_UNVERIFIED,,,,,,False,False,,,
CRCA,CRCA1,ETF_CBOE_CONFIRMED,,identity_unresolved,FROZEN_EXACT_ROOT_UNRESOLVED,,,,,,False,False,,,
CRCG,CRCG1,ETF_CBOE_CONFIRMED,CRCG1,otherwise_unevaluable,ADJUSTED_CLASS_TERMS_UNVERIFIED,,,,,,False,False,,,
CRDU,CRDU1,ETF_CBOE_CONFIRMED,,identity_unresolved,FROZEN_EXACT_ROOT_UNRESOLVED,,,,,,False,False,,,
CRMX,CRMX1,ETF_CBOE_CONFIRMED,,identity_unresolved,FROZEN_EXACT_ROOT_UNRESOLVED,,,,,,False,False,,,
CRMX,CRMX2,ETF_CBOE_CONFIRMED,CRMX2,otherwise_unevaluable,ADJUSTED_CLASS_TERMS_UNVERIFIED,,,,,,False,False,,,
CRWG,CRWG1,ETF_CBOE_CONFIRMED,CRWG1,otherwise_unevaluable,ADJUSTED_CLASS_TERMS_UNVERIFIED,,,,,,False,False,,,
CRWU,CRWU1,ETF_CBOE_CONFIRMED,CRWU1,otherwise_unevaluable,ADJUSTED_CLASS_TERMS_UNVERIFIED,,,,,,False,False,,,
DCOR,DCOR1,ETF_CBOE_CONFIRMED,,identity_unresolved,FROZEN_EXACT_ROOT_UNRESOLVED,,,,,,False,False,,,
DFAR,DFAR1,ETF_CBOE_CONFIRMED,,identity_unresolved,FROZEN_EXACT_ROOT_UNRESOLVED,,,,,,False,False,,,
DFSV,DFSV1,ETF_CBOE_CONFIRMED,,identity_unresolved,FROZEN_EXACT_ROOT_UNRESOLVED,,,,,,False,False,,,
DJTU,DJTU1,ETF_CBOE_CONFIRMED,DJTU1,otherwise_unevaluable,ADJUSTED_CLASS_TERMS_UNVERIFIED,,,,,,False,False,,,
DRIP,DRIP1,ETF_CBOE_CONFIRMED,DRIP1,otherwise_unevaluable,ADJUSTED_CLASS_TERMS_UNVERIFIED,,,,,,False,False,,,
DUHP,DUHP1,ETF_CBOE_CONFIRMED,,identity_unresolved,FROZEN_EXACT_ROOT_UNRESOLVED,,,,,,False,False,,,
DUST,DUST1,ETF_CBOE_CONFIRMED,DUST1,otherwise_unevaluable,ADJUSTED_CLASS_TERMS_UNVERIFIED,,,,,,False,False,,,
DXUV,DXUV1,ETF_CBOE_CONFIRMED,,identity_unresolved,FROZEN_EXACT_ROOT_UNRESOLVED,,,,,,False,False,,,
EFZ,EFZ1,ETF_CBOE_CONFIRMED,EFZ1,otherwise_unevaluable,ADJUSTED_CLASS_TERMS_UNVERIFIED,,,,,,False,False,,,
EOSU,EOSU1,ETF_CBOE_CONFIRMED,,identity_unresolved,FROZEN_EXACT_ROOT_UNRESOLVED,,,,,,False,False,,,
ETHU,ETHU1,ETF_CBOE_CONFIRMED,ETHU1,otherwise_unevaluable,ADJUSTED_CLASS_TERMS_UNVERIFIED,,,,,,False,False,,,
FAZ,FAZ1,ETF_CBOE_CONFIRMED,FAZ1,otherwise_unevaluable,ADJUSTED_CLASS_TERMS_UNVERIFIED,,,,,,False,False,,,
FIGG,FIGG1,ETF_CBOE_CONFIRMED,FIGG1,otherwise_unevaluable,ADJUSTED_CLASS_TERMS_UNVERIFIED,,,,,,False,False,,,
GCPU,MNRS,ETF_CBOE_CONFIRMED,,identity_unresolved,FROZEN_EXACT_ROOT_UNRESOLVED,,,,,,False,False,,,
GEMG,GEMG1,ETF_CBOE_CONFIRMED,GEMG1,otherwise_unevaluable,ADJUSTED_CLASS_TERMS_UNVERIFIED,,,,,,False,False,,,
GGLS,GGLS1,ETF_CBOE_CONFIRMED,GGLS1,otherwise_unevaluable,ADJUSTED_CLASS_TERMS_UNVERIFIED,,,,,,False,False,,,
HIMZ,HIMZ1,ETF_CBOE_CONFIRMED,HIMZ1,otherwise_unevaluable,ADJUSTED_CLASS_TERMS_UNVERIFIED,,,,,,False,False,,,
IONZ,IONZ1,ETF_CBOE_CONFIRMED,IONZ1,otherwise_unevaluable,ADJUSTED_CLASS_TERMS_UNVERIFIED,,,,,,False,False,,,
IRE,IRE1,ETF_CBOE_CONFIRMED,,identity_unresolved,FROZEN_EXACT_ROOT_UNRESOLVED,,,,,,False,False,,,
IREX,IREX1,ETF_CBOE_CONFIRMED,,identity_unresolved,FROZEN_EXACT_ROOT_UNRESOLVED,,,,,,False,False,,,
IREZ,IREZ1,ETF_CBOE_CONFIRMED,IREZ1,otherwise_unevaluable,ADJUSTED_CLASS_TERMS_UNVERIFIED,,,,,,False,False,,,
JDST,JDST1,ETF_CBOE_CONFIRMED,,identity_unresolved,FROZEN_EXACT_ROOT_UNRESOLVED,,,,,,False,False,,,
JOBX,JOBX1,ETF_CBOE_CONFIRMED,,identity_unresolved,FROZEN_EXACT_ROOT_UNRESOLVED,,,,,,False,False,,,
LABD,LABD1,ETF_CBOE_CONFIRMED,LABD1,otherwise_unevaluable,ADJUSTED_CLASS_TERMS_UNVERIFIED,,,,,,False,False,,,
LABX,LABX1,ETF_CBOE_CONFIRMED,,identity_unresolved,FROZEN_EXACT_ROOT_UNRESOLVED,,,,,,False,False,,,
LITZ,LITZ1,ETF_CBOE_CONFIRMED,LITZ1,otherwise_unevaluable,ADJUSTED_CLASS_TERMS_UNVERIFIED,,,,,,False,False,,,
MRAL,MRAL1,ETF_CBOE_CONFIRMED,MRAL1,otherwise_unevaluable,ADJUSTED_CLASS_TERMS_UNVERIFIED,,,,,,False,False,,,
MSOX,MSOX1,ETF_CBOE_CONFIRMED,MSOX1,otherwise_unevaluable,ADJUSTED_CLASS_TERMS_UNVERIFIED,,,,,,False,False,,,
MST,MST2,ETF_CBOE_CONFIRMED,MST2,otherwise_unevaluable,ADJUSTED_CLASS_TERMS_UNVERIFIED,,,,,,False,False,,,
MSTU,MSTU1,ETF_CBOE_CONFIRMED,MSTU1,otherwise_unevaluable,ADJUSTED_CLASS_TERMS_UNVERIFIED,,,,,,False,False,,,
MSTU,MSTU2,ETF_CBOE_CONFIRMED,MSTU2,otherwise_unevaluable,ADJUSTED_CLASS_TERMS_UNVERIFIED,,,,,,False,False,,,
MSTX,MSTX1,ETF_CBOE_CONFIRMED,MSTX1,otherwise_unevaluable,ADJUSTED_CLASS_TERMS_UNVERIFIED,,,,,,False,False,,,
MSTY,MSTY1,ETF_CBOE_CONFIRMED,MSTY1,otherwise_unevaluable,ADJUSTED_CLASS_TERMS_UNVERIFIED,,,,,,False,False,,,
NBIZ,NBIZ1,ETF_CBOE_CONFIRMED,NBIZ1,otherwise_unevaluable,ADJUSTED_CLASS_TERMS_UNVERIFIED,,,,,,False,False,,,
NBIZ,NBIZ2,ETF_CBOE_CONFIRMED,NBIZ2,otherwise_unevaluable,ADJUSTED_CLASS_TERMS_UNVERIFIED,,,,,,False,False,,,
NBIZ,NBIZ3,ETF_CBOE_CONFIRMED,NBIZ3,otherwise_unevaluable,ADJUSTED_CLASS_TERMS_UNVERIFIED,,,,,,False,False,,,
NVD,NVD1,ETF_CBOE_CONFIRMED,NVD1,otherwise_unevaluable,ADJUSTED_CLASS_TERMS_UNVERIFIED,,,,,,False,False,,,
NVDX,NVDX1,ETF_CBOE_CONFIRMED,NVDX1,otherwise_unevaluable,ADJUSTED_CLASS_TERMS_UNVERIFIED,,,,,,False,False,,,
OKLL,OKLL1,ETF_CBOE_CONFIRMED,OKLL1,otherwise_unevaluable,ADJUSTED_CLASS_TERMS_UNVERIFIED,,,,,,False,False,,,
ONDU,ONDU1,ETF_CBOE_CONFIRMED,ONDU1,otherwise_unevaluable,ADJUSTED_CLASS_TERMS_UNVERIFIED,,,,,,False,False,,,
OPEX,OPEX1,ETF_CBOE_CONFIRMED,,identity_unresolved,FROZEN_EXACT_ROOT_UNRESOLVED,,,,,,False,False,,,
ORCX,ORCX1,ETF_CBOE_CONFIRMED,,identity_unresolved,FROZEN_EXACT_ROOT_UNRESOLVED,,,,,,False,False,,,
PONX,PONX1,ETF_CBOE_CONFIRMED,PONX1,otherwise_unevaluable,ADJUSTED_CLASS_TERMS_UNVERIFIED,,,,,,False,False,,,
QBTX,QBTX1,ETF_CBOE_CONFIRMED,QBTX1,otherwise_unevaluable,ADJUSTED_CLASS_TERMS_UNVERIFIED,,,,,,False,False,,,
QBTZ,QBTZ1,ETF_CBOE_CONFIRMED,,identity_unresolved,FROZEN_EXACT_ROOT_UNRESOLVED,,,,,,False,False,,,
QBTZ,QBTZ2,ETF_CBOE_CONFIRMED,QBTZ2,otherwise_unevaluable,ADJUSTED_CLASS_TERMS_UNVERIFIED,,,,,,False,False,,,
QPUX,QPUX1,ETF_CBOE_CONFIRMED,QPUX1,otherwise_unevaluable,ADJUSTED_CLASS_TERMS_UNVERIFIED,,,,,,False,False,,,
QUBX,QUBX1,ETF_CBOE_CONFIRMED,QUBX1,otherwise_unevaluable,ADJUSTED_CLASS_TERMS_UNVERIFIED,,,,,,False,False,,,
REW,REW2,ETF_CBOE_CONFIRMED,REW2,otherwise_unevaluable,ADJUSTED_CLASS_TERMS_UNVERIFIED,,,,,,False,False,,,
RGTU,RGTU1,ETF_CBOE_CONFIRMED,,identity_unresolved,FROZEN_EXACT_ROOT_UNRESOLVED,,,,,,False,False,,,
RGTX,RGTX1,ETF_CBOE_CONFIRMED,,identity_unresolved,FROZEN_EXACT_ROOT_UNRESOLVED,,,,,,False,False,,,
RGTZ,RGTZ1,ETF_CBOE_CONFIRMED,RGTZ1,otherwise_unevaluable,ADJUSTED_CLASS_TERMS_UNVERIFIED,,,,,,False,False,,,
RXD,RXD1,ETF_CBOE_CONFIRMED,RXD1,otherwise_unevaluable,ADJUSTED_CLASS_TERMS_UNVERIFIED,,,,,,False,False,,,
SBB,SBB1,ETF_CBOE_CONFIRMED,SBB1,otherwise_unevaluable,ADJUSTED_CLASS_TERMS_UNVERIFIED,,,,,,False,False,,,
SBTU,SBTU1,ETF_CBOE_CONFIRMED,SBTU1,otherwise_unevaluable,ADJUSTED_CLASS_TERMS_UNVERIFIED,,,,,,False,False,,,
SCO,SCO1,ETF_CBOE_CONFIRMED,SCO1,otherwise_unevaluable,ADJUSTED_CLASS_TERMS_UNVERIFIED,,,,,,False,False,,,
SDOW,SDOW1,ETF_CBOE_CONFIRMED,SDOW1,otherwise_unevaluable,ADJUSTED_CLASS_TERMS_UNVERIFIED,,,,,,False,False,,,
SDP,SDP1,ETF_CBOE_CONFIRMED,SDP1,otherwise_unevaluable,ADJUSTED_CLASS_TERMS_UNVERIFIED,,,,,,False,False,,,
SDS,SDS1,ETF_CBOE_CONFIRMED,SDS1,otherwise_unevaluable,ADJUSTED_CLASS_TERMS_UNVERIFIED,,,,,,False,False,,,
SH,SH1,ETF_CBOE_CONFIRMED,SH1,otherwise_unevaluable,ADJUSTED_CLASS_TERMS_UNVERIFIED,,,,,,False,False,,,
SIJ,SIJ1,ETF_CBOE_CONFIRMED,SIJ1,otherwise_unevaluable,ADJUSTED_CLASS_TERMS_UNVERIFIED,,,,,,False,False,,,
SLON,SLON1,ETF_CBOE_CONFIRMED,SLON1,otherwise_unevaluable,ADJUSTED_CLASS_TERMS_UNVERIFIED,,,,,,False,False,,,
SMCL,SMCL1,ETF_CBOE_CONFIRMED,SMCL1,otherwise_unevaluable,ADJUSTED_CLASS_TERMS_UNVERIFIED,,,,,,False,False,,,
SMCX,SMCX1,ETF_CBOE_CONFIRMED,SMCX1,otherwise_unevaluable,ADJUSTED_CLASS_TERMS_UNVERIFIED,,,,,,False,False,,,
SMN,SMN1,ETF_CBOE_CONFIRMED,SMN1,otherwise_unevaluable,ADJUSTED_CLASS_TERMS_UNVERIFIED,,,,,,False,False,,,
SMU,SMU1,ETF_CBOE_CONFIRMED,SMU1,otherwise_unevaluable,ADJUSTED_CLASS_TERMS_UNVERIFIED,,,,,,False,False,,,
SMU,SMU2,ETF_CBOE_CONFIRMED,,identity_unresolved,FROZEN_EXACT_ROOT_UNRESOLVED,,,,,,False,False,,,
SNDQ,SNDQ1,ETF_CBOE_CONFIRMED,SNDQ1,otherwise_unevaluable,ADJUSTED_CLASS_TERMS_UNVERIFIED,,,,,,False,False,,,
SOLT,SOLT1,ETF_CBOE_CONFIRMED,SOLT1,otherwise_unevaluable,ADJUSTED_CLASS_TERMS_UNVERIFIED,,,,,,False,False,,,
SOXS,SOXS1,ETF_CBOE_CONFIRMED,SOXS1,otherwise_unevaluable,ADJUSTED_CLASS_TERMS_UNVERIFIED,,,,,,False,False,,,
SOXS,SOXS2,ETF_CBOE_CONFIRMED,SOXS2,otherwise_unevaluable,ADJUSTED_CLASS_TERMS_UNVERIFIED,,,,,,False,False,,,
SPXS,SPXS1,ETF_CBOE_CONFIRMED,SPXS1,otherwise_unevaluable,ADJUSTED_CLASS_TERMS_UNVERIFIED,,,,,,False,False,,,
SPXU,SPXU2,ETF_CBOE_CONFIRMED,SPXU2,otherwise_unevaluable,ADJUSTED_CLASS_TERMS_UNVERIFIED,,,,,,False,False,,,
SQQQ,SQQQ1,ETF_CBOE_CONFIRMED,SQQQ1,otherwise_unevaluable,ADJUSTED_CLASS_TERMS_UNVERIFIED,,,,,,False,False,,,
SQQQ,SQQQ2,ETF_CBOE_CONFIRMED,SQQQ2,otherwise_unevaluable,ADJUSTED_CLASS_TERMS_UNVERIFIED,,,,,,False,False,,,
SZK,SZK1,ETF_CBOE_CONFIRMED,SZK1,otherwise_unevaluable,ADJUSTED_CLASS_TERMS_UNVERIFIED,,,,,,False,False,,,
TECS,TECS1,ETF_CBOE_CONFIRMED,TECS1,otherwise_unevaluable,ADJUSTED_CLASS_TERMS_UNVERIFIED,,,,,,False,False,,,
TEMT,TEMT2,ETF_CBOE_CONFIRMED,,identity_unresolved,FROZEN_EXACT_ROOT_UNRESOLVED,,,,,,False,False,,,
TEUP,TEUP1,ETF_CBOE_CONFIRMED,TEUP1,otherwise_unevaluable,ADJUSTED_CLASS_TERMS_UNVERIFIED,,,,,,False,False,,,
TSLL,TSLL1,ETF_CBOE_CONFIRMED,TSLL1,otherwise_unevaluable,ADJUSTED_CLASS_TERMS_UNVERIFIED,,,,,,False,False,,,
TSLQ,TSLQ1,ETF_CBOE_CONFIRMED,TSLQ1,otherwise_unevaluable,ADJUSTED_CLASS_TERMS_UNVERIFIED,,,,,,False,False,,,
TSLS,TSLS1,ETF_CBOE_CONFIRMED,TSLS1,otherwise_unevaluable,ADJUSTED_CLASS_TERMS_UNVERIFIED,,,,,,False,False,,,
TSLY,TSLY1,ETF_CBOE_CONFIRMED,TSLY1,otherwise_unevaluable,ADJUSTED_CLASS_TERMS_UNVERIFIED,,,,,,False,False,,,
TSYY,TSYY1,ETF_CBOE_CONFIRMED,TSYY1,otherwise_unevaluable,ADJUSTED_CLASS_TERMS_UNVERIFIED,,,,,,False,False,,,
TTDU,TTDU1,ETF_CBOE_CONFIRMED,TTDU1,otherwise_unevaluable,ADJUSTED_CLASS_TERMS_UNVERIFIED,,,,,,False,False,,,
TXS,TXS,ETF_CBOE_CONFIRMED,TXS,reference_price_unavailable,NO_PRICE,11,,,,NO_PRICE,False,False,,,
TZA,TZA1,ETF_CBOE_CONFIRMED,TZA1,otherwise_unevaluable,ADJUSTED_CLASS_TERMS_UNVERIFIED,,,,,,False,False,,,
ULTY,ULTY1,ETF_CBOE_CONFIRMED,ULTY1,otherwise_unevaluable,ADJUSTED_CLASS_TERMS_UNVERIFIED,,,,,,False,False,,,
UNX,UNX1,ETF_CBOE_CONFIRMED,,identity_unresolved,FROZEN_EXACT_ROOT_UNRESOLVED,,,,,,False,False,,,
UVIX,UVIX1,ETF_CBOE_CONFIRMED,UVIX1,otherwise_unevaluable,ADJUSTED_CLASS_TERMS_UNVERIFIED,,,,,,False,False,,,
UVIX,UVIX3,ETF_CBOE_CONFIRMED,UVIX3,otherwise_unevaluable,ADJUSTED_CLASS_TERMS_UNVERIFIED,,,,,,False,False,,,
UVXY,UVXY1,ETF_CBOE_CONFIRMED,UVXY1,otherwise_unevaluable,ADJUSTED_CLASS_TERMS_UNVERIFIED,,,,,,False,False,,,
UXRP,UXRP1,ETF_CBOE_CONFIRMED,UXRP1,otherwise_unevaluable,ADJUSTED_CLASS_TERMS_UNVERIFIED,,,,,,False,False,,,
VIXY,VIXY2,ETF_CBOE_CONFIRMED,VIXY2,otherwise_unevaluable,ADJUSTED_CLASS_TERMS_UNVERIFIED,,,,,,False,False,,,
WEAT,WEAT1,ETF_CBOE_CONFIRMED,WEAT1,otherwise_unevaluable,ADJUSTED_CLASS_TERMS_UNVERIFIED,,,,,,False,False,,,
XRPT,XRPT1,ETF_CBOE_CONFIRMED,,identity_unresolved,FROZEN_EXACT_ROOT_UNRESOLVED,,,,,,False,False,,,
XXRP,XXRP1,ETF_CBOE_CONFIRMED,XXRP1,otherwise_unevaluable,ADJUSTED_CLASS_TERMS_UNVERIFIED,,,,,,False,False,,,
YANG,YANG1,ETF_CBOE_CONFIRMED,YANG1,otherwise_unevaluable,ADJUSTED_CLASS_TERMS_UNVERIFIED,,,,,,False,False,,,
ZSL,ZSL1,ETF_CBOE_CONFIRMED,ZSL1,otherwise_unevaluable,ADJUSTED_CLASS_TERMS_UNVERIFIED,,,,,,False,False,,,
AAPY,AAPY,ETF_OCC_NAME_CANDIDATE,AAPY,reference_price_unavailable,STALE_OR_FUTURE_TRADE_TIMESTAMP,1,27.3773,last,869.47,STALE_OR_FUTURE_TRADE_TIMESTAMP,True,False,2026-11-20,0,13
AFK,AFK,ETF_OCC_NAME_CANDIDATE,AFK,observed_insufficient_market_evidence,ALL_ATTEMPTED_GEOMETRIES_INSUFFICIENT,1,27.18,last,33.604,CURRENT_TRADE_REFERENCE,True,False,2026-11-20|2026-12-18,0|1,13|72
AGIX,AGIX,ETF_OCC_NAME_CANDIDATE,AGIX,qualified_by_observation,FOUR_USABLE_DISPLAYED_LEG_MARKETS,1,49.215,last,0.313,CURRENT_TRADE_REFERENCE,True,True,2026-11-20|2026-12-18,|4,13
AGZ,AGZ,ETF_OCC_NAME_CANDIDATE,AGZ,no_relevant_geometry,PRICE_RELATIVE_FOUR_LEG_GEOMETRY_ABSENT,1,106.585,last,25.216,CURRENT_TRADE_REFERENCE,False,False,2026-11-20,,
AIEQ,AIEQ,ETF_OCC_NAME_CANDIDATE,AIEQ,observed_insufficient_market_evidence,ALL_ATTEMPTED_GEOMETRIES_INSUFFICIENT,1,49.53,last,9.26,CURRENT_TRADE_REFERENCE,True,False,2026-11-20,0,13
AIFD,AIFD,ETF_OCC_NAME_CANDIDATE,AIFD,observed_insufficient_market_evidence,ALL_ATTEMPTED_GEOMETRIES_INSUFFICIENT,1,55.91,last,13.284,CURRENT_TRADE_REFERENCE,True,False,2026-11-20|2026-12-18,|1,13
ALBG,ALBG,ETF_OCC_NAME_CANDIDATE,ALBG,observed_insufficient_market_evidence,ALL_ATTEMPTED_GEOMETRIES_INSUFFICIENT,1,4.28,last,13.0,CURRENT_TRADE_REFERENCE,True,False,2026-11-20|2026-12-18,0|0,13|72
ALTY,ALTY,ETF_OCC_NAME_CANDIDATE,ALTY,observed_insufficient_market_evidence,ALL_ATTEMPTED_GEOMETRIES_INSUFFICIENT,1,11.815,last,14.356,CURRENT_TRADE_REFERENCE,True,False,2026-11-20,0,13
AMOM,AMOM,ETF_OCC_NAME_CANDIDATE,AMOM,observed_insufficient_market_evidence,ALL_ATTEMPTED_GEOMETRIES_INSUFFICIENT,1,62.81,last,41.012,CURRENT_TRADE_REFERENCE,True,False,2026-11-20|2026-12-18,2|2,13|72
AMYY,AMYY,ETF_OCC_NAME_CANDIDATE,AMYY,observed_insufficient_market_evidence,ALL_ATTEMPTED_GEOMETRIES_INSUFFICIENT,1,13.6,last,3.235,CURRENT_TRADE_REFERENCE,True,False,2026-11-20,0,14
AOA,AOA,ETF_OCC_NAME_CANDIDATE,AOA,observed_insufficient_market_evidence,ALL_ATTEMPTED_GEOMETRIES_INSUFFICIENT,1,97.885,last,2.451,CURRENT_TRADE_REFERENCE,True,False,2026-11-20|2026-12-18,0|0,14|72
AOM,AOM,ETF_OCC_NAME_CANDIDATE,AOM,observed_insufficient_market_evidence,ALL_ATTEMPTED_GEOMETRIES_INSUFFICIENT,1,48.775,last,0.635,CURRENT_TRADE_REFERENCE,True,False,2026-11-20|2026-12-18,0|0,14|72
AOR,AOR,ETF_OCC_NAME_CANDIDATE,AOR,observed_insufficient_market_evidence,ALL_ATTEMPTED_GEOMETRIES_INSUFFICIENT,1,68.75,last,0.102,CURRENT_TRADE_REFERENCE,True,False,2026-11-20|2026-12-18,0|1,14|72
APLY,APLY,ETF_OCC_NAME_CANDIDATE,APLY,observed_insufficient_market_evidence,ALL_ATTEMPTED_GEOMETRIES_INSUFFICIENT,1,11.745,last,8.369,CURRENT_TRADE_REFERENCE,True,False,2026-11-20,0,14
ARVR,ARVR,ETF_OCC_NAME_CANDIDATE,ARVR,reference_price_unavailable,STALE_OR_FUTURE_TRADE_TIMESTAMP,1,58.3643,last,1094.476,STALE_OR_FUTURE_TRADE_TIMESTAMP,True,False,2026-11-20,0,14
ASTN,ASTN,ETF_OCC_NAME_CANDIDATE,ASTN,qualified_by_observation,FOUR_USABLE_DISPLAYED_LEG_MARKETS,1,19.37,last,3.581,CURRENT_TRADE_REFERENCE,True,True,2026-11-20,4,15
ASTN,ASTN1,ETF_OCC_NAME_CANDIDATE,ASTN1,otherwise_unevaluable,ADJUSTED_CLASS_TERMS_UNVERIFIED,,,,,,False,False,,,
AUAU,AUAU,ETF_OCC_NAME_CANDIDATE,AUAU,reference_price_unavailable,STALE_OR_FUTURE_TRADE_TIMESTAMP,1,37.3744,last,869.473,STALE_OR_FUTURE_TRADE_TIMESTAMP,True,False,2026-11-20|2026-12-18,1|3,15|72
AVIE,AVIE,ETF_OCC_NAME_CANDIDATE,AVIE,reference_price_unavailable,STALE_OR_FUTURE_TRADE_TIMESTAMP,1,77.4813,last,869.473,STALE_OR_FUTURE_TRADE_TIMESTAMP,True,False,2026-11-20,0,15
AVLV,AVLV,ETF_OCC_NAME_CANDIDATE,AVLV,observed_insufficient_market_evidence,ALL_ATTEMPTED_GEOMETRIES_INSUFFICIENT,1,91.51,last,0.162,CURRENT_TRADE_REFERENCE,True,False,2026-11-20,0,15
AVMA,AVMA,ETF_OCC_NAME_CANDIDATE,AVMA,observed_insufficient_market_evidence,ALL_ATTEMPTED_GEOMETRIES_INSUFFICIENT,1,72.3,last,24.651,CURRENT_TRADE_REFERENCE,True,False,2026-11-20,0,15
AVNM,AVNM,ETF_OCC_NAME_CANDIDATE,AVNM,observed_insufficient_market_evidence,ALL_ATTEMPTED_GEOMETRIES_INSUFFICIENT,1,83.4,last,11.105,CURRENT_TRADE_REFERENCE,True,False,2026-11-20,0,15
AVNV,AVNV,ETF_OCC_NAME_CANDIDATE,AVNV,observed_insufficient_market_evidence,ALL_ATTEMPTED_GEOMETRIES_INSUFFICIENT,1,84.42,last,33.88,CURRENT_TRADE_REFERENCE,True,False,2026-11-20,0,15
AVRE,AVRE,ETF_OCC_NAME_CANDIDATE,AVRE,observed_insufficient_market_evidence,ALL_ATTEMPTED_GEOMETRIES_INSUFFICIENT,1,44.235,last,1.356,CURRENT_TRADE_REFERENCE,True,False,2026-11-20,0,15
AVXX,AVXX,ETF_OCC_NAME_CANDIDATE,AVXX,qualified_by_observation,FOUR_USABLE_DISPLAYED_LEG_MARKETS,1,20.9117,last,5.719,CURRENT_TRADE_REFERENCE,True,True,2026-11-20,4,15
AVXX,AVXX1,ETF_OCC_NAME_CANDIDATE,AVXX1,otherwise_unevaluable,ADJUSTED_CLASS_TERMS_UNVERIFIED,,,,,,False,False,,,
AZYY,AZYY,ETF_OCC_NAME_CANDIDATE,AZYY,observed_insufficient_market_evidence,ALL_ATTEMPTED_GEOMETRIES_INSUFFICIENT,1,14.315,last,24.978,CURRENT_TRADE_REFERENCE,True,False,2026-11-20,0,16
BAB,BAB,ETF_OCC_NAME_CANDIDATE,BAB,observed_insufficient_market_evidence,ALL_ATTEMPTED_GEOMETRIES_INSUFFICIENT,1,25.4147,last,3.161,CURRENT_TRADE_REFERENCE,True,False,2026-11-20,0,16
BABO,BABO,ETF_OCC_NAME_CANDIDATE,BABO,observed_insufficient_market_evidence,ALL_ATTEMPTED_GEOMETRIES_INSUFFICIENT,1,7.0,last,2.571,CURRENT_TRADE_REFERENCE,True,False,2026-11-20|2026-12-18,0|0,16|72
BALT,BALT,ETF_OCC_NAME_CANDIDATE,BALT,observed_insufficient_market_evidence,ALL_ATTEMPTED_GEOMETRIES_INSUFFICIENT,1,34.9986,last,1.272,CURRENT_TRADE_REFERENCE,True,False,2026-11-20,0,16
BBIN,BBIN,ETF_OCC_NAME_CANDIDATE,BBIN,no_relevant_geometry,PRICE_RELATIVE_FOUR_LEG_GEOMETRY_ABSENT,1,78.055,last,3.155,CURRENT_TRADE_REFERENCE,False,False,2026-11-20,,
BBJP,BBJP,ETF_OCC_NAME_CANDIDATE,BBJP,no_relevant_geometry,PRICE_RELATIVE_FOUR_LEG_GEOMETRY_ABSENT,1,79.77,last,0.058,CURRENT_TRADE_REFERENCE,False,False,2026-11-20,,
BBMC,BBMC,ETF_OCC_NAME_CANDIDATE,BBMC,observed_insufficient_market_evidence,ALL_ATTEMPTED_GEOMETRIES_INSUFFICIENT,1,122.26,last,26.632,CURRENT_TRADE_REFERENCE,True,False,2026-11-20,0,16
BBP,BBP,ETF_OCC_NAME_CANDIDATE,BBP,observed_insufficient_market_evidence,ALL_ATTEMPTED_GEOMETRIES_INSUFFICIENT,1,103.39,last,14.03,CURRENT_TRADE_REFERENCE,True,False,2026-11-20,3,16
BBUS,BBUS,ETF_OCC_NAME_CANDIDATE,BBUS,observed_insufficient_market_evidence,ALL_ATTEMPTED_GEOMETRIES_INSUFFICIENT,1,139.46,last,0.894,CURRENT_TRADE_REFERENCE,True,False,2026-11-20,1,16
BCCC,BCCC,ETF_OCC_NAME_CANDIDATE,BCCC,observed_insufficient_market_evidence,ALL_ATTEMPTED_GEOMETRIES_INSUFFICIENT,1,13.73,last,30.234,CURRENT_TRADE_REFERENCE,True,False,2026-11-20|2026-12-18,0|0,16|72
BEDZ,BEDZ,ETF_OCC_NAME_CANDIDATE,,identity_unresolved,FROZEN_EXACT_ROOT_UNRESOLVED,,,,,,False,False,,,
BHYP,BHYP,ETF_OCC_NAME_CANDIDATE,BHYP,qualified_by_observation,FOUR_USABLE_DISPLAYED_LEG_MARKETS,1,50.81,last,0.191,CURRENT_TRADE_REFERENCE,True,True,2026-11-20,4,17
BIBL,BIBL,ETF_OCC_NAME_CANDIDATE,BIBL,observed_insufficient_market_evidence,ALL_ATTEMPTED_GEOMETRIES_INSUFFICIENT,1,55.3254,last,6.5,CURRENT_TRADE_REFERENCE,True,False,2026-11-20,0,17
BIDG,BIDG,ETF_OCC_NAME_CANDIDATE,BIDG,observed_insufficient_market_evidence,ALL_ATTEMPTED_GEOMETRIES_INSUFFICIENT,1,5.77,last,2.514,CURRENT_TRADE_REFERENCE,True,False,2026-11-20|2026-12-18,1|1,17|72
BKCH,BKCH,ETF_OCC_NAME_CANDIDATE,BKCH,qualified_by_observation,FOUR_USABLE_DISPLAYED_LEG_MARKETS,1,72.83,last,0.032,CURRENT_TRADE_REFERENCE,True,True,2026-11-20,4,17
BKLC,BKLC,ETF_OCC_NAME_CANDIDATE,BKLC,observed_insufficient_market_evidence,ALL_ATTEMPTED_GEOMETRIES_INSUFFICIENT,1,49.4,last,0.422,CURRENT_TRADE_REFERENCE,True,False,2026-11-20,0,17
BLCV,BLCV,ETF_OCC_NAME_CANDIDATE,BLCV,observed_insufficient_market_evidence,ALL_ATTEMPTED_GEOMETRIES_INSUFFICIENT,2,41.62,last,14.48,CURRENT_TRADE_REFERENCE,True,False,2026-11-20|2026-12-18,0|0,17|73
BMED,BMED,ETF_OCC_NAME_CANDIDATE,BMED,reference_price_unavailable,STALE_OR_FUTURE_TRADE_TIMESTAMP,2,33.7687,last,869.483,STALE_OR_FUTURE_TRADE_TIMESTAMP,True,False,2026-11-20,0,17
BMNZ,BMNZ,ETF_OCC_NAME_CANDIDATE,BMNZ,observed_insufficient_market_evidence,ALL_ATTEMPTED_GEOMETRIES_INSUFFICIENT,2,4.14,last,0.065,CURRENT_TRADE_REFERENCE,True,False,2026-11-20,3,17
BNGE,BNGE,ETF_OCC_NAME_CANDIDATE,BNGE,reference_price_unavailable,STALE_OR_FUTURE_TRADE_TIMESTAMP,2,30.62,last,869.481,STALE_OR_FUTURE_TRADE_TIMESTAMP,True,False,2026-11-20,0,18
BOAT,BOAT,ETF_OCC_NAME_CANDIDATE,BOAT,observed_insufficient_market_evidence,ALL_ATTEMPTED_GEOMETRIES_INSUFFICIENT,2,52.19,last,1.788,CURRENT_TRADE_REFERENCE,True,False,2026-11-20|2026-12-18,0|2,18|73
BPRO,BPRO,ETF_OCC_NAME_CANDIDATE,BPRO,reference_price_unavailable,STALE_OR_FUTURE_TRADE_TIMESTAMP,2,20.33,last,869.484,STALE_OR_FUTURE_TRADE_TIMESTAMP,True,False,2026-11-20|2026-12-18,0|3,18|73
BTGD,BTGD,ETF_OCC_NAME_CANDIDATE,BTGD,qualified_by_observation,FOUR_USABLE_DISPLAYED_LEG_MARKETS,2,27.994,last,1.995,CURRENT_TRADE_REFERENCE,True,True,2026-11-20,4,18
BTRN,BTRN,ETF_OCC_NAME_CANDIDATE,BTRN,reference_price_unavailable,STALE_OR_FUTURE_TRADE_TIMESTAMP,2,27.1302,last,869.481,STALE_OR_FUTURE_TRADE_TIMESTAMP,True,False,2026-11-20,0,18
BUCK,BUCK,ETF_OCC_NAME_CANDIDATE,BUCK,observed_insufficient_market_evidence,ALL_ATTEMPTED_GEOMETRIES_INSUFFICIENT,2,23.0608,last,1.137,CURRENT_TRADE_REFERENCE,True,False,2026-11-20,0,18
BUL,BUL,ETF_OCC_NAME_CANDIDATE,BUL,observed_insufficient_market_evidence,ALL_ATTEMPTED_GEOMETRIES_INSUFFICIENT,2,61.25,last,17.059,CURRENT_TRADE_REFERENCE,True,False,2026-11-20|2026-12-18,0|0,18|73
BUYZ,BUYZ,ETF_OCC_NAME_CANDIDATE,BUYZ,reference_price_unavailable,STALE_OR_FUTURE_TRADE_TIMESTAMP,2,34.2868,last,869.459,STALE_OR_FUTURE_TRADE_TIMESTAMP,True,False,2026-11-20,0,19
CAFG,CAFG,ETF_OCC_NAME_CANDIDATE,CAFG,observed_insufficient_market_evidence,ALL_ATTEMPTED_GEOMETRIES_INSUFFICIENT,2,32.02,last,12.609,CURRENT_TRADE_REFERENCE,True,False,2026-11-20,0,19
CARZ,CARZ,ETF_OCC_NAME_CANDIDATE,CARZ,reference_price_unavailable,STALE_OR_FUTURE_TRADE_TIMESTAMP,2,107.9066,last,1094.484,STALE_OR_FUTURE_TRADE_TIMESTAMP,True,False,2026-11-20|2026-12-18,|3,19
CCML,CCML,ETF_OCC_NAME_CANDIDATE,CCML,qualified_by_observation,FOUR_USABLE_DISPLAYED_LEG_MARKETS,2,28.61,last,5.321,CURRENT_TRADE_REFERENCE,True,True,2026-11-20|2026-12-18,3|4,19|73
CCOR,CCOR,ETF_OCC_NAME_CANDIDATE,CCOR,observed_insufficient_market_evidence,ALL_ATTEMPTED_GEOMETRIES_INSUFFICIENT,2,25.075,last,22.99,CURRENT_TRADE_REFERENCE,True,False,2026-11-20,0,19
CDL,CDL,ETF_OCC_NAME_CANDIDATE,CDL,observed_insufficient_market_evidence,ALL_ATTEMPTED_GEOMETRIES_INSUFFICIENT,2,75.06,last,33.251,CURRENT_TRADE_REFERENCE,True,False,2026-11-20,0,19
CHPS,CHPS,ETF_OCC_NAME_CANDIDATE,CHPS,qualified_by_observation,FOUR_USABLE_DISPLAYED_LEG_MARKETS,2,94.98,last,3.283,CURRENT_TRADE_REFERENCE,True,True,2026-11-20,4,19
CIFG,CIFG,ETF_OCC_NAME_CANDIDATE,CIFG,observed_insufficient_market_evidence,ALL_ATTEMPTED_GEOMETRIES_INSUFFICIENT,2,3.78,last,0.842,CURRENT_TRADE_REFERENCE,True,False,2026-11-20,3,19
CLIP,CLIP,ETF_OCC_NAME_CANDIDATE,CLIP,observed_insufficient_market_evidence,ALL_ATTEMPTED_GEOMETRIES_INSUFFICIENT,2,100.0721,last,1.482,CURRENT_TRADE_REFERENCE,True,False,2026-11-20|2026-12-18,0|0,19|73
CLIX,CLIX,ETF_OCC_NAME_CANDIDATE,CLIX,reference_price_unavailable,STALE_OR_FUTURE_TRADE_TIMESTAMP,2,56.0866,last,869.482,STALE_OR_FUTURE_TRADE_TIMESTAMP,True,False,2026-11-20|2026-12-18,0|0,20|73
CMCI,CMCI,ETF_OCC_NAME_CANDIDATE,CMCI,reference_price_unavailable,STALE_OR_FUTURE_TRADE_TIMESTAMP,2,31.3743,last,869.455,STALE_OR_FUTURE_TRADE_TIMESTAMP,True,False,2026-11-20,0,20
CMDT,CMDT,ETF_OCC_NAME_CANDIDATE,CMDT,observed_insufficient_market_evidence,ALL_ATTEMPTED_GEOMETRIES_INSUFFICIENT,2,31.36,last,0.88,CURRENT_TRADE_REFERENCE,True,False,2026-11-20,1,20
COPZ,COPZ,ETF_OCC_NAME_CANDIDATE,COPZ,qualified_by_observation,FOUR_USABLE_DISPLAYED_LEG_MARKETS,2,15.67,last,29.942,CURRENT_TRADE_REFERENCE,True,True,2026-11-20,4,20
CQQQ,CQQQ,ETF_OCC_NAME_CANDIDATE,CQQQ,observed_insufficient_market_evidence,ALL_ATTEMPTED_GEOMETRIES_INSUFFICIENT,2,44.13,last,0.198,CURRENT_TRADE_REFERENCE,True,False,2026-11-20|2026-12-18,0|2,20|73
CRBN,CRBN,ETF_OCC_NAME_CANDIDATE,CRBN,observed_insufficient_market_evidence,ALL_ATTEMPTED_GEOMETRIES_INSUFFICIENT,2,258.055,last,20.372,CURRENT_TRADE_REFERENCE,True,False,2026-11-20|2026-12-18,1|1,20|73
CRCO,CRCO,ETF_OCC_NAME_CANDIDATE,CRCO,observed_insufficient_market_evidence,ALL_ATTEMPTED_GEOMETRIES_INSUFFICIENT,2,13.44,last,2.434,CURRENT_TRADE_REFERENCE,True,False,2026-11-20,2,21
CRSH,CRSH,ETF_OCC_NAME_CANDIDATE,CRSH,observed_insufficient_market_evidence,ALL_ATTEMPTED_GEOMETRIES_INSUFFICIENT,2,18.87,last,3.148,CURRENT_TRADE_REFERENCE,True,False,2026-11-20,3,21
CRTC,CRTC,ETF_OCC_NAME_CANDIDATE,CRTC,observed_insufficient_market_evidence,ALL_ATTEMPTED_GEOMETRIES_INSUFFICIENT,2,41.79,last,8.461,CURRENT_TRADE_REFERENCE,True,False,2026-11-20,0,21
CTEX,CTEX,ETF_OCC_NAME_CANDIDATE,CTEX,reference_price_unavailable,STALE_OR_FUTURE_TRADE_TIMESTAMP,2,30.5436,last,869.483,STALE_OR_FUTURE_TRADE_TIMESTAMP,True,False,2026-11-20|2026-12-18,0|0,21|73
CWS,CWS,ETF_OCC_NAME_CANDIDATE,CWS,no_relevant_geometry,PRICE_RELATIVE_FOUR_LEG_GEOMETRY_ABSENT,2,67.2,last,14.991,CURRENT_TRADE_REFERENCE,False,False,2026-11-20,,
DAT,DAT,ETF_OCC_NAME_CANDIDATE,DAT,observed_insufficient_market_evidence,ALL_ATTEMPTED_GEOMETRIES_INSUFFICIENT,2,52.52,last,19.852,CURRENT_TRADE_REFERENCE,True,False,2026-11-20|2026-12-18,|0,21
DAX,DAX,ETF_OCC_NAME_CANDIDATE,DAX,observed_insufficient_market_evidence,ALL_ATTEMPTED_GEOMETRIES_INSUFFICIENT,2,44.12,last,7.677,CURRENT_TRADE_REFERENCE,True,False,2026-11-20,0,21
DBEM,DBEM,ETF_OCC_NAME_CANDIDATE,DBEM,observed_insufficient_market_evidence,ALL_ATTEMPTED_GEOMETRIES_INSUFFICIENT,2,39.5,last,50.265,CURRENT_TRADE_REFERENCE,True,False,2026-11-20,0,21
DBEZ,DBEZ,ETF_OCC_NAME_CANDIDATE,DBEZ,reference_price_unavailable,STALE_OR_FUTURE_TRADE_TIMESTAMP,2,61.1936,last,869.482,STALE_OR_FUTURE_TRADE_TIMESTAMP,True,False,2026-11-20,0,21
DECO,DECO,ETF_OCC_NAME_CANDIDATE,DECO,qualified_by_observation,FOUR_USABLE_DISPLAYED_LEG_MARKETS,2,74.35,last,59.484,CURRENT_TRADE_REFERENCE,True,True,2026-11-20,4,21
DEUS,DEUS,ETF_OCC_NAME_CANDIDATE,DEUS,observed_insufficient_market_evidence,ALL_ATTEMPTED_GEOMETRIES_INSUFFICIENT,2,64.085,last,18.402,CURRENT_TRADE_REFERENCE,True,False,2026-11-20,0,22
DFAW,DFAW,ETF_OCC_NAME_CANDIDATE,DFAW,observed_insufficient_market_evidence,ALL_ATTEMPTED_GEOMETRIES_INSUFFICIENT,2,83.88,last,0.647,CURRENT_TRADE_REFERENCE,True,False,2026-11-20|2026-12-18,0|0,22|74
DFGR,DFGR,ETF_OCC_NAME_CANDIDATE,DFGR,observed_insufficient_market_evidence,ALL_ATTEMPTED_GEOMETRIES_INSUFFICIENT,2,27.01,last,0.37,CURRENT_TRADE_REFERENCE,True,False,2026-11-20,0,22
DFIS,DFIS,ETF_OCC_NAME_CANDIDATE,DFIS,observed_insufficient_market_evidence,ALL_ATTEMPTED_GEOMETRIES_INSUFFICIENT,2,36.18,last,1.977,CURRENT_TRADE_REFERENCE,True,False,2026-11-20,0,22
DFLV,DFLV,ETF_OCC_NAME_CANDIDATE,DFLV,observed_insufficient_market_evidence,ALL_ATTEMPTED_GEOMETRIES_INSUFFICIENT,3,40.4738,last,0.08,CURRENT_TRADE_REFERENCE,True,False,2026-11-20,1,22
DFSU,DFSU,ETF_OCC_NAME_CANDIDATE,DFSU,observed_insufficient_market_evidence,ALL_ATTEMPTED_GEOMETRIES_INSUFFICIENT,3,47.7181,last,23.472,CURRENT_TRADE_REFERENCE,True,False,2026-11-20,0,22
DFVX,DFVX,ETF_OCC_NAME_CANDIDATE,DFVX,reference_price_unavailable,STALE_OR_FUTURE_TRADE_TIMESTAMP,3,83.67,last,869.49,STALE_OR_FUTURE_TRADE_TIMESTAMP,True,False,2026-11-20|2026-12-18,|0,22
DGIN,DGIN,ETF_OCC_NAME_CANDIDATE,DGIN,observed_insufficient_market_evidence,ALL_ATTEMPTED_GEOMETRIES_INSUFFICIENT,3,34.39,last,52.339,CURRENT_TRADE_REFERENCE,True,False,2026-11-20,0,22
DGT,DGT,ETF_OCC_NAME_CANDIDATE,DGT,no_relevant_geometry,PRICE_RELATIVE_FOUR_LEG_GEOMETRY_ABSENT,3,185.82,last,31.815,CURRENT_TRADE_REFERENCE,False,False,2026-11-20,,
DICE,DICE,ETF_OCC_NAME_CANDIDATE,DICE,reference_price_unavailable,STALE_OR_FUTURE_TRADE_TIMESTAMP,3,24.5803,last,869.457,STALE_OR_FUTURE_TRADE_TIMESTAMP,True,False,2026-11-20,1,22
DIHP,DIHP,ETF_OCC_NAME_CANDIDATE,DIHP,observed_insufficient_market_evidence,ALL_ATTEMPTED_GEOMETRIES_INSUFFICIENT,3,33.93,last,0.016,CURRENT_TRADE_REFERENCE,True,False,2026-11-20,0,23
DIPS,DIPS,ETF_OCC_NAME_CANDIDATE,DIPS,no_relevant_geometry,PRICE_RELATIVE_FOUR_LEG_GEOMETRY_ABSENT,3,30.37,last,43.491,CURRENT_TRADE_REFERENCE,False,False,2026-11-20|2026-12-18,|,
DISV,DISV,ETF_OCC_NAME_CANDIDATE,DISV,observed_insufficient_market_evidence,ALL_ATTEMPTED_GEOMETRIES_INSUFFICIENT,3,42.87,last,5.809,CURRENT_TRADE_REFERENCE,True,False,2026-11-20|2026-12-18,0|0,23|74
DIVB,DIVB,ETF_OCC_NAME_CANDIDATE,DIVB,observed_insufficient_market_evidence,ALL_ATTEMPTED_GEOMETRIES_INSUFFICIENT,3,65.1418,last,0.373,CURRENT_TRADE_REFERENCE,True,False,2026-11-20|2026-12-18,0|0,23|74
DJD,DJD,ETF_OCC_NAME_CANDIDATE,DJD,observed_insufficient_market_evidence,ALL_ATTEMPTED_GEOMETRIES_INSUFFICIENT,3,62.445,last,5.402,CURRENT_TRADE_REFERENCE,True,False,2026-11-20|2026-12-18,0|0,23|74
DRAL,DRAL,ETF_OCC_NAME_CANDIDATE,DRAL,qualified_by_observation,FOUR_USABLE_DISPLAYED_LEG_MARKETS,3,12.2794,last,0.892,CURRENT_TRADE_REFERENCE,True,True,2026-11-20,4,23
DRMP,DRMP,ETF_OCC_NAME_CANDIDATE,DRMP,qualified_by_observation,FOUR_USABLE_DISPLAYED_LEG_MARKETS,3,23.325,last,37.837,CURRENT_TRADE_REFERENCE,True,True,2026-11-20,4,23
DRMY,DRMY,ETF_OCC_NAME_CANDIDATE,DRMY,qualified_by_observation,FOUR_USABLE_DISPLAYED_LEG_MARKETS,3,51.385,last,0.2,CURRENT_TRADE_REFERENCE,True,True,2026-11-20,4,23
DRSK,DRSK,ETF_OCC_NAME_CANDIDATE,DRSK,observed_insufficient_market_evidence,ALL_ATTEMPTED_GEOMETRIES_INSUFFICIENT,3,27.33,last,3.396,CURRENT_TRADE_REFERENCE,True,False,2026-11-20|2026-12-18,0|0,24|74
DSI,DSI,ETF_OCC_NAME_CANDIDATE,DSI,observed_insufficient_market_evidence,ALL_ATTEMPTED_GEOMETRIES_INSUFFICIENT,3,148.62,last,10.055,CURRENT_TRADE_REFERENCE,True,False,2026-11-20,0,24
DSMC,DSMC,ETF_OCC_NAME_CANDIDATE,DSMC,observed_insufficient_market_evidence,ALL_ATTEMPTED_GEOMETRIES_INSUFFICIENT,3,42.2,last,6.153,CURRENT_TRADE_REFERENCE,True,False,2026-11-20,0,24
DUOG,DUOG,ETF_OCC_NAME_CANDIDATE,DUOG,qualified_by_observation,FOUR_USABLE_DISPLAYED_LEG_MARKETS,3,54.1,last,20.649,CURRENT_TRADE_REFERENCE,True,True,2026-11-20,4,24
DUOG,DUOG1,ETF_OCC_NAME_CANDIDATE,DUOG1,otherwise_unevaluable,ADJUSTED_CLASS_TERMS_UNVERIFIED,,,,,,False,False,,,
DURA,DURA,ETF_OCC_NAME_CANDIDATE,DURA,reference_price_unavailable,STALE_OR_FUTURE_TRADE_TIMESTAMP,3,37.7615,last,869.454,STALE_OR_FUTURE_TRADE_TIMESTAMP,True,False,2026-11-20,0,24
EAGG,EAGG,ETF_OCC_NAME_CANDIDATE,EAGG,observed_insufficient_market_evidence,ALL_ATTEMPTED_GEOMETRIES_INSUFFICIENT,3,45.3,last,0.34,CURRENT_TRADE_REFERENCE,True,False,2026-11-20,0,24
EART,EART,ETF_OCC_NAME_CANDIDATE,EART,observed_insufficient_market_evidence,ALL_ATTEMPTED_GEOMETRIES_INSUFFICIENT,3,27.96,last,9.355,CURRENT_TRADE_REFERENCE,True,False,2026-11-20,0,24
ECHX,ECHX,ETF_OCC_NAME_CANDIDATE,ECHX,qualified_by_observation,FOUR_USABLE_DISPLAYED_LEG_MARKETS,3,8.13,last,7.812,CURRENT_TRADE_REFERENCE,True,True,2026-11-20|2026-12-18,4|,24
EDGQ,EDGQ,ETF_OCC_NAME_CANDIDATE,EDGQ,observed_insufficient_market_evidence,ALL_ATTEMPTED_GEOMETRIES_INSUFFICIENT,3,28.365,last,17.462,CURRENT_TRADE_REFERENCE,True,False,2026-11-20|2026-12-18,0|0,25|74
EDGX,EDGX,ETF_OCC_NAME_CANDIDATE,EDGX,reference_price_unavailable,STALE_OR_FUTURE_TRADE_TIMESTAMP,3,26.6728,last,869.492,STALE_OR_FUTURE_TRADE_TIMESTAMP,True,False,2026-11-20|2026-12-18,0|0,25|74
EEMS,EEMS,ETF_OCC_NAME_CANDIDATE,EEMS,observed_insufficient_market_evidence,ALL_ATTEMPTED_GEOMETRIES_INSUFFICIENT,3,76.555,last,6.281,CURRENT_TRADE_REFERENCE,True,False,2026-11-20|2026-12-18,0|0,25|74
EFAS,EFAS,ETF_OCC_NAME_CANDIDATE,EFAS,observed_insufficient_market_evidence,ALL_ATTEMPTED_GEOMETRIES_INSUFFICIENT,3,21.485,last,20.095,CURRENT_TRADE_REFERENCE,True,False,2026-11-20,0,25
EFAX,EFAX,ETF_OCC_NAME_CANDIDATE,EFAX,observed_insufficient_market_evidence,ALL_ATTEMPTED_GEOMETRIES_INSUFFICIENT,3,53.71,last,7.852,CURRENT_TRADE_REFERENCE,True,False,2026-11-20,0,25
EIDO,EIDO,ETF_OCC_NAME_CANDIDATE,EIDO,observed_insufficient_market_evidence,ALL_ATTEMPTED_GEOMETRIES_INSUFFICIENT,3,11.725,last,0.386,CURRENT_TRADE_REFERENCE,True,False,2026-11-20,0,25
EIPI,EIPI,ETF_OCC_NAME_CANDIDATE,EIPI,observed_insufficient_market_evidence,ALL_ATTEMPTED_GEOMETRIES_INSUFFICIENT,3,21.59,last,0.917,CURRENT_TRADE_REFERENCE,True,False,2026-11-20,0,25
EMET,EMET,ETF_OCC_NAME_CANDIDATE,EMET,reference_price_unavailable,STALE_OR_FUTURE_TRADE_TIMESTAMP,3,40.6369,last,869.49,STALE_OR_FUTURE_TRADE_TIMESTAMP,True,False,2026-11-20,1,26
EMGF,EMGF,ETF_OCC_NAME_CANDIDATE,EMGF,observed_insufficient_market_evidence,ALL_ATTEMPTED_GEOMETRIES_INSUFFICIENT,3,72.375,last,1.54,CURRENT_TRADE_REFERENCE,True,False,2026-11-20|2026-12-18,2|2,26|74
EMTY,EMTY,ETF_OCC_NAME_CANDIDATE,EMTY,observed_insufficient_market_evidence,ALL_ATTEMPTED_GEOMETRIES_INSUFFICIENT,3,24.7173,last,29.105,CURRENT_TRADE_REFERENCE,True,False,2026-11-20|2026-12-18,1|0,26|74
EMTY,EMTY1,ETF_OCC_NAME_CANDIDATE,EMTY1,otherwise_unevaluable,ADJUSTED_CLASS_TERMS_UNVERIFIED,,,,,,False,False,,,
EMXC,EMXC,ETF_OCC_NAME_CANDIDATE,EMXC,observed_insufficient_market_evidence,ALL_ATTEMPTED_GEOMETRIES_INSUFFICIENT,3,101.25,last,0.012,CURRENT_TRADE_REFERENCE,True,False,2026-11-20|2026-12-18,2|3,26|75
ENFR,ENFR,ETF_OCC_NAME_CANDIDATE,ENFR,observed_insufficient_market_evidence,ALL_ATTEMPTED_GEOMETRIES_INSUFFICIENT,3,37.26,last,5.83,CURRENT_TRADE_REFERENCE,True,False,2026-11-20,0,26
EQAL,EQAL,ETF_OCC_NAME_CANDIDATE,EQAL,observed_insufficient_market_evidence,ALL_ATTEMPTED_GEOMETRIES_INSUFFICIENT,3,58.0,last,17.493,CURRENT_TRADE_REFERENCE,True,False,2026-11-20|2026-12-18,0|0,26|75
EQL,EQL,ETF_OCC_NAME_CANDIDATE,EQL,observed_insufficient_market_evidence,ALL_ATTEMPTED_GEOMETRIES_INSUFFICIENT,3,50.475,last,4.557,CURRENT_TRADE_REFERENCE,True,False,2026-11-20,0,27
EQWL,EQWL,ETF_OCC_NAME_CANDIDATE,EQWL,observed_insufficient_market_evidence,ALL_ATTEMPTED_GEOMETRIES_INSUFFICIENT,3,130.0399,last,4.864,CURRENT_TRADE_REFERENCE,True,False,2026-11-20|2026-12-18,0|0,27|75
ERTH,ERTH,ETF_OCC_NAME_CANDIDATE,ERTH,observed_insufficient_market_evidence,ALL_ATTEMPTED_GEOMETRIES_INSUFFICIENT,3,42.25,last,59.487,CURRENT_TRADE_REFERENCE,True,False,2026-11-20|2026-12-18,0|,27
ESGU,ESGU,ETF_OCC_NAME_CANDIDATE,ESGU,no_relevant_geometry,PRICE_RELATIVE_FOUR_LEG_GEOMETRY_ABSENT,3,169.0109,last,0.117,CURRENT_TRADE_REFERENCE,False,False,2026-11-20,,
ESGV,ESGV,ETF_OCC_NAME_CANDIDATE,ESGV,observed_insufficient_market_evidence,ALL_ATTEMPTED_GEOMETRIES_INSUFFICIENT,4,137.39,last,0.217,CURRENT_TRADE_REFERENCE,True,False,2026-11-20,0,27
ESML,ESML,ETF_OCC_NAME_CANDIDATE,ESML,observed_insufficient_market_evidence,ALL_ATTEMPTED_GEOMETRIES_INSUFFICIENT,4,53.06,last,2.404,CURRENT_TRADE_REFERENCE,True,False,2026-11-20,0,27
ETHB,ETHB,ETF_OCC_NAME_CANDIDATE,ETHB,qualified_by_observation,FOUR_USABLE_DISPLAYED_LEG_MARKETS,4,35.22,last,1.914,CURRENT_TRADE_REFERENCE,True,True,2026-11-20|2026-12-18,3|4,27|75
EVX,EVX,ETF_OCC_NAME_CANDIDATE,EVX,observed_insufficient_market_evidence,ALL_ATTEMPTED_GEOMETRIES_INSUFFICIENT,4,38.905,last,8.086,CURRENT_TRADE_REFERENCE,True,False,2026-11-20|2026-12-18,0|0,27|75
EWUS,EWUS,ETF_OCC_NAME_CANDIDATE,EWUS,observed_insufficient_market_evidence,ALL_ATTEMPTED_GEOMETRIES_INSUFFICIENT,4,43.09,last,24.263,CURRENT_TRADE_REFERENCE,True,False,2026-11-20|2026-12-18,0|0,28|75
EXI,EXI,ETF_OCC_NAME_CANDIDATE,EXI,observed_insufficient_market_evidence,ALL_ATTEMPTED_GEOMETRIES_INSUFFICIENT,4,192.06,last,4.037,CURRENT_TRADE_REFERENCE,True,False,2026-11-20|2026-12-18,2|3,28|75
FBCG,FBCG,ETF_OCC_NAME_CANDIDATE,FBCG,observed_insufficient_market_evidence,ALL_ATTEMPTED_GEOMETRIES_INSUFFICIENT,4,64.3233,last,0.239,CURRENT_TRADE_REFERENCE,True,False,2026-11-20,1,28
FCPI,FCPI,ETF_OCC_NAME_CANDIDATE,FCPI,observed_insufficient_market_evidence,ALL_ATTEMPTED_GEOMETRIES_INSUFFICIENT,4,56.615,last,6.75,CURRENT_TRADE_REFERENCE,True,False,2026-11-20|2026-12-18,0|0,28|75
FDCF,FDCF,ETF_OCC_NAME_CANDIDATE,FDCF,reference_price_unavailable,STALE_OR_FUTURE_TRADE_TIMESTAMP,4,51.4536,last,1094.502,STALE_OR_FUTURE_TRADE_TIMESTAMP,True,False,2026-11-20,0,28
FDFF,FDFF,ETF_OCC_NAME_CANDIDATE,FDFF,observed_insufficient_market_evidence,ALL_ATTEMPTED_GEOMETRIES_INSUFFICIENT,4,34.5,last,50.827,CURRENT_TRADE_REFERENCE,True,False,2026-11-20,0,28
FDIQ,FDIQ,ETF_OCC_NAME_CANDIDATE,FDIQ,reference_price_unavailable,STALE_OR_FUTURE_TRADE_TIMESTAMP,4,67.9563,last,1094.502,STALE_OR_FUTURE_TRADE_TIMESTAMP,True,False,2026-11-20|2026-12-18,0|1,28|75
FDRR,FDRR,ETF_OCC_NAME_CANDIDATE,FDRR,observed_insufficient_market_evidence,ALL_ATTEMPTED_GEOMETRIES_INSUFFICIENT,4,68.82,last,5.449,CURRENT_TRADE_REFERENCE,True,False,2026-11-20,0,29
FDRS,FDRS,ETF_OCC_NAME_CANDIDATE,FDRS,reference_price_unavailable,STALE_OR_FUTURE_TRADE_TIMESTAMP,4,25.85,last,1094.502,STALE_OR_FUTURE_TRADE_TIMESTAMP,True,True,2026-11-20|2026-12-18,0|4,29|75
FDTX,FDTX,ETF_OCC_NAME_CANDIDATE,FDTX,observed_insufficient_market_evidence,ALL_ATTEMPTED_GEOMETRIES_INSUFFICIENT,4,60.4,last,2.208,CURRENT_TRADE_REFERENCE,True,False,2026-11-20,1,29
FDV,FDV,ETF_OCC_NAME_CANDIDATE,FDV,observed_insufficient_market_evidence,ALL_ATTEMPTED_GEOMETRIES_INSUFFICIENT,4,31.53,last,7.292,CURRENT_TRADE_REFERENCE,True,False,2026-11-20|2026-12-18,0|0,29|76
FEAC,FEAC,ETF_OCC_NAME_CANDIDATE,FEAC,reference_price_unavailable,STALE_OR_FUTURE_TRADE_TIMESTAMP,4,32.9027,last,869.502,STALE_OR_FUTURE_TRADE_TIMESTAMP,True,False,2026-11-20|2026-12-18,0|,29
FEMR,FEMR,ETF_OCC_NAME_CANDIDATE,FEMR,observed_insufficient_market_evidence,ALL_ATTEMPTED_GEOMETRIES_INSUFFICIENT,4,41.76,last,1.486,CURRENT_TRADE_REFERENCE,True,False,2026-11-20|2026-12-18,0|0,29|76
FESM,FESM,ETF_OCC_NAME_CANDIDATE,FESM,observed_insufficient_market_evidence,ALL_ATTEMPTED_GEOMETRIES_INSUFFICIENT,4,45.8381,last,0.752,CURRENT_TRADE_REFERENCE,True,False,2026-11-20|2026-12-18,0|0,30|76
FITE,FITE,ETF_OCC_NAME_CANDIDATE,FITE,observed_insufficient_market_evidence,ALL_ATTEMPTED_GEOMETRIES_INSUFFICIENT,4,113.05,last,5.671,CURRENT_TRADE_REFERENCE,True,False,2026-11-20,0,30
FIW,FIW,ETF_OCC_NAME_CANDIDATE,FIW,observed_insufficient_market_evidence,ALL_ATTEMPTED_GEOMETRIES_INSUFFICIENT,4,104.6169,last,6.075,CURRENT_TRADE_REFERENCE,True,False,2026-11-20|2026-12-18,0|0,30|76
FLBR,FLBR,ETF_OCC_NAME_CANDIDATE,FLBR,qualified_by_observation,FOUR_USABLE_DISPLAYED_LEG_MARKETS,4,23.15,last,1.647,CURRENT_TRADE_REFERENCE,True,True,2026-11-20,4,30
FLKR,FLKR,ETF_OCC_NAME_CANDIDATE,FLKR,qualified_by_observation,FOUR_USABLE_DISPLAYED_LEG_MARKETS,4,63.06,last,2.179,CURRENT_TRADE_REFERENCE,True,True,2026-11-20|2026-12-18,4|,30
FLQM,FLQM,ETF_OCC_NAME_CANDIDATE,FLQM,observed_insufficient_market_evidence,ALL_ATTEMPTED_GEOMETRIES_INSUFFICIENT,4,58.014,last,4.844,CURRENT_TRADE_REFERENCE,True,False,2026-11-20,0,30
FMED,FMED,ETF_OCC_NAME_CANDIDATE,FMED,observed_insufficient_market_evidence,ALL_ATTEMPTED_GEOMETRIES_INSUFFICIENT,4,31.85,last,28.981,CURRENT_TRADE_REFERENCE,True,False,2026-11-20,0,30
FNDC,FNDC,ETF_OCC_NAME_CANDIDATE,FNDC,observed_insufficient_market_evidence,ALL_ATTEMPTED_GEOMETRIES_INSUFFICIENT,4,49.925,last,0.873,CURRENT_TRADE_REFERENCE,True,False,2026-11-20,0,31
FPWR,FPWR,ETF_OCC_NAME_CANDIDATE,FPWR,observed_insufficient_market_evidence,ALL_ATTEMPTED_GEOMETRIES_INSUFFICIENT,4,34.795,last,11.31,CURRENT_TRADE_REFERENCE,True,False,2026-11-20,0,31
FPXE,FPXE,ETF_OCC_NAME_CANDIDATE,FPXE,reference_price_unavailable,STALE_OR_FUTURE_TRADE_TIMESTAMP,4,31.7453,last,1094.502,STALE_OR_FUTURE_TRADE_TIMESTAMP,True,False,2026-11-20,0,31
FSMB,FSMB,ETF_OCC_NAME_CANDIDATE,FSMB,observed_insufficient_market_evidence,ALL_ATTEMPTED_GEOMETRIES_INSUFFICIENT,4,19.5717,last,10.736,CURRENT_TRADE_REFERENCE,True,False,2026-11-20|2026-12-18,0|0,31|76
FTHI,FTHI,ETF_OCC_NAME_CANDIDATE,FTHI,observed_insufficient_market_evidence,ALL_ATTEMPTED_GEOMETRIES_INSUFFICIENT,4,23.7615,last,1.045,CURRENT_TRADE_REFERENCE,True,False,2026-11-20,0,31
FTLS,FTLS,ETF_OCC_NAME_CANDIDATE,FTLS,observed_insufficient_market_evidence,ALL_ATTEMPTED_GEOMETRIES_INSUFFICIENT,4,77.2903,last,2.604,CURRENT_TRADE_REFERENCE,True,False,2026-11-20,0,31
FTRI,FTRI,ETF_OCC_NAME_CANDIDATE,FTRI,observed_insufficient_market_evidence,ALL_ATTEMPTED_GEOMETRIES_INSUFFICIENT,4,16.77,last,6.159,CURRENT_TRADE_REFERENCE,True,False,2026-11-20,0,31
FTXG,FTXG,ETF_OCC_NAME_CANDIDATE,FTXG,reference_price_unavailable,STALE_OR_FUTURE_TRADE_TIMESTAMP,4,21.0202,last,1094.502,STALE_OR_FUTURE_TRADE_TIMESTAMP,True,False,2026-11-20,0,31
FTXH,FTXH,ETF_OCC_NAME_CANDIDATE,FTXH,observed_insufficient_market_evidence,ALL_ATTEMPTED_GEOMETRIES_INSUFFICIENT,4,40.79,last,20.848,CURRENT_TRADE_REFERENCE,True,False,2026-11-20|2026-12-18,0|0,31|76
FTXL,FTXL,ETF_OCC_NAME_CANDIDATE,FTXL,qualified_by_observation,FOUR_USABLE_DISPLAYED_LEG_MARKETS,4,266.03,last,0.295,CURRENT_TRADE_REFERENCE,True,True,2026-11-20|2026-12-18,4|,32
FTXN,FTXN,ETF_OCC_NAME_CANDIDATE,FTXN,observed_insufficient_market_evidence,ALL_ATTEMPTED_GEOMETRIES_INSUFFICIENT,4,38.66,last,1.323,CURRENT_TRADE_REFERENCE,True,False,2026-11-20,2,32
FTXR,FTXR,ETF_OCC_NAME_CANDIDATE,FTXR,observed_insufficient_market_evidence,ALL_ATTEMPTED_GEOMETRIES_INSUFFICIENT,4,41.55,last,21.996,CURRENT_TRADE_REFERENCE,True,False,2026-11-20,0,32
FUMB,FUMB,ETF_OCC_NAME_CANDIDATE,FUMB,observed_insufficient_market_evidence,ALL_ATTEMPTED_GEOMETRIES_INSUFFICIENT,4,19.935,last,7.453,CURRENT_TRADE_REFERENCE,True,False,2026-11-20|2026-12-18,0|0,32|76
FVAL,FVAL,ETF_OCC_NAME_CANDIDATE,FVAL,observed_insufficient_market_evidence,ALL_ATTEMPTED_GEOMETRIES_INSUFFICIENT,4,81.755,last,3.042,CURRENT_TRADE_REFERENCE,True,False,2026-11-20,0,32
FYLD,FYLD,ETF_OCC_NAME_CANDIDATE,FYLD,observed_insufficient_market_evidence,ALL_ATTEMPTED_GEOMETRIES_INSUFFICIENT,4,39.42,last,0.17,CURRENT_TRADE_REFERENCE,True,False,2026-11-20|2026-12-18,0|1,32|76
GAMR,GAMR,ETF_OCC_NAME_CANDIDATE,GAMR,reference_price_unavailable,STALE_OR_FUTURE_TRADE_TIMESTAMP,4,99.661,last,869.5,STALE_OR_FUTURE_TRADE_TIMESTAMP,True,False,2026-11-20,0,33
GBUG,GBUG,ETF_OCC_NAME_CANDIDATE,GBUG,observed_insufficient_market_evidence,ALL_ATTEMPTED_GEOMETRIES_INSUFFICIENT,5,46.48,last,4.812,CURRENT_TRADE_REFERENCE,True,False,2026-11-20,3,33
GDOC,GDOC,ETF_OCC_NAME_CANDIDATE,GDOC,reference_price_unavailable,STALE_OR_FUTURE_TRADE_TIMESTAMP,5,36.5228,last,869.51,STALE_OR_FUTURE_TRADE_TIMESTAMP,True,False,2026-11-20,0,33
GEVG,GEVG,ETF_OCC_NAME_CANDIDATE,GEVG,qualified_by_observation,FOUR_USABLE_DISPLAYED_LEG_MARKETS,5,23.14,last,1.424,CURRENT_TRADE_REFERENCE,True,True,2026-11-20,4,33
GGME,GGME,ETF_OCC_NAME_CANDIDATE,GGME,observed_insufficient_market_evidence,ALL_ATTEMPTED_GEOMETRIES_INSUFFICIENT,5,66.52,last,59.496,CURRENT_TRADE_REFERENCE,True,False,2026-11-20|2026-12-18,0|2,33|76
GLIN,GLIN,ETF_OCC_NAME_CANDIDATE,GLIN,observed_insufficient_market_evidence,ALL_ATTEMPTED_GEOMETRIES_INSUFFICIENT,5,43.0,last,59.502,CURRENT_TRADE_REFERENCE,True,False,2026-11-20|2026-12-18,0|0,33|76
GOAU,GOAU,ETF_OCC_NAME_CANDIDATE,GOAU,no_relevant_geometry,PRICE_RELATIVE_FOUR_LEG_GEOMETRY_ABSENT,5,43.3,last,27.191,CURRENT_TRADE_REFERENCE,False,False,2026-11-20,,
GOOP,GOOP,ETF_OCC_NAME_CANDIDATE,GOOP,observed_insufficient_market_evidence,ALL_ATTEMPTED_GEOMETRIES_INSUFFICIENT,5,35.7299,last,42.719,CURRENT_TRADE_REFERENCE,True,False,2026-11-20,0,33
GOVZ,GOVZ,ETF_OCC_NAME_CANDIDATE,GOVZ,no_relevant_geometry,PRICE_RELATIVE_FOUR_LEG_GEOMETRY_ABSENT,5,31.12,last,0.011,CURRENT_TRADE_REFERENCE,False,False,2026-11-20,,
GOVZ,GOVZ1,ETF_OCC_NAME_CANDIDATE,GOVZ1,otherwise_unevaluable,ADJUSTED_CLASS_TERMS_UNVERIFIED,,,,,,False,False,,,
GPT,GPT,ETF_OCC_NAME_CANDIDATE,GPT,reference_price_unavailable,STALE_OR_FUTURE_TRADE_TIMESTAMP,5,34.4716,last,1094.511,STALE_OR_FUTURE_TRADE_TIMESTAMP,True,False,2026-11-20,0,33
GPZ,GPZ,ETF_OCC_NAME_CANDIDATE,GPZ,observed_insufficient_market_evidence,ALL_ATTEMPTED_GEOMETRIES_INSUFFICIENT,5,21.62,last,1.101,CURRENT_TRADE_REFERENCE,True,False,2026-11-20|2026-12-18,0|1,34|77
GRAG,GRAG,ETF_OCC_NAME_CANDIDATE,GRAG,observed_insufficient_market_evidence,ALL_ATTEMPTED_GEOMETRIES_INSUFFICIENT,5,4.42,last,7.841,CURRENT_TRADE_REFERENCE,True,False,2026-11-20,0,34
GRPM,GRPM,ETF_OCC_NAME_CANDIDATE,GRPM,observed_insufficient_market_evidence,ALL_ATTEMPTED_GEOMETRIES_INSUFFICIENT,5,137.51,last,42.894,CURRENT_TRADE_REFERENCE,True,False,2026-11-20,0,34
GSEU,GSEU,ETF_OCC_NAME_CANDIDATE,GSEU,observed_insufficient_market_evidence,ALL_ATTEMPTED_GEOMETRIES_INSUFFICIENT,5,47.4783,last,7.392,CURRENT_TRADE_REFERENCE,True,False,2026-11-20,0,34
GSPY,GSPY,ETF_OCC_NAME_CANDIDATE,GSPY,observed_insufficient_market_evidence,ALL_ATTEMPTED_GEOMETRIES_INSUFFICIENT,5,42.73,last,5.643,CURRENT_TRADE_REFERENCE,True,False,2026-11-20,0,34
GSUI,GSUI,ETF_OCC_NAME_CANDIDATE,GSUI,qualified_by_observation,FOUR_USABLE_DISPLAYED_LEG_MARKETS,5,17.33,last,5.082,CURRENT_TRADE_REFERENCE,True,True,2026-11-20,4,34
GSUS,GSUS,ETF_OCC_NAME_CANDIDATE,GSUS,observed_insufficient_market_evidence,ALL_ATTEMPTED_GEOMETRIES_INSUFFICIENT,5,106.91,last,1.834,CURRENT_TRADE_REFERENCE,True,False,2026-11-20,0,34
GTEK,GTEK,ETF_OCC_NAME_CANDIDATE,GTEK,qualified_by_observation,FOUR_USABLE_DISPLAYED_LEG_MARKETS,5,61.15,last,2.946,CURRENT_TRADE_REFERENCE,True,True,2026-11-20|2026-12-18,4|,34
GXIG,GXIG,ETF_OCC_NAME_CANDIDATE,GXIG,reference_price_unavailable,STALE_OR_FUTURE_TRADE_TIMESTAMP,5,23.48,last,869.508,STALE_OR_FUTURE_TRADE_TIMESTAMP,True,False,2026-11-20|2026-12-18,0|0,35|77
GXLC,GXLC,ETF_OCC_NAME_CANDIDATE,GXLC,reference_price_unavailable,STALE_OR_FUTURE_TRADE_TIMESTAMP,5,92.2229,last,869.509,STALE_OR_FUTURE_TRADE_TIMESTAMP,True,False,2026-11-20|2026-12-18,0|0,35|77
GXPC,GXPC,ETF_OCC_NAME_CANDIDATE,GXPC,observed_insufficient_market_evidence,ALL_ATTEMPTED_GEOMETRIES_INSUFFICIENT,5,30.7654,last,1.198,CURRENT_TRADE_REFERENCE,True,False,2026-11-20|2026-12-18,0|0,35|77
GXPD,GXPD,ETF_OCC_NAME_CANDIDATE,GXPD,observed_insufficient_market_evidence,ALL_ATTEMPTED_GEOMETRIES_INSUFFICIENT,5,25.175,last,10.707,CURRENT_TRADE_REFERENCE,True,False,2026-11-20|2026-12-18,0|0,35|77
GXPE,GXPE,ETF_OCC_NAME_CANDIDATE,GXPE,reference_price_unavailable,STALE_OR_FUTURE_TRADE_TIMESTAMP,5,36.8274,last,869.51,STALE_OR_FUTURE_TRADE_TIMESTAMP,True,False,2026-11-20|2026-12-18,0|0,35|77
GXPS,GXPS,ETF_OCC_NAME_CANDIDATE,GXPS,observed_insufficient_market_evidence,ALL_ATTEMPTED_GEOMETRIES_INSUFFICIENT,5,25.645,last,10.707,CURRENT_TRADE_REFERENCE,True,False,2026-11-20|2026-12-18,0|0,36|77
GXPT,GXPT,ETF_OCC_NAME_CANDIDATE,GXPT,observed_insufficient_market_evidence,ALL_ATTEMPTED_GEOMETRIES_INSUFFICIENT,5,36.1698,last,1.202,CURRENT_TRADE_REFERENCE,True,False,2026-11-20|2026-12-18,0|0,36|77
HAIL,HAIL,ETF_OCC_NAME_CANDIDATE,HAIL,observed_insufficient_market_evidence,ALL_ATTEMPTED_GEOMETRIES_INSUFFICIENT,5,34.369,last,19.525,CURRENT_TRADE_REFERENCE,True,False,2026-11-20,0,36
HAP,HAP,ETF_OCC_NAME_CANDIDATE,HAP,observed_insufficient_market_evidence,ALL_ATTEMPTED_GEOMETRIES_INSUFFICIENT,5,73.595,last,29.232,CURRENT_TRADE_REFERENCE,True,False,2026-11-20|2026-12-18,0|0,36|77
HAUZ,HAUZ,ETF_OCC_NAME_CANDIDATE,HAUZ,observed_insufficient_market_evidence,ALL_ATTEMPTED_GEOMETRIES_INSUFFICIENT,5,20.97,last,2.998,CURRENT_TRADE_REFERENCE,True,False,2026-11-20,0,36
HDEF,HDEF,ETF_OCC_NAME_CANDIDATE,HDEF,observed_insufficient_market_evidence,ALL_ATTEMPTED_GEOMETRIES_INSUFFICIENT,5,32.2299,last,4.157,CURRENT_TRADE_REFERENCE,True,False,2026-11-20,0,36
HDG,HDG,ETF_OCC_NAME_CANDIDATE,HDG,reference_price_unavailable,STALE_OR_FUTURE_TRADE_TIMESTAMP,5,53.9745,last,869.509,STALE_OR_FUTURE_TRADE_TIMESTAMP,True,False,2026-11-20|2026-12-18,0|0,36|77
HEEM,HEEM,ETF_OCC_NAME_CANDIDATE,HEEM,observed_insufficient_market_evidence,ALL_ATTEMPTED_GEOMETRIES_INSUFFICIENT,5,42.585,last,13.041,CURRENT_TRADE_REFERENCE,True,False,2026-11-20,0,37
HEQT,HEQT,ETF_OCC_NAME_CANDIDATE,HEQT,observed_insufficient_market_evidence,ALL_ATTEMPTED_GEOMETRIES_INSUFFICIENT,5,34.555,last,0.289,CURRENT_TRADE_REFERENCE,True,False,2026-11-20,0,37
HIGH,HIGH,ETF_OCC_NAME_CANDIDATE,HIGH,observed_insufficient_market_evidence,ALL_ATTEMPTED_GEOMETRIES_INSUFFICIENT,5,21.265,last,27.591,CURRENT_TRADE_REFERENCE,True,False,2026-11-20,0,37
HOMZ,HOMZ,ETF_OCC_NAME_CANDIDATE,HOMZ,reference_price_unavailable,STALE_OR_FUTURE_TRADE_TIMESTAMP,5,40.7384,last,869.51,STALE_OR_FUTURE_TRADE_TIMESTAMP,True,False,2026-11-20,0,37
HRTS,HRTS,ETF_OCC_NAME_CANDIDATE,HRTS,reference_price_unavailable,STALE_OR_FUTURE_TRADE_TIMESTAMP,5,35.8517,last,1094.511,STALE_OR_FUTURE_TRADE_TIMESTAMP,True,False,2026-11-20|2026-12-18,0|0,37|78
HYBB,HYBB,ETF_OCC_NAME_CANDIDATE,HYBB,observed_insufficient_market_evidence,ALL_ATTEMPTED_GEOMETRIES_INSUFFICIENT,5,45.045,last,16.962,CURRENT_TRADE_REFERENCE,True,False,2026-11-20,0,37
HYEM,HYEM,ETF_OCC_NAME_CANDIDATE,HYEM,observed_insufficient_market_evidence,ALL_ATTEMPTED_GEOMETRIES_INSUFFICIENT,5,19.29,last,3.323,CURRENT_TRADE_REFERENCE,True,False,2026-11-20,0,37
HYPG,HYPG,ETF_OCC_NAME_CANDIDATE,HYPG,qualified_by_observation,FOUR_USABLE_DISPLAYED_LEG_MARKETS,5,32.03,last,1.544,CURRENT_TRADE_REFERENCE,True,True,2026-11-20|2026-12-18,4|,37
IAK,IAK,ETF_OCC_NAME_CANDIDATE,IAK,observed_insufficient_market_evidence,ALL_ATTEMPTED_GEOMETRIES_INSUFFICIENT,5,137.0,last,0.353,CURRENT_TRADE_REFERENCE,True,False,2026-11-20|2026-12-18,|2,38
IBBQ,IBBQ,ETF_OCC_NAME_CANDIDATE,IBBQ,observed_insufficient_market_evidence,ALL_ATTEMPTED_GEOMETRIES_INSUFFICIENT,5,34.5208,last,6.174,CURRENT_TRADE_REFERENCE,True,False,2026-11-20,0,38
IBLC,IBLC,ETF_OCC_NAME_CANDIDATE,IBLC,observed_insufficient_market_evidence,ALL_ATTEMPTED_GEOMETRIES_INSUFFICIENT,6,47.6,last,22.511,CURRENT_TRADE_REFERENCE,True,False,2026-11-20,0,38
IBOT,IBOT,ETF_OCC_NAME_CANDIDATE,IBOT,observed_insufficient_market_evidence,ALL_ATTEMPTED_GEOMETRIES_INSUFFICIENT,6,66.655,last,10.417,CURRENT_TRADE_REFERENCE,True,False,2026-11-20,1,38
IBRN,IBRN,ETF_OCC_NAME_CANDIDATE,IBRN,reference_price_unavailable,STALE_OR_FUTURE_TRADE_TIMESTAMP,6,32.8651,last,869.52,STALE_OR_FUTURE_TRADE_TIMESTAMP,False,False,2026-11-20,,
IDEF,IDEF,ETF_OCC_NAME_CANDIDATE,IDEF,observed_insufficient_market_evidence,ALL_ATTEMPTED_GEOMETRIES_INSUFFICIENT,6,31.725,last,0.144,CURRENT_TRADE_REFERENCE,True,False,2026-11-20,0,38
IDHQ,IDHQ,ETF_OCC_NAME_CANDIDATE,IDHQ,observed_insufficient_market_evidence,ALL_ATTEMPTED_GEOMETRIES_INSUFFICIENT,6,43.53,last,2.204,CURRENT_TRADE_REFERENCE,True,False,2026-11-20,0,38
IDUB,IDUB,ETF_OCC_NAME_CANDIDATE,IDUB,observed_insufficient_market_evidence,ALL_ATTEMPTED_GEOMETRIES_INSUFFICIENT,6,27.41,last,6.794,CURRENT_TRADE_REFERENCE,True,False,2026-11-20|2026-12-18,0|0,38|78
IETC,IETC,ETF_OCC_NAME_CANDIDATE,IETC,no_relevant_geometry,PRICE_RELATIVE_FOUR_LEG_GEOMETRY_ABSENT,6,116.91,last,31.845,CURRENT_TRADE_REFERENCE,False,False,2026-11-20|2026-12-18,|,
IGPT,IGPT,ETF_OCC_NAME_CANDIDATE,IGPT,qualified_by_observation,FOUR_USABLE_DISPLAYED_LEG_MARKETS,6,104.18,last,4.839,CURRENT_TRADE_REFERENCE,True,True,2026-11-20|2026-12-18,3|4,38|78
IGRO,IGRO,ETF_OCC_NAME_CANDIDATE,IGRO,observed_insufficient_market_evidence,ALL_ATTEMPTED_GEOMETRIES_INSUFFICIENT,6,88.538061,last,5.053,CURRENT_TRADE_REFERENCE,True,False,2026-11-20,0,39
ILCB,ILCB,ETF_OCC_NAME_CANDIDATE,ILCB,no_relevant_geometry,PRICE_RELATIVE_FOUR_LEG_GEOMETRY_ABSENT,6,106.85,last,49.268,CURRENT_TRADE_REFERENCE,False,False,2026-11-20,,
IMTM,IMTM,ETF_OCC_NAME_CANDIDATE,IMTM,observed_insufficient_market_evidence,ALL_ATTEMPTED_GEOMETRIES_INSUFFICIENT,6,53.07,last,1.934,CURRENT_TRADE_REFERENCE,True,False,2026-11-20|2026-12-18,0|0,39|78
INCO,INCO,ETF_OCC_NAME_CANDIDATE,INCO,observed_insufficient_market_evidence,ALL_ATTEMPTED_GEOMETRIES_INSUFFICIENT,6,57.2834,last,30.489,CURRENT_TRADE_REFERENCE,True,False,2026-11-20|2026-12-18,|0,39
INDY,INDY,ETF_OCC_NAME_CANDIDATE,INDY,observed_insufficient_market_evidence,ALL_ATTEMPTED_GEOMETRIES_INSUFFICIENT,6,41.17,last,11.54,CURRENT_TRADE_REFERENCE,True,False,2026-11-20|2026-12-18,0|,39
INMU,INMU,ETF_OCC_NAME_CANDIDATE,INMU,observed_insufficient_market_evidence,ALL_ATTEMPTED_GEOMETRIES_INSUFFICIENT,6,23.105,last,2.28,CURRENT_TRADE_REFERENCE,True,False,2026-11-20|2026-12-18,0|0,39|78
INQQ,INQQ,ETF_OCC_NAME_CANDIDATE,INQQ,observed_insufficient_market_evidence,ALL_ATTEMPTED_GEOMETRIES_INSUFFICIENT,6,12.95,last,22.258,CURRENT_TRADE_REFERENCE,True,False,2026-11-20,0,39
INRO,INRO,ETF_OCC_NAME_CANDIDATE,INRO,observed_insufficient_market_evidence,ALL_ATTEMPTED_GEOMETRIES_INSUFFICIENT,6,37.285,last,3.387,CURRENT_TRADE_REFERENCE,True,False,2026-11-20,0,39
ION,ION,ETF_OCC_NAME_CANDIDATE,ION,observed_insufficient_market_evidence,ALL_ATTEMPTED_GEOMETRIES_INSUFFICIENT,6,45.251,last,45.519,CURRENT_TRADE_REFERENCE,True,False,2026-11-20|2026-12-18,0|3,40|78
IPAY,IPAY,ETF_OCC_NAME_CANDIDATE,IPAY,observed_insufficient_market_evidence,ALL_ATTEMPTED_GEOMETRIES_INSUFFICIENT,6,46.61,last,0.052,CURRENT_TRADE_REFERENCE,True,False,2026-11-20|2026-12-18,0|1,40|78
IPKW,IPKW,ETF_OCC_NAME_CANDIDATE,IPKW,observed_insufficient_market_evidence,ALL_ATTEMPTED_GEOMETRIES_INSUFFICIENT,6,58.82,last,16.663,CURRENT_TRADE_REFERENCE,True,False,2026-11-20|2026-12-18,0|0,40|78
IQM,IQM,ETF_OCC_NAME_CANDIDATE,IQM,no_relevant_geometry,PRICE_RELATIVE_FOUR_LEG_GEOMETRY_ABSENT,6,113.92,last,32.545,CURRENT_TRADE_REFERENCE,False,False,2026-11-20,,
ISHP,ISHP,ETF_OCC_NAME_CANDIDATE,ISHP,reference_price_unavailable,STALE_OR_FUTURE_TRADE_TIMESTAMP,6,33.35,last,1094.521,STALE_OR_FUTURE_TRADE_TIMESTAMP,True,False,2026-11-20|2026-12-18,0|0,40|78
ITM,ITM,ETF_OCC_NAME_CANDIDATE,ITM,observed_insufficient_market_evidence,ALL_ATTEMPTED_GEOMETRIES_INSUFFICIENT,6,44.445,last,0.153,CURRENT_TRADE_REFERENCE,True,False,2026-11-20|2026-12-18,0|,40
ITWO,ITWO,ETF_OCC_NAME_CANDIDATE,ITWO,observed_insufficient_market_evidence,ALL_ATTEMPTED_GEOMETRIES_INSUFFICIENT,6,43.57,last,17.871,CURRENT_TRADE_REFERENCE,True,False,2026-11-20|2026-12-18,0|0,40|78
IVOG,IVOG,ETF_OCC_NAME_CANDIDATE,IVOG,no_relevant_geometry,PRICE_RELATIVE_FOUR_LEG_GEOMETRY_ABSENT,6,139.6101,last,2.273,CURRENT_TRADE_REFERENCE,False,False,2026-11-20,,
IVOO,IVOO,ETF_OCC_NAME_CANDIDATE,IVOO,no_relevant_geometry,PRICE_RELATIVE_FOUR_LEG_GEOMETRY_ABSENT,6,124.3419,last,5.245,CURRENT_TRADE_REFERENCE,False,False,2026-11-20,,
IVOV,IVOV,ETF_OCC_NAME_CANDIDATE,IVOV,no_relevant_geometry,PRICE_RELATIVE_FOUR_LEG_GEOMETRY_ABSENT,6,109.275,last,9.536,CURRENT_TRADE_REFERENCE,False,False,2026-11-20,,
IVVW,IVVW,ETF_OCC_NAME_CANDIDATE,IVVW,observed_insufficient_market_evidence,ALL_ATTEMPTED_GEOMETRIES_INSUFFICIENT,6,44.84,last,2.666,CURRENT_TRADE_REFERENCE,True,False,2026-11-20,0,41
IWL,IWL,ETF_OCC_NAME_CANDIDATE,IWL,observed_insufficient_market_evidence,ALL_ATTEMPTED_GEOMETRIES_INSUFFICIENT,6,192.32,last,41.052,CURRENT_TRADE_REFERENCE,True,False,2026-11-20|2026-12-18,|2,41
IWMW,IWMW,ETF_OCC_NAME_CANDIDATE,IWMW,observed_insufficient_market_evidence,ALL_ATTEMPTED_GEOMETRIES_INSUFFICIENT,6,37.73,last,52.328,CURRENT_TRADE_REFERENCE,True,False,2026-11-20,0,41
IWY,IWY,ETF_OCC_NAME_CANDIDATE,IWY,observed_insufficient_market_evidence,ALL_ATTEMPTED_GEOMETRIES_INSUFFICIENT,6,300.69,last,0.032,CURRENT_TRADE_REFERENCE,True,False,2026-11-20,3,41
IYG,IYG,ETF_OCC_NAME_CANDIDATE,IYG,observed_insufficient_market_evidence,ALL_ATTEMPTED_GEOMETRIES_INSUFFICIENT,6,90.32,last,10.606,CURRENT_TRADE_REFERENCE,True,False,2026-11-20,0,41
IYK,IYK,ETF_OCC_NAME_CANDIDATE,IYK,observed_insufficient_market_evidence,ALL_ATTEMPTED_GEOMETRIES_INSUFFICIENT,6,70.8,last,0.066,CURRENT_TRADE_REFERENCE,True,False,2026-11-20,0,41
IYY,IYY,ETF_OCC_NAME_CANDIDATE,IYY,observed_insufficient_market_evidence,ALL_ATTEMPTED_GEOMETRIES_INSUFFICIENT,6,187.2,last,31.845,CURRENT_TRADE_REFERENCE,True,False,2026-11-20|2026-12-18,1|,41
JCPB,JCPB,ETF_OCC_NAME_CANDIDATE,JCPB,observed_insufficient_market_evidence,ALL_ATTEMPTED_GEOMETRIES_INSUFFICIENT,6,44.765,last,0.002,CURRENT_TRADE_REFERENCE,True,False,2026-11-20,0,41
JHMM,JHMM,ETF_OCC_NAME_CANDIDATE,JHMM,observed_insufficient_market_evidence,ALL_ATTEMPTED_GEOMETRIES_INSUFFICIENT,6,72.74,last,3.1,CURRENT_TRADE_REFERENCE,True,False,2026-11-20,0,41
JOET,JOET,ETF_OCC_NAME_CANDIDATE,JOET,observed_insufficient_market_evidence,ALL_ATTEMPTED_GEOMETRIES_INSUFFICIENT,6,45.6001,last,18.365,CURRENT_TRADE_REFERENCE,True,False,2026-11-20|2026-12-18,0|2,42|79
JPO,JPO,ETF_OCC_NAME_CANDIDATE,JPO,observed_insufficient_market_evidence,ALL_ATTEMPTED_GEOMETRIES_INSUFFICIENT,6,13.3,last,7.61,CURRENT_TRADE_REFERENCE,True,False,2026-11-20,0,42
JSMD,JSMD,ETF_OCC_NAME_CANDIDATE,JSMD,observed_insufficient_market_evidence,ALL_ATTEMPTED_GEOMETRIES_INSUFFICIENT,6,91.35,last,2.788,CURRENT_TRADE_REFERENCE,True,False,2026-11-20,0,42
JSML,JSML,ETF_OCC_NAME_CANDIDATE,JSML,observed_insufficient_market_evidence,ALL_ATTEMPTED_GEOMETRIES_INSUFFICIENT,6,87.63,last,52.172,CURRENT_TRADE_REFERENCE,True,False,2026-11-20|2026-12-18,|2,42
JSTC,JSTC,ETF_OCC_NAME_CANDIDATE,JSTC,observed_insufficient_market_evidence,ALL_ATTEMPTED_GEOMETRIES_INSUFFICIENT,6,22.79,last,59.509,CURRENT_TRADE_REFERENCE,True,False,2026-11-20,0,42
JUCY,JUCY,ETF_OCC_NAME_CANDIDATE,JUCY,observed_insufficient_market_evidence,ALL_ATTEMPTED_GEOMETRIES_INSUFFICIENT,7,21.7,last,0.828,CURRENT_TRADE_REFERENCE,True,False,2026-11-20|2026-12-18,0|0,42|79
JXI,JXI,ETF_OCC_NAME_CANDIDATE,JXI,observed_insufficient_market_evidence,ALL_ATTEMPTED_GEOMETRIES_INSUFFICIENT,7,77.78,last,0.443,CURRENT_TRADE_REFERENCE,True,False,2026-11-20,0,42
KEMQ,KEMQ,ETF_OCC_NAME_CANDIDATE,KEMQ,reference_price_unavailable,STALE_OR_FUTURE_TRADE_TIMESTAMP,7,24.7659,last,869.528,STALE_OR_FUTURE_TRADE_TIMESTAMP,True,False,2026-11-20,0,42
KLAG,KLAG,ETF_OCC_NAME_CANDIDATE,KLAG,qualified_by_observation,FOUR_USABLE_DISPLAYED_LEG_MARKETS,7,31.0366,last,3.178,CURRENT_TRADE_REFERENCE,True,True,2026-11-20,4,43
KLIP,KLIP,ETF_OCC_NAME_CANDIDATE,KLIP,observed_insufficient_market_evidence,ALL_ATTEMPTED_GEOMETRIES_INSUFFICIENT,7,21.56,last,23.967,CURRENT_TRADE_REFERENCE,True,False,2026-11-20,0,43
KMEM,KMEM,ETF_OCC_NAME_CANDIDATE,KMEM,qualified_by_observation,FOUR_USABLE_DISPLAYED_LEG_MARKETS,7,20.92,last,7.617,CURRENT_TRADE_REFERENCE,True,True,2026-11-20|2026-12-18,4|,43
KNCT,KNCT,ETF_OCC_NAME_CANDIDATE,KNCT,qualified_by_observation,FOUR_USABLE_DISPLAYED_LEG_MARKETS,7,210.95,last,59.518,CURRENT_TRADE_REFERENCE,True,True,2026-11-20,4,43
KSA,KSA,ETF_OCC_NAME_CANDIDATE,KSA,observed_insufficient_market_evidence,ALL_ATTEMPTED_GEOMETRIES_INSUFFICIENT,7,36.255,last,0.67,CURRENT_TRADE_REFERENCE,True,False,2026-11-20|2026-12-18,0|,43
KURE,KURE,ETF_OCC_NAME_CANDIDATE,KURE,observed_insufficient_market_evidence,ALL_ATTEMPTED_GEOMETRIES_INSUFFICIENT,7,19.08,last,1.675,CURRENT_TRADE_REFERENCE,True,False,2026-11-20|2026-12-18,0|2,43|79
LAZR,LAZR,ETF_OCC_NAME_CANDIDATE,LAZR,qualified_by_observation,FOUR_USABLE_DISPLAYED_LEG_MARKETS,7,48.1,last,1.619,CURRENT_TRADE_REFERENCE,True,True,2026-11-20,4,43
LCTU,LCTU,ETF_OCC_NAME_CANDIDATE,LCTU,observed_insufficient_market_evidence,ALL_ATTEMPTED_GEOMETRIES_INSUFFICIENT,7,82.705,last,4.157,CURRENT_TRADE_REFERENCE,True,False,2026-11-20,0,43
LDEM,LDEM,ETF_OCC_NAME_CANDIDATE,LDEM,reference_price_unavailable,STALE_OR_FUTURE_TRADE_TIMESTAMP,7,60.3674,last,1094.53,STALE_OR_FUTURE_TRADE_TIMESTAMP,False,False,2026-11-20,,
LGLV,LGLV,ETF_OCC_NAME_CANDIDATE,LGLV,observed_insufficient_market_evidence,ALL_ATTEMPTED_GEOMETRIES_INSUFFICIENT,7,174.78,last,30.402,CURRENT_TRADE_REFERENCE,True,False,2026-11-20|2026-12-18,|0,44
LIMI,LIMI,ETF_OCC_NAME_CANDIDATE,LIMI,reference_price_unavailable,STALE_OR_FUTURE_TRADE_TIMESTAMP,7,40.1323,last,15269.462,STALE_OR_FUTURE_TRADE_TIMESTAMP,False,False,,,
LNGX,LNGX,ETF_OCC_NAME_CANDIDATE,LNGX,observed_insufficient_market_evidence,ALL_ATTEMPTED_GEOMETRIES_INSUFFICIENT,7,42.1101,last,1.491,CURRENT_TRADE_REFERENCE,True,False,2026-11-20|2026-12-18,0|1,44|79
LQDI,LQDI,ETF_OCC_NAME_CANDIDATE,LQDI,observed_insufficient_market_evidence,ALL_ATTEMPTED_GEOMETRIES_INSUFFICIENT,7,24.865,last,8.798,CURRENT_TRADE_REFERENCE,True,False,2026-11-20,0,44
LRNZ,LRNZ,ETF_OCC_NAME_CANDIDATE,LRNZ,observed_insufficient_market_evidence,ALL_ATTEMPTED_GEOMETRIES_INSUFFICIENT,7,70.16,last,46.291,CURRENT_TRADE_REFERENCE,True,False,2026-11-20,2,44
LVHD,LVHD,ETF_OCC_NAME_CANDIDATE,LVHD,observed_insufficient_market_evidence,ALL_ATTEMPTED_GEOMETRIES_INSUFFICIENT,7,41.58,last,6.806,CURRENT_TRADE_REFERENCE,True,False,2026-11-20,0,44
MAGX,MAGX,ETF_OCC_NAME_CANDIDATE,MAGX,qualified_by_observation,FOUR_USABLE_DISPLAYED_LEG_MARKETS,7,63.7,last,2.591,CURRENT_TRADE_REFERENCE,True,True,2026-11-20|2026-12-18,2|4,44|79
MAKX,MAKX,ETF_OCC_NAME_CANDIDATE,MAKX,reference_price_unavailable,STALE_OR_FUTURE_TRADE_TIMESTAMP,7,69.3852,last,869.53,STALE_OR_FUTURE_TRADE_TIMESTAMP,True,False,2026-11-20,0,44
MCH,MCH,ETF_OCC_NAME_CANDIDATE,MCH,observed_insufficient_market_evidence,ALL_ATTEMPTED_GEOMETRIES_INSUFFICIENT,7,26.65,last,55.267,CURRENT_TRADE_REFERENCE,True,False,2026-11-20|2026-12-18,0|0,44|79
MCHS,MCHS,ETF_OCC_NAME_CANDIDATE,MCHS,observed_insufficient_market_evidence,ALL_ATTEMPTED_GEOMETRIES_INSUFFICIENT,7,39.3,last,16.765,CURRENT_TRADE_REFERENCE,True,False,2026-11-20,0,45
MDEV,MDEV,ETF_OCC_NAME_CANDIDATE,MDEV,reference_price_unavailable,STALE_OR_FUTURE_TRADE_TIMESTAMP,7,20.4548,last,869.451,STALE_OR_FUTURE_TRADE_TIMESTAMP,True,False,2026-11-20,0,45
MDST,MDST,ETF_OCC_NAME_CANDIDATE,MDST,observed_insufficient_market_evidence,ALL_ATTEMPTED_GEOMETRIES_INSUFFICIENT,7,27.845,last,0.903,CURRENT_TRADE_REFERENCE,True,False,2026-11-20,0,45
MEMX,MEMX,ETF_OCC_NAME_CANDIDATE,MEMX,reference_price_unavailable,STALE_OR_FUTURE_TRADE_TIMESTAMP,7,47.8891,last,869.529,STALE_OR_FUTURE_TRADE_TIMESTAMP,True,False,2026-11-20|2026-12-18,0|0,45|79
MKOR,MKOR,ETF_OCC_NAME_CANDIDATE,MKOR,qualified_by_observation,FOUR_USABLE_DISPLAYED_LEG_MARKETS,7,65.01,last,59.469,CURRENT_TRADE_REFERENCE,True,True,2026-11-20|2026-12-18,3|4,45|79
MLN,MLN,ETF_OCC_NAME_CANDIDATE,MLN,observed_insufficient_market_evidence,ALL_ATTEMPTED_GEOMETRIES_INSUFFICIENT,7,16.44,last,1.462,CURRENT_TRADE_REFERENCE,True,False,2026-11-20,0,45
MSBT,MSBT,ETF_OCC_NAME_CANDIDATE,MSBT,no_relevant_geometry,PRICE_RELATIVE_FOUR_LEG_GEOMETRY_ABSENT,7,24.7,last,0.172,CURRENT_TRADE_REFERENCE,False,False,2026-11-20,,
MSFY,MSFY,ETF_OCC_NAME_CANDIDATE,MSFY,observed_insufficient_market_evidence,ALL_ATTEMPTED_GEOMETRIES_INSUFFICIENT,7,21.03,last,16.451,CURRENT_TRADE_REFERENCE,True,False,2026-11-20,0,45
MTYY,MTYY,ETF_OCC_NAME_CANDIDATE,MTYY,reference_price_unavailable,STALE_OR_FUTURE_TRADE_TIMESTAMP,7,17.4781,last,1094.53,STALE_OR_FUTURE_TRADE_TIMESTAMP,True,False,2026-11-20,0,46
MTYY,MTYY1,ETF_OCC_NAME_CANDIDATE,MTYY1,otherwise_unevaluable,ADJUSTED_CLASS_TERMS_UNVERIFIED,,,,,,False,False,,,
MUYY,MUYY,ETF_OCC_NAME_CANDIDATE,MUYY,observed_insufficient_market_evidence,ALL_ATTEMPTED_GEOMETRIES_INSUFFICIENT,7,18.7015,last,2.529,CURRENT_TRADE_REFERENCE,True,False,2026-11-20,0,46
NCIQ,NCIQ,ETF_OCC_NAME_CANDIDATE,NCIQ,qualified_by_observation,FOUR_USABLE_DISPLAYED_LEG_MARKETS,7,21.97,last,14.934,CURRENT_TRADE_REFERENCE,True,True,2026-11-20|2026-12-18,3|4,46|79
NETL,NETL,ETF_OCC_NAME_CANDIDATE,NETL,observed_insufficient_market_evidence,ALL_ATTEMPTED_GEOMETRIES_INSUFFICIENT,8,23.72,last,29.33,CURRENT_TRADE_REFERENCE,True,False,2026-11-20,0,46
NFLP,NFLP,ETF_OCC_NAME_CANDIDATE,NFLP,observed_insufficient_market_evidence,ALL_ATTEMPTED_GEOMETRIES_INSUFFICIENT,8,15.73,last,59.539,CURRENT_TRADE_REFERENCE,True,False,2026-11-20,1,46
NIKL,NIKL,ETF_OCC_NAME_CANDIDATE,NIKL,observed_insufficient_market_evidence,ALL_ATTEMPTED_GEOMETRIES_INSUFFICIENT,8,13.3999,last,10.183,CURRENT_TRADE_REFERENCE,True,False,2026-11-20,1,46
NIOG,NIOG,ETF_OCC_NAME_CANDIDATE,NIOG,observed_insufficient_market_evidence,ALL_ATTEMPTED_GEOMETRIES_INSUFFICIENT,8,5.48,last,8.035,CURRENT_TRADE_REFERENCE,True,False,2026-11-20|2026-12-18,0|0,46|79
NORW,NORW,ETF_OCC_NAME_CANDIDATE,NORW,observed_insufficient_market_evidence,ALL_ATTEMPTED_GEOMETRIES_INSUFFICIENT,8,35.3701,last,16.264,CURRENT_TRADE_REFERENCE,True,False,2026-11-20|2026-12-18,0|2,46|80
NUSC,NUSC,ETF_OCC_NAME_CANDIDATE,NUSC,observed_insufficient_market_evidence,ALL_ATTEMPTED_GEOMETRIES_INSUFFICIENT,8,49.36,last,7.354,CURRENT_TRADE_REFERENCE,True,False,2026-11-20,0,47
NXTG,NXTG,ETF_OCC_NAME_CANDIDATE,NXTG,observed_insufficient_market_evidence,ALL_ATTEMPTED_GEOMETRIES_INSUFFICIENT,8,157.72,last,10.506,CURRENT_TRADE_REFERENCE,True,False,2026-11-20|2026-12-18,|3,47
NYSX,NYSX,ETF_OCC_NAME_CANDIDATE,NYSX,observed_insufficient_market_evidence,ALL_ATTEMPTED_GEOMETRIES_INSUFFICIENT,8,133.49,last,37.995,CURRENT_TRADE_REFERENCE,True,False,2026-11-20|2026-12-18,|2,47
NZAC,NZAC,ETF_OCC_NAME_CANDIDATE,NZAC,observed_insufficient_market_evidence,ALL_ATTEMPTED_GEOMETRIES_INSUFFICIENT,8,46.835,last,41.056,CURRENT_TRADE_REFERENCE,True,False,2026-11-20,0,47
OBOR,OBOR,ETF_OCC_NAME_CANDIDATE,OBOR,reference_price_unavailable,STALE_OR_FUTURE_TRADE_TIMESTAMP,8,27.0613,last,869.537,STALE_OR_FUTURE_TRADE_TIMESTAMP,True,False,2026-11-20,0,47
OMAH,OMAH,ETF_OCC_NAME_CANDIDATE,OMAH,observed_insufficient_market_evidence,ALL_ATTEMPTED_GEOMETRIES_INSUFFICIENT,8,17.535,last,1.107,CURRENT_TRADE_REFERENCE,True,False,2026-11-20,2,47
OMFL,OMFL,ETF_OCC_NAME_CANDIDATE,OMFL,observed_insufficient_market_evidence,ALL_ATTEMPTED_GEOMETRIES_INSUFFICIENT,8,70.41,last,5.706,CURRENT_TRADE_REFERENCE,True,False,2026-11-20,0,47
ONDG,ONDG,ETF_OCC_NAME_CANDIDATE,ONDG,observed_insufficient_market_evidence,ALL_ATTEMPTED_GEOMETRIES_INSUFFICIENT,8,2.15,last,0.697,CURRENT_TRADE_REFERENCE,True,False,2026-11-20|2026-12-18,0|1,47|80
ONEV,ONEV,ETF_OCC_NAME_CANDIDATE,ONEV,reference_price_unavailable,STALE_OR_FUTURE_TRADE_TIMESTAMP,8,139.5361,last,869.538,STALE_OR_FUTURE_TRADE_TIMESTAMP,False,False,2026-11-20,,
ONEY,ONEY,ETF_OCC_NAME_CANDIDATE,ONEY,observed_insufficient_market_evidence,ALL_ATTEMPTED_GEOMETRIES_INSUFFICIENT,8,124.48,last,9.289,CURRENT_TRADE_REFERENCE,True,False,2026-11-20,0,48
OPEG,OPEG,ETF_OCC_NAME_CANDIDATE,OPEG,no_relevant_geometry,PRICE_RELATIVE_FOUR_LEG_GEOMETRY_ABSENT,8,1.08,last,0.247,CURRENT_TRADE_REFERENCE,False,False,2026-11-20|2026-12-18,|,
ORBX,ORBX,ETF_OCC_NAME_CANDIDATE,ORBX,qualified_by_observation,FOUR_USABLE_DISPLAYED_LEG_MARKETS,8,43.6,last,11.729,CURRENT_TRADE_REFERENCE,True,True,2026-11-20|2026-12-18,4|,48
OUSM,OUSM,ETF_OCC_NAME_CANDIDATE,OUSM,observed_insufficient_market_evidence,ALL_ATTEMPTED_GEOMETRIES_INSUFFICIENT,8,46.6985,last,8.825,CURRENT_TRADE_REFERENCE,True,False,2026-11-20,0,48
PAWZ,PAWZ,ETF_OCC_NAME_CANDIDATE,PAWZ,reference_price_unavailable,STALE_OR_FUTURE_TRADE_TIMESTAMP,8,46.43,last,869.45,STALE_OR_FUTURE_TRADE_TIMESTAMP,True,False,2026-11-20|2026-12-18,0|0,48|80
PBE,PBE,ETF_OCC_NAME_CANDIDATE,PBE,observed_insufficient_market_evidence,ALL_ATTEMPTED_GEOMETRIES_INSUFFICIENT,8,95.58,last,59.534,CURRENT_TRADE_REFERENCE,True,False,2026-11-20|2026-12-18,0|2,48|80
PBJ,PBJ,ETF_OCC_NAME_CANDIDATE,PBJ,no_relevant_geometry,PRICE_RELATIVE_FOUR_LEG_GEOMETRY_ABSENT,8,45.29,last,16.836,CURRENT_TRADE_REFERENCE,False,False,2026-11-20,,
PBP,PBP,ETF_OCC_NAME_CANDIDATE,PBP,observed_insufficient_market_evidence,ALL_ATTEMPTED_GEOMETRIES_INSUFFICIENT,8,23.395,last,3.638,CURRENT_TRADE_REFERENCE,True,False,2026-11-20|2026-12-18,0|0,48|80
PBRG,PBRG,ETF_OCC_NAME_CANDIDATE,PBRG,qualified_by_observation,FOUR_USABLE_DISPLAYED_LEG_MARKETS,8,45.42,last,2.328,CURRENT_TRADE_REFERENCE,True,True,2026-11-20,4,49
PDBA,PDBA,ETF_OCC_NAME_CANDIDATE,PDBA,observed_insufficient_market_evidence,ALL_ATTEMPTED_GEOMETRIES_INSUFFICIENT,8,37.74,last,0.454,CURRENT_TRADE_REFERENCE,True,False,2026-11-20|2026-12-18,0|2,49|80
PFI,PFI,ETF_OCC_NAME_CANDIDATE,PFI,observed_insufficient_market_evidence,ALL_ATTEMPTED_GEOMETRIES_INSUFFICIENT,8,58.65,last,0.8,CURRENT_TRADE_REFERENCE,True,False,2026-11-20|2026-12-18,0|0,49|80
PFM,PFM,ETF_OCC_NAME_CANDIDATE,PFM,observed_insufficient_market_evidence,ALL_ATTEMPTED_GEOMETRIES_INSUFFICIENT,8,55.2237,last,27.861,CURRENT_TRADE_REFERENCE,True,False,2026-11-20|2026-12-18,0|2,49|80
PINK,PINK,ETF_OCC_NAME_CANDIDATE,PINK,observed_insufficient_market_evidence,ALL_ATTEMPTED_GEOMETRIES_INSUFFICIENT,8,38.29,last,7.382,CURRENT_TRADE_REFERENCE,True,False,2026-11-20|2026-12-18,0|0,49|80
PIO,PIO,ETF_OCC_NAME_CANDIDATE,PIO,observed_insufficient_market_evidence,ALL_ATTEMPTED_GEOMETRIES_INSUFFICIENT,8,43.24,last,59.521,CURRENT_TRADE_REFERENCE,True,False,2026-11-20|2026-12-18,0|0,49|80
PKB,PKB,ETF_OCC_NAME_CANDIDATE,PKB,observed_insufficient_market_evidence,ALL_ATTEMPTED_GEOMETRIES_INSUFFICIENT,8,92.59,last,23.368,CURRENT_TRADE_REFERENCE,True,False,2026-11-20|2026-12-18,1|3,50|81
PLUL,PLUL,ETF_OCC_NAME_CANDIDATE,PLUL,observed_insufficient_market_evidence,ALL_ATTEMPTED_GEOMETRIES_INSUFFICIENT,8,5.97,last,15.792,CURRENT_TRADE_REFERENCE,True,False,2026-11-20|2026-12-18,2|1,50|81
PLYY,PLYY,ETF_OCC_NAME_CANDIDATE,PLYY,observed_insufficient_market_evidence,ALL_ATTEMPTED_GEOMETRIES_INSUFFICIENT,8,8.13,last,14.624,CURRENT_TRADE_REFERENCE,True,False,2026-11-20,0,50
POW,POW,ETF_OCC_NAME_CANDIDATE,POW,observed_insufficient_market_evidence,ALL_ATTEMPTED_GEOMETRIES_INSUFFICIENT,8,26.97,last,11.435,CURRENT_TRADE_REFERENCE,True,False,2026-11-20|2026-12-18,2|3,50|81
POWA,POWA,ETF_OCC_NAME_CANDIDATE,POWA,observed_insufficient_market_evidence,ALL_ATTEMPTED_GEOMETRIES_INSUFFICIENT,8,87.64,last,59.539,CURRENT_TRADE_REFERENCE,True,False,2026-11-20|2026-12-18,|0,50
PRN,PRN,ETF_OCC_NAME_CANDIDATE,PRN,qualified_by_observation,FOUR_USABLE_DISPLAYED_LEG_MARKETS,8,202.1995,last,2.145,CURRENT_TRADE_REFERENCE,True,True,2026-11-20|2026-12-18,4|,50
PSCC,PSCC,ETF_OCC_NAME_CANDIDATE,PSCC,observed_insufficient_market_evidence,ALL_ATTEMPTED_GEOMETRIES_INSUFFICIENT,8,33.02,last,59.523,CURRENT_TRADE_REFERENCE,True,False,2026-11-20|2026-12-18,0|0,51|81
PSCD,PSCD,ETF_OCC_NAME_CANDIDATE,PSCD,qualified_by_observation,FOUR_USABLE_DISPLAYED_LEG_MARKETS,8,109.47,last,59.536,CURRENT_TRADE_REFERENCE,True,True,2026-11-20|2026-12-18,0|4,51|81
PSCF,PSCF,ETF_OCC_NAME_CANDIDATE,PSCF,reference_price_unavailable,STALE_OR_FUTURE_TRADE_TIMESTAMP,8,60.9338,last,1094.539,STALE_OR_FUTURE_TRADE_TIMESTAMP,True,False,2026-11-20|2026-12-18,|1,51
PSCI,PSCI,ETF_OCC_NAME_CANDIDATE,PSCI,observed_insufficient_market_evidence,ALL_ATTEMPTED_GEOMETRIES_INSUFFICIENT,9,164.2,last,45.499,CURRENT_TRADE_REFERENCE,True,False,2026-11-20|2026-12-18,|2,51
PSCM,PSCM,ETF_OCC_NAME_CANDIDATE,PSCM,reference_price_unavailable,STALE_OR_FUTURE_TRADE_TIMESTAMP,9,94.2568,last,1094.549,STALE_OR_FUTURE_TRADE_TIMESTAMP,True,False,2026-11-20|2026-12-18,|3,51
PSCT,PSCT,ETF_OCC_NAME_CANDIDATE,PSCT,observed_insufficient_market_evidence,ALL_ATTEMPTED_GEOMETRIES_INSUFFICIENT,9,84.09,last,5.404,CURRENT_TRADE_REFERENCE,True,False,2026-11-20|2026-12-18,|2,51
PSIL,PSIL,ETF_OCC_NAME_CANDIDATE,PSIL,observed_insufficient_market_evidence,ALL_ATTEMPTED_GEOMETRIES_INSUFFICIENT,9,21.93,last,1.983,CURRENT_TRADE_REFERENCE,True,False,2026-11-20,2,51
PSL,PSL,ETF_OCC_NAME_CANDIDATE,PSL,no_relevant_geometry,PRICE_RELATIVE_FOUR_LEG_GEOMETRY_ABSENT,9,106.71,last,59.543,CURRENT_TRADE_REFERENCE,False,False,2026-11-20|2026-12-18,|,
PSWD,PSWD,ETF_OCC_NAME_CANDIDATE,PSWD,reference_price_unavailable,STALE_OR_FUTURE_TRADE_TIMESTAMP,9,48.3164,last,1094.549,STALE_OR_FUTURE_TRADE_TIMESTAMP,True,False,2026-11-20,0,52
PTH,PTH,ETF_OCC_NAME_CANDIDATE,PTH,observed_insufficient_market_evidence,ALL_ATTEMPTED_GEOMETRIES_INSUFFICIENT,9,60.25,last,19.581,CURRENT_TRADE_REFERENCE,True,False,2026-11-20|2026-12-18,0|0,52|81
PUI,PUI,ETF_OCC_NAME_CANDIDATE,PUI,observed_insufficient_market_evidence,ALL_ATTEMPTED_GEOMETRIES_INSUFFICIENT,9,41.5,last,58.948,CURRENT_TRADE_REFERENCE,True,False,2026-11-20|2026-12-18,0|,52
PULS,PULS,ETF_OCC_NAME_CANDIDATE,PULS,observed_insufficient_market_evidence,ALL_ATTEMPTED_GEOMETRIES_INSUFFICIENT,9,49.485,last,0.071,CURRENT_TRADE_REFERENCE,True,False,2026-11-20,0,52
PWB,PWB,ETF_OCC_NAME_CANDIDATE,PWB,qualified_by_observation,FOUR_USABLE_DISPLAYED_LEG_MARKETS,9,166.35,last,2.898,CURRENT_TRADE_REFERENCE,True,True,2026-11-20|2026-12-18,4|,52
PWV,PWV,ETF_OCC_NAME_CANDIDATE,PWV,observed_insufficient_market_evidence,ALL_ATTEMPTED_GEOMETRIES_INSUFFICIENT,9,76.515,last,3.578,CURRENT_TRADE_REFERENCE,True,False,2026-11-20,0,52
PXF,PXF,ETF_OCC_NAME_CANDIDATE,PXF,observed_insufficient_market_evidence,ALL_ATTEMPTED_GEOMETRIES_INSUFFICIENT,9,76.29,last,3.258,CURRENT_TRADE_REFERENCE,True,False,2026-11-20,0,52
PXI,PXI,ETF_OCC_NAME_CANDIDATE,PXI,reference_price_unavailable,STALE_OR_FUTURE_TRADE_TIMESTAMP,9,62.7801,last,1094.549,STALE_OR_FUTURE_TRADE_TIMESTAMP,True,False,2026-11-20|2026-12-18,2|2,52|81
PYPY,PYPY,ETF_OCC_NAME_CANDIDATE,PYPY,observed_insufficient_market_evidence,ALL_ATTEMPTED_GEOMETRIES_INSUFFICIENT,9,25.47,last,19.779,CURRENT_TRADE_REFERENCE,True,False,2026-11-20,0,53
PYZ,PYZ,ETF_OCC_NAME_CANDIDATE,PYZ,reference_price_unavailable,STALE_OR_FUTURE_TRADE_TIMESTAMP,9,113.3353,last,1094.549,STALE_OR_FUTURE_TRADE_TIMESTAMP,True,False,2026-11-20|2026-12-18,|3,53
PZA,PZA,ETF_OCC_NAME_CANDIDATE,PZA,observed_insufficient_market_evidence,ALL_ATTEMPTED_GEOMETRIES_INSUFFICIENT,9,21.62,last,0.099,CURRENT_TRADE_REFERENCE,True,False,2026-11-20,1,53
QDF,QDF,ETF_OCC_NAME_CANDIDATE,QDF,no_relevant_geometry,PRICE_RELATIVE_FOUR_LEG_GEOMETRY_ABSENT,9,91.16,last,48.698,CURRENT_TRADE_REFERENCE,False,False,2026-11-20,,
QDVO,QDVO,ETF_OCC_NAME_CANDIDATE,QDVO,observed_insufficient_market_evidence,ALL_ATTEMPTED_GEOMETRIES_INSUFFICIENT,9,30.3464,last,1.828,CURRENT_TRADE_REFERENCE,True,False,2026-11-20|2026-12-18,0|0,53|81
QEFA,QEFA,ETF_OCC_NAME_CANDIDATE,QEFA,observed_insufficient_market_evidence,ALL_ATTEMPTED_GEOMETRIES_INSUFFICIENT,9,97.485,last,1.002,CURRENT_TRADE_REFERENCE,True,False,2026-11-20,0,53
QEMM,QEMM,ETF_OCC_NAME_CANDIDATE,QEMM,observed_insufficient_market_evidence,ALL_ATTEMPTED_GEOMETRIES_INSUFFICIENT,9,80.82,last,38.373,CURRENT_TRADE_REFERENCE,True,False,2026-11-20,0,53
QNDX,QNDX,ETF_OCC_NAME_CANDIDATE,QNDX,observed_insufficient_market_evidence,ALL_ATTEMPTED_GEOMETRIES_INSUFFICIENT,9,25.55,last,0.117,CURRENT_TRADE_REFERENCE,True,False,2026-11-13|2026-12-18,0|1,53|81
QQH,QQH,ETF_OCC_NAME_CANDIDATE,QQH,no_relevant_geometry,PRICE_RELATIVE_FOUR_LEG_GEOMETRY_ABSENT,9,89.63,last,10.939,CURRENT_TRADE_REFERENCE,False,False,2026-11-20,,
QQQT,QQQT,ETF_OCC_NAME_CANDIDATE,QQQT,observed_insufficient_market_evidence,ALL_ATTEMPTED_GEOMETRIES_INSUFFICIENT,9,18.245,last,10.102,CURRENT_TRADE_REFERENCE,True,False,2026-11-20|2026-12-18,0|2,54|81
RAAA,RAAA,ETF_OCC_NAME_CANDIDATE,RAAA,observed_insufficient_market_evidence,ALL_ATTEMPTED_GEOMETRIES_INSUFFICIENT,9,25.025,last,34.537,CURRENT_TRADE_REFERENCE,True,False,2026-11-20|2026-12-18,0|0,54|82
RAAR,RAAR,ETF_OCC_NAME_CANDIDATE,RAAR,reference_price_unavailable,STALE_OR_FUTURE_TRADE_TIMESTAMP,9,51.555,last,869.549,STALE_OR_FUTURE_TRADE_TIMESTAMP,True,False,2026-11-20|2026-12-18,0|0,54|82
RAAY,RAAY,ETF_OCC_NAME_CANDIDATE,RAAY,reference_price_unavailable,STALE_OR_FUTURE_TRADE_TIMESTAMP,9,103.157,last,869.549,STALE_OR_FUTURE_TRADE_TIMESTAMP,True,False,2026-11-20|2026-12-18,0|0,54|82
RAML,RAML,ETF_OCC_NAME_CANDIDATE,RAML,qualified_by_observation,FOUR_USABLE_DISPLAYED_LEG_MARKETS,9,15.0,last,27.634,CURRENT_TRADE_REFERENCE,True,True,2026-11-20|2026-12-18,4|,54
RBLD,RBLD,ETF_OCC_NAME_CANDIDATE,RBLD,reference_price_unavailable,STALE_OR_FUTURE_TRADE_TIMESTAMP,9,83.1864,last,869.548,STALE_OR_FUTURE_TRADE_TIMESTAMP,True,False,2026-11-20,0,55
RCLO,RCLO,ETF_OCC_NAME_CANDIDATE,RCLO,observed_insufficient_market_evidence,ALL_ATTEMPTED_GEOMETRIES_INSUFFICIENT,9,24.9999,last,43.176,CURRENT_TRADE_REFERENCE,True,False,2026-11-20|2026-12-18,0|0,55|82
RCLR,RCLR,ETF_OCC_NAME_CANDIDATE,RCLR,reference_price_unavailable,STALE_OR_FUTURE_TRADE_TIMESTAMP,9,51.73,last,869.547,STALE_OR_FUTURE_TRADE_TIMESTAMP,True,False,2026-11-20|2026-12-18,0|0,55|82
RCLY,RCLY,ETF_OCC_NAME_CANDIDATE,RCLY,reference_price_unavailable,STALE_OR_FUTURE_TRADE_TIMESTAMP,9,103.59,last,869.547,STALE_OR_FUTURE_TRADE_TIMESTAMP,True,False,2026-11-20|2026-12-18,0|0,55|82
RDIV,RDIV,ETF_OCC_NAME_CANDIDATE,RDIV,observed_insufficient_market_evidence,ALL_ATTEMPTED_GEOMETRIES_INSUFFICIENT,9,57.335,last,2.984,CURRENT_TRADE_REFERENCE,True,False,2026-11-20,0,55
RDVY,RDVY,ETF_OCC_NAME_CANDIDATE,RDVY,no_relevant_geometry,PRICE_RELATIVE_FOUR_LEG_GEOMETRY_ABSENT,9,79.42,last,0.058,CURRENT_TRADE_REFERENCE,False,False,2026-11-20,,
REAI,REAI,ETF_OCC_NAME_CANDIDATE,REAI,reference_price_unavailable,STALE_OR_FUTURE_TRADE_TIMESTAMP,9,19.6864,last,1094.549,STALE_OR_FUTURE_TRADE_TIMESTAMP,True,False,2026-11-20,0,55
RINF,RINF,ETF_OCC_NAME_CANDIDATE,RINF,observed_insufficient_market_evidence,ALL_ATTEMPTED_GEOMETRIES_INSUFFICIENT,9,32.61,last,34.274,CURRENT_TRADE_REFERENCE,True,False,2026-11-20,0,55
RKLZ,RKLZ,ETF_OCC_NAME_CANDIDATE,RKLZ,qualified_by_observation,FOUR_USABLE_DISPLAYED_LEG_MARKETS,9,13.01,last,0.035,CURRENT_TRADE_REFERENCE,True,True,2026-11-20,4,56
RKLZ,RKLZ1,ETF_OCC_NAME_CANDIDATE,RKLZ1,otherwise_unevaluable,ADJUSTED_CLASS_TERMS_UNVERIFIED,,,,,,False,False,,,
ROKT,ROKT,ETF_OCC_NAME_CANDIDATE,ROKT,no_relevant_geometry,PRICE_RELATIVE_FOUR_LEG_GEOMETRY_ABSENT,9,106.0824,last,6.459,CURRENT_TRADE_REFERENCE,False,False,2026-11-20,,
RPG,RPG,ETF_OCC_NAME_CANDIDATE,RPG,no_relevant_geometry,PRICE_RELATIVE_FOUR_LEG_GEOMETRY_ABSENT,9,59.865,last,0.683,CURRENT_TRADE_REFERENCE,False,False,2026-11-20,,
RSPC,RSPC,ETF_OCC_NAME_CANDIDATE,RSPC,reference_price_unavailable,STALE_OR_FUTURE_TRADE_TIMESTAMP,9,34.56,last,869.547,STALE_OR_FUTURE_TRADE_TIMESTAMP,True,False,2026-11-20,0,56
RSPS,RSPS,ETF_OCC_NAME_CANDIDATE,RSPS,observed_insufficient_market_evidence,ALL_ATTEMPTED_GEOMETRIES_INSUFFICIENT,10,28.59,last,5.535,CURRENT_TRADE_REFERENCE,True,False,2026-11-20,0,56
RSPU,RSPU,ETF_OCC_NAME_CANDIDATE,RSPU,observed_insufficient_market_evidence,ALL_ATTEMPTED_GEOMETRIES_INSUFFICIENT,10,70.9551,last,10.033,CURRENT_TRADE_REFERENCE,True,False,2026-11-20|2026-12-18,0|,56
RSSL,RSSL,ETF_OCC_NAME_CANDIDATE,RSSL,reference_price_unavailable,STALE_OR_FUTURE_TRADE_TIMESTAMP,10,109.5302,last,869.555,STALE_OR_FUTURE_TRADE_TIMESTAMP,True,False,2026-11-20,1,56
RUNN,RUNN,ETF_OCC_NAME_CANDIDATE,RUNN,observed_insufficient_market_evidence,ALL_ATTEMPTED_GEOMETRIES_INSUFFICIENT,10,32.8054,last,5.617,CURRENT_TRADE_REFERENCE,True,False,2026-11-20|2026-12-18,0|1,56|82
RXI,RXI,ETF_OCC_NAME_CANDIDATE,RXI,observed_insufficient_market_evidence,ALL_ATTEMPTED_GEOMETRIES_INSUFFICIENT,10,186.12,last,39.457,CURRENT_TRADE_REFERENCE,True,False,2026-11-20,3,56
SCHJ,SCHJ,ETF_OCC_NAME_CANDIDATE,SCHJ,observed_insufficient_market_evidence,ALL_ATTEMPTED_GEOMETRIES_INSUFFICIENT,10,24.095,last,2.512,CURRENT_TRADE_REFERENCE,True,False,2026-11-20,0,56
SCHY,SCHY,ETF_OCC_NAME_CANDIDATE,SCHY,observed_insufficient_market_evidence,ALL_ATTEMPTED_GEOMETRIES_INSUFFICIENT,10,31.34,last,0.066,CURRENT_TRADE_REFERENCE,True,False,2026-11-20|2026-12-18,1|0,56|82
SCYB,SCYB,ETF_OCC_NAME_CANDIDATE,SCYB,observed_insufficient_market_evidence,ALL_ATTEMPTED_GEOMETRIES_INSUFFICIENT,10,25.175,last,0.293,CURRENT_TRADE_REFERENCE,True,False,2026-11-20,0,57
SEMY,SEMY,ETF_OCC_NAME_CANDIDATE,SEMY,observed_insufficient_market_evidence,ALL_ATTEMPTED_GEOMETRIES_INSUFFICIENT,10,12.5701,last,2.936,CURRENT_TRADE_REFERENCE,True,False,2026-11-20,0,57
SFY,SFY,ETF_OCC_NAME_CANDIDATE,SFY,observed_insufficient_market_evidence,ALL_ATTEMPTED_GEOMETRIES_INSUFFICIENT,10,156.01,last,1.5,CURRENT_TRADE_REFERENCE,True,False,2026-11-20|2026-12-18,|2,57
SFYF,SFYF,ETF_OCC_NAME_CANDIDATE,SFYF,reference_price_unavailable,STALE_OR_FUTURE_TRADE_TIMESTAMP,10,64.8055,last,869.555,STALE_OR_FUTURE_TRADE_TIMESTAMP,True,False,2026-11-20,0,57
SGDJ,SGDJ,ETF_OCC_NAME_CANDIDATE,SGDJ,qualified_by_observation,FOUR_USABLE_DISPLAYED_LEG_MARKETS,10,89.15,last,19.418,CURRENT_TRADE_REFERENCE,True,True,2026-11-20,4,57
SHE,SHE,ETF_OCC_NAME_CANDIDATE,SHE,observed_insufficient_market_evidence,ALL_ATTEMPTED_GEOMETRIES_INSUFFICIENT,10,159.2972,last,46.071,CURRENT_TRADE_REFERENCE,True,False,2026-11-20|2026-12-18,|2,57
SIMS,SIMS,ETF_OCC_NAME_CANDIDATE,SIMS,reference_price_unavailable,STALE_OR_FUTURE_TRADE_TIMESTAMP,10,42.3285,last,869.556,STALE_OR_FUTURE_TRADE_TIMESTAMP,True,False,2026-11-20,0,57
SMCF,SMCF,ETF_OCC_NAME_CANDIDATE,SMCF,no_relevant_geometry,FROZEN_LISTED_FOUR_LEG_SHAPE_ABSENT,,,,,,False,False,,,
SMHX,SMHX,ETF_OCC_NAME_CANDIDATE,SMHX,no_relevant_geometry,PRICE_RELATIVE_FOUR_LEG_GEOMETRY_ABSENT,10,63.93,last,0.153,CURRENT_TRADE_REFERENCE,False,False,2026-11-20,,
SMIN,SMIN,ETF_OCC_NAME_CANDIDATE,SMIN,observed_insufficient_market_evidence,ALL_ATTEMPTED_GEOMETRIES_INSUFFICIENT,10,68.55,last,0.065,CURRENT_TRADE_REFERENCE,True,False,2026-11-20,1,57
SMLV,SMLV,ETF_OCC_NAME_CANDIDATE,SMLV,no_relevant_geometry,PRICE_RELATIVE_FOUR_LEG_GEOMETRY_ABSENT,10,152.1,last,27.954,CURRENT_TRADE_REFERENCE,False,False,2026-11-20,,
SMMD,SMMD,ETF_OCC_NAME_CANDIDATE,SMMD,observed_insufficient_market_evidence,ALL_ATTEMPTED_GEOMETRIES_INSUFFICIENT,10,87.1199,last,1.681,CURRENT_TRADE_REFERENCE,True,False,2026-11-20|2026-12-18,2|2,57|82
SNAG,SNAG,ETF_OCC_NAME_CANDIDATE,SNAG,qualified_by_observation,FOUR_USABLE_DISPLAYED_LEG_MARKETS,10,5.87,last,24.527,CURRENT_TRADE_REFERENCE,True,True,2026-11-20,4,58
SNDC,SNDC,ETF_OCC_NAME_CANDIDATE,SNDC,qualified_by_observation,FOUR_USABLE_DISPLAYED_LEG_MARKETS,10,8.915,last,2.925,CURRENT_TRADE_REFERENCE,True,True,2026-11-20,4,58
SNOY,SNOY,ETF_OCC_NAME_CANDIDATE,SNOY,observed_insufficient_market_evidence,ALL_ATTEMPTED_GEOMETRIES_INSUFFICIENT,10,11.36,last,9.005,CURRENT_TRADE_REFERENCE,True,False,2026-11-20,1,58
SNSR,SNSR,ETF_OCC_NAME_CANDIDATE,SNSR,observed_insufficient_market_evidence,ALL_ATTEMPTED_GEOMETRIES_INSUFFICIENT,10,50.284,last,18.785,CURRENT_TRADE_REFERENCE,True,False,2026-11-20,1,58
SPBC,SPBC,ETF_OCC_NAME_CANDIDATE,SPBC,no_relevant_geometry,PRICE_RELATIVE_FOUR_LEG_GEOMETRY_ABSENT,10,50.83,last,23.08,CURRENT_TRADE_REFERENCE,False,False,2026-11-20,,
SPD,SPD,ETF_OCC_NAME_CANDIDATE,SPD,reference_price_unavailable,STALE_OR_FUTURE_TRADE_TIMESTAMP,10,41.68,last,869.557,STALE_OR_FUTURE_TRADE_TIMESTAMP,True,False,2026-11-20,0,58
SPEU,SPEU,ETF_OCC_NAME_CANDIDATE,SPEU,observed_insufficient_market_evidence,ALL_ATTEMPTED_GEOMETRIES_INSUFFICIENT,10,53.4,last,14.456,CURRENT_TRADE_REFERENCE,True,False,2026-11-20|2026-12-18,0|0,58|82
SPFF,SPFF,ETF_OCC_NAME_CANDIDATE,SPFF,observed_insufficient_market_evidence,ALL_ATTEMPTED_GEOMETRIES_INSUFFICIENT,10,9.14,last,5.988,CURRENT_TRADE_REFERENCE,True,False,2026-11-20,0,58
SPVM,SPVM,ETF_OCC_NAME_CANDIDATE,SPVM,observed_insufficient_market_evidence,ALL_ATTEMPTED_GEOMETRIES_INSUFFICIENT,10,72.9806,last,31.022,CURRENT_TRADE_REFERENCE,True,False,2026-11-20,0,58
SPXE,SPXE,ETF_OCC_NAME_CANDIDATE,SPXE,observed_insufficient_market_evidence,ALL_ATTEMPTED_GEOMETRIES_INSUFFICIENT,10,83.3,last,59.554,CURRENT_TRADE_REFERENCE,True,False,2026-11-20,0,59
SPXV,SPXV,ETF_OCC_NAME_CANDIDATE,SPXV,observed_insufficient_market_evidence,ALL_ATTEMPTED_GEOMETRIES_INSUFFICIENT,10,84.62,last,11.228,CURRENT_TRADE_REFERENCE,True,False,2026-11-20,0,59
SRET,SRET,ETF_OCC_NAME_CANDIDATE,SRET,observed_insufficient_market_evidence,ALL_ATTEMPTED_GEOMETRIES_INSUFFICIENT,11,19.88,last,10.113,CURRENT_TRADE_REFERENCE,True,False,2026-11-20|2026-12-18,0|0,59|83
SSUS,SSUS,ETF_OCC_NAME_CANDIDATE,SSUS,observed_insufficient_market_evidence,ALL_ATTEMPTED_GEOMETRIES_INSUFFICIENT,11,56.73,last,25.739,CURRENT_TRADE_REFERENCE,True,False,2026-11-20,0,59
SUSL,SUSL,ETF_OCC_NAME_CANDIDATE,SUSL,no_relevant_geometry,PRICE_RELATIVE_FOUR_LEG_GEOMETRY_ABSENT,11,137.98,last,41.105,CURRENT_TRADE_REFERENCE,False,False,2026-11-20|2026-12-18,|,
TBLU,TBLU,ETF_OCC_NAME_CANDIDATE,TBLU,observed_insufficient_market_evidence,ALL_ATTEMPTED_GEOMETRIES_INSUFFICIENT,11,49.025,last,10.253,CURRENT_TRADE_REFERENCE,True,False,2026-11-20,0,59
TCAF,TCAF,ETF_OCC_NAME_CANDIDATE,TCAF,observed_insufficient_market_evidence,ALL_ATTEMPTED_GEOMETRIES_INSUFFICIENT,11,42.655,last,0.639,CURRENT_TRADE_REFERENCE,True,False,2026-11-20,0,59
TCHI,TCHI,ETF_OCC_NAME_CANDIDATE,TCHI,observed_insufficient_market_evidence,ALL_ATTEMPTED_GEOMETRIES_INSUFFICIENT,11,21.411,last,6.203,CURRENT_TRADE_REFERENCE,True,False,2026-11-20,0,59
TECB,TECB,ETF_OCC_NAME_CANDIDATE,TECB,no_relevant_geometry,PRICE_RELATIVE_FOUR_LEG_GEOMETRY_ABSENT,11,79.79,last,59.56,CURRENT_TRADE_REFERENCE,False,False,2026-11-20,,
TEK,TEK,ETF_OCC_NAME_CANDIDATE,TEK,observed_insufficient_market_evidence,ALL_ATTEMPTED_GEOMETRIES_INSUFFICIENT,11,41.64,last,4.748,CURRENT_TRADE_REFERENCE,True,False,2026-11-20|2026-12-18,2|2,59|83
TFI,TFI,ETF_OCC_NAME_CANDIDATE,TFI,observed_insufficient_market_evidence,ALL_ATTEMPTED_GEOMETRIES_INSUFFICIENT,11,43.17,last,0.126,CURRENT_TRADE_REFERENCE,True,False,2026-11-20|2026-12-18,0|2,60|83
THLV,THLV,ETF_OCC_NAME_CANDIDATE,THLV,reference_price_unavailable,STALE_OR_FUTURE_TRADE_TIMESTAMP,11,31.15,last,929.568,STALE_OR_FUTURE_TRADE_TIMESTAMP,True,False,2026-11-20,0,60
THYP,THYP,ETF_OCC_NAME_CANDIDATE,THYP,qualified_by_observation,FOUR_USABLE_DISPLAYED_LEG_MARKETS,11,52.52,last,5.143,CURRENT_TRADE_REFERENCE,True,True,2026-11-20|2026-12-18,4|,60
TINT,TINT,ETF_OCC_NAME_CANDIDATE,TINT,reference_price_unavailable,STALE_OR_FUTURE_TRADE_TIMESTAMP,11,38.32,last,869.567,STALE_OR_FUTURE_TRADE_TIMESTAMP,True,False,2026-11-20,0,60
TINY,TINY,ETF_OCC_NAME_CANDIDATE,TINY,reference_price_unavailable,STALE_OR_FUTURE_TRADE_TIMESTAMP,11,80.159,last,869.565,STALE_OR_FUTURE_TRADE_TIMESTAMP,True,False,2026-11-20,1,60
TMFC,TMFC,ETF_OCC_NAME_CANDIDATE,TMFC,no_relevant_geometry,PRICE_RELATIVE_FOUR_LEG_GEOMETRY_ABSENT,11,81.22,last,1.975,CURRENT_TRADE_REFERENCE,False,False,2026-11-20,,
TOLZ,TOLZ,ETF_OCC_NAME_CANDIDATE,TOLZ,observed_insufficient_market_evidence,ALL_ATTEMPTED_GEOMETRIES_INSUFFICIENT,11,54.9,last,4.787,CURRENT_TRADE_REFERENCE,True,False,2026-11-20,0,60
TRFK,TRFK,ETF_OCC_NAME_CANDIDATE,TRFK,qualified_by_observation,FOUR_USABLE_DISPLAYED_LEG_MARKETS,11,104.34,last,0.111,CURRENT_TRADE_REFERENCE,True,True,2026-11-20,4,60
TSLP,TSLP,ETF_OCC_NAME_CANDIDATE,TSLP,observed_insufficient_market_evidence,ALL_ATTEMPTED_GEOMETRIES_INSUFFICIENT,11,15.27,last,13.222,CURRENT_TRADE_REFERENCE,True,False,2026-11-20,2,60
TSPY,TSPY,ETF_OCC_NAME_CANDIDATE,TSPY,observed_insufficient_market_evidence,ALL_ATTEMPTED_GEOMETRIES_INSUFFICIENT,11,25.675,last,0.724,CURRENT_TRADE_REFERENCE,True,False,2026-11-20|2026-12-18,0|2,61|83
TXXD,TXXD,ETF_OCC_NAME_CANDIDATE,TXXD,qualified_by_observation,FOUR_USABLE_DISPLAYED_LEG_MARKETS,11,49.1,last,16.375,CURRENT_TRADE_REFERENCE,True,True,2026-11-20|2026-12-18,4|,61
TXXD,TXXD1,ETF_OCC_NAME_CANDIDATE,TXXD1,otherwise_unevaluable,ADJUSTED_CLASS_TERMS_UNVERIFIED,,,,,,False,False,,,
TXXS,TXXS,ETF_OCC_NAME_CANDIDATE,TXXS,qualified_by_observation,FOUR_USABLE_DISPLAYED_LEG_MARKETS,11,50.0,last,21.469,CURRENT_TRADE_REFERENCE,True,True,2026-11-20|2026-12-18,4|,61
UAE,UAE,ETF_OCC_NAME_CANDIDATE,UAE,observed_insufficient_market_evidence,ALL_ATTEMPTED_GEOMETRIES_INSUFFICIENT,11,19.6922,last,0.028,CURRENT_TRADE_REFERENCE,True,False,2026-11-20,1,61
UCOP,UCOP,ETF_OCC_NAME_CANDIDATE,UCOP,qualified_by_observation,FOUR_USABLE_DISPLAYED_LEG_MARKETS,11,40.85,last,0.387,CURRENT_TRADE_REFERENCE,True,True,2026-11-20,4,61
UFOX,UFOX,ETF_OCC_NAME_CANDIDATE,UFOX,observed_insufficient_market_evidence,ALL_ATTEMPTED_GEOMETRIES_INSUFFICIENT,11,88.3,last,9.016,CURRENT_TRADE_REFERENCE,True,False,2026-11-20,0,61
UGLD,UGLD,ETF_OCC_NAME_CANDIDATE,UGLD,observed_insufficient_market_evidence,ALL_ATTEMPTED_GEOMETRIES_INSUFFICIENT,11,20.13,last,11.054,CURRENT_TRADE_REFERENCE,True,False,2026-11-20,3,61
UPAL,UPAL,ETF_OCC_NAME_CANDIDATE,UPAL,reference_price_unavailable,STALE_OR_FUTURE_TRADE_TIMESTAMP,11,19.2564,last,869.567,STALE_OR_FUTURE_TRADE_TIMESTAMP,True,False,2026-11-20,2,62
UPGR,UPGR,ETF_OCC_NAME_CANDIDATE,UPGR,reference_price_unavailable,STALE_OR_FUTURE_TRADE_TIMESTAMP,11,21.5389,last,1094.567,STALE_OR_FUTURE_TRADE_TIMESTAMP,True,False,2026-11-20,0,62
UPLT,UPLT,ETF_OCC_NAME_CANDIDATE,UPLT,reference_price_unavailable,STALE_OR_FUTURE_TRADE_TIMESTAMP,11,22.8209,last,869.565,STALE_OR_FUTURE_TRADE_TIMESTAMP,True,False,2026-11-20,0,62
USAI,USAI,ETF_OCC_NAME_CANDIDATE,USAI,reference_price_unavailable,STALE_OR_FUTURE_TRADE_TIMESTAMP,11,43.9089,last,869.565,STALE_OR_FUTURE_TRADE_TIMESTAMP,False,False,2026-11-20,,
USGG,USGG,ETF_OCC_NAME_CANDIDATE,USGG,observed_insufficient_market_evidence,ALL_ATTEMPTED_GEOMETRIES_INSUFFICIENT,11,3.87,last,0.211,CURRENT_TRADE_REFERENCE,True,False,2026-11-20,2,62
USLV,USLV,ETF_OCC_NAME_CANDIDATE,USLV,qualified_by_observation,FOUR_USABLE_DISPLAYED_LEG_MARKETS,11,13.945,last,3.294,CURRENT_TRADE_REFERENCE,True,True,2026-11-20,4,62
USPX,USPX,ETF_OCC_NAME_CANDIDATE,USPX,observed_insufficient_market_evidence,ALL_ATTEMPTED_GEOMETRIES_INSUFFICIENT,11,67.565,last,6.097,CURRENT_TRADE_REFERENCE,True,False,2026-11-20,0,62
USXF,USXF,ETF_OCC_NAME_CANDIDATE,USXF,no_relevant_geometry,PRICE_RELATIVE_FOUR_LEG_GEOMETRY_ABSENT,11,69.49,last,6.31,CURRENT_TRADE_REFERENCE,False,False,2026-11-20,,
UTEN,UTEN,ETF_OCC_NAME_CANDIDATE,UTEN,observed_insufficient_market_evidence,ALL_ATTEMPTED_GEOMETRIES_INSUFFICIENT,11,40.75,last,0.565,CURRENT_TRADE_REFERENCE,True,False,2026-11-20|2026-12-18,0|0,62|83
UTWO,UTWO,ETF_OCC_NAME_CANDIDATE,UTWO,observed_insufficient_market_evidence,ALL_ATTEMPTED_GEOMETRIES_INSUFFICIENT,11,47.455,last,0.06,CURRENT_TRADE_REFERENCE,True,False,2026-11-20|2026-12-18,0|0,62|83
UUUG,UUUG,ETF_OCC_NAME_CANDIDATE,UUUG,observed_insufficient_market_evidence,ALL_ATTEMPTED_GEOMETRIES_INSUFFICIENT,11,2.498853,last,0.245,CURRENT_TRADE_REFERENCE,True,False,2026-11-20,0,63
VALG,VALG,ETF_OCC_NAME_CANDIDATE,VALG,reference_price_unavailable,STALE_OR_FUTURE_TRADE_TIMESTAMP,11,14.3253,last,1094.567,STALE_OR_FUTURE_TRADE_TIMESTAMP,True,False,2026-11-20,0,63
VALQ,VALQ,ETF_OCC_NAME_CANDIDATE,VALQ,observed_insufficient_market_evidence,ALL_ATTEMPTED_GEOMETRIES_INSUFFICIENT,11,70.16,last,20.893,CURRENT_TRADE_REFERENCE,True,False,2026-11-20,0,63
VEGN,VEGN,ETF_OCC_NAME_CANDIDATE,VEGN,no_relevant_geometry,PRICE_RELATIVE_FOUR_LEG_GEOMETRY_ABSENT,11,80.43,last,59.568,CURRENT_TRADE_REFERENCE,False,False,2026-11-20,,
VFLO,VFLO,ETF_OCC_NAME_CANDIDATE,VFLO,observed_insufficient_market_evidence,ALL_ATTEMPTED_GEOMETRIES_INSUFFICIENT,12,51.815,last,0.027,CURRENT_TRADE_REFERENCE,True,False,2026-11-20|2026-12-18,2|2,63|83
VFMV,VFMV,ETF_OCC_NAME_CANDIDATE,VFMV,no_relevant_geometry,PRICE_RELATIVE_FOUR_LEG_GEOMETRY_ABSENT,12,142.78,last,14.159,CURRENT_TRADE_REFERENCE,False,False,2026-11-20,,
VFVA,VFVA,ETF_OCC_NAME_CANDIDATE,VFVA,observed_insufficient_market_evidence,ALL_ATTEMPTED_GEOMETRIES_INSUFFICIENT,12,152.515,last,0.551,CURRENT_TRADE_REFERENCE,True,False,2026-11-20|2026-12-18,|2,63
VICE,VICE,ETF_OCC_NAME_CANDIDATE,,identity_unresolved,FROZEN_EXACT_ROOT_UNRESOLVED,,,,,,False,False,,,
VIOG,VIOG,ETF_OCC_NAME_CANDIDATE,VIOG,no_relevant_geometry,PRICE_RELATIVE_FOUR_LEG_GEOMETRY_ABSENT,12,140.82,last,0.486,CURRENT_TRADE_REFERENCE,False,False,2026-11-20,,
VLU,VLU,ETF_OCC_NAME_CANDIDATE,VLU,observed_insufficient_market_evidence,ALL_ATTEMPTED_GEOMETRIES_INSUFFICIENT,12,241.2869,last,9.145,CURRENT_TRADE_REFERENCE,True,False,2026-11-20|2026-12-18,0|1,63|83
VNAM,VNAM,ETF_OCC_NAME_CANDIDATE,VNAM,observed_insufficient_market_evidence,ALL_ATTEMPTED_GEOMETRIES_INSUFFICIENT,12,23.67,last,11.159,CURRENT_TRADE_REFERENCE,True,False,2026-11-20|2026-12-18,1|1,63|83
VNLA,VNLA,ETF_OCC_NAME_CANDIDATE,VNLA,observed_insufficient_market_evidence,ALL_ATTEMPTED_GEOMETRIES_INSUFFICIENT,12,48.6139,last,0.873,CURRENT_TRADE_REFERENCE,True,False,2026-11-20,0,64
VOLT,VOLT,ETF_OCC_NAME_CANDIDATE,VOLT,observed_insufficient_market_evidence,ALL_ATTEMPTED_GEOMETRIES_INSUFFICIENT,12,36.73,last,4.58,CURRENT_TRADE_REFERENCE,True,False,2026-11-20|2026-12-18,1|0,64|83
VONG,VONG,ETF_OCC_NAME_CANDIDATE,VONG,observed_insufficient_market_evidence,ALL_ATTEMPTED_GEOMETRIES_INSUFFICIENT,12,131.582225,last,0.035,CURRENT_TRADE_REFERENCE,True,False,2026-11-20,2,64
VONV,VONV,ETF_OCC_NAME_CANDIDATE,VONV,observed_insufficient_market_evidence,ALL_ATTEMPTED_GEOMETRIES_INSUFFICIENT,12,109.4801,last,0.411,CURRENT_TRADE_REFERENCE,True,False,2026-11-20|2026-12-18,0|1,64|84
WDIV,WDIV,ETF_OCC_NAME_CANDIDATE,WDIV,observed_insufficient_market_evidence,ALL_ATTEMPTED_GEOMETRIES_INSUFFICIENT,12,81.2701,last,44.471,CURRENT_TRADE_REFERENCE,True,False,2026-11-20,0,64
WISE,WISE,ETF_OCC_NAME_CANDIDATE,WISE,qualified_by_observation,FOUR_USABLE_DISPLAYED_LEG_MARKETS,12,35.8,last,16.324,CURRENT_TRADE_REFERENCE,True,True,2026-11-20|2026-12-18,4|,64
WXET,WXET,ETF_OCC_NAME_CANDIDATE,WXET,observed_insufficient_market_evidence,ALL_ATTEMPTED_GEOMETRIES_INSUFFICIENT,12,21.3419,last,48.14,CURRENT_TRADE_REFERENCE,True,False,2026-11-20,0,64
XBTY,XBTY,ETF_OCC_NAME_CANDIDATE,XBTY,observed_insufficient_market_evidence,ALL_ATTEMPTED_GEOMETRIES_INSUFFICIENT,12,5.6294,last,27.067,CURRENT_TRADE_REFERENCE,True,False,2026-11-20|2026-12-18,0|0,65|84
XDAT,XDAT,ETF_OCC_NAME_CANDIDATE,XDAT,reference_price_unavailable,STALE_OR_FUTURE_TRADE_TIMESTAMP,12,28.1628,last,869.443,STALE_OR_FUTURE_TRADE_TIMESTAMP,True,False,2026-11-20,0,65
XHS,XHS,ETF_OCC_NAME_CANDIDATE,XHS,observed_insufficient_market_evidence,ALL_ATTEMPTED_GEOMETRIES_INSUFFICIENT,12,132.7608,last,19.891,CURRENT_TRADE_REFERENCE,True,False,2026-11-20|2026-12-18,|2,65
XNTK,XNTK,ETF_OCC_NAME_CANDIDATE,XNTK,qualified_by_observation,FOUR_USABLE_DISPLAYED_LEG_MARKETS,12,392.82,last,3.468,CURRENT_TRADE_REFERENCE,True,True,2026-11-20|2026-12-18,|4,65
XOMO,XOMO,ETF_OCC_NAME_CANDIDATE,XOMO,observed_insufficient_market_evidence,ALL_ATTEMPTED_GEOMETRIES_INSUFFICIENT,12,10.8641,last,1.872,CURRENT_TRADE_REFERENCE,True,False,2026-11-20,0,65
XPEG,XPEG,ETF_OCC_NAME_CANDIDATE,XPEG,observed_insufficient_market_evidence,ALL_ATTEMPTED_GEOMETRIES_INSUFFICIENT,12,2.36,last,9.487,CURRENT_TRADE_REFERENCE,True,False,2026-11-20,0,65
XPND,XPND,ETF_OCC_NAME_CANDIDATE,XPND,no_relevant_geometry,PRICE_RELATIVE_FOUR_LEG_GEOMETRY_ABSENT,12,40.966,last,45.75,CURRENT_TRADE_REFERENCE,False,False,2026-11-20,,
XSHQ,XSHQ,ETF_OCC_NAME_CANDIDATE,XSHQ,observed_insufficient_market_evidence,ALL_ATTEMPTED_GEOMETRIES_INSUFFICIENT,12,46.045,last,3.066,CURRENT_TRADE_REFERENCE,True,False,2026-11-20,0,65
XSLV,XSLV,ETF_OCC_NAME_CANDIDATE,XSLV,observed_insufficient_market_evidence,ALL_ATTEMPTED_GEOMETRIES_INSUFFICIENT,12,49.79,last,15.07,CURRENT_TRADE_REFERENCE,True,False,2026-11-20|2026-12-18,0|0,65|84
XSMO,XSMO,ETF_OCC_NAME_CANDIDATE,XSMO,observed_insufficient_market_evidence,ALL_ATTEMPTED_GEOMETRIES_INSUFFICIENT,12,83.5364,last,1.375,CURRENT_TRADE_REFERENCE,True,False,2026-11-20,0,66
XVV,XVV,ETF_OCC_NAME_CANDIDATE,XVV,observed_insufficient_market_evidence,ALL_ATTEMPTED_GEOMETRIES_INSUFFICIENT,12,58.97,last,9.381,CURRENT_TRADE_REFERENCE,True,False,2026-11-20,0,66
XYZY,XYZY,ETF_OCC_NAME_CANDIDATE,XYZY,observed_insufficient_market_evidence,ALL_ATTEMPTED_GEOMETRIES_INSUFFICIENT,12,23.04,last,6.714,CURRENT_TRADE_REFERENCE,True,False,2026-11-20,0,66
YALL,YALL,ETF_OCC_NAME_CANDIDATE,YALL,observed_insufficient_market_evidence,ALL_ATTEMPTED_GEOMETRIES_INSUFFICIENT,12,42.7004,last,35.588,CURRENT_TRADE_REFERENCE,True,False,2026-11-20,0,66
YBIT,YBIT,ETF_OCC_NAME_CANDIDATE,YBIT,observed_insufficient_market_evidence,ALL_ATTEMPTED_GEOMETRIES_INSUFFICIENT,12,21.2599,last,10.194,CURRENT_TRADE_REFERENCE,True,False,2026-11-20,0,66
YQQQ,YQQQ,ETF_OCC_NAME_CANDIDATE,YQQQ,observed_insufficient_market_evidence,ALL_ATTEMPTED_GEOMETRIES_INSUFFICIENT,12,9.2301,last,0.751,CURRENT_TRADE_REFERENCE,True,False,2026-11-20|2026-12-18,0|1,66|84
YYY,YYY,ETF_OCC_NAME_CANDIDATE,YYY,observed_insufficient_market_evidence,ALL_ATTEMPTED_GEOMETRIES_INSUFFICIENT,12,10.42,last,0.821,CURRENT_TRADE_REFERENCE,True,False,2026-11-20,0,66
ZAP,ZAP,ETF_OCC_NAME_CANDIDATE,ZAP,observed_insufficient_market_evidence,ALL_ATTEMPTED_GEOMETRIES_INSUFFICIENT,12,31.08,last,1.501,CURRENT_TRADE_REFERENCE,True,False,2026-11-20,0,66
ZHDG,ZHDG,ETF_OCC_NAME_CANDIDATE,ZHDG,reference_price_unavailable,STALE_OR_FUTURE_TRADE_TIMESTAMP,12,23.909,last,869.575,STALE_OR_FUTURE_TRADE_TIMESTAMP,True,False,2026-11-20,0,66
CBTX,CBTX,INDEX_CBOE_CONFIRMED,,identity_unresolved,FROZEN_EXACT_ROOT_UNRESOLVED,,,,,,False,False,,,
CBTX,CBTXW,INDEX_CBOE_CONFIRMED,,identity_unresolved,FROZEN_EXACT_ROOT_UNRESOLVED,,,,,,False,False,,,
DJX,DJX,INDEX_CBOE_CONFIRMED,DJX,qualified_by_observation,FOUR_USABLE_DISPLAYED_LEG_MARKETS,3,512.24,last,0.009,CURRENT_TRADE_REFERENCE,True,True,2026-11-20|2026-12-18,4|,67
DJX,DJX9,INDEX_CBOE_CONFIRMED,,identity_unresolved,FROZEN_EXACT_ROOT_UNRESOLVED,,,,,,False,False,,,
DJX,DJXW,INDEX_CBOE_CONFIRMED,DJXW,observed_insufficient_market_evidence,ALL_ATTEMPTED_GEOMETRIES_INSUFFICIENT,3,512.24,last,0.009,CURRENT_TRADE_REFERENCE,True,False,2026-11-30|2026-10-30,1|0,67|84
MBTX,MBTX,INDEX_CBOE_CONFIRMED,,identity_unresolved,FROZEN_EXACT_ROOT_UNRESOLVED,,,,,,False,False,,,
MBTX,MBTXW,INDEX_CBOE_CONFIRMED,,identity_unresolved,FROZEN_EXACT_ROOT_UNRESOLVED,,,,,,False,False,,,
MGTN,MGTN,INDEX_CBOE_CONFIRMED,MGTN,reference_price_unavailable,NO_PRICE,7,,,,NO_PRICE,False,False,,,
MGTN,MGTNW,INDEX_CBOE_CONFIRMED,MGTNW,reference_price_unavailable,NO_PRICE,7,,,,NO_PRICE,False,False,,,
MRUT,MRUT,INDEX_CBOE_CONFIRMED,MRUT,reference_price_unavailable,NO_PRICE,7,,,,NO_PRICE,False,False,,,
NANOS,NANOS,INDEX_CBOE_CONFIRMED,NANOS,no_relevant_geometry,NO_21_TO_100_DTE_FOUR_LEG_EXPIRATION,7,775.12,last,0.013,CURRENT_TRADE_REFERENCE,False,False,,,
NDX,NDX,INDEX_CBOE_CONFIRMED,NDX,reference_price_unavailable,NO_TRADE_TIMESTAMP,8,30979.86,last,,NO_TRADE_TIMESTAMP,True,True,2026-11-20|2026-12-18,4|,67
NDX,NDXP,INDEX_CBOE_CONFIRMED,NDXP,reference_price_unavailable,NO_TRADE_TIMESTAMP,8,30979.86,last,,NO_TRADE_TIMESTAMP,True,True,2026-11-13|2026-12-18,4|,67
OEX,OEX,INDEX_CBOE_CONFIRMED,OEX,observed_insufficient_market_evidence,ALL_ATTEMPTED_GEOMETRIES_INSUFFICIENT,8,3873.26,last,0.006,CURRENT_TRADE_REFERENCE,True,False,2026-11-13|2026-12-18,3|3,67|84
RLV,RLV,INDEX_CBOE_CONFIRMED,RLV,reference_price_unavailable,NO_PRICE,9,,,,NO_PRICE,False,False,,,
RUI,RUI,INDEX_CBOE_CONFIRMED,RUI,reference_price_unavailable,NO_PRICE,10,,,,NO_PRICE,False,False,,,
RUT,RUT,INDEX_CBOE_CONFIRMED,RUT,reference_price_unavailable,NO_TRADE_TIMESTAMP,10,2843.57,last,,NO_TRADE_TIMESTAMP,True,True,2026-11-20|2026-12-18,4|,68
RUT,RUT9,INDEX_CBOE_CONFIRMED,,identity_unresolved,FROZEN_EXACT_ROOT_UNRESOLVED,,,,,,False,False,,,
RUT,RUTW,INDEX_CBOE_CONFIRMED,RUTW,reference_price_unavailable,NO_TRADE_TIMESTAMP,10,2843.57,last,,NO_TRADE_TIMESTAMP,True,True,2026-11-13|2026-12-31,4|,68
SIXB,SIXB,INDEX_CBOE_CONFIRMED,SIXB,observed_insufficient_market_evidence,ALL_ATTEMPTED_GEOMETRIES_INSUFFICIENT,10,1044.95,last,0.041,CURRENT_TRADE_REFERENCE,True,False,2026-11-20|2026-12-18,2|2,68|84
SIXI,SIXI,INDEX_CBOE_CONFIRMED,SIXI,qualified_by_observation,FOUR_USABLE_DISPLAYED_LEG_MARKETS,10,1707.84,last,0.041,CURRENT_TRADE_REFERENCE,True,True,2026-11-20|2026-12-18,2|4,68|84
SIXM,SIXM,INDEX_CBOE_CONFIRMED,SIXM,observed_insufficient_market_evidence,ALL_ATTEMPTED_GEOMETRIES_INSUFFICIENT,10,661.66,last,0.041,CURRENT_TRADE_REFERENCE,True,False,2026-11-20|2026-12-18,0|0,68|84
SIXRE,SIXRE,INDEX_CBOE_CONFIRMED,SIXRE,observed_insufficient_market_evidence,ALL_ATTEMPTED_GEOMETRIES_INSUFFICIENT,10,202.07,last,0.058,CURRENT_TRADE_REFERENCE,True,False,2026-11-20,0,69
SIXU,SIXU,INDEX_CBOE_CONFIRMED,SIXU,observed_insufficient_market_evidence,ALL_ATTEMPTED_GEOMETRIES_INSUFFICIENT,10,810.94,last,0.041,CURRENT_TRADE_REFERENCE,True,False,2026-11-20|2026-12-18,0|2,69|84
SIXV,SIXV,INDEX_CBOE_CONFIRMED,SIXV,observed_insufficient_market_evidence,ALL_ATTEMPTED_GEOMETRIES_INSUFFICIENT,10,1683.25,last,0.041,CURRENT_TRADE_REFERENCE,True,False,2026-11-20|2026-12-18,2|2,69|85
SPEQX,SPEQW,INDEX_CBOE_CONFIRMED,SPEQW,qualified_by_observation,FOUR_USABLE_DISPLAYED_LEG_MARKETS,10,851.55,last,0.058,CURRENT_TRADE_REFERENCE,True,True,2026-11-30|2026-12-31,3|4,69|85
SPEQX,SPEQX,INDEX_CBOE_CONFIRMED,SPEQX,qualified_by_observation,FOUR_USABLE_DISPLAYED_LEG_MARKETS,10,851.55,last,0.058,CURRENT_TRADE_REFERENCE,True,True,2026-11-20|2026-12-18,3|4,69|85
SPESG,SPESG,INDEX_CBOE_CONFIRMED,SPESG,qualified_by_observation,FOUR_USABLE_DISPLAYED_LEG_MARKETS,10,686.23,last,0.008,CURRENT_TRADE_REFERENCE,True,True,2026-11-20|2026-12-18,4|,69
SPX,SPX,INDEX_CBOE_CONFIRMED,SPX,qualified_by_observation,FOUR_USABLE_DISPLAYED_LEG_MARKETS,10,7751.32,last,0.008,CURRENT_TRADE_REFERENCE,True,True,2026-11-20|2026-12-18,4|,70
SPX,SPX9,INDEX_CBOE_CONFIRMED,,identity_unresolved,FROZEN_EXACT_ROOT_UNRESOLVED,,,,,,False,False,,,
SPX,SPXW,INDEX_CBOE_CONFIRMED,SPXW,qualified_by_observation,FOUR_USABLE_DISPLAYED_LEG_MARKETS,10,7751.32,last,0.008,CURRENT_TRADE_REFERENCE,True,True,2026-11-13|2026-12-18,4|,70
VIX,VIX,INDEX_CBOE_CONFIRMED,VIX,qualified_by_observation,FOUR_USABLE_DISPLAYED_LEG_MARKETS,12,15.49,last,0.054,CURRENT_TRADE_REFERENCE,True,True,2026-11-18|2026-12-16,4|,70
VIX,VIXW,INDEX_CBOE_CONFIRMED,VIXW,observed_insufficient_market_evidence,ALL_ATTEMPTED_GEOMETRIES_INSUFFICIENT,12,15.49,last,0.054,CURRENT_TRADE_REFERENCE,True,False,2026-11-04|2026-10-28,2|3,70|85
XEO,XEO,INDEX_CBOE_CONFIRMED,XEO,qualified_by_observation,FOUR_USABLE_DISPLAYED_LEG_MARKETS,12,3873.33,last,0.026,CURRENT_TRADE_REFERENCE,True,True,2026-11-13|2026-12-18,3|4,70|85
XND,XND,INDEX_CBOE_CONFIRMED,XND,reference_price_unavailable,NO_PRICE,12,,,,NO_PRICE,False,False,,,
XSP,XSP,INDEX_CBOE_CONFIRMED,XSP,qualified_by_observation,FOUR_USABLE_DISPLAYED_LEG_MARKETS,12,775.13,last,0.025,CURRENT_TRADE_REFERENCE,True,True,2026-11-13|2026-12-18,4|,71
BKX,BKX,INDEX_OCC_IU_CANDIDATE,BKX,reference_price_unavailable,NO_PRICE,1,,,,NO_PRICE,False,False,,,
BKX,BKXPM,INDEX_OCC_IU_CANDIDATE,BKXPM,reference_price_unavailable,NO_PRICE,1,,,,NO_PRICE,False,False,,,
HGX,HGX,INDEX_OCC_IU_CANDIDATE,HGX,reference_price_unavailable,NO_PRICE,5,,,,NO_PRICE,False,False,,,
MXACW,MXACW,INDEX_OCC_IU_CANDIDATE,MXACW,reference_price_unavailable,NO_PRICE,7,,,,NO_PRICE,False,False,,,
MXEA,MXEA,INDEX_OCC_IU_CANDIDATE,MXEA,reference_price_unavailable,NO_PRICE,7,,,,NO_PRICE,False,False,,,
MXEF,MXEF,INDEX_OCC_IU_CANDIDATE,MXEF,reference_price_unavailable,NO_PRICE,7,,,,NO_PRICE,False,False,,,
MXUSA,MXUSA,INDEX_OCC_IU_CANDIDATE,MXUSA,reference_price_unavailable,NO_PRICE,7,,,,NO_PRICE,False,False,,,
MXWLD,MXWLD,INDEX_OCC_IU_CANDIDATE,MXWLD,reference_price_unavailable,NO_PRICE,7,,,,NO_PRICE,False,False,,,
OSX,OSX,INDEX_OCC_IU_CANDIDATE,OSX,reference_price_unavailable,NO_PRICE,8,,,,NO_PRICE,False,False,,,
OSX,OSXPM,INDEX_OCC_IU_CANDIDATE,OSXPM,reference_price_unavailable,NO_PRICE,8,,,,NO_PRICE,False,False,,,
RLG,RLG,INDEX_OCC_IU_CANDIDATE,,identity_unresolved,FROZEN_EXACT_ROOT_UNRESOLVED,,,,,,False,False,,,
SIXC,SIXC,INDEX_OCC_IU_CANDIDATE,,identity_unresolved,FROZEN_EXACT_ROOT_UNRESOLVED,,,,,,False,False,,,
SIXE,SIXE,INDEX_OCC_IU_CANDIDATE,,identity_unresolved,FROZEN_EXACT_ROOT_UNRESOLVED,,,,,,False,False,,,
SIXR,SIXR,INDEX_OCC_IU_CANDIDATE,,identity_unresolved,FROZEN_EXACT_ROOT_UNRESOLVED,,,,,,False,False,,,
SIXT,SIXT,INDEX_OCC_IU_CANDIDATE,,identity_unresolved,FROZEN_EXACT_ROOT_UNRESOLVED,,,,,,False,False,,,
SIXY,SIXY,INDEX_OCC_IU_CANDIDATE,,identity_unresolved,FROZEN_EXACT_ROOT_UNRESOLVED,,,,,,False,False,,,
UTY,UTY,INDEX_OCC_IU_CANDIDATE,UTY,reference_price_unavailable,NO_PRICE,11,,,,NO_PRICE,False,False,,,
XAU,XAU,INDEX_OCC_IU_CANDIDATE,XAU,reference_price_unavailable,NO_PRICE,12,,,,NO_PRICE,False,False,,,
